"year","date","PRECTOTCORR","T2M_MAX","T2M_MIN","RH2M","ALLSKY_SFC_SW_DWN","WS2M","PHOTOPERIOD_HOURS","GDD","PTR_DAILY","DTR","T_AVG_DAILY","SAT_VAP_PRES","ACT_VAP_PRES","VPD_DAILY","TMAX_AVG","TMIN_AVG","GDD_CUM","PTR_AVG","HEAT_STRESS_DAYS","PRECTOT","DRY_DAYS","RH_AVG","WS2M_AVG","RAD_CUM","T_AVG","DTR_AVG","COLD_STRESS_DAYS","RAINY_DAYS","PREC_INTENSITY","LOW_RH_DAYS","VPD_AVG","VPD_STRESS_DAYS"
2011,2011-05-01,0,33.95,16.93,66.05,18.35,4.13,13.3555555555556,13.465,0.991871931344638,17.02,25.44,3.25175599822067,2.14778483682475,1.10397116139592,37.6537254901961,23.2283660130719,2530.04,0.835432723839817,120,168.36,74,51.7151633986928,2.58549019607843,3687.1,30.441045751634,14.4253594771242,1,79,2.13113924050633,4,2.15912975101349,125
2011,2011-05-02,0.99,20.62,11.77,69.83,8.63,3.73,13.3816666666667,6.195,2.16007532956685,8.85,16.195,1.84105797992719,1.28561078738316,0.555447192544034,37.6537254901961,23.2283660130719,2530.04,0.835432723839817,120,168.36,74,51.7151633986928,2.58549019607843,3687.1,30.441045751634,14.4253594771242,1,79,2.13113924050633,4,2.15912975101349,125
2011,2011-05-03,0.14,25.13,10.3,50.5,28.29,3.67,13.4075,7.715,1.73784834737524,14.83,17.715,2.02729173856739,1.02378232797653,1.00350941059086,37.6537254901961,23.2283660130719,2530.04,0.835432723839817,120,168.36,74,51.7151633986928,2.58549019607843,3687.1,30.441045751634,14.4253594771242,1,79,2.13113924050633,4,2.15912975101349,125
2011,2011-05-04,0,27.91,9.52,36.35,28.73,1.69,13.4330555555556,8.955,1.500062038588,18.39,18.715,2.15862569644717,0.784660440658546,1.37396525578862,37.6537254901961,23.2283660130719,2530.04,0.835432723839817,120,168.36,74,51.7151633986928,2.58549019607843,3687.1,30.441045751634,14.4253594771242,1,79,2.13113924050633,4,2.15912975101349,125
2011,2011-05-05,0.01,30.96,12.09,38.21,29.31,1.22,13.4577777777778,11.045,1.2184497761682,18.87,21.525,2.56834509314582,0.981364660091018,1.5869804330548,37.6537254901961,23.2283660130719,2530.04,0.835432723839817,120,168.36,74,51.7151633986928,2.58549019607843,3687.1,30.441045751634,14.4253594771242,1,79,2.13113924050633,4,2.15912975101349,125
2011,2011-05-06,0,32.76,13.95,50.22,28.19,2.39,13.4827777777778,11.975,1.12591046160984,18.81,23.355,2.8703298867513,1.4414796691265,1.4288502176248,37.6537254901961,23.2283660130719,2530.04,0.835432723839817,120,168.36,74,51.7151633986928,2.58549019607843,3687.1,30.441045751634,14.4253594771242,1,79,2.13113924050633,4,2.15912975101349,125
2011,2011-05-07,0,35.71,18.84,55.03,27.08,3.8,13.5072222222222,14.42,0.936700570195716,16.87,27.275,3.62326732788706,1.99388401053625,1.62938331735081,37.6537254901961,23.2283660130719,2530.04,0.835432723839817,120,168.36,74,51.7151633986928,2.58549019607843,3687.1,30.441045751634,14.4253594771242,1,79,2.13113924050633,4,2.15912975101349,125
2011,2011-05-08,0,38.32,20.17,59.23,25.57,3.92,13.5316666666667,15.085,0.897027952712407,18.15,29.245,4.06274205789249,2.40636212088972,1.65637993700277,37.6537254901961,23.2283660130719,2530.04,0.835432723839817,120,168.36,74,51.7151633986928,2.58549019607843,3687.1,30.441045751634,14.4253594771242,1,79,2.13113924050633,4,2.15912975101349,125
2011,2011-05-09,0,37.25,22.97,58.15,26.86,4.68,13.5555555555556,16.485,0.822296363697638,14.28,30.11,4.26990960478127,2.48295243518031,1.78695716960096,37.6537254901961,23.2283660130719,2530.04,0.835432723839817,120,168.36,74,51.7151633986928,2.58549019607843,3687.1,30.441045751634,14.4253594771242,1,79,2.13113924050633,4,2.15912975101349,125
2011,2011-05-10,0,35.89,23.67,59.55,22.11,4.18,13.5791666666667,16.835,0.806603306603307,12.22,29.78,4.18981591449552,2.49503537708208,1.69478053741344,37.6537254901961,23.2283660130719,2530.04,0.835432723839817,120,168.36,74,51.7151633986928,2.58549019607843,3687.1,30.441045751634,14.4253594771242,1,79,2.13113924050633,4,2.15912975101349,125
2011,2011-05-11,3.26,30.2,23.68,67.98,11.3,4.14,13.6022222222222,16.84,0.807732911058327,6.52,26.94,3.55280927592634,2.41519974577473,1.13760953015161,37.6537254901961,23.2283660130719,2530.04,0.835432723839817,120,168.36,74,51.7151633986928,2.58549019607843,3687.1,30.441045751634,14.4253594771242,1,79,2.13113924050633,4,2.15912975101349,125
2011,2011-05-12,26.05,26.84,19.81,86.34,3.24,2.27,13.625,13.325,1.02251407129456,7.03,23.325,2.86513987813935,2.47376177078551,0.391378107353835,37.6537254901961,23.2283660130719,2530.04,0.835432723839817,120,168.36,74,51.7151633986928,2.58549019607843,3687.1,30.441045751634,14.4253594771242,1,79,2.13113924050633,4,2.15912975101349,125
2011,2011-05-13,0.14,31.98,17.74,61.17,29.29,2.54,13.6472222222222,13.87,0.983938155892013,14.24,24.86,3.14145700979207,1.92162925288981,1.21982775690226,37.6537254901961,23.2283660130719,2530.04,0.835432723839817,120,168.36,74,51.7151633986928,2.58549019607843,3687.1,30.441045751634,14.4253594771242,1,79,2.13113924050633,4,2.15912975101349,125
2011,2011-05-14,0,26.88,13.37,49.21,30.85,2.93,13.6697222222222,10.125,1.35009602194787,13.51,20.125,2.35643587794202,1.15960209553527,1.19683378240675,37.6537254901961,23.2283660130719,2530.04,0.835432723839817,120,168.36,74,51.7151633986928,2.58549019607843,3687.1,30.441045751634,14.4253594771242,1,79,2.13113924050633,4,2.15912975101349,125
2011,2011-05-15,0,28.28,10.65,49.46,29.08,2,13.6911111111111,9.465,1.44649879673651,17.63,19.465,2.2619542242077,1.11876255929313,1.14319166491457,37.6537254901961,23.2283660130719,2530.04,0.835432723839817,120,168.36,74,51.7151633986928,2.58549019607843,3687.1,30.441045751634,14.4253594771242,1,79,2.13113924050633,4,2.15912975101349,125
2011,2011-05-16,0,30.3,15.09,46.01,29.05,2.03,13.7125,12.545,1.09306496612196,15.21,22.695,2.75802547344401,1.26896752033159,1.48905795311242,37.6537254901961,23.2283660130719,2530.04,0.835432723839817,120,168.36,74,51.7151633986928,2.58549019607843,3687.1,30.441045751634,14.4253594771242,1,79,2.13113924050633,4,2.15912975101349,125
2011,2011-05-17,0,32.32,13.1,50.98,28.8,2.09,13.7330555555556,11.55,1.18900913900914,19.22,22.71,2.76053459693355,1.40732053751672,1.35321405941683,37.6537254901961,23.2283660130719,2530.04,0.835432723839817,120,168.36,74,51.7151633986928,2.58549019607843,3687.1,30.441045751634,14.4253594771242,1,79,2.13113924050633,4,2.15912975101349,125
2011,2011-05-18,0,33.12,18.51,66.83,16.75,3.89,13.7536111111111,14.255,0.964827156163529,14.61,25.815,3.3248537009221,2.22199972832624,1.10285397259586,37.6537254901961,23.2283660130719,2530.04,0.835432723839817,120,168.36,74,51.7151633986928,2.58549019607843,3687.1,30.441045751634,14.4253594771242,1,79,2.13113924050633,4,2.15912975101349,125
2011,2011-05-19,0.02,32.29,21.87,71.28,9.6,4.24,13.7736111111111,15.935,0.864362165742774,10.42,27.08,3.58210791533784,2.55332652205281,1.02878139328503,37.6537254901961,23.2283660130719,2530.04,0.835432723839817,120,168.36,74,51.7151633986928,2.58549019607843,3687.1,30.441045751634,14.4253594771242,1,79,2.13113924050633,4,2.15912975101349,125
2011,2011-05-20,14.44,32.17,23.89,75.56,11.71,3.83,13.7933333333333,16.945,0.814006098160716,8.28,28.03,3.78653807198385,2.86110816719099,0.925429904792852,37.6537254901961,23.2283660130719,2530.04,0.835432723839817,120,168.36,74,51.7151633986928,2.58549019607843,3687.1,30.441045751634,14.4253594771242,1,79,2.13113924050633,4,2.15912975101349,125
2011,2011-05-21,2.51,32.94,23.17,72.5,11.7,3.08,13.8122222222222,16.585,0.832814122533749,9.77,28.055,3.79205217412294,2.74923782623913,1.04281434788381,37.6537254901961,23.2283660130719,2530.04,0.835432723839817,120,168.36,74,51.7151633986928,2.58549019607843,3687.1,30.441045751634,14.4253594771242,1,79,2.13113924050633,4,2.15912975101349,125
2011,2011-05-22,0.08,34.06,23.21,63.41,24.07,3.93,13.8305555555556,16.605,0.83291511927465,10.85,28.635,3.92195672817094,2.48691276133319,1.43504396683775,37.6537254901961,23.2283660130719,2530.04,0.835432723839817,120,168.36,74,51.7151633986928,2.58549019607843,3687.1,30.441045751634,14.4253594771242,1,79,2.13113924050633,4,2.15912975101349,125
2011,2011-05-23,0,36.04,23.3,62.18,22.73,4.38,13.8488888888889,16.65,0.831765098431765,12.74,29.67,4.1634099694489,2.58880831900333,1.57460165044557,37.6537254901961,23.2283660130719,2530.04,0.835432723839817,120,168.36,74,51.7151633986928,2.58549019607843,3687.1,30.441045751634,14.4253594771242,1,79,2.13113924050633,4,2.15912975101349,125
2011,2011-05-24,0.01,36.99,24.56,61.83,26.41,4.71,13.8666666666667,17.28,0.802469135802469,12.43,30.775,4.43536383739025,2.74238546065839,1.69297837673186,37.6537254901961,23.2283660130719,2530.04,0.835432723839817,120,168.36,74,51.7151633986928,2.58549019607843,3687.1,30.441045751634,14.4253594771242,1,79,2.13113924050633,4,2.15912975101349,125
2011,2011-05-25,4.03,36.51,24.1,66.62,25.98,3.17,13.8836111111111,17.05,0.814288041707397,12.41,30.305,4.31786072213025,2.87655881308317,1.44130190904708,37.6537254901961,23.2283660130719,2530.04,0.835432723839817,120,168.36,74,51.7151633986928,2.58549019607843,3687.1,30.441045751634,14.4253594771242,1,79,2.13113924050633,4,2.15912975101349,125
2011,2011-05-26,0.28,34.46,18.37,50.84,31.13,1.97,13.9002777777778,14.185,0.979927936396036,16.09,26.415,3.44479017212308,1.75133132350738,1.69345884861571,37.6537254901961,23.2283660130719,2530.04,0.835432723839817,120,168.36,74,51.7151633986928,2.58549019607843,3687.1,30.441045751634,14.4253594771242,1,79,2.13113924050633,4,2.15912975101349,125
2011,2011-05-27,0,37.99,20.18,55.42,28.41,3.51,13.9163888888889,15.09,0.922225903836242,17.81,29.085,4.02539596067451,2.23087444140581,1.7945215192687,37.6537254901961,23.2283660130719,2530.04,0.835432723839817,120,168.36,74,51.7151633986928,2.58549019607843,3687.1,30.441045751634,14.4253594771242,1,79,2.13113924050633,4,2.15912975101349,125
2011,2011-05-28,0,38.61,23.64,59.36,28.88,4.81,13.9319444444444,16.82,0.828296340335579,14.97,31.125,4.52466225074618,2.68583951204293,1.83882273870325,37.6537254901961,23.2283660130719,2530.04,0.835432723839817,120,168.36,74,51.7151633986928,2.58549019607843,3687.1,30.441045751634,14.4253594771242,1,79,2.13113924050633,4,2.15912975101349,125
2011,2011-05-29,0,37.98,24.13,58.73,28.04,4.77,13.9469444444444,17.065,0.817283588892144,13.85,31.055,4.5066786303169,2.64677235958512,1.85990627073179,37.6537254901961,23.2283660130719,2530.04,0.835432723839817,120,168.36,74,51.7151633986928,2.58549019607843,3687.1,30.441045751634,14.4253594771242,1,79,2.13113924050633,4,2.15912975101349,125
2011,2011-05-30,0,37.48,25.16,56.48,25.58,4.79,13.9613888888889,17.58,0.794163190494249,12.32,31.32,4.5750887066634,2.58401010152349,1.99107860513991,37.6537254901961,23.2283660130719,2530.04,0.835432723839817,120,168.36,74,51.7151633986928,2.58549019607843,3687.1,30.441045751634,14.4253594771242,1,79,2.13113924050633,4,2.15912975101349,125
2011,2011-05-31,0,36.77,24.84,56.54,23.06,2.45,13.975,17.42,0.802238805970149,11.93,30.805,4.44295749235562,2.51204816617787,1.93090932617775,37.6537254901961,23.2283660130719,2530.04,0.835432723839817,120,168.36,74,51.7151633986928,2.58549019607843,3687.1,30.441045751634,14.4253594771242,1,79,2.13113924050633,4,2.15912975101349,125
2011,2011-06-01,0,38.65,22.58,48.74,27.65,1.82,13.9883333333333,16.29,0.858706773071414,16.07,30.615,4.39505456270124,2.14214959386058,2.25290496884065,37.6537254901961,23.2283660130719,2530.04,0.835432723839817,120,168.36,74,51.7151633986928,2.58549019607843,3687.1,30.441045751634,14.4253594771242,1,79,2.13113924050633,4,2.15912975101349,125
2011,2011-06-02,0,39.59,22.3,41.92,27.72,1.66,14.0011111111111,16.15,0.866941864465084,17.29,30.945,4.47854415188438,1.87740570846993,2.60113844341445,37.6537254901961,23.2283660130719,2530.04,0.835432723839817,120,168.36,74,51.7151633986928,2.58549019607843,3687.1,30.441045751634,14.4253594771242,1,79,2.13113924050633,4,2.15912975101349,125
2011,2011-06-03,0,39.32,24.34,42.29,28.65,2.53,14.0130555555556,17.17,0.816136025367243,14.98,31.83,4.70928865093483,1.99155817048034,2.71773048045449,37.6537254901961,23.2283660130719,2530.04,0.835432723839817,120,168.36,74,51.7151633986928,2.58549019607843,3687.1,30.441045751634,14.4253594771242,1,79,2.13113924050633,4,2.15912975101349,125
2011,2011-06-04,0,39.84,21.66,47.16,28.42,1.74,14.0247222222222,15.83,0.885958447392433,18.18,30.75,4.42904441130965,2.08873734437363,2.34030706693602,37.6537254901961,23.2283660130719,2530.04,0.835432723839817,120,168.36,74,51.7151633986928,2.58549019607843,3687.1,30.441045751634,14.4253594771242,1,79,2.13113924050633,4,2.15912975101349,125
2011,2011-06-05,2.12,39.93,23.79,39.86,21.43,1.41,14.0358333333333,16.895,0.830768471934497,16.14,31.86,4.71728814664061,1.88031105525095,2.83697709138966,37.6537254901961,23.2283660130719,2530.04,0.835432723839817,120,168.36,74,51.7151633986928,2.58549019607843,3687.1,30.441045751634,14.4253594771242,1,79,2.13113924050633,4,2.15912975101349,125
2011,2011-06-06,3.53,40.35,24.29,43.65,24.44,1.59,14.0461111111111,17.145,0.819254074722141,16.06,32.32,4.84143356174924,2.11328574970354,2.7281478120457,37.6537254901961,23.2283660130719,2530.04,0.835432723839817,120,168.36,74,51.7151633986928,2.58549019607843,3687.1,30.441045751634,14.4253594771242,1,79,2.13113924050633,4,2.15912975101349,125
2011,2011-06-07,0.21,38.47,23.24,45.51,26.42,1.72,14.0558333333333,16.62,0.845718010429202,15.23,30.855,4.45563869600849,2.02776117055346,2.42787752545503,37.6537254901961,23.2283660130719,2530.04,0.835432723839817,120,168.36,74,51.7151633986928,2.58549019607843,3687.1,30.441045751634,14.4253594771242,1,79,2.13113924050633,4,2.15912975101349,125
2011,2011-06-08,0.01,37.95,23.34,50.83,26.28,2.82,14.0647222222222,16.67,0.84371459041525,14.61,30.645,4.40258820273114,2.23783558344824,2.1647526192829,37.6537254901961,23.2283660130719,2530.04,0.835432723839817,120,168.36,74,51.7151633986928,2.58549019607843,3687.1,30.441045751634,14.4253594771242,1,79,2.13113924050633,4,2.15912975101349,125
2011,2011-06-09,0,38.97,22.8,49.91,25.1,2.87,14.0730555555556,16.4,0.858113143631436,16.17,30.885,4.46326250838437,2.22761431793464,2.23564819044973,37.6537254901961,23.2283660130719,2530.04,0.835432723839817,120,168.36,74,51.7151633986928,2.58549019607843,3687.1,30.441045751634,14.4253594771242,1,79,2.13113924050633,4,2.15912975101349,125
2011,2011-06-10,0,39.16,22.94,50.16,25.61,2.87,14.0808333333333,16.47,0.854938271604938,16.22,31.05,4.50539646627673,2.25990686748441,2.24548959879232,37.6537254901961,23.2283660130719,2530.04,0.835432723839817,120,168.36,74,51.7151633986928,2.58549019607843,3687.1,30.441045751634,14.4253594771242,1,79,2.13113924050633,4,2.15912975101349,125
2011,2011-06-11,0,39.26,22.95,46.82,25.94,2.18,14.0877777777778,16.475,0.8551003203507,16.31,31.105,4.51951772125488,2.11603819709154,2.40347952416335,37.6537254901961,23.2283660130719,2530.04,0.835432723839817,120,168.36,74,51.7151633986928,2.58549019607843,3687.1,30.441045751634,14.4253594771242,1,79,2.13113924050633,4,2.15912975101349,125
2011,2011-06-12,0,39.76,22.73,43.94,28.82,2.54,14.0947222222222,16.365,0.861272363105544,17.03,31.245,4.55563642541567,2.00174664532765,2.55388978008803,37.6537254901961,23.2283660130719,2530.04,0.835432723839817,120,168.36,74,51.7151633986928,2.58549019607843,3687.1,30.441045751634,14.4253594771242,1,79,2.13113924050633,4,2.15912975101349,125
2011,2011-06-13,0,40.23,23.14,48.95,28.62,2.72,14.1002777777778,16.57,0.850952189364984,17.09,31.685,4.67079031439213,2.28635185889495,2.38443845549718,37.6537254901961,23.2283660130719,2530.04,0.835432723839817,120,168.36,74,51.7151633986928,2.58549019607843,3687.1,30.441045751634,14.4253594771242,1,79,2.13113924050633,4,2.15912975101349,125
2011,2011-06-14,0,40.74,23.77,48.09,28.68,3.51,14.1055555555556,16.885,0.835389727897871,16.97,32.255,4.82372096415809,2.31972741166362,2.50399355249446,37.6537254901961,23.2283660130719,2530.04,0.835432723839817,120,168.36,74,51.7151633986928,2.58549019607843,3687.1,30.441045751634,14.4253594771242,1,79,2.13113924050633,4,2.15912975101349,125
2011,2011-06-15,0,41.1,25.58,50,28.14,3.45,14.11,17.79,0.793142214727375,15.52,33.34,5.12687626556901,2.5634381327845,2.5634381327845,37.6537254901961,23.2283660130719,2530.04,0.835432723839817,120,168.36,74,51.7151633986928,2.58549019607843,3687.1,30.441045751634,14.4253594771242,1,79,2.13113924050633,4,2.15912975101349,125
2011,2011-06-16,0,40.77,24.68,53.7,27.6,4.06,14.1138888888889,17.34,0.813949762911701,16.09,32.725,4.95307433499845,2.65980091789417,2.29327341710428,37.6537254901961,23.2283660130719,2530.04,0.835432723839817,120,168.36,74,51.7151633986928,2.58549019607843,3687.1,30.441045751634,14.4253594771242,1,79,2.13113924050633,4,2.15912975101349,125
2011,2011-06-17,0,40.53,26.55,53.01,27.56,4.93,14.1169444444444,18.275,0.772473020215838,13.98,33.54,5.18452615745174,2.74831731606517,2.43620884138657,37.6537254901961,23.2283660130719,2530.04,0.835432723839817,120,168.36,74,51.7151633986928,2.58549019607843,3687.1,30.441045751634,14.4253594771242,1,79,2.13113924050633,4,2.15912975101349,125
2011,2011-06-18,0,41.6,25.77,52.91,29.24,4.73,14.1194444444444,17.885,0.789457335445594,15.83,33.685,5.22667332764125,2.76543285765499,2.46124046998627,37.6537254901961,23.2283660130719,2530.04,0.835432723839817,120,168.36,74,51.7151633986928,2.58549019607843,3687.1,30.441045751634,14.4253594771242,1,79,2.13113924050633,4,2.15912975101349,125
2011,2011-06-19,0,40.63,25.66,54.76,29.36,5.17,14.1211111111111,17.83,0.791986041004549,14.97,33.145,5.07120413176626,2.77699138255521,2.29421274921106,37.6537254901961,23.2283660130719,2530.04,0.835432723839817,120,168.36,74,51.7151633986928,2.58549019607843,3687.1,30.441045751634,14.4253594771242,1,79,2.13113924050633,4,2.15912975101349,125
2011,2011-06-20,0.04,39.59,26.27,52.11,26.23,5.01,14.1222222222222,18.135,0.778727445394112,13.32,32.93,5.01043098326641,2.61093558538013,2.39949539788629,37.6537254901961,23.2283660130719,2530.04,0.835432723839817,120,168.36,74,51.7151633986928,2.58549019607843,3687.1,30.441045751634,14.4253594771242,1,79,2.13113924050633,4,2.15912975101349,125
2011,2011-06-21,28.59,35.68,25.93,68.51,22.83,3.2,14.1227777777778,17.965,0.7861273463834,9.75,30.805,4.44295749235562,3.04387017801283,1.39908731434278,37.6537254901961,23.2283660130719,2530.04,0.835432723839817,120,168.36,74,51.7151633986928,2.58549019607843,3687.1,30.441045751634,14.4253594771242,1,79,2.13113924050633,4,2.15912975101349,125
2011,2011-06-22,14.82,30,24.13,83.22,13.72,1.26,14.1225,17.065,0.827571051860533,5.87,27.065,3.57895874268023,2.97840946565848,0.600549277021742,37.6537254901961,23.2283660130719,2530.04,0.835432723839817,120,168.36,74,51.7151633986928,2.58549019607843,3687.1,30.441045751634,14.4253594771242,1,79,2.13113924050633,4,2.15912975101349,125
2011,2011-06-23,0.06,34.34,23.24,71.64,23.73,1.57,14.1216666666667,16.62,0.849679101484156,11.1,28.79,3.95732153151388,2.83502514517655,1.12229638633734,37.6537254901961,23.2283660130719,2530.04,0.835432723839817,120,168.36,74,51.7151633986928,2.58549019607843,3687.1,30.441045751634,14.4253594771242,1,79,2.13113924050633,4,2.15912975101349,125
2011,2011-06-24,0.02,36.42,22.23,65.57,25.96,2.41,14.12,16.115,0.876202295997518,14.19,29.325,4.08152787317033,2.67625782643778,1.40527004673254,37.6537254901961,23.2283660130719,2530.04,0.835432723839817,120,168.36,74,51.7151633986928,2.58549019607843,3687.1,30.441045751634,14.4253594771242,1,79,2.13113924050633,4,2.15912975101349,125
2011,2011-06-25,0,37.42,23.27,63.55,24.59,3.03,14.1177777777778,16.635,0.84867915706509,14.15,30.345,4.32775450618602,2.75028798868122,1.57746651750481,37.6537254901961,23.2283660130719,2530.04,0.835432723839817,120,168.36,74,51.7151633986928,2.58549019607843,3687.1,30.441045751634,14.4253594771242,1,79,2.13113924050633,4,2.15912975101349,125
2011,2011-06-26,0,38.04,23.85,61.63,26.66,3.18,14.1147222222222,16.925,0.833956999835877,14.19,30.945,4.47854415188438,2.76012676080634,1.71841739107804,37.6537254901961,23.2283660130719,2530.04,0.835432723839817,120,168.36,74,51.7151633986928,2.58549019607843,3687.1,30.441045751634,14.4253594771242,1,79,2.13113924050633,4,2.15912975101349,125
2011,2011-06-27,0,38.8,24.78,61.68,28.08,3.05,14.1111111111111,17.39,0.81144974761996,14.02,31.79,4.69864098843877,2.89812176166903,1.80051922676974,37.6537254901961,23.2283660130719,2530.04,0.835432723839817,120,168.36,74,51.7151633986928,2.58549019607843,3687.1,30.441045751634,14.4253594771242,1,79,2.13113924050633,4,2.15912975101349,125
2011,2011-06-28,0.01,38.42,24.62,60.37,26.88,1.79,14.1069444444444,17.31,0.814959240002568,13.8,31.52,4.62731470605809,2.79350988804727,1.83380481801082,37.6537254901961,23.2283660130719,2530.04,0.835432723839817,120,168.36,74,51.7151633986928,2.58549019607843,3687.1,30.441045751634,14.4253594771242,1,79,2.13113924050633,4,2.15912975101349,125
2011,2011-06-29,0,37.96,24.51,58.02,27.21,1.41,14.1022222222222,17.255,0.817283235133134,13.45,31.235,4.55304822581305,2.64167858061673,1.91136964519632,37.6537254901961,23.2283660130719,2530.04,0.835432723839817,120,168.36,74,51.7151633986928,2.58549019607843,3687.1,30.441045751634,14.4253594771242,1,79,2.13113924050633,4,2.15912975101349,125
2011,2011-06-30,0.13,39.42,24.24,52.62,27.62,1.82,14.0963888888889,17.12,0.82338720145379,15.18,31.83,4.70928865093483,2.47802768812191,2.23126096281292,37.6537254901961,23.2283660130719,2530.04,0.835432723839817,120,168.36,74,51.7151633986928,2.58549019607843,3687.1,30.441045751634,14.4253594771242,1,79,2.13113924050633,4,2.15912975101349,125
2011,2011-07-01,0.02,38.78,24.06,54.58,26.86,1.65,14.0902777777778,17.03,0.827379787303451,14.72,31.42,4.60113732428685,2.51130075159576,2.08983657269109,37.6537254901961,23.2283660130719,2530.04,0.835432723839817,120,168.36,74,51.7151633986928,2.58549019607843,3687.1,30.441045751634,14.4253594771242,1,79,2.13113924050633,4,2.15912975101349,125
2011,2011-07-02,0.25,39.71,24.36,53.09,27.94,1.29,14.0833333333333,17.18,0.819751649204501,15.35,32.035,4.76418753828453,2.52930716407526,2.23488037420927,37.6537254901961,23.2283660130719,2530.04,0.835432723839817,120,168.36,74,51.7151633986928,2.58549019607843,3687.1,30.441045751634,14.4253594771242,1,79,2.13113924050633,4,2.15912975101349,125
2011,2011-07-03,0.34,38.51,24.92,50.74,26.71,1.95,14.0758333333333,17.46,0.806176021382207,13.59,31.715,4.67873297745375,2.37398911276003,2.30474386469372,37.6537254901961,23.2283660130719,2530.04,0.835432723839817,120,168.36,74,51.7151633986928,2.58549019607843,3687.1,30.441045751634,14.4253594771242,1,79,2.13113924050633,4,2.15912975101349,125
2011,2011-07-04,1.02,38.9,24.29,47.84,28.02,1.96,14.0677777777778,17.145,0.820517805644665,14.61,31.595,4.64703256426809,2.22314037874585,2.42389218552223,37.6537254901961,23.2283660130719,2530.04,0.835432723839817,120,168.36,74,51.7151633986928,2.58549019607843,3687.1,30.441045751634,14.4253594771242,1,79,2.13113924050633,4,2.15912975101349,125
2011,2011-07-05,1.11,39.1,23.52,47.43,27.26,1.74,14.0588888888889,16.76,0.838835852559003,15.58,31.31,4.57249090647027,2.16873243693885,2.40375846953142,37.6537254901961,23.2283660130719,2530.04,0.835432723839817,120,168.36,74,51.7151633986928,2.58549019607843,3687.1,30.441045751634,14.4253594771242,1,79,2.13113924050633,4,2.15912975101349,125
2011,2011-07-06,1.73,38.96,24.05,53.11,25.46,1.86,14.0494444444444,17.025,0.825224343286017,14.91,31.505,4.62337986915427,2.45547704850783,2.16790282064644,37.6537254901961,23.2283660130719,2530.04,0.835432723839817,120,168.36,74,51.7151633986928,2.58549019607843,3687.1,30.441045751634,14.4253594771242,1,79,2.13113924050633,4,2.15912975101349,125
2011,2011-07-07,0.05,39.19,24.19,51.28,28.05,2,14.0391666666667,17.095,0.821244028468363,15,31.69,4.67211327755571,2.39585968873057,2.27625358882514,37.6537254901961,23.2283660130719,2530.04,0.835432723839817,120,168.36,74,51.7151633986928,2.58549019607843,3687.1,30.441045751634,14.4253594771242,1,79,2.13113924050633,4,2.15912975101349,125
2011,2011-07-08,0.01,40.2,24.98,47.03,27.37,2.34,14.0286111111111,17.49,0.80209325964043,15.22,32.59,4.91561496483957,2.31181371796405,2.60380124687552,37.6537254901961,23.2283660130719,2530.04,0.835432723839817,120,168.36,74,51.7151633986928,2.58549019607843,3687.1,30.441045751634,14.4253594771242,1,79,2.13113924050633,4,2.15912975101349,125
2011,2011-07-09,0,36.24,25.9,51.67,25.02,2.75,14.0175,17.95,0.78091922005571,10.34,31.07,4.51052702521202,2.33058931392705,2.17993771128497,37.6537254901961,23.2283660130719,2530.04,0.835432723839817,120,168.36,74,51.7151633986928,2.58549019607843,3687.1,30.441045751634,14.4253594771242,1,79,2.13113924050633,4,2.15912975101349,125
2011,2011-07-10,0.39,36.13,25.35,58.16,24.16,2.36,14.0055555555556,17.675,0.792393525066792,10.78,30.74,4.42651883301461,2.5744633532813,1.85205547973331,37.6537254901961,23.2283660130719,2530.04,0.835432723839817,120,168.36,74,51.7151633986928,2.58549019607843,3687.1,30.441045751634,14.4253594771242,1,79,2.13113924050633,4,2.15912975101349,125
2011,2011-07-11,0.05,36.48,24.99,58.13,26.24,2.05,13.9930555555556,17.495,0.799831697945445,11.49,30.735,4.42525651335056,2.57240161121068,1.85285490213988,37.6537254901961,23.2283660130719,2530.04,0.835432723839817,120,168.36,74,51.7151633986928,2.58549019607843,3687.1,30.441045751634,14.4253594771242,1,79,2.13113924050633,4,2.15912975101349,125
2011,2011-07-12,0.07,37.26,26.16,54.89,24.34,2.28,13.98,18.08,0.773230088495575,11.1,31.71,4.67740838603983,2.56742946309726,2.10997892294257,37.6537254901961,23.2283660130719,2530.04,0.835432723839817,120,168.36,74,51.7151633986928,2.58549019607843,3687.1,30.441045751634,14.4253594771242,1,79,2.13113924050633,4,2.15912975101349,125
2011,2011-07-13,0,39.65,25.23,48.23,27.86,2.58,13.9663888888889,17.615,0.792869082536979,14.42,32.44,4.8742821729943,2.35086629203515,2.52341588095915,37.6537254901961,23.2283660130719,2530.04,0.835432723839817,120,168.36,74,51.7151633986928,2.58549019607843,3687.1,30.441045751634,14.4253594771242,1,79,2.13113924050633,4,2.15912975101349,125
2011,2011-07-14,1.57,39.64,25.52,50.44,25.71,2.43,13.9525,17.76,0.785613738738739,14.12,32.58,4.91285000856224,2.47804154431879,2.43480846424345,37.6537254901961,23.2283660130719,2530.04,0.835432723839817,120,168.36,74,51.7151633986928,2.58549019607843,3687.1,30.441045751634,14.4253594771242,1,79,2.13113924050633,4,2.15912975101349,125
2011,2011-07-15,2.59,39.58,26.49,50.02,25.17,2.26,13.9377777777778,18.245,0.763923144849426,13.09,33.035,5.04003143433688,2.52102372345531,2.51900771088157,37.6537254901961,23.2283660130719,2530.04,0.835432723839817,120,168.36,74,51.7151633986928,2.58549019607843,3687.1,30.441045751634,14.4253594771242,1,79,2.13113924050633,4,2.15912975101349,125
2011,2011-07-16,0.28,37.7,26.34,52.28,17.32,2.29,13.9225,18.17,0.766235553109521,11.36,32.02,4.76015178347121,2.48860735239875,2.27154443107246,37.6537254901961,23.2283660130719,2530.04,0.835432723839817,120,168.36,74,51.7151633986928,2.58549019607843,3687.1,30.441045751634,14.4253594771242,1,79,2.13113924050633,4,2.15912975101349,125
2011,2011-07-17,0.27,37.55,26.02,49.65,24.01,1.58,13.9066666666667,18.01,0.772163612807699,11.53,31.785,4.6973115022009,2.33221516084275,2.36509634135815,37.6537254901961,23.2283660130719,2530.04,0.835432723839817,120,168.36,74,51.7151633986928,2.58549019607843,3687.1,30.441045751634,14.4253594771242,1,79,2.13113924050633,4,2.15912975101349,125
2011,2011-07-18,1.07,39.56,26.21,44.39,18.21,1.35,13.8905555555556,18.105,0.76722206879622,13.35,32.885,4.99779134887301,2.21851957976473,2.77927176910828,37.6537254901961,23.2283660130719,2530.04,0.835432723839817,120,168.36,74,51.7151633986928,2.58549019607843,3687.1,30.441045751634,14.4253594771242,1,79,2.13113924050633,4,2.15912975101349,125
2011,2011-07-19,1.78,36.63,26.85,51.17,17.79,1.83,13.8736111111111,18.425,0.752977536559626,9.78,31.74,4.68536082363672,2.39749913345491,2.28786169018181,37.6537254901961,23.2283660130719,2530.04,0.835432723839817,120,168.36,74,51.7151633986928,2.58549019607843,3687.1,30.441045751634,14.4253594771242,1,79,2.13113924050633,4,2.15912975101349,125
2011,2011-07-20,0.9,39.32,25.17,53.87,22.61,2.54,13.8563888888889,17.585,0.787966385492686,14.15,32.245,4.82100095036325,2.59707321196068,2.22392773840257,37.6537254901961,23.2283660130719,2530.04,0.835432723839817,120,168.36,74,51.7151633986928,2.58549019607843,3687.1,30.441045751634,14.4253594771242,1,79,2.13113924050633,4,2.15912975101349,125
2011,2011-07-21,0.02,40.31,26.22,51.17,27.1,3.12,13.8386111111111,18.11,0.764141971900117,14.09,33.265,5.10540145092536,2.61243392243851,2.49296752848685,37.6537254901961,23.2283660130719,2530.04,0.835432723839817,120,168.36,74,51.7151633986928,2.58549019607843,3687.1,30.441045751634,14.4253594771242,1,79,2.13113924050633,4,2.15912975101349,125
2011,2011-07-22,0.3,39.06,26.64,55.34,24.18,3.38,13.8202777777778,18.32,0.754381974769529,12.42,32.85,4.98797966873945,2.76034794868041,2.22763172005904,37.6537254901961,23.2283660130719,2530.04,0.835432723839817,120,168.36,74,51.7151633986928,2.58549019607843,3687.1,30.441045751634,14.4253594771242,1,79,2.13113924050633,4,2.15912975101349,125
2011,2011-07-23,0.04,36.45,26.87,57.9,25.91,3.06,13.8016666666667,18.435,0.748666485851189,9.58,31.66,4.66418037896593,2.70056043942128,1.96361993954466,37.6537254901961,23.2283660130719,2530.04,0.835432723839817,120,168.36,74,51.7151633986928,2.58549019607843,3687.1,30.441045751634,14.4253594771242,1,79,2.13113924050633,4,2.15912975101349,125
2011,2011-07-24,0.03,39.9,25.95,52.63,25.57,2.49,13.7825,17.975,0.766759388038943,13.95,32.925,5.00902521043504,2.63624996825196,2.37277524218308,37.6537254901961,23.2283660130719,2530.04,0.835432723839817,120,168.36,74,51.7151633986928,2.58549019607843,3687.1,30.441045751634,14.4253594771242,1,79,2.13113924050633,4,2.15912975101349,125
2011,2011-07-25,0.98,37.6,25.98,50.86,22.18,2.73,13.7627777777778,17.99,0.765023778642456,11.62,31.79,4.69864098843877,2.38972880671996,2.30891218171881,37.6537254901961,23.2283660130719,2530.04,0.835432723839817,120,168.36,74,51.7151633986928,2.58549019607843,3687.1,30.441045751634,14.4253594771242,1,79,2.13113924050633,4,2.15912975101349,125
2011,2011-07-26,0.46,40.62,25.35,47.12,23.31,2.27,13.7427777777778,17.675,0.777526324060978,15.27,32.985,5.02591710378445,2.36821213930323,2.65770496448122,37.6537254901961,23.2283660130719,2530.04,0.835432723839817,120,168.36,74,51.7151633986928,2.58549019607843,3687.1,30.441045751634,14.4253594771242,1,79,2.13113924050633,4,2.15912975101349,125
2011,2011-07-27,0.2,41.03,26.72,45.36,26.66,2.89,13.7222222222222,18.36,0.747397724521908,14.31,33.875,5.28235049005158,2.3960741822874,2.88627630776418,37.6537254901961,23.2283660130719,2530.04,0.835432723839817,120,168.36,74,51.7151633986928,2.58549019607843,3687.1,30.441045751634,14.4253594771242,1,79,2.13113924050633,4,2.15912975101349,125
2011,2011-07-28,1.29,38.15,26.77,53.94,23.32,2.35,13.7016666666667,18.385,0.745263348744447,11.38,32.46,4.8797757150355,2.63215102069015,2.24762469434535,37.6537254901961,23.2283660130719,2530.04,0.835432723839817,120,168.36,74,51.7151633986928,2.58549019607843,3687.1,30.441045751634,14.4253594771242,1,79,2.13113924050633,4,2.15912975101349,125
2011,2011-07-29,1.07,35.98,26.11,63.8,22.43,2.81,13.68,18.055,0.757684851841595,9.87,31.045,4.50411461925617,2.87362512708543,1.63048949217073,37.6537254901961,23.2283660130719,2530.04,0.835432723839817,120,168.36,74,51.7151633986928,2.58549019607843,3687.1,30.441045751634,14.4253594771242,1,79,2.13113924050633,4,2.15912975101349,125
2011,2011-07-30,0.03,38.43,25.44,57.99,23.21,2.5,13.6583333333333,17.72,0.770786305492852,12.99,31.935,4.73733854668367,2.74718262322186,1.99015592346181,37.6537254901961,23.2283660130719,2530.04,0.835432723839817,120,168.36,74,51.7151633986928,2.58549019607843,3687.1,30.441045751634,14.4253594771242,1,79,2.13113924050633,4,2.15912975101349,125
2011,2011-07-31,0,40.75,23.88,47.1,27.35,1.57,13.6363888888889,16.94,0.804981634527089,16.87,32.315,4.84006905184039,2.27967252341682,2.56039652842356,37.6537254901961,23.2283660130719,2530.04,0.835432723839817,120,168.36,74,51.7151633986928,2.58549019607843,3687.1,30.441045751634,14.4253594771242,1,79,2.13113924050633,4,2.15912975101349,125
2011,2011-08-01,0.06,42.89,26.1,40.62,24.87,1.89,13.6138888888889,18.05,0.754232071406587,16.79,34.495,5.46762910222718,2.22095094132468,3.2466781609025,37.6537254901961,23.2283660130719,2530.04,0.835432723839817,120,168.36,74,51.7151633986928,2.58549019607843,3687.1,30.441045751634,14.4253594771242,1,79,2.13113924050633,4,2.15912975101349,125
2011,2011-08-02,0,43.09,27.82,37.3,26.1,2.28,13.5911111111111,18.91,0.718726129619837,15.27,35.455,5.7656324114777,2.15058088948118,3.61505152199652,37.6537254901961,23.2283660130719,2530.04,0.835432723839817,120,168.36,74,51.7151633986928,2.58549019607843,3687.1,30.441045751634,14.4253594771242,1,79,2.13113924050633,4,2.15912975101349,125
2011,2011-08-03,0,42.67,26.92,41.35,27.17,2.29,13.5680555555556,18.46,0.734997592391959,15.75,34.795,5.55928561377745,2.29876460129698,3.26052101248048,37.6537254901961,23.2283660130719,2530.04,0.835432723839817,120,168.36,74,51.7151633986928,2.58549019607843,3687.1,30.441045751634,14.4253594771242,1,79,2.13113924050633,4,2.15912975101349,125
2011,2011-08-04,0,42.41,26.12,44.04,27.79,2.34,13.5444444444444,18.06,0.749969238341331,16.29,34.265,5.39824953209747,2.37738909393573,3.02086043816175,37.6537254901961,23.2283660130719,2530.04,0.835432723839817,120,168.36,74,51.7151633986928,2.58549019607843,3687.1,30.441045751634,14.4253594771242,1,79,2.13113924050633,4,2.15912975101349,125
2011,2011-08-05,0,42.55,26.08,47.27,27.63,2.71,13.5211111111111,18.04,0.749507267799951,16.47,34.315,5.4132667286304,2.55885118262359,2.85441554600681,37.6537254901961,23.2283660130719,2530.04,0.835432723839817,120,168.36,74,51.7151633986928,2.58549019607843,3687.1,30.441045751634,14.4253594771242,1,79,2.13113924050633,4,2.15912975101349,125
2011,2011-08-06,0,41.96,26.32,47.69,26.5,2.89,13.4969444444444,18.16,0.743223813020069,15.64,34.14,5.36086454674938,2.55659630234478,2.8042682444046,37.6537254901961,23.2283660130719,2530.04,0.835432723839817,120,168.36,74,51.7151633986928,2.58549019607843,3687.1,30.441045751634,14.4253594771242,1,79,2.13113924050633,4,2.15912975101349,125
2011,2011-08-07,0,41.42,27.14,47.53,25.81,3.01,13.4725,18.57,0.725498115239634,14.28,34.28,5.40275089178201,2.56792749886399,2.83482339291802,37.6537254901961,23.2283660130719,2530.04,0.835432723839817,120,168.36,74,51.7151633986928,2.58549019607843,3687.1,30.441045751634,14.4253594771242,1,79,2.13113924050633,4,2.15912975101349,125
2011,2011-08-08,0,42.01,26.34,49.61,27.31,3.54,13.4475,18.17,0.740093560814529,15.67,34.175,5.37130963254011,2.66470670870315,2.70660292383696,37.6537254901961,23.2283660130719,2530.04,0.835432723839817,120,168.36,74,51.7151633986928,2.58549019607843,3687.1,30.441045751634,14.4253594771242,1,79,2.13113924050633,4,2.15912975101349,125
2011,2011-08-09,0,42.07,26.94,50.36,27.39,3.42,13.4225,18.47,0.72671900378993,15.13,34.505,5.47066306804762,2.75502592106878,2.71563714697884,37.6537254901961,23.2283660130719,2530.04,0.835432723839817,120,168.36,74,51.7151633986928,2.58549019607843,3687.1,30.441045751634,14.4253594771242,1,79,2.13113924050633,4,2.15912975101349,125
2011,2011-08-10,0,41.9,26.18,51.37,26.74,3.34,13.3975,18.09,0.740602542841349,15.72,34.04,5.33111847966972,2.73859556300633,2.59252291666338,37.6537254901961,23.2283660130719,2530.04,0.835432723839817,120,168.36,74,51.7151633986928,2.58549019607843,3687.1,30.441045751634,14.4253594771242,1,79,2.13113924050633,4,2.15912975101349,125
2011,2011-08-11,0,41.62,26.83,53.05,22.45,2.93,13.3716666666667,18.415,0.726129061453525,14.79,34.225,5.38626180782008,2.85741188904855,2.52884991877153,37.6537254901961,23.2283660130719,2530.04,0.835432723839817,120,168.36,74,51.7151633986928,2.58549019607843,3687.1,30.441045751634,14.4253594771242,1,79,2.13113924050633,4,2.15912975101349,125
2011,2011-08-12,0,41.14,27.61,51.32,24.94,3.1,13.3461111111111,18.805,0.70971077432125,13.53,34.375,5.43133518773895,2.78736121834763,2.64397396939132,37.6537254901961,23.2283660130719,2530.04,0.835432723839817,120,168.36,74,51.7151633986928,2.58549019607843,3687.1,30.441045751634,14.4253594771242,1,79,2.13113924050633,4,2.15912975101349,125
2011,2011-08-13,0.99,40.12,26.74,50.65,19.98,1.62,13.32,18.37,0.72509526401742,13.38,33.43,5.1527494931389,2.60986761827485,2.54288187486405,37.6537254901961,23.2283660130719,2530.04,0.835432723839817,120,168.36,74,51.7151633986928,2.58549019607843,3687.1,30.441045751634,14.4253594771242,1,79,2.13113924050633,4,2.15912975101349,125
2011,2011-08-14,5.45,38.86,28.01,50.59,21.76,1.14,13.2938888888889,19.005,0.699494285129644,10.85,33.435,5.15419021129687,2.60750482789509,2.54668538340179,37.6537254901961,23.2283660130719,2530.04,0.835432723839817,120,168.36,74,51.7151633986928,2.58549019607843,3687.1,30.441045751634,14.4253594771242,1,79,2.13113924050633,4,2.15912975101349,125
2011,2011-08-15,0.02,40.81,26.08,44.82,24.7,2.16,13.2672222222222,18.04,0.735433604336043,14.73,33.445,5.15707269645681,2.31139998255194,2.84567271390487,37.6537254901961,23.2283660130719,2530.04,0.835432723839817,120,168.36,74,51.7151633986928,2.58549019607843,3687.1,30.441045751634,14.4253594771242,1,79,2.13113924050633,4,2.15912975101349,125
2011,2011-08-16,0,41.34,26.16,43.78,25.96,2.82,13.2405555555556,18.08,0.732331612586037,15.18,33.75,5.24566319305813,2.29655134592085,2.94911184713728,37.6537254901961,23.2283660130719,2530.04,0.835432723839817,120,168.36,74,51.7151633986928,2.58549019607843,3687.1,30.441045751634,14.4253594771242,1,79,2.13113924050633,4,2.15912975101349,125
2011,2011-08-17,0,41.48,24.92,46.12,26.04,2.1,13.2133333333333,17.46,0.756777395952654,16.56,33.2,5.08685314137251,2.346056668801,2.74079647257151,37.6537254901961,23.2283660130719,2530.04,0.835432723839817,120,168.36,74,51.7151633986928,2.58549019607843,3687.1,30.441045751634,14.4253594771242,1,79,2.13113924050633,4,2.15912975101349,125
2011,2011-08-18,0.15,42.05,25.67,42.84,24.9,2.07,13.1863888888889,17.835,0.73935457745382,16.38,33.86,5.2779362926357,2.26106790776513,3.01686838487057,37.6537254901961,23.2283660130719,2530.04,0.835432723839817,120,168.36,74,51.7151633986928,2.58549019607843,3687.1,30.441045751634,14.4253594771242,1,79,2.13113924050633,4,2.15912975101349,125
2011,2011-08-19,0.04,42.28,27.52,38.37,24.46,2.13,13.1586111111111,18.76,0.701418502724473,14.76,34.9,5.59167866815897,2.1455271049726,3.44615156318637,37.6537254901961,23.2283660130719,2530.04,0.835432723839817,120,168.36,74,51.7151633986928,2.58549019607843,3687.1,30.441045751634,14.4253594771242,1,79,2.13113924050633,4,2.15912975101349,125
2011,2011-08-20,0.12,42.33,27.88,42.56,23.66,2.54,13.1311111111111,18.94,0.693300481051273,14.45,35.105,5.65539424364484,2.40693579009525,3.2484584535496,37.6537254901961,23.2283660130719,2530.04,0.835432723839817,120,168.36,74,51.7151633986928,2.58549019607843,3687.1,30.441045751634,14.4253594771242,1,79,2.13113924050633,4,2.15912975101349,125
2011,2011-08-21,0,41.45,25.73,44.19,24.47,1.86,13.1033333333333,17.865,0.733463942531953,15.72,33.59,5.19902622354885,2.29744968818624,2.90157653536261,37.6537254901961,23.2283660130719,2530.04,0.835432723839817,120,168.36,74,51.7151633986928,2.58549019607843,3687.1,30.441045751634,14.4253594771242,1,79,2.13113924050633,4,2.15912975101349,125
2011,2011-08-22,0,41.49,27.05,44.24,24.03,1.8,13.0755555555556,18.525,0.705832958464537,14.44,34.27,5.39974962370845,2.38884923352862,3.01090039017983,37.6537254901961,23.2283660130719,2530.04,0.835432723839817,120,168.36,74,51.7151633986928,2.58549019607843,3687.1,30.441045751634,14.4253594771242,1,79,2.13113924050633,4,2.15912975101349,125
2011,2011-08-23,0.04,41.63,27.18,43.13,24.44,1.94,13.0475,18.59,0.701855836471221,14.45,34.405,5.44038901813919,2.34643978352343,3.09394923461576,37.6537254901961,23.2283660130719,2530.04,0.835432723839817,120,168.36,74,51.7151633986928,2.58549019607843,3687.1,30.441045751634,14.4253594771242,1,79,2.13113924050633,4,2.15912975101349,125
2011,2011-08-24,6.44,40.34,27.4,50.22,23.34,1.81,13.0191666666667,18.7,0.696212121212121,12.94,33.87,5.28087873513292,2.65205730078375,2.62882143434917,37.6537254901961,23.2283660130719,2530.04,0.835432723839817,120,168.36,74,51.7151633986928,2.58549019607843,3687.1,30.441045751634,14.4253594771242,1,79,2.13113924050633,4,2.15912975101349,125
2011,2011-08-25,3.77,34.45,25.58,64.3,16.58,1.18,12.9908333333333,17.79,0.730232340266067,8.87,30.015,4.24671701501456,2.73063904065436,1.5160779743602,37.6537254901961,23.2283660130719,2530.04,0.835432723839817,120,168.36,74,51.7151633986928,2.58549019607843,3687.1,30.441045751634,14.4253594771242,1,79,2.13113924050633,4,2.15912975101349,125
2011,2011-08-26,0.17,39.67,23.31,50.56,24.48,0.84,12.9622222222222,16.655,0.778278128022949,16.36,31.49,4.61944793962673,2.33559287827528,2.28385506135146,37.6537254901961,23.2283660130719,2530.04,0.835432723839817,120,168.36,74,51.7151633986928,2.58549019607843,3687.1,30.441045751634,14.4253594771242,1,79,2.13113924050633,4,2.15912975101349,125
2011,2011-08-27,0,42.97,25.59,43.65,24.23,1.86,12.9336111111111,17.795,0.726811526333864,17.38,34.28,5.40275089178201,2.35830076426285,3.04445012751916,37.6537254901961,23.2283660130719,2530.04,0.835432723839817,120,168.36,74,51.7151633986928,2.58549019607843,3687.1,30.441045751634,14.4253594771242,1,79,2.13113924050633,4,2.15912975101349,125
2011,2011-08-28,0,42.96,25.15,38.81,25.44,1.59,12.9044444444444,17.575,0.734250039513197,17.81,34.055,5.33557124007487,2.07073519827306,3.26483604180181,37.6537254901961,23.2283660130719,2530.04,0.835432723839817,120,168.36,74,51.7151633986928,2.58549019607843,3687.1,30.441045751634,14.4253594771242,1,79,2.13113924050633,4,2.15912975101349,125
2011,2011-08-29,0.09,43.12,25.81,39.07,21.11,1.8,12.8755555555556,17.905,0.719103912625275,17.31,34.465,5.45853595957274,2.13264999940507,3.32588596016767,37.6537254901961,23.2283660130719,2530.04,0.835432723839817,120,168.36,74,51.7151633986928,2.58549019607843,3687.1,30.441045751634,14.4253594771242,1,79,2.13113924050633,4,2.15912975101349,125
2011,2011-08-30,0,41.43,26.13,42.02,23.54,2.17,12.8463888888889,18.065,0.711120337054464,15.3,33.78,5.25444791945377,2.20791901575447,3.0465289036993,37.6537254901961,23.2283660130719,2530.04,0.835432723839817,120,168.36,74,51.7151633986928,2.58549019607843,3687.1,30.441045751634,14.4253594771242,1,79,2.13113924050633,4,2.15912975101349,125
2011,2011-08-31,0,40.36,25.13,46.84,22.65,2.36,12.8172222222222,17.565,0.729702375304425,15.23,32.745,4.95864489563604,2.32262926911592,2.63601562652012,37.6537254901961,23.2283660130719,2530.04,0.835432723839817,120,168.36,74,51.7151633986928,2.58549019607843,3687.1,30.441045751634,14.4253594771242,1,79,2.13113924050633,4,2.15912975101349,125
2011,2011-09-01,0,40.35,25.36,46.91,22.02,1.88,12.7877777777778,17.68,0.723290598290598,14.99,32.855,4.98938031266355,2.34051830467047,2.64886200799308,37.6537254901961,23.2283660130719,2530.04,0.835432723839817,120,168.36,74,51.7151633986928,2.58549019607843,3687.1,30.441045751634,14.4253594771242,1,79,2.13113924050633,4,2.15912975101349,125
2011,2011-09-02,0.08,39.99,26.57,47.82,24.51,2.59,12.7583333333333,18.285,0.697748609971744,13.42,33.28,5.10969015688034,2.44345383302018,2.66623632386016,37.6537254901961,23.2283660130719,2530.04,0.835432723839817,120,168.36,74,51.7151633986928,2.58549019607843,3687.1,30.441045751634,14.4253594771242,1,79,2.13113924050633,4,2.15912975101349,125
2011,2011-09-03,0.23,38.9,25.13,41.24,23.03,3.95,12.7288888888889,17.565,0.724673435177278,13.77,32.015,4.75880719188924,1.96253208593512,2.79627510595412,37.6537254901961,23.2283660130719,2530.04,0.835432723839817,120,168.36,74,51.7151633986928,2.58549019607843,3687.1,30.441045751634,14.4253594771242,1,79,2.13113924050633,4,2.15912975101349,125
2011,2011-09-04,0.08,38.14,26.68,36.63,18.73,6.14,12.6991666666667,18.34,0.692430025445293,11.46,32.41,4.86605192951919,1.78243482178288,3.08361710773631,37.6537254901961,23.2283660130719,2530.04,0.835432723839817,120,168.36,74,51.7151633986928,2.58549019607843,3687.1,30.441045751634,14.4253594771242,1,79,2.13113924050633,4,2.15912975101349,125
2011,2011-09-05,0,34.18,20.61,25.11,25.58,4.57,12.6694444444444,15.305,0.827797742204799,13.57,27.395,3.64880039068991,0.916213778102237,2.73258661258767,37.6537254901961,23.2283660130719,2530.04,0.835432723839817,120,168.36,74,51.7151633986928,2.58549019607843,3687.1,30.441045751634,14.4253594771242,1,79,2.13113924050633,4,2.15912975101349,125
2011,2011-09-06,0,34.69,15.81,24.88,26.85,1.5,12.6394444444444,12.905,0.979422273881786,18.88,25.25,3.21525753142743,0.799956073819144,2.41530145760828,37.6537254901961,23.2283660130719,2530.04,0.835432723839817,120,168.36,74,51.7151633986928,2.58549019607843,3687.1,30.441045751634,14.4253594771242,1,79,2.13113924050633,4,2.15912975101349,125
2011,2011-09-07,0,35.39,15.5,30.66,26.31,1.57,12.6097222222222,12.75,0.988997821350763,19.89,25.445,3.25272134161808,0.997284363340104,2.25543697827798,37.6537254901961,23.2283660130719,2530.04,0.835432723839817,120,168.36,74,51.7151633986928,2.58549019607843,3687.1,30.441045751634,14.4253594771242,1,79,2.13113924050633,4,2.15912975101349,125
2011,2011-09-08,0,34.69,16.04,28.25,25.58,1.54,12.5797222222222,13.02,0.966184502474825,18.65,25.365,3.23730578909202,0.914538885418496,2.32276690367353,37.6537254901961,23.2283660130719,2530.04,0.835432723839817,120,168.36,74,51.7151633986928,2.58549019607843,3687.1,30.441045751634,14.4253594771242,1,79,2.13113924050633,4,2.15912975101349,125
2011,2011-09-09,0,36.6,17.98,27.32,25.4,1.66,12.5494444444444,13.99,0.897029624334842,18.62,27.29,3.62645042712913,0.990746256691679,2.63570417043745,37.6537254901961,23.2283660130719,2530.04,0.835432723839817,120,168.36,74,51.7151633986928,2.58549019607843,3687.1,30.441045751634,14.4253594771242,1,79,2.13113924050633,4,2.15912975101349,125
2011,2011-09-10,0,37.31,18.81,36.91,25.2,1.17,12.5194444444444,14.405,0.869104091943384,18.5,28.06,3.79315583295321,1.40005381794303,2.39310201501018,37.6537254901961,23.2283660130719,2530.04,0.835432723839817,120,168.36,74,51.7151633986928,2.58549019607843,3687.1,30.441045751634,14.4253594771242,1,79,2.13113924050633,4,2.15912975101349,125
2011,2011-09-11,0,39.74,20.24,43.65,23.08,1.7,12.4891666666667,15.12,0.826003086419753,19.5,29.99,4.24063193865381,1.85103584122239,2.38959609743142,37.6537254901961,23.2283660130719,2530.04,0.835432723839817,120,168.36,74,51.7151633986928,2.58549019607843,3687.1,30.441045751634,14.4253594771242,1,79,2.13113924050633,4,2.15912975101349,125
2011,2011-09-12,0,40.56,22.14,38.95,24.04,2.33,12.4586111111111,16.07,0.775271382147549,18.42,31.35,4.58288980334347,1.78503557840228,2.79785422494119,37.6537254901961,23.2283660130719,2530.04,0.835432723839817,120,168.36,74,51.7151633986928,2.58549019607843,3687.1,30.441045751634,14.4253594771242,1,79,2.13113924050633,4,2.15912975101349,125
2011,2011-09-13,0,41.19,23.86,43.04,23.65,2.7,12.4286111111111,16.93,0.734117608453108,17.33,32.525,4.89766687455488,2.10795582280842,2.78971105174646,37.6537254901961,23.2283660130719,2530.04,0.835432723839817,120,168.36,74,51.7151633986928,2.58549019607843,3687.1,30.441045751634,14.4253594771242,1,79,2.13113924050633,4,2.15912975101349,125
2011,2011-09-14,0.01,39.95,23.67,44.06,22.75,2.52,12.3980555555556,16.835,0.736445236445236,16.28,31.81,4.70396220265748,2.07256574649088,2.63139645616659,37.6537254901961,23.2283660130719,2530.04,0.835432723839817,120,168.36,74,51.7151633986928,2.58549019607843,3687.1,30.441045751634,14.4253594771242,1,79,2.13113924050633,4,2.15912975101349,125
2011,2011-09-15,0.5,36.64,23.96,44.09,17.67,1.47,12.3675,16.98,0.728356890459364,12.68,30.3,4.31662538287061,1.90320013130765,2.41342525156296,37.6537254901961,23.2283660130719,2530.04,0.835432723839817,120,168.36,74,51.7151633986928,2.58549019607843,3687.1,30.441045751634,14.4253594771242,1,79,2.13113924050633,4,2.15912975101349,125
2011,2011-09-16,0.06,35.02,22.84,49.47,17.07,2.73,12.3375,16.42,0.751370280146163,12.18,28.93,3.98950210438247,1.97360669103801,2.01589541334446,37.6537254901961,23.2283660130719,2530.04,0.835432723839817,120,168.36,74,51.7151633986928,2.58549019607843,3687.1,30.441045751634,14.4253594771242,1,79,2.13113924050633,4,2.15912975101349,125
2011,2011-09-17,1.41,33.52,22.94,64.04,14.63,2.47,12.3066666666667,16.47,0.747217162517709,10.58,28.23,3.83084698896247,2.45327441173156,1.3775725772309,37.6537254901961,23.2283660130719,2530.04,0.835432723839817,120,168.36,74,51.7151633986928,2.58549019607843,3687.1,30.441045751634,14.4253594771242,1,79,2.13113924050633,4,2.15912975101349,125
2011,2011-09-18,18.82,30.18,23.47,76.85,18.8,2.25,12.2761111111111,16.735,0.733559074461375,6.71,26.825,3.52889890979582,2.71195881217808,0.816940097617731,37.6537254901961,23.2283660130719,2530.04,0.835432723839817,120,168.36,74,51.7151633986928,2.58549019607843,3687.1,30.441045751634,14.4253594771242,1,79,2.13113924050633,4,2.15912975101349,125
2011,2011-09-19,2.69,32.68,20.04,68.01,19.33,1.63,12.2455555555556,15.02,0.815283325935789,12.64,26.36,3.43364125414088,2.33521941694122,1.09842183719967,37.6537254901961,23.2283660130719,2530.04,0.835432723839817,120,168.36,74,51.7151633986928,2.58549019607843,3687.1,30.441045751634,14.4253594771242,1,79,2.13113924050633,4,2.15912975101349,125
2011,2011-09-20,0,33.53,17.1,53.71,23.23,1.09,12.215,13.55,0.901476014760147,16.43,25.315,3.22770344688489,1.73359952132187,1.49410392556301,37.6537254901961,23.2283660130719,2530.04,0.835432723839817,120,168.36,74,51.7151633986928,2.58549019607843,3687.1,30.441045751634,14.4253594771242,1,79,2.13113924050633,4,2.15912975101349,125
2011,2011-09-21,0,34.98,19.99,62.71,20.17,1.27,12.1844444444444,14.995,0.812567152013634,14.99,27.485,3.66805287670236,2.30023595898005,1.36781691772231,37.6537254901961,23.2283660130719,2530.04,0.835432723839817,120,168.36,74,51.7151633986928,2.58549019607843,3687.1,30.441045751634,14.4253594771242,1,79,2.13113924050633,4,2.15912975101349,125
2011,2011-09-22,0.1,34.82,20.23,57.31,18.58,1.66,12.1538888888889,15.115,0.804094534494799,14.59,27.525,3.67663789113087,2.1070811754071,1.56955671572377,37.6537254901961,23.2283660130719,2530.04,0.835432723839817,120,168.36,74,51.7151633986928,2.58549019607843,3687.1,30.441045751634,14.4253594771242,1,79,2.13113924050633,4,2.15912975101349,125
2011,2011-09-23,0,31.27,18.24,52,22.62,2.43,12.1233333333333,14.12,0.858593012275732,13.03,24.755,3.12184183356004,1.62335775345122,1.49848408010882,37.6537254901961,23.2283660130719,2530.04,0.835432723839817,120,168.36,74,51.7151633986928,2.58549019607843,3687.1,30.441045751634,14.4253594771242,1,79,2.13113924050633,4,2.15912975101349,125
2011,2011-09-24,0,35.24,15.8,45.4,23.03,1.26,12.0927777777778,12.9,0.937424633936262,19.44,25.52,3.26723150190737,1.48332310186595,1.78390840004143,37.6537254901961,23.2283660130719,2530.04,0.835432723839817,120,168.36,74,51.7151633986928,2.58549019607843,3687.1,30.441045751634,14.4253594771242,1,79,2.13113924050633,4,2.15912975101349,125
2011,2011-09-25,0,39.01,21.8,57.78,21.72,3.78,12.0619444444444,15.9,0.75861285814116,17.21,30.405,4.34263213611124,2.50917284824508,1.83345928786617,37.6537254901961,23.2283660130719,2530.04,0.835432723839817,120,168.36,74,51.7151633986928,2.58549019607843,3687.1,30.441045751634,14.4253594771242,1,79,2.13113924050633,4,2.15912975101349,125
2011,2011-09-26,1.24,38.63,22.67,59.84,21.72,2.54,12.0311111111111,16.335,0.736523483998231,15.96,30.65,4.40384490009252,2.63526078821536,1.76858411187716,37.6537254901961,23.2283660130719,2530.04,0.835432723839817,120,168.36,74,51.7151633986928,2.58549019607843,3687.1,30.441045751634,14.4253594771242,1,79,2.13113924050633,4,2.15912975101349,125
2011,2011-09-27,2.03,37.24,22.49,59.89,16.79,2.03,12.0005555555556,16.245,0.738723025888308,14.75,29.865,4.21032014774945,2.52156073648715,1.6887594112623,37.6537254901961,23.2283660130719,2530.04,0.835432723839817,120,168.36,74,51.7151633986928,2.58549019607843,3687.1,30.441045751634,14.4253594771242,1,79,2.13113924050633,4,2.15912975101349,125
2011,2011-09-28,0.2,37.39,22.16,58.71,20.96,1.78,11.9697222222222,16.08,0.744385710337203,15.23,29.775,4.18861249223733,2.45913439419254,1.72947809804479,37.6537254901961,23.2283660130719,2530.04,0.835432723839817,120,168.36,74,51.7151633986928,2.58549019607843,3687.1,30.441045751634,14.4253594771242,1,79,2.13113924050633,4,2.15912975101349,125
2011,2011-09-29,4.1,37.29,22.99,60.5,16.65,1.54,11.9394444444444,16.495,0.723822033612879,14.3,30.14,4.27725642412032,2.58774013659279,1.68951628752753,37.6537254901961,23.2283660130719,2530.04,0.835432723839817,120,168.36,74,51.7151633986928,2.58549019607843,3687.1,30.441045751634,14.4253594771242,1,79,2.13113924050633,4,2.15912975101349,125
2011,2011-09-30,0.05,34.01,19.09,44.22,21.63,3.05,11.9086111111111,14.545,0.818742599595126,14.92,26.55,3.47228952084379,1.53544642611712,1.93684309472667,37.6537254901961,23.2283660130719,2530.04,0.835432723839817,120,168.36,74,51.7151633986928,2.58549019607843,3687.1,30.441045751634,14.4253594771242,1,79,2.13113924050633,4,2.15912975101349,125
2012,2012-05-01,0,28.03,20.65,79.34,14.8,2.79,13.375,14.34,0.932705718270572,7.38,24.34,3.04535666199544,2.41618597562719,0.629170686368259,33.9766666666667,21.9790196078431,2417.415,0.860641855834374,64,442.25,49,68.1147058823529,2.02084967320261,3414.31,27.9778431372549,11.9976470588235,0,104,4.25240384615385,0,1.25141122607365,50
2012,2012-05-02,0,31.16,18.95,77.59,20.69,1.71,13.4005555555556,14.475,0.925772404528881,12.21,25.055,3.17817048636312,2.46594248036915,0.712228005993976,33.9766666666667,21.9790196078431,2417.415,0.860641855834374,64,442.25,49,68.1147058823529,2.02084967320261,3414.31,27.9778431372549,11.9976470588235,0,104,4.25240384615385,0,1.25141122607365,50
2012,2012-05-03,0,30.68,19.11,79.23,22.46,2.01,13.4261111111111,14.555,0.92243978777816,11.57,24.895,3.14801924231071,2.49417564568277,0.653843596627934,33.9766666666667,21.9790196078431,2417.415,0.860641855834374,64,442.25,49,68.1147058823529,2.02084967320261,3414.31,27.9778431372549,11.9976470588235,0,104,4.25240384615385,0,1.25141122607365,50
2012,2012-05-04,0.03,31.66,19.74,77.64,19.6,2.25,13.4513888888889,14.87,0.904599118284391,11.92,25.7,3.30228632659029,2.5638951039647,0.738391222625589,33.9766666666667,21.9790196078431,2417.415,0.860641855834374,64,442.25,49,68.1147058823529,2.02084967320261,3414.31,27.9778431372549,11.9976470588235,0,104,4.25240384615385,0,1.25141122607365,50
2012,2012-05-05,0.21,32.84,20.16,76.8,24.97,2.54,13.4763888888889,15.08,0.893659740642499,12.68,26.5,3.46208235879782,2.65887925155673,0.803203107241095,33.9766666666667,21.9790196078431,2417.415,0.860641855834374,64,442.25,49,68.1147058823529,2.02084967320261,3414.31,27.9778431372549,11.9976470588235,0,104,4.25240384615385,0,1.25141122607365,50
2012,2012-05-06,0.19,31.48,21.9,76.77,14.26,2.46,13.5011111111111,15.95,0.846464646464646,9.58,26.69,3.50100918484074,2.68772475120224,0.813284433638504,33.9766666666667,21.9790196078431,2417.415,0.860641855834374,64,442.25,49,68.1147058823529,2.02084967320261,3414.31,27.9778431372549,11.9976470588235,0,104,4.25240384615385,0,1.25141122607365,50
2012,2012-05-07,10.35,31.63,20.24,78.35,23.51,1.14,13.5252777777778,15.12,0.894528953556731,11.39,25.935,3.34854546304925,2.62358537029909,0.724960092750163,33.9766666666667,21.9790196078431,2417.415,0.860641855834374,64,442.25,49,68.1147058823529,2.02084967320261,3414.31,27.9778431372549,11.9976470588235,0,104,4.25240384615385,0,1.25141122607365,50
2012,2012-05-08,3.22,25.15,19.69,86.14,9.26,1.42,13.5491666666667,12.42,1.09091519055287,5.46,22.42,2.71237644503183,2.33644106975041,0.375935375281411,33.9766666666667,21.9790196078431,2417.415,0.860641855834374,64,442.25,49,68.1147058823529,2.02084967320261,3414.31,27.9778431372549,11.9976470588235,0,104,4.25240384615385,0,1.25141122607365,50
2012,2012-05-09,0.15,28.43,17.8,75.98,20.17,1.93,13.5727777777778,13.115,1.03490490108866,10.63,23.115,2.82903860125494,2.14950352923351,0.679535072021438,33.9766666666667,21.9790196078431,2417.415,0.860641855834374,64,442.25,49,68.1147058823529,2.02084967320261,3414.31,27.9778431372549,11.9976470588235,0,104,4.25240384615385,0,1.25141122607365,50
2012,2012-05-10,13.08,26.03,17.64,78.29,7.03,2.39,13.5963888888889,11.835,1.14882880345491,8.39,21.835,2.61745764318041,2.04920758884594,0.568250054334466,33.9766666666667,21.9790196078431,2417.415,0.860641855834374,64,442.25,49,68.1147058823529,2.02084967320261,3414.31,27.9778431372549,11.9976470588235,0,104,4.25240384615385,0,1.25141122607365,50
2012,2012-05-11,15.7,27.38,19.77,86.99,18.69,1.91,13.6188888888889,13.575,1.00323306732147,7.61,23.575,2.90864132065673,2.53022708483929,0.37841423581744,33.9766666666667,21.9790196078431,2417.415,0.860641855834374,64,442.25,49,68.1147058823529,2.02084967320261,3414.31,27.9778431372549,11.9976470588235,0,104,4.25240384615385,0,1.25141122607365,50
2012,2012-05-12,2.49,26.66,17.21,79.82,20.4,1.95,13.6416666666667,11.935,1.14299678815808,9.45,21.935,2.63347443099772,2.10203929082238,0.531435140175341,33.9766666666667,21.9790196078431,2417.415,0.860641855834374,64,442.25,49,68.1147058823529,2.02084967320261,3414.31,27.9778431372549,11.9976470588235,0,104,4.25240384615385,0,1.25141122607365,50
2012,2012-05-13,0.01,27.35,15.71,75.23,24.52,1.97,13.6638888888889,11.53,1.18507275705888,11.64,21.53,2.56913079728823,1.93275709879994,0.636373698488294,33.9766666666667,21.9790196078431,2417.415,0.860641855834374,64,442.25,49,68.1147058823529,2.02084967320261,3414.31,27.9778431372549,11.9976470588235,0,104,4.25240384615385,0,1.25141122607365,50
2012,2012-05-14,2.16,28.6,17.75,66.43,20.58,0.71,13.6855555555556,13.175,1.03875184482395,10.85,23.175,2.83931250648825,1.88615529806015,0.953157208428105,33.9766666666667,21.9790196078431,2417.415,0.860641855834374,64,442.25,49,68.1147058823529,2.02084967320261,3414.31,27.9778431372549,11.9976470588235,0,104,4.25240384615385,0,1.25141122607365,50
2012,2012-05-15,9.4,20.89,17.6,89.61,8.75,1.08,13.7069444444444,9.245,1.48263325521303,3.29,19.245,2.23120540449198,1.99938316296526,0.231822241526716,33.9766666666667,21.9790196078431,2417.415,0.860641855834374,64,442.25,49,68.1147058823529,2.02084967320261,3414.31,27.9778431372549,11.9976470588235,0,104,4.25240384615385,0,1.25141122607365,50
2012,2012-05-16,0,28.3,14.69,68.36,26.96,1.13,13.7277777777778,11.495,1.19423904112899,13.61,21.495,2.56363527547002,1.75250107431131,0.811134201158715,33.9766666666667,21.9790196078431,2417.415,0.860641855834374,64,442.25,49,68.1147058823529,2.02084967320261,3414.31,27.9778431372549,11.9976470588235,0,104,4.25240384615385,0,1.25141122607365,50
2012,2012-05-17,0,31.29,15.93,62.25,27.91,0.96,13.7486111111111,12.965,1.0604405022068,15.36,23.61,2.91477728442505,1.81444885955459,1.10032842487046,33.9766666666667,21.9790196078431,2417.415,0.860641855834374,64,442.25,49,68.1147058823529,2.02084967320261,3414.31,27.9778431372549,11.9976470588235,0,104,4.25240384615385,0,1.25141122607365,50
2012,2012-05-18,0,31.04,16.54,69.89,28.96,2.36,13.7686111111111,13.27,1.03757431131207,14.5,23.79,2.94651243528067,2.05931754101766,0.887194894263009,33.9766666666667,21.9790196078431,2417.415,0.860641855834374,64,442.25,49,68.1147058823529,2.02084967320261,3414.31,27.9778431372549,11.9976470588235,0,104,4.25240384615385,0,1.25141122607365,50
2012,2012-05-19,0,31.94,18.01,70.37,27.23,2.76,13.7883333333333,14.005,0.984529334761395,13.93,24.975,3.16306353658504,2.22584781069489,0.937215725890148,33.9766666666667,21.9790196078431,2417.415,0.860641855834374,64,442.25,49,68.1147058823529,2.02084967320261,3414.31,27.9778431372549,11.9976470588235,0,104,4.25240384615385,0,1.25141122607365,50
2012,2012-05-20,0,32.37,16.78,67.13,27.19,1.23,13.8072222222222,13.39,1.0311592398971,15.59,24.575,3.08846424797692,2.0732860496669,1.01517819831001,33.9766666666667,21.9790196078431,2417.415,0.860641855834374,64,442.25,49,68.1147058823529,2.02084967320261,3414.31,27.9778431372549,11.9976470588235,0,104,4.25240384615385,0,1.25141122607365,50
2012,2012-05-21,0.13,32.9,18.95,61.76,26.48,1.14,13.8261111111111,14.475,0.955171752062944,13.95,25.925,3.34656554560376,2.06683888096488,1.27972666463888,33.9766666666667,21.9790196078431,2417.415,0.860641855834374,64,442.25,49,68.1147058823529,2.02084967320261,3414.31,27.9778431372549,11.9976470588235,0,104,4.25240384615385,0,1.25141122607365,50
2012,2012-05-22,0.32,33.64,20.53,59.99,27.97,1.26,13.8441666666667,15.265,0.90692215307348,13.11,27.085,3.58315817574709,2.14953658963068,1.43362158611641,33.9766666666667,21.9790196078431,2417.415,0.860641855834374,64,442.25,49,68.1147058823529,2.02084967320261,3414.31,27.9778431372549,11.9976470588235,0,104,4.25240384615385,0,1.25141122607365,50
2012,2012-05-23,0,33.6,19.04,66.58,28.53,3.51,13.8619444444444,14.52,0.954679369452097,14.56,26.32,3.42555271017048,2.28073299443151,1.14481971573898,33.9766666666667,21.9790196078431,2417.415,0.860641855834374,64,442.25,49,68.1147058823529,2.02084967320261,3414.31,27.9778431372549,11.9976470588235,0,104,4.25240384615385,0,1.25141122607365,50
2012,2012-05-24,0,34.87,22.87,65.93,26.94,4.6,13.8791666666667,16.435,0.844488388601562,12,28.87,3.97568265777723,2.62116757627253,1.3545150815047,33.9766666666667,21.9790196078431,2417.415,0.860641855834374,64,442.25,49,68.1147058823529,2.02084967320261,3414.31,27.9778431372549,11.9976470588235,0,104,4.25240384615385,0,1.25141122607365,50
2012,2012-05-25,0,35.06,23.45,68.16,25.11,4.06,13.8958333333333,16.725,0.830842052815147,11.61,29.255,4.06508616370038,2.77076272917818,1.2943234345222,33.9766666666667,21.9790196078431,2417.415,0.860641855834374,64,442.25,49,68.1147058823529,2.02084967320261,3414.31,27.9778431372549,11.9976470588235,0,104,4.25240384615385,0,1.25141122607365,50
2012,2012-05-26,0,35.03,22.49,67.1,24.28,3.04,13.9119444444444,16.245,0.856383160630621,12.54,28.76,3.95045515708757,2.65075541040576,1.29969974668181,33.9766666666667,21.9790196078431,2417.415,0.860641855834374,64,442.25,49,68.1147058823529,2.02084967320261,3414.31,27.9778431372549,11.9976470588235,0,104,4.25240384615385,0,1.25141122607365,50
2012,2012-05-27,0,35.07,20.62,63.98,27.53,2.79,13.9277777777778,15.31,0.909717686334277,14.45,27.845,3.74595020104865,2.39665893863092,1.34929126241772,33.9766666666667,21.9790196078431,2417.415,0.860641855834374,64,442.25,49,68.1147058823529,2.02084967320261,3414.31,27.9778431372549,11.9976470588235,0,104,4.25240384615385,0,1.25141122607365,50
2012,2012-05-28,0,35.51,20.6,64.43,26.57,2.32,13.9430555555556,15.3,0.911310820624546,14.91,28.055,3.79205217412294,2.44321921578741,1.34883295833553,33.9766666666667,21.9790196078431,2417.415,0.860641855834374,64,442.25,49,68.1147058823529,2.02084967320261,3414.31,27.9778431372549,11.9976470588235,0,104,4.25240384615385,0,1.25141122607365,50
2012,2012-05-29,0,36.68,21.42,63.84,26.38,1.99,13.9575,15.71,0.888446849140675,15.26,29.05,4.01726643236304,2.56462289042056,1.45264354194248,33.9766666666667,21.9790196078431,2417.415,0.860641855834374,64,442.25,49,68.1147058823529,2.02084967320261,3414.31,27.9778431372549,11.9976470588235,0,104,4.25240384615385,0,1.25141122607365,50
2012,2012-05-30,0.01,35.83,21.91,63.8,25.19,2.61,13.9716666666667,15.955,0.875692050558863,13.92,28.87,3.97568265777723,2.53648553566187,1.43919712211536,33.9766666666667,21.9790196078431,2417.415,0.860641855834374,64,442.25,49,68.1147058823529,2.02084967320261,3414.31,27.9778431372549,11.9976470588235,0,104,4.25240384615385,0,1.25141122607365,50
2012,2012-05-31,5.66,33.91,22.34,71.3,17.92,2.28,13.9852777777778,16.17,0.864890400604686,11.57,28.125,3.80752886359258,2.71476807974151,1.09276078385107,33.9766666666667,21.9790196078431,2417.415,0.860641855834374,64,442.25,49,68.1147058823529,2.02084967320261,3414.31,27.9778431372549,11.9976470588235,0,104,4.25240384615385,0,1.25141122607365,50
2012,2012-06-01,0,35.58,18.31,51.34,30.06,1.32,13.9980555555556,14.155,0.988912437693787,17.27,26.945,3.55385205032822,1.82454764263851,1.72930440768971,33.9766666666667,21.9790196078431,2417.415,0.860641855834374,64,442.25,49,68.1147058823529,2.02084967320261,3414.31,27.9778431372549,11.9976470588235,0,104,4.25240384615385,0,1.25141122607365,50
2012,2012-06-02,0,36.89,20.49,59.14,28.74,2.55,14.01,15.245,0.918989832732043,16.4,28.69,3.93447391904221,2.32684787572156,1.60762604332065,33.9766666666667,21.9790196078431,2417.415,0.860641855834374,64,442.25,49,68.1147058823529,2.02084967320261,3414.31,27.9778431372549,11.9976470588235,0,104,4.25240384615385,0,1.25141122607365,50
2012,2012-06-03,0,36.39,22.68,64.45,23.49,3.21,14.0219444444444,16.34,0.858136134910921,13.71,29.535,4.13120058611552,2.66255877775145,1.46864180836407,33.9766666666667,21.9790196078431,2417.415,0.860641855834374,64,442.25,49,68.1147058823529,2.02084967320261,3414.31,27.9778431372549,11.9976470588235,0,104,4.25240384615385,0,1.25141122607365,50
2012,2012-06-04,0,36.7,23.54,62.43,22.25,2.19,14.0327777777778,16.77,0.83677863910422,13.16,30.12,4.27235732445155,2.6672326776551,1.60512464679645,33.9766666666667,21.9790196078431,2417.415,0.860641855834374,64,442.25,49,68.1147058823529,2.02084967320261,3414.31,27.9778431372549,11.9976470588235,0,104,4.25240384615385,0,1.25141122607365,50
2012,2012-06-05,0,36.8,23.11,61.31,25.94,1.16,14.0433333333333,16.555,0.84828349944629,13.69,29.955,4.23212556990129,2.59471618690648,1.63740938299481,33.9766666666667,21.9790196078431,2417.415,0.860641855834374,64,442.25,49,68.1147058823529,2.02084967320261,3414.31,27.9778431372549,11.9976470588235,0,104,4.25240384615385,0,1.25141122607365,50
2012,2012-06-06,6.05,36.19,23.99,63.18,25.21,1.45,14.0530555555556,16.995,0.826893530777026,12.2,30.09,4.26501782322047,2.69463826071069,1.57037956250978,33.9766666666667,21.9790196078431,2417.415,0.860641855834374,64,442.25,49,68.1147058823529,2.02084967320261,3414.31,27.9778431372549,11.9976470588235,0,104,4.25240384615385,0,1.25141122607365,50
2012,2012-06-07,21.24,31.69,21.55,73.02,18.97,1.72,14.0625,15.775,0.891442155309033,10.14,26.62,3.48662359077227,2.54593254598191,0.940691044790359,33.9766666666667,21.9790196078431,2417.415,0.860641855834374,64,442.25,49,68.1147058823529,2.02084967320261,3414.31,27.9778431372549,11.9976470588235,0,104,4.25240384615385,0,1.25141122607365,50
2012,2012-06-08,9.28,26.36,20.36,83.21,19.72,1.79,14.0708333333333,13.36,1.05320608782435,6,23.36,2.87119568545959,2.38912192987093,0.482073755588666,33.9766666666667,21.9790196078431,2417.415,0.860641855834374,64,442.25,49,68.1147058823529,2.02084967320261,3414.31,27.9778431372549,11.9976470588235,0,104,4.25240384615385,0,1.25141122607365,50
2012,2012-06-09,0.4,34.48,21.08,69.92,27.71,1.53,14.0791666666667,15.54,0.905995280995281,13.4,27.78,3.73177979506803,2.60926043271157,1.12251936235646,33.9766666666667,21.9790196078431,2417.415,0.860641855834374,64,442.25,49,68.1147058823529,2.02084967320261,3414.31,27.9778431372549,11.9976470588235,0,104,4.25240384615385,0,1.25141122607365,50
2012,2012-06-10,0,35.86,20.84,67.4,26.87,2.52,14.0861111111111,15.42,0.913496181005909,15.02,28.35,3.85764839072626,2.6000550153495,1.25759337537676,33.9766666666667,21.9790196078431,2417.415,0.860641855834374,64,442.25,49,68.1147058823529,2.02084967320261,3414.31,27.9778431372549,11.9976470588235,0,104,4.25240384615385,0,1.25141122607365,50
2012,2012-06-11,0,37.73,24.31,67.88,26.47,3.3,14.0930555555556,17.155,0.821513002364066,13.42,31.02,4.49771013714873,3.05304564109656,1.44466449605217,33.9766666666667,21.9790196078431,2417.415,0.860641855834374,64,442.25,49,68.1147058823529,2.02084967320261,3414.31,27.9778431372549,11.9976470588235,0,104,4.25240384615385,0,1.25141122607365,50
2012,2012-06-12,19.64,33.61,23.87,75.27,17.4,1.78,14.0988888888889,16.935,0.832529606666011,9.74,28.74,3.94588333566479,2.97006638675489,0.975816948909902,33.9766666666667,21.9790196078431,2417.415,0.860641855834374,64,442.25,49,68.1147058823529,2.02084967320261,3414.31,27.9778431372549,11.9976470588235,0,104,4.25240384615385,0,1.25141122607365,50
2012,2012-06-13,1.5,34.56,22.26,72.04,23.49,1.67,14.1041666666667,16.13,0.874405868981194,12.3,28.41,3.87111018387551,2.78874777646392,1.08236240741159,33.9766666666667,21.9790196078431,2417.415,0.860641855834374,64,442.25,49,68.1147058823529,2.02084967320261,3414.31,27.9778431372549,11.9976470588235,0,104,4.25240384615385,0,1.25141122607365,50
2012,2012-06-14,0.05,35.12,24.15,67.95,26.12,2.55,14.1088888888889,17.075,0.826289246787051,10.97,29.635,4.15503848788827,2.82334865252008,1.33168983536819,33.9766666666667,21.9790196078431,2417.415,0.860641855834374,64,442.25,49,68.1147058823529,2.02084967320261,3414.31,27.9778431372549,11.9976470588235,0,104,4.25240384615385,0,1.25141122607365,50
2012,2012-06-15,0.16,34.35,23.56,66.92,25.06,2.38,14.1127777777778,16.78,0.841047543371739,10.79,28.955,3.99527253085913,2.67363637765093,1.3216361532082,33.9766666666667,21.9790196078431,2417.415,0.860641855834374,64,442.25,49,68.1147058823529,2.02084967320261,3414.31,27.9778431372549,11.9976470588235,0,104,4.25240384615385,0,1.25141122607365,50
2012,2012-06-16,3.85,33.68,22.85,71.65,25.7,1.85,14.1161111111111,16.425,0.859428378149839,10.83,28.265,3.83864727033906,2.75039076919794,1.08825650114112,33.9766666666667,21.9790196078431,2417.415,0.860641855834374,64,442.25,49,68.1147058823529,2.02084967320261,3414.31,27.9778431372549,11.9976470588235,0,104,4.25240384615385,0,1.25141122607365,50
2012,2012-06-17,0.13,34.6,22.51,64.33,22.47,1.41,14.1186111111111,16.255,0.868570354420862,12.09,28.555,3.90381177073929,2.51132211211658,1.3924896586227,33.9766666666667,21.9790196078431,2417.415,0.860641855834374,64,442.25,49,68.1147058823529,2.02084967320261,3414.31,27.9778431372549,11.9976470588235,0,104,4.25240384615385,0,1.25141122607365,50
2012,2012-06-18,0.07,34.27,21.38,64.73,23.25,2.48,14.1208333333333,15.69,0.899989377522838,12.89,27.825,3.74158509513318,2.42192803207971,1.31965706305347,33.9766666666667,21.9790196078431,2417.415,0.860641855834374,64,442.25,49,68.1147058823529,2.02084967320261,3414.31,27.9778431372549,11.9976470588235,0,104,4.25240384615385,0,1.25141122607365,50
2012,2012-06-19,8.82,29.23,24.13,81.08,13.34,3.37,14.1222222222222,16.68,0.846656008526512,5.1,26.68,3.49895093953725,2.83694942177681,0.662001517760448,33.9766666666667,21.9790196078431,2417.415,0.860641855834374,64,442.25,49,68.1147058823529,2.02084967320261,3414.31,27.9778431372549,11.9976470588235,0,104,4.25240384615385,0,1.25141122607365,50
2012,2012-06-20,4.66,32.27,22.85,75.97,20.32,2.79,14.1227777777778,16.425,0.859834263487231,9.42,27.56,3.68416412577553,2.79885948635167,0.885304639423859,33.9766666666667,21.9790196078431,2417.415,0.860641855834374,64,442.25,49,68.1147058823529,2.02084967320261,3414.31,27.9778431372549,11.9976470588235,0,104,4.25240384615385,0,1.25141122607365,50
2012,2012-06-21,0,35.49,20.5,63.77,25.31,1.25,14.1227777777778,15.25,0.926083788706739,14.99,27.995,3.77883005580228,2.40975992658511,1.36907012921717,33.9766666666667,21.9790196078431,2417.415,0.860641855834374,64,442.25,49,68.1147058823529,2.02084967320261,3414.31,27.9778431372549,11.9976470588235,0,104,4.25240384615385,0,1.25141122607365,50
2012,2012-06-22,0.02,36.25,21.81,59.51,25.88,1.68,14.1219444444444,15.905,0.887893394809459,14.44,29.03,4.01262740386181,2.38791456803817,1.62471283582365,33.9766666666667,21.9790196078431,2417.415,0.860641855834374,64,442.25,49,68.1147058823529,2.02084967320261,3414.31,27.9778431372549,11.9976470588235,0,104,4.25240384615385,0,1.25141122607365,50
2012,2012-06-23,0.01,37.32,22.4,55.39,27.88,1.03,14.1202777777778,16.2,0.871622085048011,14.92,29.86,4.2091116054237,2.33142691824419,1.87768468717951,33.9766666666667,21.9790196078431,2417.415,0.860641855834374,64,442.25,49,68.1147058823529,2.02084967320261,3414.31,27.9778431372549,11.9976470588235,0,104,4.25240384615385,0,1.25141122607365,50
2012,2012-06-24,0,38.54,23.36,55.79,27.67,1.43,14.1186111111111,16.68,0.846439515054623,15.18,30.95,4.47981967229254,2.49929139517201,1.98052827712053,33.9766666666667,21.9790196078431,2417.415,0.860641855834374,64,442.25,49,68.1147058823529,2.02084967320261,3414.31,27.9778431372549,11.9976470588235,0,104,4.25240384615385,0,1.25141122607365,50
2012,2012-06-25,0,40.11,23.85,47.42,28.97,1.55,14.1158333333333,16.925,0.834022648941408,16.26,31.98,4.74940428417236,2.25216751155453,2.49723677261783,33.9766666666667,21.9790196078431,2417.415,0.860641855834374,64,442.25,49,68.1147058823529,2.02084967320261,3414.31,27.9778431372549,11.9976470588235,0,104,4.25240384615385,0,1.25141122607365,50
2012,2012-06-26,0.57,41.22,25.03,47.25,26.12,1.34,14.1122222222222,17.515,0.805722079487423,16.19,33.125,5.0655239526321,2.39346006761867,2.67206388501343,33.9766666666667,21.9790196078431,2417.415,0.860641855834374,64,442.25,49,68.1147058823529,2.02084967320261,3414.31,27.9778431372549,11.9976470588235,0,104,4.25240384615385,0,1.25141122607365,50
2012,2012-06-27,0.02,40.06,25.33,51.94,26.86,1.48,14.1080555555556,17.665,0.798644526213165,14.73,32.695,4.94472868164288,2.56829207724531,2.37643660439757,33.9766666666667,21.9790196078431,2417.415,0.860641855834374,64,442.25,49,68.1147058823529,2.02084967320261,3414.31,27.9778431372549,11.9976470588235,0,104,4.25240384615385,0,1.25141122607365,50
2012,2012-06-28,0.17,38.4,23.89,56.98,25.28,2.02,14.1033333333333,16.945,0.832300580308842,14.51,31.145,4.52981186833617,2.58108680257795,1.94872506575822,33.9766666666667,21.9790196078431,2417.415,0.860641855834374,64,442.25,49,68.1147058823529,2.02084967320261,3414.31,27.9778431372549,11.9976470588235,0,104,4.25240384615385,0,1.25141122607365,50
2012,2012-06-29,0.07,36.79,23.88,63.98,22.44,2.06,14.0980555555556,16.94,0.832234684507412,12.91,30.335,4.3252792142776,2.76731364129481,1.55796557298279,33.9766666666667,21.9790196078431,2417.415,0.860641855834374,64,442.25,49,68.1147058823529,2.02084967320261,3414.31,27.9778431372549,11.9976470588235,0,104,4.25240384615385,0,1.25141122607365,50
2012,2012-06-30,4.96,29.97,23.08,78.59,13.5,1.92,14.0919444444444,16.525,0.85276517061691,6.89,26.525,3.46718266728311,2.7248588582178,0.742323809065313,33.9766666666667,21.9790196078431,2417.415,0.860641855834374,64,442.25,49,68.1147058823529,2.02084967320261,3414.31,27.9778431372549,11.9976470588235,0,104,4.25240384615385,0,1.25141122607365,50
2012,2012-07-01,3.05,29.52,22.78,79.94,13.34,2.28,14.0852777777778,16.15,0.872153422772618,6.74,26.15,3.39136133103461,2.71105424802907,0.680307083005543,33.9766666666667,21.9790196078431,2417.415,0.860641855834374,64,442.25,49,68.1147058823529,2.02084967320261,3414.31,27.9778431372549,11.9976470588235,0,104,4.25240384615385,0,1.25141122607365,50
2012,2012-07-02,0.57,33.78,23.3,67.36,20.82,2.24,14.0777777777778,16.65,0.845512178845512,10.48,28.54,3.90041773677823,2.62732138749381,1.27309634928441,33.9766666666667,21.9790196078431,2417.415,0.860641855834374,64,442.25,49,68.1147058823529,2.02084967320261,3414.31,27.9778431372549,11.9976470588235,0,104,4.25240384615385,0,1.25141122607365,50
2012,2012-07-03,0.07,34.24,22.29,67.87,20.23,2.06,14.0697222222222,16.145,0.871460032345755,11.95,28.265,3.83864727033906,2.60528990237912,1.23335736795994,33.9766666666667,21.9790196078431,2417.415,0.860641855834374,64,442.25,49,68.1147058823529,2.02084967320261,3414.31,27.9778431372549,11.9976470588235,0,104,4.25240384615385,0,1.25141122607365,50
2012,2012-07-04,0.27,36.44,23.23,64.99,25.25,2.36,14.0611111111111,16.615,0.846290166181831,13.21,29.835,4.20307341781299,2.73157741423667,1.47149600357633,33.9766666666667,21.9790196078431,2417.415,0.860641855834374,64,442.25,49,68.1147058823529,2.02084967320261,3414.31,27.9778431372549,11.9976470588235,0,104,4.25240384615385,0,1.25141122607365,50
2012,2012-07-05,0.02,37.35,22.87,60.9,26.86,2.11,14.0519444444444,16.435,0.855001183111922,14.48,30.11,4.26990960478127,2.60037494931179,1.66953465546948,33.9766666666667,21.9790196078431,2417.415,0.860641855834374,64,442.25,49,68.1147058823529,2.02084967320261,3414.31,27.9778431372549,11.9976470588235,0,104,4.25240384615385,0,1.25141122607365,50
2012,2012-07-06,0.09,37.61,23.14,58.74,27.53,1.58,14.0422222222222,16.57,0.847448534835379,14.47,30.375,4.33518777267783,2.54648929767096,1.78869847500687,33.9766666666667,21.9790196078431,2417.415,0.860641855834374,64,442.25,49,68.1147058823529,2.02084967320261,3414.31,27.9778431372549,11.9976470588235,0,104,4.25240384615385,0,1.25141122607365,50
2012,2012-07-07,6.56,32.08,24.79,71.41,21.82,1.38,14.0316666666667,17.395,0.806649420331513,7.29,28.435,3.87673131973251,2.76837383542098,1.10835748431152,33.9766666666667,21.9790196078431,2417.415,0.860641855834374,64,442.25,49,68.1147058823529,2.02084967320261,3414.31,27.9778431372549,11.9976470588235,0,104,4.25240384615385,0,1.25141122607365,50
2012,2012-07-08,6.58,30.17,23.73,78.61,16.48,1.58,14.0205555555556,16.865,0.831340382778272,6.44,26.95,3.55489509131264,2.79450303128087,0.760392060031775,33.9766666666667,21.9790196078431,2417.415,0.860641855834374,64,442.25,49,68.1147058823529,2.02084967320261,3414.31,27.9778431372549,11.9976470588235,0,104,4.25240384615385,0,1.25141122607365,50
2012,2012-07-09,14.91,31.32,24.08,78.52,17.87,1.84,14.0086111111111,17.04,0.822101591027647,7.24,27.7,3.71440338093634,2.91654953471122,0.797853846225126,33.9766666666667,21.9790196078431,2417.415,0.860641855834374,64,442.25,49,68.1147058823529,2.02084967320261,3414.31,27.9778431372549,11.9976470588235,0,104,4.25240384615385,0,1.25141122607365,50
2012,2012-07-10,21.27,27.35,23.77,88.24,15.44,1.51,13.9963888888889,15.56,0.899510854041702,3.58,25.56,3.27499330134258,2.88985408910469,0.385139212237887,33.9766666666667,21.9790196078431,2417.415,0.860641855834374,64,442.25,49,68.1147058823529,2.02084967320261,3414.31,27.9778431372549,11.9976470588235,0,104,4.25240384615385,0,1.25141122607365,50
2012,2012-07-11,25.89,28.36,23.38,88.04,11.41,1.35,13.9836111111111,15.87,0.881134915633971,4.98,25.87,3.33569422693204,2.93674519739097,0.398949029541072,33.9766666666667,21.9790196078431,2417.415,0.860641855834374,64,442.25,49,68.1147058823529,2.02084967320261,3414.31,27.9778431372549,11.9976470588235,0,104,4.25240384615385,0,1.25141122607365,50
2012,2012-07-12,18.07,28.55,22.91,88.61,19.38,1.59,13.97,15.73,0.888111888111888,5.64,25.73,3.3081605574034,2.93136106991515,0.376799487488247,33.9766666666667,21.9790196078431,2417.415,0.860641855834374,64,442.25,49,68.1147058823529,2.02084967320261,3414.31,27.9778431372549,11.9976470588235,0,104,4.25240384615385,0,1.25141122607365,50
2012,2012-07-13,16.02,31.73,22.91,82.61,16.51,1.53,13.9561111111111,16.455,0.848138019514501,8.82,27.32,3.63282393229916,3.00107585047233,0.631748081826824,33.9766666666667,21.9790196078431,2417.415,0.860641855834374,64,442.25,49,68.1147058823529,2.02084967320261,3414.31,27.9778431372549,11.9976470588235,0,104,4.25240384615385,0,1.25141122607365,50
2012,2012-07-14,6.92,29.82,23.3,83.38,22.24,0.92,13.9416666666667,16.56,0.84188808373591,6.52,26.56,3.47433409647145,2.8968997696379,0.577434326833556,33.9766666666667,21.9790196078431,2417.415,0.860641855834374,64,442.25,49,68.1147058823529,2.02084967320261,3414.31,27.9778431372549,11.9976470588235,0,104,4.25240384615385,0,1.25141122607365,50
2012,2012-07-15,10.1,29.79,23.29,85.9,20.71,1.48,13.9263888888889,16.54,0.841982399570066,6.5,26.54,3.47024599355847,2.98094130846672,0.489304685091744,33.9766666666667,21.9790196078431,2417.415,0.860641855834374,64,442.25,49,68.1147058823529,2.02084967320261,3414.31,27.9778431372549,11.9976470588235,0,104,4.25240384615385,0,1.25141122607365,50
2012,2012-07-16,1.07,31.69,21.98,82.41,24.02,1.7,13.9108333333333,15.99,0.869970815092766,9.71,26.835,3.53097249266064,2.90987443120164,0.621098061459007,33.9766666666667,21.9790196078431,2417.415,0.860641855834374,64,442.25,49,68.1147058823529,2.02084967320261,3414.31,27.9778431372549,11.9976470588235,0,104,4.25240384615385,0,1.25141122607365,50
2012,2012-07-17,2.47,29.59,23.03,87.58,17.2,1.16,13.8944444444444,16.31,0.851897268206281,6.56,26.31,3.42353317024897,2.99833035050404,0.425202819744921,33.9766666666667,21.9790196078431,2417.415,0.860641855834374,64,442.25,49,68.1147058823529,2.02084967320261,3414.31,27.9778431372549,11.9976470588235,0,104,4.25240384615385,0,1.25141122607365,50
2012,2012-07-18,0.82,32.25,23.14,81.76,24.54,1.38,13.8780555555556,16.57,0.837541071548313,9.11,27.695,3.71331969800811,3.03601018509143,0.677309512916678,33.9766666666667,21.9790196078431,2417.415,0.860641855834374,64,442.25,49,68.1147058823529,2.02084967320261,3414.31,27.9778431372549,11.9976470588235,0,104,4.25240384615385,0,1.25141122607365,50
2012,2012-07-19,0.29,33.42,22.91,78.02,26.04,1.55,13.8608333333333,16.455,0.842347817279449,10.51,28.165,3.81639734916635,2.97755321181958,0.838844137346763,33.9766666666667,21.9790196078431,2417.415,0.860641855834374,64,442.25,49,68.1147058823529,2.02084967320261,3414.31,27.9778431372549,11.9976470588235,0,104,4.25240384615385,0,1.25141122607365,50
2012,2012-07-20,0.08,34.56,23.63,73.73,27.89,1.88,13.8430555555556,16.815,0.823256351802293,10.93,29.095,4.02772131027804,2.969638922068,1.05808238821004,33.9766666666667,21.9790196078431,2417.415,0.860641855834374,64,442.25,49,68.1147058823529,2.02084967320261,3414.31,27.9778431372549,11.9976470588235,0,104,4.25240384615385,0,1.25141122607365,50
2012,2012-07-21,1.27,35.79,23.47,69.76,27.67,2.51,13.8252777777778,16.735,0.826129535570826,12.32,29.63,4.15384375786434,2.89772140548616,1.25612235237818,33.9766666666667,21.9790196078431,2417.415,0.860641855834374,64,442.25,49,68.1147058823529,2.02084967320261,3414.31,27.9778431372549,11.9976470588235,0,104,4.25240384615385,0,1.25141122607365,50
2012,2012-07-22,0.17,33.02,23.3,73.3,20.15,2.14,13.8066666666667,16.65,0.829229229229229,9.72,28.16,3.8152878060929,2.79660596186609,1.0186818442268,33.9766666666667,21.9790196078431,2417.415,0.860641855834374,64,442.25,49,68.1147058823529,2.02084967320261,3414.31,27.9778431372549,11.9976470588235,0,104,4.25240384615385,0,1.25141122607365,50
2012,2012-07-23,0.66,30.16,23,80.36,22.14,1.63,13.7875,16.5,0.835606060606061,7.16,26.58,3.47842639456359,2.7952634506713,0.683162943892289,33.9766666666667,21.9790196078431,2417.415,0.860641855834374,64,442.25,49,68.1147058823529,2.02084967320261,3414.31,27.9778431372549,11.9976470588235,0,104,4.25240384615385,0,1.25141122607365,50
2012,2012-07-24,1.05,32.36,23.11,78.37,24.08,1.99,13.7677777777778,16.555,0.831638645592134,9.25,27.735,3.72199687446039,2.91692895051461,0.805067923945782,33.9766666666667,21.9790196078431,2417.415,0.860641855834374,64,442.25,49,68.1147058823529,2.02084967320261,3414.31,27.9778431372549,11.9976470588235,0,104,4.25240384615385,0,1.25141122607365,50
2012,2012-07-25,0.35,32.92,24.06,79.35,26.73,2.59,13.7480555555556,17.03,0.807284530566973,8.86,28.49,3.88912282981281,3.08601896545647,0.803103864356346,33.9766666666667,21.9790196078431,2417.415,0.860641855834374,64,442.25,49,68.1147058823529,2.02084967320261,3414.31,27.9778431372549,11.9976470588235,0,104,4.25240384615385,0,1.25141122607365,50
2012,2012-07-26,0.5,33.63,24.55,75.58,25.62,2.86,13.7277777777778,17.275,0.794661521144879,9.08,29.09,4.02655848943703,3.0432729063165,0.983285583120522,33.9766666666667,21.9790196078431,2417.415,0.860641855834374,64,442.25,49,68.1147058823529,2.02084967320261,3414.31,27.9778431372549,11.9976470588235,0,104,4.25240384615385,0,1.25141122607365,50
2012,2012-07-27,0.03,34.56,23.5,74.08,24.88,1.99,13.7069444444444,16.75,0.81832504145937,11.06,29.03,4.01262740386181,2.97255438078083,1.04007302308098,33.9766666666667,21.9790196078431,2417.415,0.860641855834374,64,442.25,49,68.1147058823529,2.02084967320261,3414.31,27.9778431372549,11.9976470588235,0,104,4.25240384615385,0,1.25141122607365,50
2012,2012-07-28,0,37.11,23.05,64.31,27.73,1.47,13.6858333333333,16.525,0.828189611699445,14.06,30.08,4.26257376031106,2.74126118525604,1.52131257505502,33.9766666666667,21.9790196078431,2417.415,0.860641855834374,64,442.25,49,68.1147058823529,2.02084967320261,3414.31,27.9778431372549,11.9976470588235,0,104,4.25240384615385,0,1.25141122607365,50
2012,2012-07-29,0.02,37.76,23.17,63.26,27.38,1.79,13.6641666666667,16.585,0.823887046527987,14.59,30.465,4.35755420936272,2.75658879284286,1.60096541651986,33.9766666666667,21.9790196078431,2417.415,0.860641855834374,64,442.25,49,68.1147058823529,2.02084967320261,3414.31,27.9778431372549,11.9976470588235,0,104,4.25240384615385,0,1.25141122607365,50
2012,2012-07-30,0,37.22,23,62.31,28.01,1.86,13.6422222222222,16.5,0.826801346801347,14.22,30.11,4.26990960478127,2.66058067473921,1.60932893004206,33.9766666666667,21.9790196078431,2417.415,0.860641855834374,64,442.25,49,68.1147058823529,2.02084967320261,3414.31,27.9778431372549,11.9976470588235,0,104,4.25240384615385,0,1.25141122607365,50
2012,2012-07-31,0,38.06,23.29,63.63,28.29,2.15,13.62,16.645,0.818263742865725,14.77,30.675,4.41013306517385,2.80616766937012,1.60396539580373,33.9766666666667,21.9790196078431,2417.415,0.860641855834374,64,442.25,49,68.1147058823529,2.02084967320261,3414.31,27.9778431372549,11.9976470588235,0,104,4.25240384615385,0,1.25141122607365,50
2012,2012-08-01,0,38.41,23.36,62.04,27.62,2.39,13.5972222222222,16.68,0.815181188382627,15.05,30.885,4.46326250838437,2.76900806020166,1.69425444818271,33.9766666666667,21.9790196078431,2417.415,0.860641855834374,64,442.25,49,68.1147058823529,2.02084967320261,3414.31,27.9778431372549,11.9976470588235,0,104,4.25240384615385,0,1.25141122607365,50
2012,2012-08-02,0,38.03,23.02,62.7,27.71,2.81,13.5741666666667,16.51,0.822178477690289,15.01,30.525,4.37252083719668,2.74157056492232,1.63095027227436,33.9766666666667,21.9790196078431,2417.415,0.860641855834374,64,442.25,49,68.1147058823529,2.02084967320261,3414.31,27.9778431372549,11.9976470588235,0,104,4.25240384615385,0,1.25141122607365,50
2012,2012-08-03,0,37.83,23.51,63.81,27.12,2.9,13.5508333333333,16.755,0.808763553168209,14.32,30.67,4.40887480817146,2.81330301509421,1.59557179307725,33.9766666666667,21.9790196078431,2417.415,0.860641855834374,64,442.25,49,68.1147058823529,2.02084967320261,3414.31,27.9778431372549,11.9976470588235,0,104,4.25240384615385,0,1.25141122607365,50
2012,2012-08-04,0,34.98,24.15,67.72,25.16,2.25,13.5269444444444,17.075,0.792207580933789,10.83,29.565,4.13833943464637,2.80248346514252,1.33585596950385,33.9766666666667,21.9790196078431,2417.415,0.860641855834374,64,442.25,49,68.1147058823529,2.02084967320261,3414.31,27.9778431372549,11.9976470588235,0,104,4.25240384615385,0,1.25141122607365,50
2012,2012-08-05,3.14,33.29,24.22,72.13,22.36,1.24,13.5033333333333,17.11,0.789207091369569,9.07,28.755,3.94931176983048,2.84863857957873,1.10067319025176,33.9766666666667,21.9790196078431,2417.415,0.860641855834374,64,442.25,49,68.1147058823529,2.02084967320261,3414.31,27.9778431372549,11.9976470588235,0,104,4.25240384615385,0,1.25141122607365,50
2012,2012-08-06,0.04,35.83,24.19,65.65,21.15,1.54,13.4788888888889,17.095,0.788469662994378,11.64,30.01,4.24549939269837,2.78717035130648,1.45832904139189,33.9766666666667,21.9790196078431,2417.415,0.860641855834374,64,442.25,49,68.1147058823529,2.02084967320261,3414.31,27.9778431372549,11.9976470588235,0,104,4.25240384615385,0,1.25141122607365,50
2012,2012-08-07,0.87,38.5,23.92,59.08,25.57,1.69,13.4541666666667,16.96,0.793288128930818,14.58,31.21,4.54658331615582,2.68612142318486,1.86046189297096,33.9766666666667,21.9790196078431,2417.415,0.860641855834374,64,442.25,49,68.1147058823529,2.02084967320261,3414.31,27.9778431372549,11.9976470588235,0,104,4.25240384615385,0,1.25141122607365,50
2012,2012-08-08,1.94,38.25,23.89,61.43,25.04,1.6,13.4291666666667,16.945,0.792514999508213,14.36,31.07,4.51052702521202,2.77081675158774,1.73971027362428,33.9766666666667,21.9790196078431,2417.415,0.860641855834374,64,442.25,49,68.1147058823529,2.02084967320261,3414.31,27.9778431372549,11.9976470588235,0,104,4.25240384615385,0,1.25141122607365,50
2012,2012-08-09,0.52,37.75,24.83,61.81,25.4,2,13.4041666666667,17.415,0.769690879510001,12.92,31.29,4.56729915095372,2.82304760520449,1.74425154574923,33.9766666666667,21.9790196078431,2417.415,0.860641855834374,64,442.25,49,68.1147058823529,2.02084967320261,3414.31,27.9778431372549,11.9976470588235,0,104,4.25240384615385,0,1.25141122607365,50
2012,2012-08-10,0.96,40.82,25.81,58.69,24.44,1.82,13.3786111111111,17.905,0.747199726953986,15.01,33.315,5.11970929966036,3.00475738797066,2.11495191168969,33.9766666666667,21.9790196078431,2417.415,0.860641855834374,64,442.25,49,68.1147058823529,2.02084967320261,3414.31,27.9778431372549,11.9976470588235,0,104,4.25240384615385,0,1.25141122607365,50
2012,2012-08-11,0.18,39.35,24.39,56.63,25.84,0.92,13.3527777777778,17.195,0.776550030693677,14.96,31.87,4.7199572669099,2.67291180025108,2.04704546665882,33.9766666666667,21.9790196078431,2417.415,0.860641855834374,64,442.25,49,68.1147058823529,2.02084967320261,3414.31,27.9778431372549,11.9976470588235,0,104,4.25240384615385,0,1.25141122607365,50
2012,2012-08-12,0.01,37.93,25.07,60.31,25.54,2.57,13.3266666666667,17.535,0.76000380191997,12.86,31.5,4.6220689030255,2.78756975541468,1.83449914761082,33.9766666666667,21.9790196078431,2417.415,0.860641855834374,64,442.25,49,68.1147058823529,2.02084967320261,3414.31,27.9778431372549,11.9976470588235,0,104,4.25240384615385,0,1.25141122607365,50
2012,2012-08-13,0,38.29,25.14,60.24,22.83,2.51,13.3005555555556,17.57,0.757003731107317,13.15,31.715,4.67873297745375,2.81846874561814,1.86026423183561,33.9766666666667,21.9790196078431,2417.415,0.860641855834374,64,442.25,49,68.1147058823529,2.02084967320261,3414.31,27.9778431372549,11.9976470588235,0,104,4.25240384615385,0,1.25141122607365,50
2012,2012-08-14,0,39.42,24.93,57.89,26.52,2.7,13.2738888888889,17.465,0.760027992492922,14.49,32.175,4.80199812230458,2.77987671300212,2.02212140930246,33.9766666666667,21.9790196078431,2417.415,0.860641855834374,64,442.25,49,68.1147058823529,2.02084967320261,3414.31,27.9778431372549,11.9976470588235,0,104,4.25240384615385,0,1.25141122607365,50
2012,2012-08-15,0.07,38.24,24.45,60.43,23.93,2.93,13.2472222222222,17.225,0.769069504918561,13.79,31.345,4.58158881849959,2.7686541230193,1.81293469548029,33.9766666666667,21.9790196078431,2417.415,0.860641855834374,64,442.25,49,68.1147058823529,2.02084967320261,3414.31,27.9778431372549,11.9976470588235,0,104,4.25240384615385,0,1.25141122607365,50
2012,2012-08-16,0.08,38.6,24.31,61.35,23.78,2.51,13.2205555555556,17.155,0.770653194727809,14.29,31.455,4.61028473375194,2.82840968415682,1.78187504959513,33.9766666666667,21.9790196078431,2417.415,0.860641855834374,64,442.25,49,68.1147058823529,2.02084967320261,3414.31,27.9778431372549,11.9976470588235,0,104,4.25240384615385,0,1.25141122607365,50
2012,2012-08-17,3.18,37.52,24.76,62.41,23.2,1.88,13.1933333333333,17.38,0.759110088224012,12.76,31.14,4.52852398669892,2.82625182009879,1.70227216660012,33.9766666666667,21.9790196078431,2417.415,0.860641855834374,64,442.25,49,68.1147058823529,2.02084967320261,3414.31,27.9778431372549,11.9976470588235,0,104,4.25240384615385,0,1.25141122607365,50
2012,2012-08-18,26.64,32.72,24.13,72.05,9.55,1.64,13.1661111111111,17.065,0.771527167366605,8.59,28.425,3.87448201351885,2.79156429074033,1.08291772277852,33.9766666666667,21.9790196078431,2417.415,0.860641855834374,64,442.25,49,68.1147058823529,2.02084967320261,3414.31,27.9778431372549,11.9976470588235,0,104,4.25240384615385,0,1.25141122607365,50
2012,2012-08-19,6.89,33.59,22.7,73.31,18,0.74,13.1386111111111,16.35,0.803584777437988,10.89,28.145,3.81196086142442,2.79454850751024,1.01741235391418,33.9766666666667,21.9790196078431,2417.415,0.860641855834374,64,442.25,49,68.1147058823529,2.02084967320261,3414.31,27.9778431372549,11.9976470588235,0,104,4.25240384615385,0,1.25141122607365,50
2012,2012-08-20,0.15,36.41,22.11,57.44,26.43,1.98,13.1108333333333,16.055,0.816619952247483,14.3,29.26,4.0662586577482,2.33565897301057,1.73059968473763,33.9766666666667,21.9790196078431,2417.415,0.860641855834374,64,442.25,49,68.1147058823529,2.02084967320261,3414.31,27.9778431372549,11.9976470588235,0,104,4.25240384615385,0,1.25141122607365,50
2012,2012-08-21,0.15,33.11,22.44,63.99,16.08,2.38,13.0827777777778,16.22,0.806583093574462,10.67,27.775,3.73069169951697,2.38726961852091,1.34342208099606,33.9766666666667,21.9790196078431,2417.415,0.860641855834374,64,442.25,49,68.1147058823529,2.02084967320261,3414.31,27.9778431372549,11.9976470588235,0,104,4.25240384615385,0,1.25141122607365,50
2012,2012-08-22,0.12,35.24,21.72,60.58,23.15,2.13,13.0547222222222,15.86,0.823122460417542,13.52,28.48,3.88686726748441,2.35466419064205,1.53220307684235,33.9766666666667,21.9790196078431,2417.415,0.860641855834374,64,442.25,49,68.1147058823529,2.02084967320261,3414.31,27.9778431372549,11.9976470588235,0,104,4.25240384615385,0,1.25141122607365,50
2012,2012-08-23,0.14,34.32,21.58,70.55,22.54,1.86,13.0266666666667,15.79,0.824994722398142,12.74,27.95,3.76893982245261,2.65898704474032,1.10995277771229,33.9766666666667,21.9790196078431,2417.415,0.860641855834374,64,442.25,49,68.1147058823529,2.02084967320261,3414.31,27.9778431372549,11.9976470588235,0,104,4.25240384615385,0,1.25141122607365,50
2012,2012-08-24,0.61,34.68,24.26,69.38,22.16,2.01,12.9983333333333,17.13,0.758805215022378,10.42,29.47,4.11576981665184,2.85552109879305,1.26024871785879,33.9766666666667,21.9790196078431,2417.415,0.860641855834374,64,442.25,49,68.1147058823529,2.02084967320261,3414.31,27.9778431372549,11.9976470588235,0,104,4.25240384615385,0,1.25141122607365,50
2012,2012-08-25,1.35,34.28,24.84,71.67,21.22,3.3,12.9697222222222,17.42,0.744530552366373,9.44,29.56,4.13714888198301,2.96509460371722,1.17205427826579,33.9766666666667,21.9790196078431,2417.415,0.860641855834374,64,442.25,49,68.1147058823529,2.02084967320261,3414.31,27.9778431372549,11.9976470588235,0,104,4.25240384615385,0,1.25141122607365,50
2012,2012-08-26,2.32,33.36,24.21,72.2,21.54,2.06,12.9408333333333,17.105,0.756552664912793,9.15,28.785,3.95617641512814,2.85635937172251,1.09981704340562,33.9766666666667,21.9790196078431,2417.415,0.860641855834374,64,442.25,49,68.1147058823529,2.02084967320261,3414.31,27.9778431372549,11.9976470588235,0,104,4.25240384615385,0,1.25141122607365,50
2012,2012-08-27,0.69,34.72,23.82,67.29,20.48,1.27,12.9119444444444,16.91,0.763568565608779,10.9,29.27,4.06860452844125,2.73776398718812,1.33084054125313,33.9766666666667,21.9790196078431,2417.415,0.860641855834374,64,442.25,49,68.1147058823529,2.02084967320261,3414.31,27.9778431372549,11.9976470588235,0,104,4.25240384615385,0,1.25141122607365,50
2012,2012-08-28,0.1,38.01,24.62,58.96,21.79,2.23,12.8833333333333,17.31,0.744271134219141,13.39,31.315,4.57378964630872,2.69670637546362,1.8770832708451,33.9766666666667,21.9790196078431,2417.415,0.860641855834374,64,442.25,49,68.1147058823529,2.02084967320261,3414.31,27.9778431372549,11.9976470588235,0,104,4.25240384615385,0,1.25141122607365,50
2012,2012-08-29,0,37.29,24.26,51.22,24.36,3.64,12.8538888888889,17.13,0.750372964908867,13.03,30.775,4.43536383739025,2.27179335751129,2.16357047987896,33.9766666666667,21.9790196078431,2417.415,0.860641855834374,64,442.25,49,68.1147058823529,2.02084967320261,3414.31,27.9778431372549,11.9976470588235,0,104,4.25240384615385,0,1.25141122607365,50
2012,2012-08-30,0.06,38.5,23.65,51.71,24.49,2.99,12.8247222222222,16.825,0.762242034010236,14.85,31.075,4.51181045798765,2.33305718782541,2.17875327016224,33.9766666666667,21.9790196078431,2417.415,0.860641855834374,64,442.25,49,68.1147058823529,2.02084967320261,3414.31,27.9778431372549,11.9976470588235,0,104,4.25240384615385,0,1.25141122607365,50
2012,2012-08-31,0.86,38.51,25.49,61.38,21.45,2.88,12.7952777777778,17.745,0.721063836448452,13.02,32,4.75477539626181,2.9184811382255,1.83629425803631,33.9766666666667,21.9790196078431,2417.415,0.860641855834374,64,442.25,49,68.1147058823529,2.02084967320261,3414.31,27.9778431372549,11.9976470588235,0,104,4.25240384615385,0,1.25141122607365,50
2012,2012-09-01,1.52,33.78,25.16,74.65,20.64,2.84,12.7658333333333,17.58,0.726156617368222,8.62,29.47,4.11576981665184,3.0724221681306,1.04334764852124,33.9766666666667,21.9790196078431,2417.415,0.860641855834374,64,442.25,49,68.1147058823529,2.02084967320261,3414.31,27.9778431372549,11.9976470588235,0,104,4.25240384615385,0,1.25141122607365,50
2012,2012-09-02,0.2,38.23,24.44,63.16,24.39,2.66,12.7366666666667,17.22,0.739643825009679,13.79,31.335,4.57898781148739,2.89208870173544,1.68689910975196,33.9766666666667,21.9790196078431,2417.415,0.860641855834374,64,442.25,49,68.1147058823529,2.02084967320261,3414.31,27.9778431372549,11.9976470588235,0,104,4.25240384615385,0,1.25141122607365,50
2012,2012-09-03,0,38.92,23.99,60.73,24.88,2.57,12.7066666666667,16.995,0.747670883593214,14.93,31.455,4.61028473375194,2.79982591880755,1.81045881494439,33.9766666666667,21.9790196078431,2417.415,0.860641855834374,64,442.25,49,68.1147058823529,2.02084967320261,3414.31,27.9778431372549,11.9976470588235,0,104,4.25240384615385,0,1.25141122607365,50
2012,2012-09-04,0,39.36,23.82,59.14,24.95,2.49,12.6772222222222,16.91,0.749687890137328,15.54,31.59,4.64571577317712,2.74747630825695,1.89823946492017,33.9766666666667,21.9790196078431,2417.415,0.860641855834374,64,442.25,49,68.1147058823529,2.02084967320261,3414.31,27.9778431372549,11.9976470588235,0,104,4.25240384615385,0,1.25141122607365,50
2012,2012-09-05,0,39.24,22.85,58.85,25.16,2.28,12.6475,16.425,0.770015220700152,16.39,31.045,4.50411461925617,2.65067145343225,1.85344316582391,33.9766666666667,21.9790196078431,2417.415,0.860641855834374,64,442.25,49,68.1147058823529,2.02084967320261,3414.31,27.9778431372549,11.9976470588235,0,104,4.25240384615385,0,1.25141122607365,50
2012,2012-09-06,0,39.41,23.03,56.6,24.24,1.71,12.6172222222222,16.515,0.763985602314394,16.38,31.22,4.5491683221749,2.57482927035099,1.9743390518239,33.9766666666667,21.9790196078431,2417.415,0.860641855834374,64,442.25,49,68.1147058823529,2.02084967320261,3414.31,27.9778431372549,11.9976470588235,0,104,4.25240384615385,0,1.25141122607365,50
2012,2012-09-07,0,39.71,23.5,53.93,24.2,1.82,12.5872222222222,16.75,0.751475953565506,16.21,31.605,4.6496671192476,2.50756547741023,2.14210164183737,33.9766666666667,21.9790196078431,2417.415,0.860641855834374,64,442.25,49,68.1147058823529,2.02084967320261,3414.31,27.9778431372549,11.9976470588235,0,104,4.25240384615385,0,1.25141122607365,50
2012,2012-09-08,0,34.47,21.69,50.96,21.43,3.1,12.5572222222222,15.845,0.792503769152554,12.78,28.08,3.79757326493249,1.9352433358096,1.86232992912289,33.9766666666667,21.9790196078431,2417.415,0.860641855834374,64,442.25,49,68.1147058823529,2.02084967320261,3414.31,27.9778431372549,11.9976470588235,0,104,4.25240384615385,0,1.25141122607365,50
2012,2012-09-09,0,34.27,17.33,32.61,25.96,1.72,12.5272222222222,13.665,0.916737813554499,16.94,25.8,3.32190252834834,1.08327241449439,2.23863011385394,33.9766666666667,21.9790196078431,2417.415,0.860641855834374,64,442.25,49,68.1147058823529,2.02084967320261,3414.31,27.9778431372549,11.9976470588235,0,104,4.25240384615385,0,1.25141122607365,50
2012,2012-09-10,0,35.49,18.38,41.62,25.44,1.95,12.4969444444444,14.19,0.880686712082061,17.11,26.935,3.55176676804972,1.47824532886229,2.07352143918742,33.9766666666667,21.9790196078431,2417.415,0.860641855834374,64,442.25,49,68.1147058823529,2.02084967320261,3414.31,27.9778431372549,11.9976470588235,0,104,4.25240384615385,0,1.25141122607365,50
2012,2012-09-11,0,35.46,18.62,52.72,25.12,2.1,12.4666666666667,14.31,0.871185651059865,16.84,27.04,3.57371548003194,1.88406280107284,1.6896526789591,33.9766666666667,21.9790196078431,2417.415,0.860641855834374,64,442.25,49,68.1147058823529,2.02084967320261,3414.31,27.9778431372549,11.9976470588235,0,104,4.25240384615385,0,1.25141122607365,50
2012,2012-09-12,0.42,36.27,21.88,61.15,21.83,2.04,12.4363888888889,15.94,0.780200055764673,14.39,29.075,4.02307177913865,2.46010839294328,1.56296338619536,33.9766666666667,21.9790196078431,2417.415,0.860641855834374,64,442.25,49,68.1147058823529,2.02084967320261,3414.31,27.9778431372549,11.9976470588235,0,104,4.25240384615385,0,1.25141122607365,50
2012,2012-09-13,17.41,31.29,24.06,79.94,9.68,1.43,12.4061111111111,17.03,0.728485678867358,7.23,27.675,3.70898771859572,2.96496478224542,0.744022936350302,33.9766666666667,21.9790196078431,2417.415,0.860641855834374,64,442.25,49,68.1147058823529,2.02084967320261,3414.31,27.9778431372549,11.9976470588235,0,104,4.25240384615385,0,1.25141122607365,50
2012,2012-09-14,12.25,30.51,20.82,79.99,10.32,1.76,12.3755555555556,15.41,0.803086019179465,9.69,25.665,3.29544455032507,2.63602609580503,0.659418454520047,33.9766666666667,21.9790196078431,2417.415,0.860641855834374,64,442.25,49,68.1147058823529,2.02084967320261,3414.31,27.9778431372549,11.9976470588235,0,104,4.25240384615385,0,1.25141122607365,50
2012,2012-09-15,2.62,31.75,19.17,73.65,16.43,1.69,12.3452777777778,14.585,0.846436597722165,12.58,25.46,3.25561887096929,2.39776329846888,0.857855572500408,33.9766666666667,21.9790196078431,2417.415,0.860641855834374,64,442.25,49,68.1147058823529,2.02084967320261,3414.31,27.9778431372549,11.9976470588235,0,104,4.25240384615385,0,1.25141122607365,50
2012,2012-09-16,17.66,25.21,20.22,85.96,8.25,1.87,12.3144444444444,12.715,0.968497400270896,4.99,22.715,2.76137141420911,2.37367486765415,0.38769654655496,33.9766666666667,21.9790196078431,2417.415,0.860641855834374,64,442.25,49,68.1147058823529,2.02084967320261,3414.31,27.9778431372549,11.9976470588235,0,104,4.25240384615385,0,1.25141122607365,50
2012,2012-09-17,2.31,29.18,19.69,75.92,14.19,1.68,12.2841666666667,14.435,0.850998729938806,9.49,24.435,3.06271951218262,2.32521665364904,0.737502858533575,33.9766666666667,21.9790196078431,2417.415,0.860641855834374,64,442.25,49,68.1147058823529,2.02084967320261,3414.31,27.9778431372549,11.9976470588235,0,104,4.25240384615385,0,1.25141122607365,50
2012,2012-09-18,0.1,30.6,18.79,67.73,18.52,1.63,12.2536111111111,14.395,0.851240785766663,11.81,24.695,3.11068118830732,2.10686436884055,1.00381681946677,33.9766666666667,21.9790196078431,2417.415,0.860641855834374,64,442.25,49,68.1147058823529,2.02084967320261,3414.31,27.9778431372549,11.9976470588235,0,104,4.25240384615385,0,1.25141122607365,50
2012,2012-09-19,0.01,31.34,17.92,59.32,23.36,1.77,12.2230555555556,13.96,0.875577045526902,13.42,24.63,3.09862977294306,1.83810718130982,1.26052259163324,33.9766666666667,21.9790196078431,2417.415,0.860641855834374,64,442.25,49,68.1147058823529,2.02084967320261,3414.31,27.9778431372549,11.9976470588235,0,104,4.25240384615385,0,1.25141122607365,50
2012,2012-09-20,0,33.04,14.71,54.94,23.69,0.94,12.1925,12.355,0.986847430190206,18.33,23.875,2.96160298953762,1.62710468245197,1.33449830708565,33.9766666666667,21.9790196078431,2417.415,0.860641855834374,64,442.25,49,68.1147058823529,2.02084967320261,3414.31,27.9778431372549,11.9976470588235,0,104,4.25240384615385,0,1.25141122607365,50
2012,2012-09-21,0,33.6,16.06,57.77,23.03,1.1,12.1619444444444,13.03,0.933380233648845,17.54,24.83,3.13584173697752,1.81157577145191,1.32426596552561,33.9766666666667,21.9790196078431,2417.415,0.860641855834374,64,442.25,49,68.1147058823529,2.02084967320261,3414.31,27.9778431372549,11.9976470588235,0,104,4.25240384615385,0,1.25141122607365,50
2012,2012-09-22,0,34.74,18.03,64.48,22.13,1.01,12.1313888888889,14.015,0.8656003488326,16.71,26.385,3.43870504047685,2.21727701009947,1.22142803037738,33.9766666666667,21.9790196078431,2417.415,0.860641855834374,64,442.25,49,68.1147058823529,2.02084967320261,3414.31,27.9778431372549,11.9976470588235,0,104,4.25240384615385,0,1.25141122607365,50
2012,2012-09-23,0.06,35.52,19.85,65.18,21.71,1.12,12.1005555555556,14.925,0.810757491159501,15.67,27.685,3.71115315795934,2.4189296283579,1.29222352960144,33.9766666666667,21.9790196078431,2417.415,0.860641855834374,64,442.25,49,68.1147058823529,2.02084967320261,3414.31,27.9778431372549,11.9976470588235,0,104,4.25240384615385,0,1.25141122607365,50
2012,2012-09-24,0,34.98,19.41,65.96,21.28,2.11,12.07,14.705,0.820809248554913,15.57,27.195,3.60633185913745,2.37873649428706,1.22759536485039,33.9766666666667,21.9790196078431,2417.415,0.860641855834374,64,442.25,49,68.1147058823529,2.02084967320261,3414.31,27.9778431372549,11.9976470588235,0,104,4.25240384615385,0,1.25141122607365,50
2012,2012-09-25,0,35.09,20.72,67.71,21.15,3.08,12.0391666666667,15.36,0.783799913194444,14.37,27.905,3.75907213137255,2.54526774015235,1.2138043912202,33.9766666666667,21.9790196078431,2417.415,0.860641855834374,64,442.25,49,68.1147058823529,2.02084967320261,3414.31,27.9778431372549,11.9976470588235,0,104,4.25240384615385,0,1.25141122607365,50
2012,2012-09-26,0.13,34.55,21.49,66.64,18.52,2.39,12.0086111111111,15.745,0.762693624078191,13.06,28.02,3.7843343862905,2.52188043502399,1.26245395126651,33.9766666666667,21.9790196078431,2417.415,0.860641855834374,64,442.25,49,68.1147058823529,2.02084967320261,3414.31,27.9778431372549,11.9976470588235,0,104,4.25240384615385,0,1.25141122607365,50
2012,2012-09-27,0.3,33.91,20.72,67.47,16.15,1.17,11.9777777777778,15.36,0.779803240740741,13.19,27.315,3.63176100450582,2.45034914974008,1.18141185476574,33.9766666666667,21.9790196078431,2417.415,0.860641855834374,64,442.25,49,68.1147058823529,2.02084967320261,3414.31,27.9778431372549,11.9976470588235,0,104,4.25240384615385,0,1.25141122607365,50
2012,2012-09-28,9.87,30.71,21.81,81.12,15.22,1.08,11.9472222222222,15.905,0.751161409759335,8.9,26.26,3.4134510246341,2.76899147118318,0.644459553450918,33.9766666666667,21.9790196078431,2417.415,0.860641855834374,64,442.25,49,68.1147058823529,2.02084967320261,3414.31,27.9778431372549,11.9976470588235,0,104,4.25240384615385,0,1.25141122607365,50
2012,2012-09-29,35.17,27.18,22.74,92.17,6.77,2.45,11.9166666666667,14.96,0.79656862745098,4.44,24.96,3.16023796543496,2.9127913327414,0.247446632693557,33.9766666666667,21.9790196078431,2417.415,0.860641855834374,64,442.25,49,68.1147058823529,2.02084967320261,3414.31,27.9778431372549,11.9976470588235,0,104,4.25240384615385,0,1.25141122607365,50
2012,2012-09-30,7.2,25.11,15.11,77.58,7.63,4.72,11.8861111111111,10.11,1.17567864600506,10,20.11,2.3542508379281,1.82642780006462,0.527823037863481,33.9766666666667,21.9790196078431,2417.415,0.860641855834374,64,442.25,49,68.1147058823529,2.02084967320261,3414.31,27.9778431372549,11.9976470588235,0,104,4.25240384615385,0,1.25141122607365,50
