ModelNumber,Model,Group,Pathway,KernelFamily,WeatherStatus,Description,ShortDescription,Trait,CV,Rep,WeightedCorrelation,MeanRuntimeSec
1,Eta1,Genomic baseline,Genomic pathway,Linear,Without W,Genomic linear + E,G + E,GY,CV1,1,0.7102589036928599,106.4925127029416
1,Eta1,Genomic baseline,Genomic pathway,Linear,Without W,Genomic linear + E,G + E,GY,CV1,2,0.7209412905581656,104.6705622196196
1,Eta1,Genomic baseline,Genomic pathway,Linear,Without W,Genomic linear + E,G + E,GY,CV1,3,0.7080509107481463,100.5548223495484
1,Eta1,Genomic baseline,Genomic pathway,Linear,Without W,Genomic linear + E,G + E,GY,CV1,4,0.7266046035586461,98.77348818778984
1,Eta1,Genomic baseline,Genomic pathway,Linear,Without W,Genomic linear + E,G + E,GY,CV1,5,0.7098622800535013,97.02337222099304
1,Eta1,Genomic baseline,Genomic pathway,Linear,Without W,Genomic linear + E,G + E,GY,CV1,6,0.7194946799625235,99.34007439613366
1,Eta1,Genomic baseline,Genomic pathway,Linear,Without W,Genomic linear + E,G + E,GY,CV1,7,0.7243783662410264,83.41551423072816
1,Eta1,Genomic baseline,Genomic pathway,Linear,Without W,Genomic linear + E,G + E,GY,CV1,8,0.742403284229014,83.90301036834718
1,Eta1,Genomic baseline,Genomic pathway,Linear,Without W,Genomic linear + E,G + E,GY,CV1,9,0.6991396453744474,98.29201397895814
1,Eta1,Genomic baseline,Genomic pathway,Linear,Without W,Genomic linear + E,G + E,GY,CV1,10,0.7319398459949841,84.6554955482483
1,Eta1,Genomic baseline,Genomic pathway,Linear,Without W,Genomic linear + E,G + E,GY,CV2,1,0.9823826476474646,106.4925127029416
1,Eta1,Genomic baseline,Genomic pathway,Linear,Without W,Genomic linear + E,G + E,GY,CV2,2,0.9822975268913622,104.6705622196196
1,Eta1,Genomic baseline,Genomic pathway,Linear,Without W,Genomic linear + E,G + E,GY,CV2,3,0.9824849421379345,100.5548223495484
1,Eta1,Genomic baseline,Genomic pathway,Linear,Without W,Genomic linear + E,G + E,GY,CV2,4,0.9824758599500235,98.77348818778984
1,Eta1,Genomic baseline,Genomic pathway,Linear,Without W,Genomic linear + E,G + E,GY,CV2,5,0.9823107664210726,97.02337222099304
1,Eta1,Genomic baseline,Genomic pathway,Linear,Without W,Genomic linear + E,G + E,GY,CV2,6,0.9824078502940818,99.34007439613366
1,Eta1,Genomic baseline,Genomic pathway,Linear,Without W,Genomic linear + E,G + E,GY,CV2,7,0.9825619953118556,83.41551423072816
1,Eta1,Genomic baseline,Genomic pathway,Linear,Without W,Genomic linear + E,G + E,GY,CV2,8,0.9821704198086213,83.90301036834718
1,Eta1,Genomic baseline,Genomic pathway,Linear,Without W,Genomic linear + E,G + E,GY,CV2,9,0.9825025784332968,98.29201397895814
1,Eta1,Genomic baseline,Genomic pathway,Linear,Without W,Genomic linear + E,G + E,GY,CV2,10,0.9824730383499232,84.6554955482483
1,Eta1,Genomic baseline,Genomic pathway,Linear,Without W,Genomic linear + E,G + E,KW,CV1,1,0.5925506391919442,96.80604901313788
1,Eta1,Genomic baseline,Genomic pathway,Linear,Without W,Genomic linear + E,G + E,KW,CV1,2,0.5635520424077861,98.37662897109986
1,Eta1,Genomic baseline,Genomic pathway,Linear,Without W,Genomic linear + E,G + E,KW,CV1,3,0.5762658919351547,100.15942897796631
1,Eta1,Genomic baseline,Genomic pathway,Linear,Without W,Genomic linear + E,G + E,KW,CV1,4,0.5957179702897202,99.17142477035522
1,Eta1,Genomic baseline,Genomic pathway,Linear,Without W,Genomic linear + E,G + E,KW,CV1,5,0.5812360303122801,83.18416714668274
1,Eta1,Genomic baseline,Genomic pathway,Linear,Without W,Genomic linear + E,G + E,KW,CV1,6,0.6091754341738639,97.37547283172609
1,Eta1,Genomic baseline,Genomic pathway,Linear,Without W,Genomic linear + E,G + E,KW,CV1,7,0.5723361181187842,101.0457340717316
1,Eta1,Genomic baseline,Genomic pathway,Linear,Without W,Genomic linear + E,G + E,KW,CV1,8,0.5824549508288724,99.66666860580439
1,Eta1,Genomic baseline,Genomic pathway,Linear,Without W,Genomic linear + E,G + E,KW,CV1,9,0.5706305809557524,98.05216140747083
1,Eta1,Genomic baseline,Genomic pathway,Linear,Without W,Genomic linear + E,G + E,KW,CV1,10,0.604822819393292,99.72568435668948
1,Eta1,Genomic baseline,Genomic pathway,Linear,Without W,Genomic linear + E,G + E,KW,CV2,1,0.9892255349866519,96.80604901313788
1,Eta1,Genomic baseline,Genomic pathway,Linear,Without W,Genomic linear + E,G + E,KW,CV2,2,0.9892365583343412,98.37662897109986
1,Eta1,Genomic baseline,Genomic pathway,Linear,Without W,Genomic linear + E,G + E,KW,CV2,3,0.9891978866358941,100.15942897796631
1,Eta1,Genomic baseline,Genomic pathway,Linear,Without W,Genomic linear + E,G + E,KW,CV2,4,0.9892678588518058,99.17142477035522
1,Eta1,Genomic baseline,Genomic pathway,Linear,Without W,Genomic linear + E,G + E,KW,CV2,5,0.9892003979984805,83.18416714668274
1,Eta1,Genomic baseline,Genomic pathway,Linear,Without W,Genomic linear + E,G + E,KW,CV2,6,0.9891187487227974,97.37547283172609
1,Eta1,Genomic baseline,Genomic pathway,Linear,Without W,Genomic linear + E,G + E,KW,CV2,7,0.9892949472692457,101.0457340717316
1,Eta1,Genomic baseline,Genomic pathway,Linear,Without W,Genomic linear + E,G + E,KW,CV2,8,0.9893215294109045,99.66666860580439
1,Eta1,Genomic baseline,Genomic pathway,Linear,Without W,Genomic linear + E,G + E,KW,CV2,9,0.9891961258552296,98.05216140747083
1,Eta1,Genomic baseline,Genomic pathway,Linear,Without W,Genomic linear + E,G + E,KW,CV2,10,0.9892316323017084,99.72568435668948
2,Eta2,Phenomic baseline,Phenomic pathway,Linear,Without W,Phenomic linear + E,P + E,GY,CV1,1,0.6430621501889962,86.08276200294496
2,Eta2,Phenomic baseline,Phenomic pathway,Linear,Without W,Phenomic linear + E,P + E,GY,CV1,2,0.6595017290879126,87.82228159904483
2,Eta2,Phenomic baseline,Phenomic pathway,Linear,Without W,Phenomic linear + E,P + E,GY,CV1,3,0.6400741960001188,98.68145508766169
2,Eta2,Phenomic baseline,Phenomic pathway,Linear,Without W,Phenomic linear + E,P + E,GY,CV1,4,0.6454331630181478,99.10297126770024
2,Eta2,Phenomic baseline,Phenomic pathway,Linear,Without W,Phenomic linear + E,P + E,GY,CV1,5,0.6244634339098714,100.53389019966136
2,Eta2,Phenomic baseline,Phenomic pathway,Linear,Without W,Phenomic linear + E,P + E,GY,CV1,6,0.6435214226337015,97.53796839714047
2,Eta2,Phenomic baseline,Phenomic pathway,Linear,Without W,Phenomic linear + E,P + E,GY,CV1,7,0.639664222688336,98.94507198333741
2,Eta2,Phenomic baseline,Phenomic pathway,Linear,Without W,Phenomic linear + E,P + E,GY,CV1,8,0.6334116323850256,99.7317524433136
2,Eta2,Phenomic baseline,Phenomic pathway,Linear,Without W,Phenomic linear + E,P + E,GY,CV1,9,0.6668327733568814,83.96232514381408
2,Eta2,Phenomic baseline,Phenomic pathway,Linear,Without W,Phenomic linear + E,P + E,GY,CV1,10,0.6511458705497439,84.8600068092346
2,Eta2,Phenomic baseline,Phenomic pathway,Linear,Without W,Phenomic linear + E,P + E,GY,CV2,1,0.9723685706320268,86.08276200294496
2,Eta2,Phenomic baseline,Phenomic pathway,Linear,Without W,Phenomic linear + E,P + E,GY,CV2,2,0.9701609185045104,87.82228159904483
2,Eta2,Phenomic baseline,Phenomic pathway,Linear,Without W,Phenomic linear + E,P + E,GY,CV2,3,0.9723520356297852,98.68145508766169
2,Eta2,Phenomic baseline,Phenomic pathway,Linear,Without W,Phenomic linear + E,P + E,GY,CV2,4,0.9706752542104924,99.10297126770024
2,Eta2,Phenomic baseline,Phenomic pathway,Linear,Without W,Phenomic linear + E,P + E,GY,CV2,5,0.9531398966999663,100.53389019966136
2,Eta2,Phenomic baseline,Phenomic pathway,Linear,Without W,Phenomic linear + E,P + E,GY,CV2,6,0.9709071503462763,97.53796839714047
2,Eta2,Phenomic baseline,Phenomic pathway,Linear,Without W,Phenomic linear + E,P + E,GY,CV2,7,0.9645863366776917,98.94507198333741
2,Eta2,Phenomic baseline,Phenomic pathway,Linear,Without W,Phenomic linear + E,P + E,GY,CV2,8,0.9679352450113988,99.7317524433136
2,Eta2,Phenomic baseline,Phenomic pathway,Linear,Without W,Phenomic linear + E,P + E,GY,CV2,9,0.97157176670815,83.96232514381408
2,Eta2,Phenomic baseline,Phenomic pathway,Linear,Without W,Phenomic linear + E,P + E,GY,CV2,10,0.95715420235275,84.8600068092346
2,Eta2,Phenomic baseline,Phenomic pathway,Linear,Without W,Phenomic linear + E,P + E,KW,CV1,1,0.7689339554739778,98.06447501182552
2,Eta2,Phenomic baseline,Phenomic pathway,Linear,Without W,Phenomic linear + E,P + E,KW,CV1,2,0.7684751617605089,82.70942282676694
2,Eta2,Phenomic baseline,Phenomic pathway,Linear,Without W,Phenomic linear + E,P + E,KW,CV1,3,0.7544123341453871,83.22277073860168
2,Eta2,Phenomic baseline,Phenomic pathway,Linear,Without W,Phenomic linear + E,P + E,KW,CV1,4,0.7565784149192298,97.7326717376709
2,Eta2,Phenomic baseline,Phenomic pathway,Linear,Without W,Phenomic linear + E,P + E,KW,CV1,5,0.7749353411009181,98.72553906440737
2,Eta2,Phenomic baseline,Phenomic pathway,Linear,Without W,Phenomic linear + E,P + E,KW,CV1,6,0.7574739020966794,98.09131641387938
2,Eta2,Phenomic baseline,Phenomic pathway,Linear,Without W,Phenomic linear + E,P + E,KW,CV1,7,0.7604758903589146,100.94594087600716
2,Eta2,Phenomic baseline,Phenomic pathway,Linear,Without W,Phenomic linear + E,P + E,KW,CV1,8,0.7410848325541324,97.65478186607363
2,Eta2,Phenomic baseline,Phenomic pathway,Linear,Without W,Phenomic linear + E,P + E,KW,CV1,9,0.7645175404961652,99.24107818603522
2,Eta2,Phenomic baseline,Phenomic pathway,Linear,Without W,Phenomic linear + E,P + E,KW,CV1,10,0.7710988659597976,99.84502263069155
2,Eta2,Phenomic baseline,Phenomic pathway,Linear,Without W,Phenomic linear + E,P + E,KW,CV2,1,0.9898695665144672,98.06447501182552
2,Eta2,Phenomic baseline,Phenomic pathway,Linear,Without W,Phenomic linear + E,P + E,KW,CV2,2,0.986450496858739,82.70942282676694
2,Eta2,Phenomic baseline,Phenomic pathway,Linear,Without W,Phenomic linear + E,P + E,KW,CV2,3,0.990017490911805,83.22277073860168
2,Eta2,Phenomic baseline,Phenomic pathway,Linear,Without W,Phenomic linear + E,P + E,KW,CV2,4,0.9903246942287538,97.7326717376709
2,Eta2,Phenomic baseline,Phenomic pathway,Linear,Without W,Phenomic linear + E,P + E,KW,CV2,5,0.988963353547787,98.72553906440737
2,Eta2,Phenomic baseline,Phenomic pathway,Linear,Without W,Phenomic linear + E,P + E,KW,CV2,6,0.9901460385313715,98.09131641387938
2,Eta2,Phenomic baseline,Phenomic pathway,Linear,Without W,Phenomic linear + E,P + E,KW,CV2,7,0.9885743375752817,100.94594087600716
2,Eta2,Phenomic baseline,Phenomic pathway,Linear,Without W,Phenomic linear + E,P + E,KW,CV2,8,0.9892195218645394,97.65478186607363
2,Eta2,Phenomic baseline,Phenomic pathway,Linear,Without W,Phenomic linear + E,P + E,KW,CV2,9,0.9886091790543038,99.24107818603522
2,Eta2,Phenomic baseline,Phenomic pathway,Linear,Without W,Phenomic linear + E,P + E,KW,CV2,10,0.9901107685100279,99.84502263069155
3,Eta3,Genomic baseline,Genomic pathway,Gaussian,Without W,Genomic Gaussian + E,GGK + E,GY,CV1,1,0.7274232071385117,73.21978664398193
3,Eta3,Genomic baseline,Genomic pathway,Gaussian,Without W,Genomic Gaussian + E,GGK + E,GY,CV1,2,0.703733922123846,74.11367869377136
3,Eta3,Genomic baseline,Genomic pathway,Gaussian,Without W,Genomic Gaussian + E,GGK + E,GY,CV1,3,0.7105429232707837,69.73115901947023
3,Eta3,Genomic baseline,Genomic pathway,Gaussian,Without W,Genomic Gaussian + E,GGK + E,GY,CV1,4,0.7182979125205435,69.08801441192625
3,Eta3,Genomic baseline,Genomic pathway,Gaussian,Without W,Genomic Gaussian + E,GGK + E,GY,CV1,5,0.7045344860280975,70.0110179901123
3,Eta3,Genomic baseline,Genomic pathway,Gaussian,Without W,Genomic Gaussian + E,GGK + E,GY,CV1,6,0.7221321553853082,70.02302637100222
3,Eta3,Genomic baseline,Genomic pathway,Gaussian,Without W,Genomic Gaussian + E,GGK + E,GY,CV1,7,0.7173903438275895,69.9151143550873
3,Eta3,Genomic baseline,Genomic pathway,Gaussian,Without W,Genomic Gaussian + E,GGK + E,GY,CV1,8,0.7298075074358736,59.876273107528704
3,Eta3,Genomic baseline,Genomic pathway,Gaussian,Without W,Genomic Gaussian + E,GGK + E,GY,CV1,9,0.7361641046832864,69.74239320755008
3,Eta3,Genomic baseline,Genomic pathway,Gaussian,Without W,Genomic Gaussian + E,GGK + E,GY,CV1,10,0.7220016184455705,68.55474939346314
3,Eta3,Genomic baseline,Genomic pathway,Gaussian,Without W,Genomic Gaussian + E,GGK + E,GY,CV2,1,0.9733154177365982,73.21978664398193
3,Eta3,Genomic baseline,Genomic pathway,Gaussian,Without W,Genomic Gaussian + E,GGK + E,GY,CV2,2,0.9731344063458784,74.11367869377136
3,Eta3,Genomic baseline,Genomic pathway,Gaussian,Without W,Genomic Gaussian + E,GGK + E,GY,CV2,3,0.972941476170682,69.73115901947023
3,Eta3,Genomic baseline,Genomic pathway,Gaussian,Without W,Genomic Gaussian + E,GGK + E,GY,CV2,4,0.973191994782184,69.08801441192625
3,Eta3,Genomic baseline,Genomic pathway,Gaussian,Without W,Genomic Gaussian + E,GGK + E,GY,CV2,5,0.9727381291903996,70.0110179901123
3,Eta3,Genomic baseline,Genomic pathway,Gaussian,Without W,Genomic Gaussian + E,GGK + E,GY,CV2,6,0.9729207278067153,70.02302637100222
3,Eta3,Genomic baseline,Genomic pathway,Gaussian,Without W,Genomic Gaussian + E,GGK + E,GY,CV2,7,0.97303050117743906,69.9151143550873
3,Eta3,Genomic baseline,Genomic pathway,Gaussian,Without W,Genomic Gaussian + E,GGK + E,GY,CV2,8,0.9731866856564801,59.876273107528704
3,Eta3,Genomic baseline,Genomic pathway,Gaussian,Without W,Genomic Gaussian + E,GGK + E,GY,CV2,9,0.9729122415245552,69.74239320755008
3,Eta3,Genomic baseline,Genomic pathway,Gaussian,Without W,Genomic Gaussian + E,GGK + E,GY,CV2,10,0.9730656840908303,68.55474939346314
3,Eta3,Genomic baseline,Genomic pathway,Gaussian,Without W,Genomic Gaussian + E,GGK + E,KW,CV1,1,0.587756024822297,59.44110498428344
3,Eta3,Genomic baseline,Genomic pathway,Gaussian,Without W,Genomic Gaussian + E,GGK + E,KW,CV1,2,0.6302773778938187,69.22964529991148
3,Eta3,Genomic baseline,Genomic pathway,Gaussian,Without W,Genomic Gaussian + E,GGK + E,KW,CV1,3,0.6038635384799724,69.9205102443695
3,Eta3,Genomic baseline,Genomic pathway,Gaussian,Without W,Genomic Gaussian + E,GGK + E,KW,CV1,4,0.5933487161891942,69.43917584419252
3,Eta3,Genomic baseline,Genomic pathway,Gaussian,Without W,Genomic Gaussian + E,GGK + E,KW,CV1,5,0.6054025341241058,69.52524738311767
3,Eta3,Genomic baseline,Genomic pathway,Gaussian,Without W,Genomic Gaussian + E,GGK + E,KW,CV1,6,0.6200746920328959,58.56678581237792
3,Eta3,Genomic baseline,Genomic pathway,Gaussian,Without W,Genomic Gaussian + E,GGK + E,KW,CV1,7,0.6021723717516435,69.7407697200775
3,Eta3,Genomic baseline,Genomic pathway,Gaussian,Without W,Genomic Gaussian + E,GGK + E,KW,CV1,8,0.5948311918690525,58.73500113487242
3,Eta3,Genomic baseline,Genomic pathway,Gaussian,Without W,Genomic Gaussian + E,GGK + E,KW,CV1,9,0.5800791122589399,67.53748612403871
3,Eta3,Genomic baseline,Genomic pathway,Gaussian,Without W,Genomic Gaussian + E,GGK + E,KW,CV1,10,0.5980541098127133,70.04763803482057
3,Eta3,Genomic baseline,Genomic pathway,Gaussian,Without W,Genomic Gaussian + E,GGK + E,KW,CV2,1,0.9822099906279492,59.44110498428344
3,Eta3,Genomic baseline,Genomic pathway,Gaussian,Without W,Genomic Gaussian + E,GGK + E,KW,CV2,2,0.9821658813357107,69.22964529991148
3,Eta3,Genomic baseline,Genomic pathway,Gaussian,Without W,Genomic Gaussian + E,GGK + E,KW,CV2,3,0.9821759975493819,69.9205102443695
3,Eta3,Genomic baseline,Genomic pathway,Gaussian,Without W,Genomic Gaussian + E,GGK + E,KW,CV2,4,0.9820368974468915,69.43917584419252
3,Eta3,Genomic baseline,Genomic pathway,Gaussian,Without W,Genomic Gaussian + E,GGK + E,KW,CV2,5,0.9821510620591847,69.52524738311767
3,Eta3,Genomic baseline,Genomic pathway,Gaussian,Without W,Genomic Gaussian + E,GGK + E,KW,CV2,6,0.9819767435731489,58.56678581237792
3,Eta3,Genomic baseline,Genomic pathway,Gaussian,Without W,Genomic Gaussian + E,GGK + E,KW,CV2,7,0.9822294414246528,69.7407697200775
3,Eta3,Genomic baseline,Genomic pathway,Gaussian,Without W,Genomic Gaussian + E,GGK + E,KW,CV2,8,0.9821232232030699,58.73500113487242
3,Eta3,Genomic baseline,Genomic pathway,Gaussian,Without W,Genomic Gaussian + E,GGK + E,KW,CV2,9,0.9819700321421665,67.53748612403871
3,Eta3,Genomic baseline,Genomic pathway,Gaussian,Without W,Genomic Gaussian + E,GGK + E,KW,CV2,10,0.9823435302756056,70.04763803482057
4,Eta4,Phenomic baseline,Phenomic pathway,Gaussian,Without W,Phenomic Gaussian + E,PGK + E,GY,CV1,1,0.1163987208688713,88.09096179008485
4,Eta4,Phenomic baseline,Phenomic pathway,Gaussian,Without W,Phenomic Gaussian + E,PGK + E,GY,CV1,2,0.14711261344865836,100.9472643852235
4,Eta4,Phenomic baseline,Phenomic pathway,Gaussian,Without W,Phenomic Gaussian + E,PGK + E,GY,CV1,3,0.14361565124598347,99.81014523506175
4,Eta4,Phenomic baseline,Phenomic pathway,Gaussian,Without W,Phenomic Gaussian + E,PGK + E,GY,CV1,4,0.13510740444763303,84.08696722984315
4,Eta4,Phenomic baseline,Phenomic pathway,Gaussian,Without W,Phenomic Gaussian + E,PGK + E,GY,CV1,5,0.13113966648814251,98.01685481071469
4,Eta4,Phenomic baseline,Phenomic pathway,Gaussian,Without W,Phenomic Gaussian + E,PGK + E,GY,CV1,6,0.14075411249180725,99.71751704216008
4,Eta4,Phenomic baseline,Phenomic pathway,Gaussian,Without W,Phenomic Gaussian + E,PGK + E,GY,CV1,7,0.14363747502273988,99.550930404663
4,Eta4,Phenomic baseline,Phenomic pathway,Gaussian,Without W,Phenomic Gaussian + E,PGK + E,GY,CV1,8,0.18801470617088795,102.65627346038818
4,Eta4,Phenomic baseline,Phenomic pathway,Gaussian,Without W,Phenomic Gaussian + E,PGK + E,GY,CV1,9,0.11911634837187554,99.06149840354914
4,Eta4,Phenomic baseline,Phenomic pathway,Gaussian,Without W,Phenomic Gaussian + E,PGK + E,GY,CV1,10,0.079867689043999407,98.47493700981138
4,Eta4,Phenomic baseline,Phenomic pathway,Gaussian,Without W,Phenomic Gaussian + E,PGK + E,GY,CV2,1,0.944618195957338,88.09096179008485
4,Eta4,Phenomic baseline,Phenomic pathway,Gaussian,Without W,Phenomic Gaussian + E,PGK + E,GY,CV2,2,0.9459244952048703,100.9472643852235
4,Eta4,Phenomic baseline,Phenomic pathway,Gaussian,Without W,Phenomic Gaussian + E,PGK + E,GY,CV2,3,0.9430686117664102,99.81014523506175
4,Eta4,Phenomic baseline,Phenomic pathway,Gaussian,Without W,Phenomic Gaussian + E,PGK + E,GY,CV2,4,0.9461381029870305,84.08696722984315
4,Eta4,Phenomic baseline,Phenomic pathway,Gaussian,Without W,Phenomic Gaussian + E,PGK + E,GY,CV2,5,0.9452130527012675,98.01685481071469
4,Eta4,Phenomic baseline,Phenomic pathway,Gaussian,Without W,Phenomic Gaussian + E,PGK + E,GY,CV2,6,0.9453241087533751,99.71751704216008
4,Eta4,Phenomic baseline,Phenomic pathway,Gaussian,Without W,Phenomic Gaussian + E,PGK + E,GY,CV2,7,0.9432914647273414,99.550930404663
4,Eta4,Phenomic baseline,Phenomic pathway,Gaussian,Without W,Phenomic Gaussian + E,PGK + E,GY,CV2,8,0.9417122203678421,102.65627346038818
4,Eta4,Phenomic baseline,Phenomic pathway,Gaussian,Without W,Phenomic Gaussian + E,PGK + E,GY,CV2,9,0.9444080205970421,99.06149840354914
4,Eta4,Phenomic baseline,Phenomic pathway,Gaussian,Without W,Phenomic Gaussian + E,PGK + E,GY,CV2,10,0.9463968907771138,98.47493700981138
4,Eta4,Phenomic baseline,Phenomic pathway,Gaussian,Without W,Phenomic Gaussian + E,PGK + E,KW,CV1,1,0.22473004014630504,99.33943018913268
4,Eta4,Phenomic baseline,Phenomic pathway,Gaussian,Without W,Phenomic Gaussian + E,PGK + E,KW,CV1,2,0.18309273607559343,99.16565594673165
4,Eta4,Phenomic baseline,Phenomic pathway,Gaussian,Without W,Phenomic Gaussian + E,PGK + E,KW,CV1,3,0.21812944807263163,84.3256936073303
4,Eta4,Phenomic baseline,Phenomic pathway,Gaussian,Without W,Phenomic Gaussian + E,PGK + E,KW,CV1,4,0.21773710854317593,97.9967798233032
4,Eta4,Phenomic baseline,Phenomic pathway,Gaussian,Without W,Phenomic Gaussian + E,PGK + E,KW,CV1,5,0.22586948952992913,99.78169159889224
4,Eta4,Phenomic baseline,Phenomic pathway,Gaussian,Without W,Phenomic Gaussian + E,PGK + E,KW,CV1,6,0.20844923117767294,84.25509557723996
4,Eta4,Phenomic baseline,Phenomic pathway,Gaussian,Without W,Phenomic Gaussian + E,PGK + E,KW,CV1,7,0.21405975771751332,102.87028717994679
4,Eta4,Phenomic baseline,Phenomic pathway,Gaussian,Without W,Phenomic Gaussian + E,PGK + E,KW,CV1,8,0.24412280174323353,98.24574542045595
4,Eta4,Phenomic baseline,Phenomic pathway,Gaussian,Without W,Phenomic Gaussian + E,PGK + E,KW,CV1,9,0.23019552127227777,100.09804439544682
4,Eta4,Phenomic baseline,Phenomic pathway,Gaussian,Without W,Phenomic Gaussian + E,PGK + E,KW,CV1,10,0.21044742782769382,99.61002135276787
4,Eta4,Phenomic baseline,Phenomic pathway,Gaussian,Without W,Phenomic Gaussian + E,PGK + E,KW,CV2,1,0.9556440549102165,99.33943018913268
4,Eta4,Phenomic baseline,Phenomic pathway,Gaussian,Without W,Phenomic Gaussian + E,PGK + E,KW,CV2,2,0.9547528359617946,99.16565594673165
4,Eta4,Phenomic baseline,Phenomic pathway,Gaussian,Without W,Phenomic Gaussian + E,PGK + E,KW,CV2,3,0.956446499121976,84.3256936073303
4,Eta4,Phenomic baseline,Phenomic pathway,Gaussian,Without W,Phenomic Gaussian + E,PGK + E,KW,CV2,4,0.9544603207631501,97.9967798233032
4,Eta4,Phenomic baseline,Phenomic pathway,Gaussian,Without W,Phenomic Gaussian + E,PGK + E,KW,CV2,5,0.955392970023863,99.78169159889224
4,Eta4,Phenomic baseline,Phenomic pathway,Gaussian,Without W,Phenomic Gaussian + E,PGK + E,KW,CV2,6,0.9568801013644925,84.25509557723996
4,Eta4,Phenomic baseline,Phenomic pathway,Gaussian,Without W,Phenomic Gaussian + E,PGK + E,KW,CV2,7,0.9560985824279061,102.87028717994679
4,Eta4,Phenomic baseline,Phenomic pathway,Gaussian,Without W,Phenomic Gaussian + E,PGK + E,KW,CV2,8,0.9545420273207151,98.24574542045595
4,Eta4,Phenomic baseline,Phenomic pathway,Gaussian,Without W,Phenomic Gaussian + E,PGK + E,KW,CV2,9,0.9546641195593818,100.09804439544682
4,Eta4,Phenomic baseline,Phenomic pathway,Gaussian,Without W,Phenomic Gaussian + E,PGK + E,KW,CV2,10,0.9553144049706102,99.61002135276787
5,Eta5,Genomic baseline,Genomic pathway,Arc-cosine,Without W,Genomic arc-cosine + E,GAK + E,GY,CV1,1,0.7190870840318572,73.79430961608887
5,Eta5,Genomic baseline,Genomic pathway,Arc-cosine,Without W,Genomic arc-cosine + E,GAK + E,GY,CV1,2,0.7156070462666096,71.21708302497863
5,Eta5,Genomic baseline,Genomic pathway,Arc-cosine,Without W,Genomic arc-cosine + E,GAK + E,GY,CV1,3,0.6960350723245767,69.39423742294312
5,Eta5,Genomic baseline,Genomic pathway,Arc-cosine,Without W,Genomic arc-cosine + E,GAK + E,GY,CV1,4,0.7097865370351868,68.47499556541446
5,Eta5,Genomic baseline,Genomic pathway,Arc-cosine,Without W,Genomic arc-cosine + E,GAK + E,GY,CV1,5,0.7124293715439344,69.32454476356506
5,Eta5,Genomic baseline,Genomic pathway,Arc-cosine,Without W,Genomic arc-cosine + E,GAK + E,GY,CV1,6,0.7106312386745997,67.90227499008179
5,Eta5,Genomic baseline,Genomic pathway,Arc-cosine,Without W,Genomic arc-cosine + E,GAK + E,GY,CV1,7,0.7096358293072296,70.40476703643797
5,Eta5,Genomic baseline,Genomic pathway,Arc-cosine,Without W,Genomic arc-cosine + E,GAK + E,GY,CV1,8,0.7193650040164583,69.8712460041046
5,Eta5,Genomic baseline,Genomic pathway,Arc-cosine,Without W,Genomic arc-cosine + E,GAK + E,GY,CV1,9,0.7130119588774751,68.3647828102112
5,Eta5,Genomic baseline,Genomic pathway,Arc-cosine,Without W,Genomic arc-cosine + E,GAK + E,GY,CV1,10,0.7090904866611838,69.48271641731262
5,Eta5,Genomic baseline,Genomic pathway,Arc-cosine,Without W,Genomic arc-cosine + E,GAK + E,GY,CV2,1,0.9642495026081729,73.79430961608887
5,Eta5,Genomic baseline,Genomic pathway,Arc-cosine,Without W,Genomic arc-cosine + E,GAK + E,GY,CV2,2,0.9637886680035509,71.21708302497863
5,Eta5,Genomic baseline,Genomic pathway,Arc-cosine,Without W,Genomic arc-cosine + E,GAK + E,GY,CV2,3,0.9633436112296415,69.39423742294312
5,Eta5,Genomic baseline,Genomic pathway,Arc-cosine,Without W,Genomic arc-cosine + E,GAK + E,GY,CV2,4,0.9637032094185616,68.47499556541446
5,Eta5,Genomic baseline,Genomic pathway,Arc-cosine,Without W,Genomic arc-cosine + E,GAK + E,GY,CV2,5,0.9631437840244116,69.32454476356506
5,Eta5,Genomic baseline,Genomic pathway,Arc-cosine,Without W,Genomic arc-cosine + E,GAK + E,GY,CV2,6,0.9635671273053312,67.90227499008179
5,Eta5,Genomic baseline,Genomic pathway,Arc-cosine,Without W,Genomic arc-cosine + E,GAK + E,GY,CV2,7,0.9648243134836225,70.40476703643797
5,Eta5,Genomic baseline,Genomic pathway,Arc-cosine,Without W,Genomic arc-cosine + E,GAK + E,GY,CV2,8,0.9638083708271319,69.8712460041046
5,Eta5,Genomic baseline,Genomic pathway,Arc-cosine,Without W,Genomic arc-cosine + E,GAK + E,GY,CV2,9,0.9641222222058529,68.3647828102112
5,Eta5,Genomic baseline,Genomic pathway,Arc-cosine,Without W,Genomic arc-cosine + E,GAK + E,GY,CV2,10,0.9630130337042424,69.48271641731262
5,Eta5,Genomic baseline,Genomic pathway,Arc-cosine,Without W,Genomic arc-cosine + E,GAK + E,KW,CV1,1,0.5657109936783609,68.31180362701414
5,Eta5,Genomic baseline,Genomic pathway,Arc-cosine,Without W,Genomic arc-cosine + E,GAK + E,KW,CV1,2,0.5265772586147355,69.27562456130983
5,Eta5,Genomic baseline,Genomic pathway,Arc-cosine,Without W,Genomic arc-cosine + E,GAK + E,KW,CV1,3,0.5388270020057746,68.71268420219423
5,Eta5,Genomic baseline,Genomic pathway,Arc-cosine,Without W,Genomic arc-cosine + E,GAK + E,KW,CV1,4,0.5466041274811564,68.41095261573794
5,Eta5,Genomic baseline,Genomic pathway,Arc-cosine,Without W,Genomic arc-cosine + E,GAK + E,KW,CV1,5,0.5881034419537416,69.8530822277069
5,Eta5,Genomic baseline,Genomic pathway,Arc-cosine,Without W,Genomic arc-cosine + E,GAK + E,KW,CV1,6,0.5376813798826093,58.47685799598694
5,Eta5,Genomic baseline,Genomic pathway,Arc-cosine,Without W,Genomic arc-cosine + E,GAK + E,KW,CV1,7,0.5406931158465891,69.25791735649106
5,Eta5,Genomic baseline,Genomic pathway,Arc-cosine,Without W,Genomic arc-cosine + E,GAK + E,KW,CV1,8,0.5661892631979196,68.8714544773102
5,Eta5,Genomic baseline,Genomic pathway,Arc-cosine,Without W,Genomic arc-cosine + E,GAK + E,KW,CV1,9,0.5614081812958549,67.55386652946474
5,Eta5,Genomic baseline,Genomic pathway,Arc-cosine,Without W,Genomic arc-cosine + E,GAK + E,KW,CV1,10,0.5784015496733732,69.2669286251068
5,Eta5,Genomic baseline,Genomic pathway,Arc-cosine,Without W,Genomic arc-cosine + E,GAK + E,KW,CV2,1,0.9742066833028563,68.31180362701414
5,Eta5,Genomic baseline,Genomic pathway,Arc-cosine,Without W,Genomic arc-cosine + E,GAK + E,KW,CV2,2,0.9739974217305234,69.27562456130983
5,Eta5,Genomic baseline,Genomic pathway,Arc-cosine,Without W,Genomic arc-cosine + E,GAK + E,KW,CV2,3,0.973890040852776,68.71268420219423
5,Eta5,Genomic baseline,Genomic pathway,Arc-cosine,Without W,Genomic arc-cosine + E,GAK + E,KW,CV2,4,0.9740134407665545,68.41095261573794
5,Eta5,Genomic baseline,Genomic pathway,Arc-cosine,Without W,Genomic arc-cosine + E,GAK + E,KW,CV2,5,0.9738271365402735,69.8530822277069
5,Eta5,Genomic baseline,Genomic pathway,Arc-cosine,Without W,Genomic arc-cosine + E,GAK + E,KW,CV2,6,0.9739652381662924,58.47685799598694
5,Eta5,Genomic baseline,Genomic pathway,Arc-cosine,Without W,Genomic arc-cosine + E,GAK + E,KW,CV2,7,0.9740673850877712,69.25791735649106
5,Eta5,Genomic baseline,Genomic pathway,Arc-cosine,Without W,Genomic arc-cosine + E,GAK + E,KW,CV2,8,0.9740277908978076,68.8714544773102
5,Eta5,Genomic baseline,Genomic pathway,Arc-cosine,Without W,Genomic arc-cosine + E,GAK + E,KW,CV2,9,0.9738868120146854,67.55386652946474
5,Eta5,Genomic baseline,Genomic pathway,Arc-cosine,Without W,Genomic arc-cosine + E,GAK + E,KW,CV2,10,0.9739614076264225,69.2669286251068
6,Eta6,Phenomic baseline,Phenomic pathway,Arc-cosine,Without W,Phenomic arc-cosine + E,PAK + E,GY,CV1,1,0.13903993677409204,87.25954775810244
6,Eta6,Phenomic baseline,Phenomic pathway,Arc-cosine,Without W,Phenomic arc-cosine + E,PAK + E,GY,CV1,2,0.2231609249996164,101.86664443016045
6,Eta6,Phenomic baseline,Phenomic pathway,Arc-cosine,Without W,Phenomic arc-cosine + E,PAK + E,GY,CV1,3,0.14199484484104746,98.3974748611451
6,Eta6,Phenomic baseline,Phenomic pathway,Arc-cosine,Without W,Phenomic arc-cosine + E,PAK + E,GY,CV1,4,0.17750852623794605,99.44603862762442
6,Eta6,Phenomic baseline,Phenomic pathway,Arc-cosine,Without W,Phenomic arc-cosine + E,PAK + E,GY,CV1,5,0.18492217206898148,98.44487333297727
6,Eta6,Phenomic baseline,Phenomic pathway,Arc-cosine,Without W,Phenomic arc-cosine + E,PAK + E,GY,CV1,6,0.1711273101395052,98.86357479095446
6,Eta6,Phenomic baseline,Phenomic pathway,Arc-cosine,Without W,Phenomic arc-cosine + E,PAK + E,GY,CV1,7,0.22671338454353798,101.38189120292654
6,Eta6,Phenomic baseline,Phenomic pathway,Arc-cosine,Without W,Phenomic arc-cosine + E,PAK + E,GY,CV1,8,0.18694690528464522,98.46428198814395
6,Eta6,Phenomic baseline,Phenomic pathway,Arc-cosine,Without W,Phenomic arc-cosine + E,PAK + E,GY,CV1,9,0.17065481070581523,99.48715448379532
6,Eta6,Phenomic baseline,Phenomic pathway,Arc-cosine,Without W,Phenomic arc-cosine + E,PAK + E,GY,CV1,10,0.15703850255915,99.24181175231928
6,Eta6,Phenomic baseline,Phenomic pathway,Arc-cosine,Without W,Phenomic arc-cosine + E,PAK + E,GY,CV2,1,0.7005667214380715,87.25954775810244
6,Eta6,Phenomic baseline,Phenomic pathway,Arc-cosine,Without W,Phenomic arc-cosine + E,PAK + E,GY,CV2,2,0.6734003230285148,101.86664443016045
6,Eta6,Phenomic baseline,Phenomic pathway,Arc-cosine,Without W,Phenomic arc-cosine + E,PAK + E,GY,CV2,3,0.6878865676465612,98.3974748611451
6,Eta6,Phenomic baseline,Phenomic pathway,Arc-cosine,Without W,Phenomic arc-cosine + E,PAK + E,GY,CV2,4,0.6940183504942701,99.44603862762442
6,Eta6,Phenomic baseline,Phenomic pathway,Arc-cosine,Without W,Phenomic arc-cosine + E,PAK + E,GY,CV2,5,0.7012244986194998,98.44487333297727
6,Eta6,Phenomic baseline,Phenomic pathway,Arc-cosine,Without W,Phenomic arc-cosine + E,PAK + E,GY,CV2,6,0.7010635796787821,98.86357479095446
6,Eta6,Phenomic baseline,Phenomic pathway,Arc-cosine,Without W,Phenomic arc-cosine + E,PAK + E,GY,CV2,7,0.7034995702024328,101.38189120292654
6,Eta6,Phenomic baseline,Phenomic pathway,Arc-cosine,Without W,Phenomic arc-cosine + E,PAK + E,GY,CV2,8,0.6947865831548434,98.46428198814395
6,Eta6,Phenomic baseline,Phenomic pathway,Arc-cosine,Without W,Phenomic arc-cosine + E,PAK + E,GY,CV2,9,0.6962118822940141,99.48715448379532
6,Eta6,Phenomic baseline,Phenomic pathway,Arc-cosine,Without W,Phenomic arc-cosine + E,PAK + E,GY,CV2,10,0.7018466793739189,99.24181175231928
6,Eta6,Phenomic baseline,Phenomic pathway,Arc-cosine,Without W,Phenomic arc-cosine + E,PAK + E,KW,CV1,1,0.2320788457484885,97.55301222801208
6,Eta6,Phenomic baseline,Phenomic pathway,Arc-cosine,Without W,Phenomic arc-cosine + E,PAK + E,KW,CV1,2,0.2499382732630418,98.2952038764954
6,Eta6,Phenomic baseline,Phenomic pathway,Arc-cosine,Without W,Phenomic arc-cosine + E,PAK + E,KW,CV1,3,0.3028433004709582,99.43563160896288
6,Eta6,Phenomic baseline,Phenomic pathway,Arc-cosine,Without W,Phenomic arc-cosine + E,PAK + E,KW,CV1,4,0.23930493947510462,97.92966380119333
6,Eta6,Phenomic baseline,Phenomic pathway,Arc-cosine,Without W,Phenomic arc-cosine + E,PAK + E,KW,CV1,5,0.25248403806527064,101.10855154991148
6,Eta6,Phenomic baseline,Phenomic pathway,Arc-cosine,Without W,Phenomic arc-cosine + E,PAK + E,KW,CV1,6,0.2623074434196232,99.67038207054124
6,Eta6,Phenomic baseline,Phenomic pathway,Arc-cosine,Without W,Phenomic arc-cosine + E,PAK + E,KW,CV1,7,0.2999614239445799,99.81878805160522
6,Eta6,Phenomic baseline,Phenomic pathway,Arc-cosine,Without W,Phenomic arc-cosine + E,PAK + E,KW,CV1,8,0.28132506683266384,100.66465039253247
6,Eta6,Phenomic baseline,Phenomic pathway,Arc-cosine,Without W,Phenomic arc-cosine + E,PAK + E,KW,CV1,9,0.2922747489976433,98.5439466953278
6,Eta6,Phenomic baseline,Phenomic pathway,Arc-cosine,Without W,Phenomic arc-cosine + E,PAK + E,KW,CV1,10,0.29988228415671137,95.87546396255487
6,Eta6,Phenomic baseline,Phenomic pathway,Arc-cosine,Without W,Phenomic arc-cosine + E,PAK + E,KW,CV2,1,0.7721123828525619,97.55301222801208
6,Eta6,Phenomic baseline,Phenomic pathway,Arc-cosine,Without W,Phenomic arc-cosine + E,PAK + E,KW,CV2,2,0.766711172899495,98.2952038764954
6,Eta6,Phenomic baseline,Phenomic pathway,Arc-cosine,Without W,Phenomic arc-cosine + E,PAK + E,KW,CV2,3,0.7742070960239182,99.43563160896288
6,Eta6,Phenomic baseline,Phenomic pathway,Arc-cosine,Without W,Phenomic arc-cosine + E,PAK + E,KW,CV2,4,0.7749158681632865,97.92966380119333
6,Eta6,Phenomic baseline,Phenomic pathway,Arc-cosine,Without W,Phenomic arc-cosine + E,PAK + E,KW,CV2,5,0.7758144456346288,101.10855154991148
6,Eta6,Phenomic baseline,Phenomic pathway,Arc-cosine,Without W,Phenomic arc-cosine + E,PAK + E,KW,CV2,6,0.7727002952658439,99.67038207054124
6,Eta6,Phenomic baseline,Phenomic pathway,Arc-cosine,Without W,Phenomic arc-cosine + E,PAK + E,KW,CV2,7,0.769609206381239,99.81878805160522
6,Eta6,Phenomic baseline,Phenomic pathway,Arc-cosine,Without W,Phenomic arc-cosine + E,PAK + E,KW,CV2,8,0.7750325731690447,100.66465039253247
6,Eta6,Phenomic baseline,Phenomic pathway,Arc-cosine,Without W,Phenomic arc-cosine + E,PAK + E,KW,CV2,9,0.7701933362781219,98.5439466953278
6,Eta6,Phenomic baseline,Phenomic pathway,Arc-cosine,Without W,Phenomic arc-cosine + E,PAK + E,KW,CV2,10,0.7712249505566178,95.87546396255487
7,Eta7,Combined baseline,Combined G + P pathway,Linear,Without W,Combined linear + E,G+P + E,GY,CV1,1,0.7157094870531809,192.3598602294922
7,Eta7,Combined baseline,Combined G + P pathway,Linear,Without W,Combined linear + E,G+P + E,GY,CV1,2,0.7190414874092582,161.4716304302216
7,Eta7,Combined baseline,Combined G + P pathway,Linear,Without W,Combined linear + E,G+P + E,GY,CV1,3,0.7175463211988302,185.6757946491242
7,Eta7,Combined baseline,Combined G + P pathway,Linear,Without W,Combined linear + E,G+P + E,GY,CV1,4,0.7117572250763704,161.297399520874
7,Eta7,Combined baseline,Combined G + P pathway,Linear,Without W,Combined linear + E,G+P + E,GY,CV1,5,0.6876462678956942,188.3913561820984
7,Eta7,Combined baseline,Combined G + P pathway,Linear,Without W,Combined linear + E,G+P + E,GY,CV1,6,0.7229466723492102,160.3368229389192
7,Eta7,Combined baseline,Combined G + P pathway,Linear,Without W,Combined linear + E,G+P + E,GY,CV1,7,0.7134960428708691,161.1361504077912
7,Eta7,Combined baseline,Combined G + P pathway,Linear,Without W,Combined linear + E,G+P + E,GY,CV1,8,0.7276588527099408,161.6313529968262
7,Eta7,Combined baseline,Combined G + P pathway,Linear,Without W,Combined linear + E,G+P + E,GY,CV1,9,0.6896058237102202,162.5712168216706
7,Eta7,Combined baseline,Combined G + P pathway,Linear,Without W,Combined linear + E,G+P + E,GY,CV1,10,0.7202676101933366,160.3790037155152
7,Eta7,Combined baseline,Combined G + P pathway,Linear,Without W,Combined linear + E,G+P + E,GY,CV2,1,0.9802673066361345,192.3598602294922
7,Eta7,Combined baseline,Combined G + P pathway,Linear,Without W,Combined linear + E,G+P + E,GY,CV2,2,0.9800780343948124,161.4716304302216
7,Eta7,Combined baseline,Combined G + P pathway,Linear,Without W,Combined linear + E,G+P + E,GY,CV2,3,0.980362674904956,185.6757946491242
7,Eta7,Combined baseline,Combined G + P pathway,Linear,Without W,Combined linear + E,G+P + E,GY,CV2,4,0.980237897411147,161.297399520874
7,Eta7,Combined baseline,Combined G + P pathway,Linear,Without W,Combined linear + E,G+P + E,GY,CV2,5,0.9802073650465655,188.3913561820984
7,Eta7,Combined baseline,Combined G + P pathway,Linear,Without W,Combined linear + E,G+P + E,GY,CV2,6,0.9802001921118713,160.3368229389192
7,Eta7,Combined baseline,Combined G + P pathway,Linear,Without W,Combined linear + E,G+P + E,GY,CV2,7,0.9800663172020065,161.1361504077912
7,Eta7,Combined baseline,Combined G + P pathway,Linear,Without W,Combined linear + E,G+P + E,GY,CV2,8,0.9807143269517351,161.6313529968262
7,Eta7,Combined baseline,Combined G + P pathway,Linear,Without W,Combined linear + E,G+P + E,GY,CV2,9,0.9802996757515556,162.5712168216706
7,Eta7,Combined baseline,Combined G + P pathway,Linear,Without W,Combined linear + E,G+P + E,GY,CV2,10,0.9799035063781532,160.3790037155152
7,Eta7,Combined baseline,Combined G + P pathway,Linear,Without W,Combined linear + E,G+P + E,KW,CV1,1,0.7280439507086162,161.4249258041382
7,Eta7,Combined baseline,Combined G + P pathway,Linear,Without W,Combined linear + E,G+P + E,KW,CV1,2,0.740632363216132,161.52406373024
7,Eta7,Combined baseline,Combined G + P pathway,Linear,Without W,Combined linear + E,G+P + E,KW,CV1,3,0.7536692364260075,160.1028321266178
7,Eta7,Combined baseline,Combined G + P pathway,Linear,Without W,Combined linear + E,G+P + E,KW,CV1,4,0.7261049400683026,158.9081721782684
7,Eta7,Combined baseline,Combined G + P pathway,Linear,Without W,Combined linear + E,G+P + E,KW,CV1,5,0.7437974715447039,160.9413905620576
7,Eta7,Combined baseline,Combined G + P pathway,Linear,Without W,Combined linear + E,G+P + E,KW,CV1,6,0.7136530138783456,162.2536853790282
7,Eta7,Combined baseline,Combined G + P pathway,Linear,Without W,Combined linear + E,G+P + E,KW,CV1,7,0.726251913149443,159.38209137916581
7,Eta7,Combined baseline,Combined G + P pathway,Linear,Without W,Combined linear + E,G+P + E,KW,CV1,8,0.721732891954969,160.0819621562958
7,Eta7,Combined baseline,Combined G + P pathway,Linear,Without W,Combined linear + E,G+P + E,KW,CV1,9,0.71393212316397,158.8542235851288
7,Eta7,Combined baseline,Combined G + P pathway,Linear,Without W,Combined linear + E,G+P + E,KW,CV1,10,0.7081105871266717,137.0757395744326
7,Eta7,Combined baseline,Combined G + P pathway,Linear,Without W,Combined linear + E,G+P + E,KW,CV2,1,0.9939279313813912,161.4249258041382
7,Eta7,Combined baseline,Combined G + P pathway,Linear,Without W,Combined linear + E,G+P + E,KW,CV2,2,0.994279940876508,161.52406373024
7,Eta7,Combined baseline,Combined G + P pathway,Linear,Without W,Combined linear + E,G+P + E,KW,CV2,3,0.9940265948972069,160.1028321266178
7,Eta7,Combined baseline,Combined G + P pathway,Linear,Without W,Combined linear + E,G+P + E,KW,CV2,4,0.9943117276978752,158.9081721782684
7,Eta7,Combined baseline,Combined G + P pathway,Linear,Without W,Combined linear + E,G+P + E,KW,CV2,5,0.9944083436886662,160.9413905620576
7,Eta7,Combined baseline,Combined G + P pathway,Linear,Without W,Combined linear + E,G+P + E,KW,CV2,6,0.9943746689219214,162.2536853790282
7,Eta7,Combined baseline,Combined G + P pathway,Linear,Without W,Combined linear + E,G+P + E,KW,CV2,7,0.994019640943916,159.38209137916581
7,Eta7,Combined baseline,Combined G + P pathway,Linear,Without W,Combined linear + E,G+P + E,KW,CV2,8,0.9937116823630447,160.0819621562958
7,Eta7,Combined baseline,Combined G + P pathway,Linear,Without W,Combined linear + E,G+P + E,KW,CV2,9,0.9937631523995833,158.8542235851288
7,Eta7,Combined baseline,Combined G + P pathway,Linear,Without W,Combined linear + E,G+P + E,KW,CV2,10,0.9939564752345056,137.0757395744326
8,Eta8,Combined baseline,Combined G + P pathway,Gaussian,Without W,Combined Gaussian + E,GGK+PGK + E,GY,CV1,1,0.7346019929814023,140.14867811202998
8,Eta8,Combined baseline,Combined G + P pathway,Gaussian,Without W,Combined Gaussian + E,GGK+PGK + E,GY,CV1,2,0.7126252487268807,137.4862227916716
8,Eta8,Combined baseline,Combined G + P pathway,Gaussian,Without W,Combined Gaussian + E,GGK+PGK + E,GY,CV1,3,0.7156131226854565,137.56375279426558
8,Eta8,Combined baseline,Combined G + P pathway,Gaussian,Without W,Combined Gaussian + E,GGK+PGK + E,GY,CV1,4,0.7164797869747112,161.334124135971
8,Eta8,Combined baseline,Combined G + P pathway,Gaussian,Without W,Combined Gaussian + E,GGK+PGK + E,GY,CV1,5,0.7073785272119694,162.56146717071522
8,Eta8,Combined baseline,Combined G + P pathway,Gaussian,Without W,Combined Gaussian + E,GGK+PGK + E,GY,CV1,6,0.7166061097938947,138.3821607589722
8,Eta8,Combined baseline,Combined G + P pathway,Gaussian,Without W,Combined Gaussian + E,GGK+PGK + E,GY,CV1,7,0.702177005655493,160.3871279716492
8,Eta8,Combined baseline,Combined G + P pathway,Gaussian,Without W,Combined Gaussian + E,GGK+PGK + E,GY,CV1,8,0.7398597844927487,137.1502644538878
8,Eta8,Combined baseline,Combined G + P pathway,Gaussian,Without W,Combined Gaussian + E,GGK+PGK + E,GY,CV1,9,0.712574943051492,160.5459920406342
8,Eta8,Combined baseline,Combined G + P pathway,Gaussian,Without W,Combined Gaussian + E,GGK+PGK + E,GY,CV1,10,0.7099261987389707,159.9384877681734
8,Eta8,Combined baseline,Combined G + P pathway,Gaussian,Without W,Combined Gaussian + E,GGK+PGK + E,GY,CV2,1,0.9885812581751494,140.14867811202998
8,Eta8,Combined baseline,Combined G + P pathway,Gaussian,Without W,Combined Gaussian + E,GGK+PGK + E,GY,CV2,2,0.9887636506816821,137.4862227916716
8,Eta8,Combined baseline,Combined G + P pathway,Gaussian,Without W,Combined Gaussian + E,GGK+PGK + E,GY,CV2,3,0.9887421215493957,137.56375279426558
8,Eta8,Combined baseline,Combined G + P pathway,Gaussian,Without W,Combined Gaussian + E,GGK+PGK + E,GY,CV2,4,0.9888313841445268,161.334124135971
8,Eta8,Combined baseline,Combined G + P pathway,Gaussian,Without W,Combined Gaussian + E,GGK+PGK + E,GY,CV2,5,0.9885843907263286,162.56146717071522
8,Eta8,Combined baseline,Combined G + P pathway,Gaussian,Without W,Combined Gaussian + E,GGK+PGK + E,GY,CV2,6,0.9884996748300316,138.3821607589722
8,Eta8,Combined baseline,Combined G + P pathway,Gaussian,Without W,Combined Gaussian + E,GGK+PGK + E,GY,CV2,7,0.9884935007061554,160.3871279716492
8,Eta8,Combined baseline,Combined G + P pathway,Gaussian,Without W,Combined Gaussian + E,GGK+PGK + E,GY,CV2,8,0.9887679752076781,137.1502644538878
8,Eta8,Combined baseline,Combined G + P pathway,Gaussian,Without W,Combined Gaussian + E,GGK+PGK + E,GY,CV2,9,0.9885958441692713,160.5459920406342
8,Eta8,Combined baseline,Combined G + P pathway,Gaussian,Without W,Combined Gaussian + E,GGK+PGK + E,GY,CV2,10,0.988731140071368,159.9384877681734
8,Eta8,Combined baseline,Combined G + P pathway,Gaussian,Without W,Combined Gaussian + E,GGK+PGK + E,KW,CV1,1,0.6212908376116876,137.9171587467194
8,Eta8,Combined baseline,Combined G + P pathway,Gaussian,Without W,Combined Gaussian + E,GGK+PGK + E,KW,CV1,2,0.5920104725239668,159.4770815849304
8,Eta8,Combined baseline,Combined G + P pathway,Gaussian,Without W,Combined Gaussian + E,GGK+PGK + E,KW,CV1,3,0.6031448313264036,161.4453143596648
8,Eta8,Combined baseline,Combined G + P pathway,Gaussian,Without W,Combined Gaussian + E,GGK+PGK + E,KW,CV1,4,0.6028680053178646,137.0216476917266
8,Eta8,Combined baseline,Combined G + P pathway,Gaussian,Without W,Combined Gaussian + E,GGK+PGK + E,KW,CV1,5,0.611053536179457,160.9244664192198
8,Eta8,Combined baseline,Combined G + P pathway,Gaussian,Without W,Combined Gaussian + E,GGK+PGK + E,KW,CV1,6,0.6086600719341485,138.02477722167978
8,Eta8,Combined baseline,Combined G + P pathway,Gaussian,Without W,Combined Gaussian + E,GGK+PGK + E,KW,CV1,7,0.6050551725975397,161.6927503585816
8,Eta8,Combined baseline,Combined G + P pathway,Gaussian,Without W,Combined Gaussian + E,GGK+PGK + E,KW,CV1,8,0.6029250071937646,137.4485276222228
8,Eta8,Combined baseline,Combined G + P pathway,Gaussian,Without W,Combined Gaussian + E,GGK+PGK + E,KW,CV1,9,0.5853799398013153,136.5566573619842
8,Eta8,Combined baseline,Combined G + P pathway,Gaussian,Without W,Combined Gaussian + E,GGK+PGK + E,KW,CV1,10,0.5989595932046965,126.3987688064576
8,Eta8,Combined baseline,Combined G + P pathway,Gaussian,Without W,Combined Gaussian + E,GGK+PGK + E,KW,CV2,1,0.9931709173407327,137.9171587467194
8,Eta8,Combined baseline,Combined G + P pathway,Gaussian,Without W,Combined Gaussian + E,GGK+PGK + E,KW,CV2,2,0.9931303123858954,159.4770815849304
8,Eta8,Combined baseline,Combined G + P pathway,Gaussian,Without W,Combined Gaussian + E,GGK+PGK + E,KW,CV2,3,0.9931730368943527,161.4453143596648
8,Eta8,Combined baseline,Combined G + P pathway,Gaussian,Without W,Combined Gaussian + E,GGK+PGK + E,KW,CV2,4,0.9930735664811067,137.0216476917266
8,Eta8,Combined baseline,Combined G + P pathway,Gaussian,Without W,Combined Gaussian + E,GGK+PGK + E,KW,CV2,5,0.9931092944903662,160.9244664192198
8,Eta8,Combined baseline,Combined G + P pathway,Gaussian,Without W,Combined Gaussian + E,GGK+PGK + E,KW,CV2,6,0.9931505114665459,138.02477722167978
8,Eta8,Combined baseline,Combined G + P pathway,Gaussian,Without W,Combined Gaussian + E,GGK+PGK + E,KW,CV2,7,0.993099570007411,161.6927503585816
8,Eta8,Combined baseline,Combined G + P pathway,Gaussian,Without W,Combined Gaussian + E,GGK+PGK + E,KW,CV2,8,0.9931263955155994,137.4485276222228
8,Eta8,Combined baseline,Combined G + P pathway,Gaussian,Without W,Combined Gaussian + E,GGK+PGK + E,KW,CV2,9,0.9931390785016191,136.5566573619842
8,Eta8,Combined baseline,Combined G + P pathway,Gaussian,Without W,Combined Gaussian + E,GGK+PGK + E,KW,CV2,10,0.9931512013169858,126.3987688064576
9,Eta9,Combined baseline,Combined G + P pathway,Arc-cosine,Without W,Combined arc-cosine + E,GAK+PAK + E,GY,CV1,1,0.6900235788633488,164.6622047424314
9,Eta9,Combined baseline,Combined G + P pathway,Arc-cosine,Without W,Combined arc-cosine + E,GAK+PAK + E,GY,CV1,2,0.6937718320283972,138.5257644176484
9,Eta9,Combined baseline,Combined G + P pathway,Arc-cosine,Without W,Combined arc-cosine + E,GAK+PAK + E,GY,CV1,3,0.6941164339094777,138.4873592376708
9,Eta9,Combined baseline,Combined G + P pathway,Arc-cosine,Without W,Combined arc-cosine + E,GAK+PAK + E,GY,CV1,4,0.7115636614916034,137.2965049743652
9,Eta9,Combined baseline,Combined G + P pathway,Arc-cosine,Without W,Combined arc-cosine + E,GAK+PAK + E,GY,CV1,5,0.7162116470315314,136.9861528873444
9,Eta9,Combined baseline,Combined G + P pathway,Arc-cosine,Without W,Combined arc-cosine + E,GAK+PAK + E,GY,CV1,6,0.7023986283868295,161.7398993492124
9,Eta9,Combined baseline,Combined G + P pathway,Arc-cosine,Without W,Combined arc-cosine + E,GAK+PAK + E,GY,CV1,7,0.6950601928530957,138.6692646026612
9,Eta9,Combined baseline,Combined G + P pathway,Arc-cosine,Without W,Combined arc-cosine + E,GAK+PAK + E,GY,CV1,8,0.7076228374002506,136.9967638492584
9,Eta9,Combined baseline,Combined G + P pathway,Arc-cosine,Without W,Combined arc-cosine + E,GAK+PAK + E,GY,CV1,9,0.7011962261530142,158.4271592140196
9,Eta9,Combined baseline,Combined G + P pathway,Arc-cosine,Without W,Combined arc-cosine + E,GAK+PAK + E,GY,CV1,10,0.7182731636439696,158.0029174804688
9,Eta9,Combined baseline,Combined G + P pathway,Arc-cosine,Without W,Combined arc-cosine + E,GAK+PAK + E,GY,CV2,1,0.9658799548611231,164.6622047424314
9,Eta9,Combined baseline,Combined G + P pathway,Arc-cosine,Without W,Combined arc-cosine + E,GAK+PAK + E,GY,CV2,2,0.9662379144000821,138.5257644176484
9,Eta9,Combined baseline,Combined G + P pathway,Arc-cosine,Without W,Combined arc-cosine + E,GAK+PAK + E,GY,CV2,3,0.965687961293798,138.4873592376708
9,Eta9,Combined baseline,Combined G + P pathway,Arc-cosine,Without W,Combined arc-cosine + E,GAK+PAK + E,GY,CV2,4,0.9657109719983901,137.2965049743652
9,Eta9,Combined baseline,Combined G + P pathway,Arc-cosine,Without W,Combined arc-cosine + E,GAK+PAK + E,GY,CV2,5,0.9650360547217833,136.9861528873444
9,Eta9,Combined baseline,Combined G + P pathway,Arc-cosine,Without W,Combined arc-cosine + E,GAK+PAK + E,GY,CV2,6,0.9660087695347299,161.7398993492124
9,Eta9,Combined baseline,Combined G + P pathway,Arc-cosine,Without W,Combined arc-cosine + E,GAK+PAK + E,GY,CV2,7,0.965504628260225,138.6692646026612
9,Eta9,Combined baseline,Combined G + P pathway,Arc-cosine,Without W,Combined arc-cosine + E,GAK+PAK + E,GY,CV2,8,0.9660819814732559,136.9967638492584
9,Eta9,Combined baseline,Combined G + P pathway,Arc-cosine,Without W,Combined arc-cosine + E,GAK+PAK + E,GY,CV2,9,0.9655232439474482,158.4271592140196
9,Eta9,Combined baseline,Combined G + P pathway,Arc-cosine,Without W,Combined arc-cosine + E,GAK+PAK + E,GY,CV2,10,0.9664242712118938,158.0029174804688
9,Eta9,Combined baseline,Combined G + P pathway,Arc-cosine,Without W,Combined arc-cosine + E,GAK+PAK + E,KW,CV1,1,0.558774188520107,137.5394151687622
9,Eta9,Combined baseline,Combined G + P pathway,Arc-cosine,Without W,Combined arc-cosine + E,GAK+PAK + E,KW,CV1,2,0.5538166707004603,159.2054215431216
9,Eta9,Combined baseline,Combined G + P pathway,Arc-cosine,Without W,Combined arc-cosine + E,GAK+PAK + E,KW,CV1,3,0.547716157966572,160.020494222641
9,Eta9,Combined baseline,Combined G + P pathway,Arc-cosine,Without W,Combined arc-cosine + E,GAK+PAK + E,KW,CV1,4,0.516063969547389,136.3349562168122
9,Eta9,Combined baseline,Combined G + P pathway,Arc-cosine,Without W,Combined arc-cosine + E,GAK+PAK + E,KW,CV1,5,0.5617719364962003,136.3243135929108
9,Eta9,Combined baseline,Combined G + P pathway,Arc-cosine,Without W,Combined arc-cosine + E,GAK+PAK + E,KW,CV1,6,0.5875915208414153,138.2032272338868
9,Eta9,Combined baseline,Combined G + P pathway,Arc-cosine,Without W,Combined arc-cosine + E,GAK+PAK + E,KW,CV1,7,0.5160858679023915,162.1973886013032
9,Eta9,Combined baseline,Combined G + P pathway,Arc-cosine,Without W,Combined arc-cosine + E,GAK+PAK + E,KW,CV1,8,0.5842387486630776,136.7229889869688
9,Eta9,Combined baseline,Combined G + P pathway,Arc-cosine,Without W,Combined arc-cosine + E,GAK+PAK + E,KW,CV1,9,0.5614937550583198,158.3011367797852
9,Eta9,Combined baseline,Combined G + P pathway,Arc-cosine,Without W,Combined arc-cosine + E,GAK+PAK + E,KW,CV1,10,0.5631436180457463,126.0742593765258
9,Eta9,Combined baseline,Combined G + P pathway,Arc-cosine,Without W,Combined arc-cosine + E,GAK+PAK + E,KW,CV2,1,0.97700467434958,137.5394151687622
9,Eta9,Combined baseline,Combined G + P pathway,Arc-cosine,Without W,Combined arc-cosine + E,GAK+PAK + E,KW,CV2,2,0.9772642633191946,159.2054215431216
9,Eta9,Combined baseline,Combined G + P pathway,Arc-cosine,Without W,Combined arc-cosine + E,GAK+PAK + E,KW,CV2,3,0.9767099870109813,160.020494222641
9,Eta9,Combined baseline,Combined G + P pathway,Arc-cosine,Without W,Combined arc-cosine + E,GAK+PAK + E,KW,CV2,4,0.9766845800371577,136.3349562168122
9,Eta9,Combined baseline,Combined G + P pathway,Arc-cosine,Without W,Combined arc-cosine + E,GAK+PAK + E,KW,CV2,5,0.97689413806782,136.3243135929108
9,Eta9,Combined baseline,Combined G + P pathway,Arc-cosine,Without W,Combined arc-cosine + E,GAK+PAK + E,KW,CV2,6,0.9772127289104764,138.2032272338868
9,Eta9,Combined baseline,Combined G + P pathway,Arc-cosine,Without W,Combined arc-cosine + E,GAK+PAK + E,KW,CV2,7,0.9771377255914352,162.1973886013032
9,Eta9,Combined baseline,Combined G + P pathway,Arc-cosine,Without W,Combined arc-cosine + E,GAK+PAK + E,KW,CV2,8,0.9768938666329456,136.7229889869688
9,Eta9,Combined baseline,Combined G + P pathway,Arc-cosine,Without W,Combined arc-cosine + E,GAK+PAK + E,KW,CV2,9,0.9766516038220342,158.3011367797852
9,Eta9,Combined baseline,Combined G + P pathway,Arc-cosine,Without W,Combined arc-cosine + E,GAK+PAK + E,KW,CV2,10,0.9769493090140491,126.0742593765258
10,Eta10,Weather single-source,Genomic pathway,Linear,With W,Genomic linear + W,G + W,GY,CV1,1,0.7275422473584805,127.8985387325284
10,Eta10,Weather single-source,Genomic pathway,Linear,With W,Genomic linear + W,G + W,GY,CV1,2,0.7160679844276292,126.2846969604492
10,Eta10,Weather single-source,Genomic pathway,Linear,With W,Genomic linear + W,G + W,GY,CV1,3,0.7165607387620316,125.7321011543274
10,Eta10,Weather single-source,Genomic pathway,Linear,With W,Genomic linear + W,G + W,GY,CV1,4,0.7082278119448746,125.3183702468874
10,Eta10,Weather single-source,Genomic pathway,Linear,With W,Genomic linear + W,G + W,GY,CV1,5,0.7187471935131644,124.4094543933868
10,Eta10,Weather single-source,Genomic pathway,Linear,With W,Genomic linear + W,G + W,GY,CV1,6,0.7211579108124153,124.4479970455172
10,Eta10,Weather single-source,Genomic pathway,Linear,With W,Genomic linear + W,G + W,GY,CV1,7,0.7395680351878204,145.9877885818482
10,Eta10,Weather single-source,Genomic pathway,Linear,With W,Genomic linear + W,G + W,GY,CV1,8,0.7208294211670194,125.089009809494
10,Eta10,Weather single-source,Genomic pathway,Linear,With W,Genomic linear + W,G + W,GY,CV1,9,0.7407248526951752,125.577843952179
10,Eta10,Weather single-source,Genomic pathway,Linear,With W,Genomic linear + W,G + W,GY,CV1,10,0.7359602066437905,125.8609459877014
10,Eta10,Weather single-source,Genomic pathway,Linear,With W,Genomic linear + W,G + W,GY,CV2,1,0.9841507653158474,127.8985387325284
10,Eta10,Weather single-source,Genomic pathway,Linear,With W,Genomic linear + W,G + W,GY,CV2,2,0.9842513204186899,126.2846969604492
10,Eta10,Weather single-source,Genomic pathway,Linear,With W,Genomic linear + W,G + W,GY,CV2,3,0.9840761956680304,125.7321011543274
10,Eta10,Weather single-source,Genomic pathway,Linear,With W,Genomic linear + W,G + W,GY,CV2,4,0.9840793288668046,125.3183702468874
10,Eta10,Weather single-source,Genomic pathway,Linear,With W,Genomic linear + W,G + W,GY,CV2,5,0.984283095520396,124.4094543933868
10,Eta10,Weather single-source,Genomic pathway,Linear,With W,Genomic linear + W,G + W,GY,CV2,6,0.9841507890667941,124.4479970455172
10,Eta10,Weather single-source,Genomic pathway,Linear,With W,Genomic linear + W,G + W,GY,CV2,7,0.984305550260471,145.9877885818482
10,Eta10,Weather single-source,Genomic pathway,Linear,With W,Genomic linear + W,G + W,GY,CV2,8,0.9843496788566529,125.089009809494
10,Eta10,Weather single-source,Genomic pathway,Linear,With W,Genomic linear + W,G + W,GY,CV2,9,0.984068229384861,125.577843952179
10,Eta10,Weather single-source,Genomic pathway,Linear,With W,Genomic linear + W,G + W,GY,CV2,10,0.9841118115737373,125.8609459877014
10,Eta10,Weather single-source,Genomic pathway,Linear,With W,Genomic linear + W,G + W,KW,CV1,1,0.6172471704049184,124.0978454589842
10,Eta10,Weather single-source,Genomic pathway,Linear,With W,Genomic linear + W,G + W,KW,CV1,2,0.5991220965223771,124.731450176239
10,Eta10,Weather single-source,Genomic pathway,Linear,With W,Genomic linear + W,G + W,KW,CV1,3,0.6072334916297362,146.8967375755308
10,Eta10,Weather single-source,Genomic pathway,Linear,With W,Genomic linear + W,G + W,KW,CV1,4,0.6008053064604654,145.58284382820142
10,Eta10,Weather single-source,Genomic pathway,Linear,With W,Genomic linear + W,G + W,KW,CV1,5,0.5634986518288736,146.134338760376
10,Eta10,Weather single-source,Genomic pathway,Linear,With W,Genomic linear + W,G + W,KW,CV1,6,0.6103394048221856,125.501424598694
10,Eta10,Weather single-source,Genomic pathway,Linear,With W,Genomic linear + W,G + W,KW,CV1,7,0.5773921615571509,123.005824995041
10,Eta10,Weather single-source,Genomic pathway,Linear,With W,Genomic linear + W,G + W,KW,CV1,8,0.592973661339457,124.0142679691314
10,Eta10,Weather single-source,Genomic pathway,Linear,With W,Genomic linear + W,G + W,KW,CV1,9,0.5976607020345774,124.3259508609772
10,Eta10,Weather single-source,Genomic pathway,Linear,With W,Genomic linear + W,G + W,KW,CV1,10,0.5692555867594762,113.81259799003594
10,Eta10,Weather single-source,Genomic pathway,Linear,With W,Genomic linear + W,G + W,KW,CV2,1,0.9901801853645592,124.0978454589842
10,Eta10,Weather single-source,Genomic pathway,Linear,With W,Genomic linear + W,G + W,KW,CV2,2,0.9902264912848228,124.731450176239
10,Eta10,Weather single-source,Genomic pathway,Linear,With W,Genomic linear + W,G + W,KW,CV2,3,0.9902996910172007,146.8967375755308
10,Eta10,Weather single-source,Genomic pathway,Linear,With W,Genomic linear + W,G + W,KW,CV2,4,0.9901757951687686,145.58284382820142
10,Eta10,Weather single-source,Genomic pathway,Linear,With W,Genomic linear + W,G + W,KW,CV2,5,0.990307419394048,146.134338760376
10,Eta10,Weather single-source,Genomic pathway,Linear,With W,Genomic linear + W,G + W,KW,CV2,6,0.990244555127186,125.501424598694
10,Eta10,Weather single-source,Genomic pathway,Linear,With W,Genomic linear + W,G + W,KW,CV2,7,0.9902503586160177,123.005824995041
10,Eta10,Weather single-source,Genomic pathway,Linear,With W,Genomic linear + W,G + W,KW,CV2,8,0.9902922303503645,124.0142679691314
10,Eta10,Weather single-source,Genomic pathway,Linear,With W,Genomic linear + W,G + W,KW,CV2,9,0.9902007114968956,124.3259508609772
10,Eta10,Weather single-source,Genomic pathway,Linear,With W,Genomic linear + W,G + W,KW,CV2,10,0.9901876064496579,113.81259799003594
11,Eta11,Weather single-source,Phenomic pathway,Linear,With W,Phenomic linear + W,P + W,GY,CV1,1,0.633398286970964,152.4624757766722
11,Eta11,Weather single-source,Phenomic pathway,Linear,With W,Phenomic linear + W,P + W,GY,CV1,2,0.6268372826197589,125.8406262397764
11,Eta11,Weather single-source,Phenomic pathway,Linear,With W,Phenomic linear + W,P + W,GY,CV1,3,0.6421677306870274,125.063335609436
11,Eta11,Weather single-source,Phenomic pathway,Linear,With W,Phenomic linear + W,P + W,GY,CV1,4,0.5935778263524215,126.13102960586541
11,Eta11,Weather single-source,Phenomic pathway,Linear,With W,Phenomic linear + W,P + W,GY,CV1,5,0.6633648535993799,146.1242981910706
11,Eta11,Weather single-source,Phenomic pathway,Linear,With W,Phenomic linear + W,P + W,GY,CV1,6,0.6582806428668411,124.9372714042664
11,Eta11,Weather single-source,Phenomic pathway,Linear,With W,Phenomic linear + W,P + W,GY,CV1,7,0.6423711165018396,125.1435435771942
11,Eta11,Weather single-source,Phenomic pathway,Linear,With W,Phenomic linear + W,P + W,GY,CV1,8,0.6477362669839173,124.0001433372496
11,Eta11,Weather single-source,Phenomic pathway,Linear,With W,Phenomic linear + W,P + W,GY,CV1,9,0.6389408175938879,126.005732059479
11,Eta11,Weather single-source,Phenomic pathway,Linear,With W,Phenomic linear + W,P + W,GY,CV1,10,0.6243819987025563,126.1380375862122
11,Eta11,Weather single-source,Phenomic pathway,Linear,With W,Phenomic linear + W,P + W,GY,CV2,1,0.9609122755490074,152.4624757766722
11,Eta11,Weather single-source,Phenomic pathway,Linear,With W,Phenomic linear + W,P + W,GY,CV2,2,0.9645317322546448,125.8406262397764
11,Eta11,Weather single-source,Phenomic pathway,Linear,With W,Phenomic linear + W,P + W,GY,CV2,3,0.9518824174921139,125.063335609436
11,Eta11,Weather single-source,Phenomic pathway,Linear,With W,Phenomic linear + W,P + W,GY,CV2,4,0.7167480584677027,126.13102960586541
11,Eta11,Weather single-source,Phenomic pathway,Linear,With W,Phenomic linear + W,P + W,GY,CV2,5,0.9675157327426482,146.1242981910706
11,Eta11,Weather single-source,Phenomic pathway,Linear,With W,Phenomic linear + W,P + W,GY,CV2,6,0.9682206238816484,124.9372714042664
11,Eta11,Weather single-source,Phenomic pathway,Linear,With W,Phenomic linear + W,P + W,GY,CV2,7,0.9567438881856658,125.1435435771942
11,Eta11,Weather single-source,Phenomic pathway,Linear,With W,Phenomic linear + W,P + W,GY,CV2,8,0.952341347183333,124.0001433372496
11,Eta11,Weather single-source,Phenomic pathway,Linear,With W,Phenomic linear + W,P + W,GY,CV2,9,0.9203907512199792,126.005732059479
11,Eta11,Weather single-source,Phenomic pathway,Linear,With W,Phenomic linear + W,P + W,GY,CV2,10,0.970383423386408,126.1380375862122
11,Eta11,Weather single-source,Phenomic pathway,Linear,With W,Phenomic linear + W,P + W,KW,CV1,1,0.7581384178082928,146.182476425171
11,Eta11,Weather single-source,Phenomic pathway,Linear,With W,Phenomic linear + W,P + W,KW,CV1,2,0.7585882205844859,124.3834180355074
11,Eta11,Weather single-source,Phenomic pathway,Linear,With W,Phenomic linear + W,P + W,KW,CV1,3,0.7641716755459753,124.2973682403564
11,Eta11,Weather single-source,Phenomic pathway,Linear,With W,Phenomic linear + W,P + W,KW,CV1,4,0.7727656686278145,124.652869129181
11,Eta11,Weather single-source,Phenomic pathway,Linear,With W,Phenomic linear + W,P + W,KW,CV1,5,0.7577231032369893,124.876203584671
11,Eta11,Weather single-source,Phenomic pathway,Linear,With W,Phenomic linear + W,P + W,KW,CV1,6,0.7577559110931738,125.8426814079284
11,Eta11,Weather single-source,Phenomic pathway,Linear,With W,Phenomic linear + W,P + W,KW,CV1,7,0.7680168247311797,123.1956288337706
11,Eta11,Weather single-source,Phenomic pathway,Linear,With W,Phenomic linear + W,P + W,KW,CV1,8,0.7602143397540982,123.5329116821286
11,Eta11,Weather single-source,Phenomic pathway,Linear,With W,Phenomic linear + W,P + W,KW,CV1,9,0.7562570697810398,148.0440108299256
11,Eta11,Weather single-source,Phenomic pathway,Linear,With W,Phenomic linear + W,P + W,KW,CV1,10,0.7602686659998723,108.02632899284374
11,Eta11,Weather single-source,Phenomic pathway,Linear,With W,Phenomic linear + W,P + W,KW,CV2,1,0.9809308776830727,146.182476425171
11,Eta11,Weather single-source,Phenomic pathway,Linear,With W,Phenomic linear + W,P + W,KW,CV2,2,0.9900502982570124,124.3834180355074
11,Eta11,Weather single-source,Phenomic pathway,Linear,With W,Phenomic linear + W,P + W,KW,CV2,3,0.9890949816800105,124.2973682403564
11,Eta11,Weather single-source,Phenomic pathway,Linear,With W,Phenomic linear + W,P + W,KW,CV2,4,0.985622925934746,124.652869129181
11,Eta11,Weather single-source,Phenomic pathway,Linear,With W,Phenomic linear + W,P + W,KW,CV2,5,0.9871970888481286,124.876203584671
11,Eta11,Weather single-source,Phenomic pathway,Linear,With W,Phenomic linear + W,P + W,KW,CV2,6,0.98914677141309,125.8426814079284
11,Eta11,Weather single-source,Phenomic pathway,Linear,With W,Phenomic linear + W,P + W,KW,CV2,7,0.9847798697709248,123.1956288337706
11,Eta11,Weather single-source,Phenomic pathway,Linear,With W,Phenomic linear + W,P + W,KW,CV2,8,0.990112775385996,123.5329116821286
11,Eta11,Weather single-source,Phenomic pathway,Linear,With W,Phenomic linear + W,P + W,KW,CV2,9,0.9870098452336207,148.0440108299256
11,Eta11,Weather single-source,Phenomic pathway,Linear,With W,Phenomic linear + W,P + W,KW,CV2,10,0.9768675942977442,108.02632899284374
12,Eta12,Weather combined,Combined G + P pathway,Linear,With W,Combined linear + W,G+P + W,GY,CV1,1,0.705251732490287,243.3107791900638
12,Eta12,Weather combined,Combined G + P pathway,Linear,With W,Combined linear + W,G+P + W,GY,CV1,2,0.7275316317413695,282.01520819664
12,Eta12,Weather combined,Combined G + P pathway,Linear,With W,Combined linear + W,G+P + W,GY,CV1,3,0.7381563652199478,241.647658586502
12,Eta12,Weather combined,Combined G + P pathway,Linear,With W,Combined linear + W,G+P + W,GY,CV1,4,0.7150433963791449,240.223431777954
12,Eta12,Weather combined,Combined G + P pathway,Linear,With W,Combined linear + W,G+P + W,GY,CV1,5,0.7004026164636504,280.9927899837492
12,Eta12,Weather combined,Combined G + P pathway,Linear,With W,Combined linear + W,G+P + W,GY,CV1,6,0.7288448710702398,281.85498919487
12,Eta12,Weather combined,Combined G + P pathway,Linear,With W,Combined linear + W,G+P + W,GY,CV1,7,0.7181959426767132,281.072744846344
12,Eta12,Weather combined,Combined G + P pathway,Linear,With W,Combined linear + W,G+P + W,GY,CV1,8,0.7098839575871819,240.924451780319
12,Eta12,Weather combined,Combined G + P pathway,Linear,With W,Combined linear + W,G+P + W,GY,CV1,9,0.7123087455841445,241.1958846092226
12,Eta12,Weather combined,Combined G + P pathway,Linear,With W,Combined linear + W,G+P + W,GY,CV1,10,0.732350811616323,279.9928159236908
12,Eta12,Weather combined,Combined G + P pathway,Linear,With W,Combined linear + W,G+P + W,GY,CV2,1,0.9824280836753493,243.3107791900638
12,Eta12,Weather combined,Combined G + P pathway,Linear,With W,Combined linear + W,G+P + W,GY,CV2,2,0.9822611619296767,282.01520819664
12,Eta12,Weather combined,Combined G + P pathway,Linear,With W,Combined linear + W,G+P + W,GY,CV2,3,0.9823883382928198,241.647658586502
12,Eta12,Weather combined,Combined G + P pathway,Linear,With W,Combined linear + W,G+P + W,GY,CV2,4,0.9825048278878841,240.223431777954
12,Eta12,Weather combined,Combined G + P pathway,Linear,With W,Combined linear + W,G+P + W,GY,CV2,5,0.9825542404297952,280.9927899837492
12,Eta12,Weather combined,Combined G + P pathway,Linear,With W,Combined linear + W,G+P + W,GY,CV2,6,0.9822597654895853,281.85498919487
12,Eta12,Weather combined,Combined G + P pathway,Linear,With W,Combined linear + W,G+P + W,GY,CV2,7,0.9825625033700023,281.072744846344
12,Eta12,Weather combined,Combined G + P pathway,Linear,With W,Combined linear + W,G+P + W,GY,CV2,8,0.9824670468191551,240.924451780319
12,Eta12,Weather combined,Combined G + P pathway,Linear,With W,Combined linear + W,G+P + W,GY,CV2,9,0.9825911203294238,241.1958846092226
12,Eta12,Weather combined,Combined G + P pathway,Linear,With W,Combined linear + W,G+P + W,GY,CV2,10,0.9825184343921448,279.9928159236908
12,Eta12,Weather combined,Combined G + P pathway,Linear,With W,Combined linear + W,G+P + W,KW,CV1,1,0.7182795866182592,240.1600437641144
12,Eta12,Weather combined,Combined G + P pathway,Linear,With W,Combined linear + W,G+P + W,KW,CV1,2,0.6923233192194133,239.5237698554994
12,Eta12,Weather combined,Combined G + P pathway,Linear,With W,Combined linear + W,G+P + W,KW,CV1,3,0.7123258664041024,238.4677567005156
12,Eta12,Weather combined,Combined G + P pathway,Linear,With W,Combined linear + W,G+P + W,KW,CV1,4,0.6794762540123848,280.0766858100892
12,Eta12,Weather combined,Combined G + P pathway,Linear,With W,Combined linear + W,G+P + W,KW,CV1,5,0.7130546948938188,277.5121190547942
12,Eta12,Weather combined,Combined G + P pathway,Linear,With W,Combined linear + W,G+P + W,KW,CV1,6,0.69801128259893,283.152910232544
12,Eta12,Weather combined,Combined G + P pathway,Linear,With W,Combined linear + W,G+P + W,KW,CV1,7,0.7108101344450495,238.368747806549
12,Eta12,Weather combined,Combined G + P pathway,Linear,With W,Combined linear + W,G+P + W,KW,CV1,8,0.7039952583044162,239.5577383995058
12,Eta12,Weather combined,Combined G + P pathway,Linear,With W,Combined linear + W,G+P + W,KW,CV1,9,0.7241834835199019,223.5329275608064
12,Eta12,Weather combined,Combined G + P pathway,Linear,With W,Combined linear + W,G+P + W,KW,CV1,10,0.7289400946584959,148.24369597435003
12,Eta12,Weather combined,Combined G + P pathway,Linear,With W,Combined linear + W,G+P + W,KW,CV2,1,0.9939211041534823,240.1600437641144
12,Eta12,Weather combined,Combined G + P pathway,Linear,With W,Combined linear + W,G+P + W,KW,CV2,2,0.9943767110398245,239.5237698554994
12,Eta12,Weather combined,Combined G + P pathway,Linear,With W,Combined linear + W,G+P + W,KW,CV2,3,0.9944238738955896,238.4677567005156
12,Eta12,Weather combined,Combined G + P pathway,Linear,With W,Combined linear + W,G+P + W,KW,CV2,4,0.9930275292318701,280.0766858100892
12,Eta12,Weather combined,Combined G + P pathway,Linear,With W,Combined linear + W,G+P + W,KW,CV2,5,0.9946064186382593,277.5121190547942
12,Eta12,Weather combined,Combined G + P pathway,Linear,With W,Combined linear + W,G+P + W,KW,CV2,6,0.9941194400470252,283.152910232544
12,Eta12,Weather combined,Combined G + P pathway,Linear,With W,Combined linear + W,G+P + W,KW,CV2,7,0.9943282621228551,238.368747806549
12,Eta12,Weather combined,Combined G + P pathway,Linear,With W,Combined linear + W,G+P + W,KW,CV2,8,0.994259642516397,239.5577383995058
12,Eta12,Weather combined,Combined G + P pathway,Linear,With W,Combined linear + W,G+P + W,KW,CV2,9,0.9940463120321669,223.5329275608064
12,Eta12,Weather combined,Combined G + P pathway,Linear,With W,Combined linear + W,G+P + W,KW,CV2,10,0.9949142182022571,148.24369597435003
13,Eta13,Weather single-source,Genomic pathway,Gaussian,With W,Genomic Gaussian + W,GGK + W,GY,CV1,1,0.7448771682066886,104.7594094276428
13,Eta13,Weather single-source,Genomic pathway,Gaussian,With W,Genomic Gaussian + W,GGK + W,GY,CV1,2,0.714371322945513,99.4207358360291
13,Eta13,Weather single-source,Genomic pathway,Gaussian,With W,Genomic Gaussian + W,GGK + W,GY,CV1,3,0.7411549187638805,86.15962109565737
13,Eta13,Weather single-source,Genomic pathway,Gaussian,With W,Genomic Gaussian + W,GGK + W,GY,CV1,4,0.7226872228703851,99.12286348342894
13,Eta13,Weather single-source,Genomic pathway,Gaussian,With W,Genomic Gaussian + W,GGK + W,GY,CV1,5,0.725398416973069,85.69369001388552
13,Eta13,Weather single-source,Genomic pathway,Gaussian,With W,Genomic Gaussian + W,GGK + W,GY,CV1,6,0.7409314692104324,98.5698721885681
13,Eta13,Weather single-source,Genomic pathway,Gaussian,With W,Genomic Gaussian + W,GGK + W,GY,CV1,7,0.731427894823101,85.51722421646117
13,Eta13,Weather single-source,Genomic pathway,Gaussian,With W,Genomic Gaussian + W,GGK + W,GY,CV1,8,0.7112737487045878,100.60897560119624
13,Eta13,Weather single-source,Genomic pathway,Gaussian,With W,Genomic Gaussian + W,GGK + W,GY,CV1,9,0.7153153487858013,97.01299395561217
13,Eta13,Weather single-source,Genomic pathway,Gaussian,With W,Genomic Gaussian + W,GGK + W,GY,CV1,10,0.7234208782748623,84.83527846336366
13,Eta13,Weather single-source,Genomic pathway,Gaussian,With W,Genomic Gaussian + W,GGK + W,GY,CV2,1,0.9742125634082874,104.7594094276428
13,Eta13,Weather single-source,Genomic pathway,Gaussian,With W,Genomic Gaussian + W,GGK + W,GY,CV2,2,0.9740052755878101,99.4207358360291
13,Eta13,Weather single-source,Genomic pathway,Gaussian,With W,Genomic Gaussian + W,GGK + W,GY,CV2,3,0.9741340004675374,86.15962109565737
13,Eta13,Weather single-source,Genomic pathway,Gaussian,With W,Genomic Gaussian + W,GGK + W,GY,CV2,4,0.9741989047454815,99.12286348342894
13,Eta13,Weather single-source,Genomic pathway,Gaussian,With W,Genomic Gaussian + W,GGK + W,GY,CV2,5,0.9740469584080772,85.69369001388552
13,Eta13,Weather single-source,Genomic pathway,Gaussian,With W,Genomic Gaussian + W,GGK + W,GY,CV2,6,0.9742073500708406,98.5698721885681
13,Eta13,Weather single-source,Genomic pathway,Gaussian,With W,Genomic Gaussian + W,GGK + W,GY,CV2,7,0.9741431922655919,85.51722421646117
13,Eta13,Weather single-source,Genomic pathway,Gaussian,With W,Genomic Gaussian + W,GGK + W,GY,CV2,8,0.9743975324896791,100.60897560119624
13,Eta13,Weather single-source,Genomic pathway,Gaussian,With W,Genomic Gaussian + W,GGK + W,GY,CV2,9,0.9739662702708177,97.01299395561217
13,Eta13,Weather single-source,Genomic pathway,Gaussian,With W,Genomic Gaussian + W,GGK + W,GY,CV2,10,0.9742798397064968,84.83527846336366
13,Eta13,Weather single-source,Genomic pathway,Gaussian,With W,Genomic Gaussian + W,GGK + W,KW,CV1,1,0.5967905723163661,85.87845764160156
13,Eta13,Weather single-source,Genomic pathway,Gaussian,With W,Genomic Gaussian + W,GGK + W,KW,CV1,2,0.574346593953655,85.2595853805542
13,Eta13,Weather single-source,Genomic pathway,Gaussian,With W,Genomic Gaussian + W,GGK + W,KW,CV1,3,0.5890934782359094,85.02089743614198
13,Eta13,Weather single-source,Genomic pathway,Gaussian,With W,Genomic Gaussian + W,GGK + W,KW,CV1,4,0.5901172314601256,85.17793226242064
13,Eta13,Weather single-source,Genomic pathway,Gaussian,With W,Genomic Gaussian + W,GGK + W,KW,CV1,5,0.6034953624105543,84.92748861312866
13,Eta13,Weather single-source,Genomic pathway,Gaussian,With W,Genomic Gaussian + W,GGK + W,KW,CV1,6,0.6184213398537312,99.60195341110214
13,Eta13,Weather single-source,Genomic pathway,Gaussian,With W,Genomic Gaussian + W,GGK + W,KW,CV1,7,0.5962760937276188,84.3302191734314
13,Eta13,Weather single-source,Genomic pathway,Gaussian,With W,Genomic Gaussian + W,GGK + W,KW,CV1,8,0.616996230280002,84.85261774063112
13,Eta13,Weather single-source,Genomic pathway,Gaussian,With W,Genomic Gaussian + W,GGK + W,KW,CV1,9,0.5743172661717098,98.66544961929314
13,Eta13,Weather single-source,Genomic pathway,Gaussian,With W,Genomic Gaussian + W,GGK + W,KW,CV1,10,0.5934672836239957,76.46152501106263
13,Eta13,Weather single-source,Genomic pathway,Gaussian,With W,Genomic Gaussian + W,GGK + W,KW,CV2,1,0.9828787198167909,85.87845764160156
13,Eta13,Weather single-source,Genomic pathway,Gaussian,With W,Genomic Gaussian + W,GGK + W,KW,CV2,2,0.9831494710368311,85.2595853805542
13,Eta13,Weather single-source,Genomic pathway,Gaussian,With W,Genomic Gaussian + W,GGK + W,KW,CV2,3,0.9828468599361312,85.02089743614198
13,Eta13,Weather single-source,Genomic pathway,Gaussian,With W,Genomic Gaussian + W,GGK + W,KW,CV2,4,0.982977520283636,85.17793226242064
13,Eta13,Weather single-source,Genomic pathway,Gaussian,With W,Genomic Gaussian + W,GGK + W,KW,CV2,5,0.9828780151478602,84.92748861312866
13,Eta13,Weather single-source,Genomic pathway,Gaussian,With W,Genomic Gaussian + W,GGK + W,KW,CV2,6,0.9829468530592316,99.60195341110214
13,Eta13,Weather single-source,Genomic pathway,Gaussian,With W,Genomic Gaussian + W,GGK + W,KW,CV2,7,0.9829112906116656,84.3302191734314
13,Eta13,Weather single-source,Genomic pathway,Gaussian,With W,Genomic Gaussian + W,GGK + W,KW,CV2,8,0.9830414934645034,84.85261774063112
13,Eta13,Weather single-source,Genomic pathway,Gaussian,With W,Genomic Gaussian + W,GGK + W,KW,CV2,9,0.9827125444459384,98.66544961929314
13,Eta13,Weather single-source,Genomic pathway,Gaussian,With W,Genomic Gaussian + W,GGK + W,KW,CV2,10,0.9829452071323358,76.46152501106263
14,Eta14,Weather single-source,Phenomic pathway,Gaussian,With W,Phenomic Gaussian + W,PGK + W,GY,CV1,1,0.11333561960990543,128.728603744507
14,Eta14,Weather single-source,Phenomic pathway,Gaussian,With W,Phenomic Gaussian + W,PGK + W,GY,CV1,2,0.1546460857048871,146.6927837371826
14,Eta14,Weather single-source,Phenomic pathway,Gaussian,With W,Phenomic Gaussian + W,PGK + W,GY,CV1,3,0.17956625960505593,147.766743516922
14,Eta14,Weather single-source,Phenomic pathway,Gaussian,With W,Phenomic Gaussian + W,PGK + W,GY,CV1,4,0.13643522393905055,125.9341282367706
14,Eta14,Weather single-source,Phenomic pathway,Gaussian,With W,Phenomic Gaussian + W,PGK + W,GY,CV1,5,0.17157027779473144,124.8350419998168
14,Eta14,Weather single-source,Phenomic pathway,Gaussian,With W,Phenomic Gaussian + W,PGK + W,GY,CV1,6,0.13383620291393825,124.9286219596862
14,Eta14,Weather single-source,Phenomic pathway,Gaussian,With W,Phenomic Gaussian + W,PGK + W,GY,CV1,7,0.13811854491094494,125.3349659919738
14,Eta14,Weather single-source,Phenomic pathway,Gaussian,With W,Phenomic Gaussian + W,PGK + W,GY,CV1,8,0.14285467855535466,127.0177049636842
14,Eta14,Weather single-source,Phenomic pathway,Gaussian,With W,Phenomic Gaussian + W,PGK + W,GY,CV1,9,0.15447940720783904,125.6266571521758
14,Eta14,Weather single-source,Phenomic pathway,Gaussian,With W,Phenomic Gaussian + W,PGK + W,GY,CV1,10,0.14646791959169692,124.9162616252898
14,Eta14,Weather single-source,Phenomic pathway,Gaussian,With W,Phenomic Gaussian + W,PGK + W,GY,CV2,1,0.9484027246284448,128.728603744507
14,Eta14,Weather single-source,Phenomic pathway,Gaussian,With W,Phenomic Gaussian + W,PGK + W,GY,CV2,2,0.9487784610221135,146.6927837371826
14,Eta14,Weather single-source,Phenomic pathway,Gaussian,With W,Phenomic Gaussian + W,PGK + W,GY,CV2,3,0.9473249330014522,147.766743516922
14,Eta14,Weather single-source,Phenomic pathway,Gaussian,With W,Phenomic Gaussian + W,PGK + W,GY,CV2,4,0.9509140800674452,125.9341282367706
14,Eta14,Weather single-source,Phenomic pathway,Gaussian,With W,Phenomic Gaussian + W,PGK + W,GY,CV2,5,0.9482886939669513,124.8350419998168
14,Eta14,Weather single-source,Phenomic pathway,Gaussian,With W,Phenomic Gaussian + W,PGK + W,GY,CV2,6,0.9485728708036806,124.9286219596862
14,Eta14,Weather single-source,Phenomic pathway,Gaussian,With W,Phenomic Gaussian + W,PGK + W,GY,CV2,7,0.9490087907193352,125.3349659919738
14,Eta14,Weather single-source,Phenomic pathway,Gaussian,With W,Phenomic Gaussian + W,PGK + W,GY,CV2,8,0.9500719885850992,127.0177049636842
14,Eta14,Weather single-source,Phenomic pathway,Gaussian,With W,Phenomic Gaussian + W,PGK + W,GY,CV2,9,0.9477054676370382,125.6266571521758
14,Eta14,Weather single-source,Phenomic pathway,Gaussian,With W,Phenomic Gaussian + W,PGK + W,GY,CV2,10,0.9507870003793013,124.9162616252898
14,Eta14,Weather single-source,Phenomic pathway,Gaussian,With W,Phenomic Gaussian + W,PGK + W,KW,CV1,1,0.19886657068938404,124.8313829898832
14,Eta14,Weather single-source,Phenomic pathway,Gaussian,With W,Phenomic Gaussian + W,PGK + W,KW,CV1,2,0.19667208577222386,144.9630231857302
14,Eta14,Weather single-source,Phenomic pathway,Gaussian,With W,Phenomic Gaussian + W,PGK + W,KW,CV1,3,0.2013126640119419,124.7330269813538
14,Eta14,Weather single-source,Phenomic pathway,Gaussian,With W,Phenomic Gaussian + W,PGK + W,KW,CV1,4,0.20779540888148346,124.2736252307892
14,Eta14,Weather single-source,Phenomic pathway,Gaussian,With W,Phenomic Gaussian + W,PGK + W,KW,CV1,5,0.1990343461121956,123.849580812454
14,Eta14,Weather single-source,Phenomic pathway,Gaussian,With W,Phenomic Gaussian + W,PGK + W,KW,CV1,6,0.2175054864136819,126.1799102306368
14,Eta14,Weather single-source,Phenomic pathway,Gaussian,With W,Phenomic Gaussian + W,PGK + W,KW,CV1,7,0.21361509797079425,146.1513936519622
14,Eta14,Weather single-source,Phenomic pathway,Gaussian,With W,Phenomic Gaussian + W,PGK + W,KW,CV1,8,0.1698987818099998,147.4412997722624
14,Eta14,Weather single-source,Phenomic pathway,Gaussian,With W,Phenomic Gaussian + W,PGK + W,KW,CV1,9,0.18017479724890978,123.28071298599279
14,Eta14,Weather single-source,Phenomic pathway,Gaussian,With W,Phenomic Gaussian + W,PGK + W,KW,CV1,10,0.24425670332359686,108.37525296211246
14,Eta14,Weather single-source,Phenomic pathway,Gaussian,With W,Phenomic Gaussian + W,PGK + W,KW,CV2,1,0.960043735524105,124.8313829898832
14,Eta14,Weather single-source,Phenomic pathway,Gaussian,With W,Phenomic Gaussian + W,PGK + W,KW,CV2,2,0.9592932809776101,144.9630231857302
14,Eta14,Weather single-source,Phenomic pathway,Gaussian,With W,Phenomic Gaussian + W,PGK + W,KW,CV2,3,0.9586831297793879,124.7330269813538
14,Eta14,Weather single-source,Phenomic pathway,Gaussian,With W,Phenomic Gaussian + W,PGK + W,KW,CV2,4,0.9572796670023788,124.2736252307892
14,Eta14,Weather single-source,Phenomic pathway,Gaussian,With W,Phenomic Gaussian + W,PGK + W,KW,CV2,5,0.9590278141811076,123.849580812454
14,Eta14,Weather single-source,Phenomic pathway,Gaussian,With W,Phenomic Gaussian + W,PGK + W,KW,CV2,6,0.957483072373343,126.1799102306368
14,Eta14,Weather single-source,Phenomic pathway,Gaussian,With W,Phenomic Gaussian + W,PGK + W,KW,CV2,7,0.9593720729357773,146.1513936519622
14,Eta14,Weather single-source,Phenomic pathway,Gaussian,With W,Phenomic Gaussian + W,PGK + W,KW,CV2,8,0.9572081001318097,147.4412997722624
14,Eta14,Weather single-source,Phenomic pathway,Gaussian,With W,Phenomic Gaussian + W,PGK + W,KW,CV2,9,0.9586699814245673,123.28071298599279
14,Eta14,Weather single-source,Phenomic pathway,Gaussian,With W,Phenomic Gaussian + W,PGK + W,KW,CV2,10,0.957522776607451,108.37525296211246
15,Eta15,Weather combined,Combined G + P pathway,Gaussian,With W,Combined Gaussian + W,GGK+PGK + W,GY,CV1,1,0.7130876862169885,238.806967973709
15,Eta15,Weather combined,Combined G + P pathway,Gaussian,With W,Combined Gaussian + W,GGK+PGK + W,GY,CV1,2,0.7125086151260746,202.9934102535248
15,Eta15,Weather combined,Combined G + P pathway,Gaussian,With W,Combined Gaussian + W,GGK+PGK + W,GY,CV1,3,0.716725056352775,234.8645321846006
15,Eta15,Weather combined,Combined G + P pathway,Gaussian,With W,Combined Gaussian + W,GGK+PGK + W,GY,CV1,4,0.7268482276299831,201.8542190551758
15,Eta15,Weather combined,Combined G + P pathway,Gaussian,With W,Combined Gaussian + W,GGK+PGK + W,GY,CV1,5,0.719599375442427,201.9065368175506
15,Eta15,Weather combined,Combined G + P pathway,Gaussian,With W,Combined Gaussian + W,GGK+PGK + W,GY,CV1,6,0.71307977187213,202.2715848445892
15,Eta15,Weather combined,Combined G + P pathway,Gaussian,With W,Combined Gaussian + W,GGK+PGK + W,GY,CV1,7,0.7431877377811614,233.291692018509
15,Eta15,Weather combined,Combined G + P pathway,Gaussian,With W,Combined Gaussian + W,GGK+PGK + W,GY,CV1,8,0.7192628843299322,233.3417166233062
15,Eta15,Weather combined,Combined G + P pathway,Gaussian,With W,Combined Gaussian + W,GGK+PGK + W,GY,CV1,9,0.7409866334970008,203.7928916454316
15,Eta15,Weather combined,Combined G + P pathway,Gaussian,With W,Combined Gaussian + W,GGK+PGK + W,GY,CV1,10,0.7268079544173067,201.7754910469052
15,Eta15,Weather combined,Combined G + P pathway,Gaussian,With W,Combined Gaussian + W,GGK+PGK + W,GY,CV2,1,0.990443872401538,238.806967973709
15,Eta15,Weather combined,Combined G + P pathway,Gaussian,With W,Combined Gaussian + W,GGK+PGK + W,GY,CV2,2,0.9906510549752932,202.9934102535248
15,Eta15,Weather combined,Combined G + P pathway,Gaussian,With W,Combined Gaussian + W,GGK+PGK + W,GY,CV2,3,0.990722382117496,234.8645321846006
15,Eta15,Weather combined,Combined G + P pathway,Gaussian,With W,Combined Gaussian + W,GGK+PGK + W,GY,CV2,4,0.9905987520261077,201.8542190551758
15,Eta15,Weather combined,Combined G + P pathway,Gaussian,With W,Combined Gaussian + W,GGK+PGK + W,GY,CV2,5,0.9905676679187051,201.9065368175506
15,Eta15,Weather combined,Combined G + P pathway,Gaussian,With W,Combined Gaussian + W,GGK+PGK + W,GY,CV2,6,0.9905209582112999,202.2715848445892
15,Eta15,Weather combined,Combined G + P pathway,Gaussian,With W,Combined Gaussian + W,GGK+PGK + W,GY,CV2,7,0.9903828615692062,233.291692018509
15,Eta15,Weather combined,Combined G + P pathway,Gaussian,With W,Combined Gaussian + W,GGK+PGK + W,GY,CV2,8,0.9905653473043424,233.3417166233062
15,Eta15,Weather combined,Combined G + P pathway,Gaussian,With W,Combined Gaussian + W,GGK+PGK + W,GY,CV2,9,0.9905977164005085,203.7928916454316
15,Eta15,Weather combined,Combined G + P pathway,Gaussian,With W,Combined Gaussian + W,GGK+PGK + W,GY,CV2,10,0.9905044758527287,201.7754910469052
15,Eta15,Weather combined,Combined G + P pathway,Gaussian,With W,Combined Gaussian + W,GGK+PGK + W,KW,CV1,1,0.6243714064478002,233.26671900749201
15,Eta15,Weather combined,Combined G + P pathway,Gaussian,With W,Combined Gaussian + W,GGK+PGK + W,KW,CV1,2,0.591620568996029,202.8268422603608
15,Eta15,Weather combined,Combined G + P pathway,Gaussian,With W,Combined Gaussian + W,GGK+PGK + W,KW,CV1,3,0.5791554149505725,232.8663383960724
15,Eta15,Weather combined,Combined G + P pathway,Gaussian,With W,Combined Gaussian + W,GGK+PGK + W,KW,CV1,4,0.5831492726288053,237.2369287967682
15,Eta15,Weather combined,Combined G + P pathway,Gaussian,With W,Combined Gaussian + W,GGK+PGK + W,KW,CV1,5,0.6135424147991652,203.6224488735198
15,Eta15,Weather combined,Combined G + P pathway,Gaussian,With W,Combined Gaussian + W,GGK+PGK + W,KW,CV1,6,0.6026067062823882,200.404434633255
15,Eta15,Weather combined,Combined G + P pathway,Gaussian,With W,Combined Gaussian + W,GGK+PGK + W,KW,CV1,7,0.5807727859544362,199.7368617534638
15,Eta15,Weather combined,Combined G + P pathway,Gaussian,With W,Combined Gaussian + W,GGK+PGK + W,KW,CV1,8,0.6035136435096907,237.2415985107422
15,Eta15,Weather combined,Combined G + P pathway,Gaussian,With W,Combined Gaussian + W,GGK+PGK + W,KW,CV1,9,0.5857093003055759,192.2254017829894
15,Eta15,Weather combined,Combined G + P pathway,Gaussian,With W,Combined Gaussian + W,GGK+PGK + W,KW,CV1,10,0.5819663300299233,133.60087742805462
15,Eta15,Weather combined,Combined G + P pathway,Gaussian,With W,Combined Gaussian + W,GGK+PGK + W,KW,CV2,1,0.9941263457053932,233.26671900749201
15,Eta15,Weather combined,Combined G + P pathway,Gaussian,With W,Combined Gaussian + W,GGK+PGK + W,KW,CV2,2,0.9942032481959144,202.8268422603608
15,Eta15,Weather combined,Combined G + P pathway,Gaussian,With W,Combined Gaussian + W,GGK+PGK + W,KW,CV2,3,0.9941797303386085,232.8663383960724
15,Eta15,Weather combined,Combined G + P pathway,Gaussian,With W,Combined Gaussian + W,GGK+PGK + W,KW,CV2,4,0.9941177612221015,237.2369287967682
15,Eta15,Weather combined,Combined G + P pathway,Gaussian,With W,Combined Gaussian + W,GGK+PGK + W,KW,CV2,5,0.9942294061523624,203.6224488735198
15,Eta15,Weather combined,Combined G + P pathway,Gaussian,With W,Combined Gaussian + W,GGK+PGK + W,KW,CV2,6,0.9941751374313597,200.404434633255
15,Eta15,Weather combined,Combined G + P pathway,Gaussian,With W,Combined Gaussian + W,GGK+PGK + W,KW,CV2,7,0.9941818373425477,199.7368617534638
15,Eta15,Weather combined,Combined G + P pathway,Gaussian,With W,Combined Gaussian + W,GGK+PGK + W,KW,CV2,8,0.9941993662580065,237.2415985107422
15,Eta15,Weather combined,Combined G + P pathway,Gaussian,With W,Combined Gaussian + W,GGK+PGK + W,KW,CV2,9,0.9941187208371336,192.2254017829894
15,Eta15,Weather combined,Combined G + P pathway,Gaussian,With W,Combined Gaussian + W,GGK+PGK + W,KW,CV2,10,0.9941464871160675,133.60087742805462
16,Eta16,Weather single-source,Genomic pathway,Arc-cosine,With W,Genomic arc-cosine + W,GAK + W,GY,CV1,1,0.6963368197772304,89.3500012397766
16,Eta16,Weather single-source,Genomic pathway,Arc-cosine,With W,Genomic arc-cosine + W,GAK + W,GY,CV1,2,0.7104313594017886,85.59037294387818
16,Eta16,Weather single-source,Genomic pathway,Arc-cosine,With W,Genomic arc-cosine + W,GAK + W,GY,CV1,3,0.7182292720553476,85.96584615707395
16,Eta16,Weather single-source,Genomic pathway,Arc-cosine,With W,Genomic arc-cosine + W,GAK + W,GY,CV1,4,0.7239804118908167,98.55178341865542
16,Eta16,Weather single-source,Genomic pathway,Arc-cosine,With W,Genomic arc-cosine + W,GAK + W,GY,CV1,5,0.7179942575546576,86.0189236164093
16,Eta16,Weather single-source,Genomic pathway,Arc-cosine,With W,Genomic arc-cosine + W,GAK + W,GY,CV1,6,0.7067349347369865,98.79722776412956
16,Eta16,Weather single-source,Genomic pathway,Arc-cosine,With W,Genomic arc-cosine + W,GAK + W,GY,CV1,7,0.7186406501070974,86.37397541999816
16,Eta16,Weather single-source,Genomic pathway,Arc-cosine,With W,Genomic arc-cosine + W,GAK + W,GY,CV1,8,0.717818912755144,85.95643057823182
16,Eta16,Weather single-source,Genomic pathway,Arc-cosine,With W,Genomic arc-cosine + W,GAK + W,GY,CV1,9,0.7063349486706321,85.43296494483948
16,Eta16,Weather single-source,Genomic pathway,Arc-cosine,With W,Genomic arc-cosine + W,GAK + W,GY,CV1,10,0.7188372171956217,85.69504942893983
16,Eta16,Weather single-source,Genomic pathway,Arc-cosine,With W,Genomic arc-cosine + W,GAK + W,GY,CV2,1,0.9673925001422694,89.3500012397766
16,Eta16,Weather single-source,Genomic pathway,Arc-cosine,With W,Genomic arc-cosine + W,GAK + W,GY,CV2,2,0.9678656452553731,85.59037294387818
16,Eta16,Weather single-source,Genomic pathway,Arc-cosine,With W,Genomic arc-cosine + W,GAK + W,GY,CV2,3,0.9673123989141142,85.96584615707395
16,Eta16,Weather single-source,Genomic pathway,Arc-cosine,With W,Genomic arc-cosine + W,GAK + W,GY,CV2,4,0.9680360077823259,98.55178341865542
16,Eta16,Weather single-source,Genomic pathway,Arc-cosine,With W,Genomic arc-cosine + W,GAK + W,GY,CV2,5,0.967218296398055,86.0189236164093
16,Eta16,Weather single-source,Genomic pathway,Arc-cosine,With W,Genomic arc-cosine + W,GAK + W,GY,CV2,6,0.9678479672664672,98.79722776412956
16,Eta16,Weather single-source,Genomic pathway,Arc-cosine,With W,Genomic arc-cosine + W,GAK + W,GY,CV2,7,0.9674263421559901,86.37397541999816
16,Eta16,Weather single-source,Genomic pathway,Arc-cosine,With W,Genomic arc-cosine + W,GAK + W,GY,CV2,8,0.968387344619092,85.95643057823182
16,Eta16,Weather single-source,Genomic pathway,Arc-cosine,With W,Genomic arc-cosine + W,GAK + W,GY,CV2,9,0.9680234566681584,85.43296494483948
16,Eta16,Weather single-source,Genomic pathway,Arc-cosine,With W,Genomic arc-cosine + W,GAK + W,GY,CV2,10,0.9673343472017955,85.69504942893983
16,Eta16,Weather single-source,Genomic pathway,Arc-cosine,With W,Genomic arc-cosine + W,GAK + W,KW,CV1,1,0.561813748450924,98.9683219432832
16,Eta16,Weather single-source,Genomic pathway,Arc-cosine,With W,Genomic arc-cosine + W,GAK + W,KW,CV1,2,0.513843860030722,98.48752918243405
16,Eta16,Weather single-source,Genomic pathway,Arc-cosine,With W,Genomic arc-cosine + W,GAK + W,KW,CV1,3,0.5628630389998205,86.21155285835263
16,Eta16,Weather single-source,Genomic pathway,Arc-cosine,With W,Genomic arc-cosine + W,GAK + W,KW,CV1,4,0.5555255180762385,100.51414189338682
16,Eta16,Weather single-source,Genomic pathway,Arc-cosine,With W,Genomic arc-cosine + W,GAK + W,KW,CV1,5,0.5572945647328871,85.25189819335938
16,Eta16,Weather single-source,Genomic pathway,Arc-cosine,With W,Genomic arc-cosine + W,GAK + W,KW,CV1,6,0.5632793516207067,85.91099123954773
16,Eta16,Weather single-source,Genomic pathway,Arc-cosine,With W,Genomic arc-cosine + W,GAK + W,KW,CV1,7,0.5467867368629947,84.42383460998536
16,Eta16,Weather single-source,Genomic pathway,Arc-cosine,With W,Genomic arc-cosine + W,GAK + W,KW,CV1,8,0.5788977772013069,100.44245619773872
16,Eta16,Weather single-source,Genomic pathway,Arc-cosine,With W,Genomic arc-cosine + W,GAK + W,KW,CV1,9,0.5536123841505534,84.58726034164428
16,Eta16,Weather single-source,Genomic pathway,Arc-cosine,With W,Genomic arc-cosine + W,GAK + W,KW,CV1,10,0.5605942214465747,75.22994499206544
16,Eta16,Weather single-source,Genomic pathway,Arc-cosine,With W,Genomic arc-cosine + W,GAK + W,KW,CV2,1,0.9747526760621283,98.9683219432832
16,Eta16,Weather single-source,Genomic pathway,Arc-cosine,With W,Genomic arc-cosine + W,GAK + W,KW,CV2,2,0.9744841533568079,98.48752918243405
16,Eta16,Weather single-source,Genomic pathway,Arc-cosine,With W,Genomic arc-cosine + W,GAK + W,KW,CV2,3,0.9753034540714746,86.21155285835263
16,Eta16,Weather single-source,Genomic pathway,Arc-cosine,With W,Genomic arc-cosine + W,GAK + W,KW,CV2,4,0.9750532315588352,100.51414189338682
16,Eta16,Weather single-source,Genomic pathway,Arc-cosine,With W,Genomic arc-cosine + W,GAK + W,KW,CV2,5,0.9742130814778516,85.25189819335938
16,Eta16,Weather single-source,Genomic pathway,Arc-cosine,With W,Genomic arc-cosine + W,GAK + W,KW,CV2,6,0.9748117125848743,85.91099123954773
16,Eta16,Weather single-source,Genomic pathway,Arc-cosine,With W,Genomic arc-cosine + W,GAK + W,KW,CV2,7,0.9751415800403962,84.42383460998536
16,Eta16,Weather single-source,Genomic pathway,Arc-cosine,With W,Genomic arc-cosine + W,GAK + W,KW,CV2,8,0.9746975795560449,100.44245619773872
16,Eta16,Weather single-source,Genomic pathway,Arc-cosine,With W,Genomic arc-cosine + W,GAK + W,KW,CV2,9,0.9752216964519367,84.58726034164428
16,Eta16,Weather single-source,Genomic pathway,Arc-cosine,With W,Genomic arc-cosine + W,GAK + W,KW,CV2,10,0.9748959388926774,75.22994499206544
17,Eta17,Weather single-source,Phenomic pathway,Arc-cosine,With W,Phenomic arc-cosine + W,PAK + W,GY,CV1,1,0.19225504080159878,152.6808289527892
17,Eta17,Weather single-source,Phenomic pathway,Arc-cosine,With W,Phenomic arc-cosine + W,PAK + W,GY,CV1,2,0.2245902585311999,125.4220767974856
17,Eta17,Weather single-source,Phenomic pathway,Arc-cosine,With W,Phenomic arc-cosine + W,PAK + W,GY,CV1,3,0.16927946148663875,147.828196668625
17,Eta17,Weather single-source,Phenomic pathway,Arc-cosine,With W,Phenomic arc-cosine + W,PAK + W,GY,CV1,4,0.15866935206346006,146.210901784897
17,Eta17,Weather single-source,Phenomic pathway,Arc-cosine,With W,Phenomic arc-cosine + W,PAK + W,GY,CV1,5,0.1878013310519528,145.3681280612946
17,Eta17,Weather single-source,Phenomic pathway,Arc-cosine,With W,Phenomic arc-cosine + W,PAK + W,GY,CV1,6,0.23992792749592856,123.9302720069886
17,Eta17,Weather single-source,Phenomic pathway,Arc-cosine,With W,Phenomic arc-cosine + W,PAK + W,GY,CV1,7,0.1462462317487371,149.3715857982636
17,Eta17,Weather single-source,Phenomic pathway,Arc-cosine,With W,Phenomic arc-cosine + W,PAK + W,GY,CV1,8,0.11980320958055217,146.73747382164
17,Eta17,Weather single-source,Phenomic pathway,Arc-cosine,With W,Phenomic arc-cosine + W,PAK + W,GY,CV1,9,0.19206669025248738,147.8278978347778
17,Eta17,Weather single-source,Phenomic pathway,Arc-cosine,With W,Phenomic arc-cosine + W,PAK + W,GY,CV1,10,0.13673104672558792,145.9563106060028
17,Eta17,Weather single-source,Phenomic pathway,Arc-cosine,With W,Phenomic arc-cosine + W,PAK + W,GY,CV2,1,0.6895289255278758,152.6808289527892
17,Eta17,Weather single-source,Phenomic pathway,Arc-cosine,With W,Phenomic arc-cosine + W,PAK + W,GY,CV2,2,0.6842951743862413,125.4220767974856
17,Eta17,Weather single-source,Phenomic pathway,Arc-cosine,With W,Phenomic arc-cosine + W,PAK + W,GY,CV2,3,0.6862852581454605,147.828196668625
17,Eta17,Weather single-source,Phenomic pathway,Arc-cosine,With W,Phenomic arc-cosine + W,PAK + W,GY,CV2,4,0.6991738555780596,146.210901784897
17,Eta17,Weather single-source,Phenomic pathway,Arc-cosine,With W,Phenomic arc-cosine + W,PAK + W,GY,CV2,5,0.6593932539084016,145.3681280612946
17,Eta17,Weather single-source,Phenomic pathway,Arc-cosine,With W,Phenomic arc-cosine + W,PAK + W,GY,CV2,6,0.7028360066669941,123.9302720069886
17,Eta17,Weather single-source,Phenomic pathway,Arc-cosine,With W,Phenomic arc-cosine + W,PAK + W,GY,CV2,7,0.7032964017883545,149.3715857982636
17,Eta17,Weather single-source,Phenomic pathway,Arc-cosine,With W,Phenomic arc-cosine + W,PAK + W,GY,CV2,8,0.6937722659641479,146.73747382164
17,Eta17,Weather single-source,Phenomic pathway,Arc-cosine,With W,Phenomic arc-cosine + W,PAK + W,GY,CV2,9,0.7029748742721573,147.8278978347778
17,Eta17,Weather single-source,Phenomic pathway,Arc-cosine,With W,Phenomic arc-cosine + W,PAK + W,GY,CV2,10,0.7029274227148601,145.9563106060028
17,Eta17,Weather single-source,Phenomic pathway,Arc-cosine,With W,Phenomic arc-cosine + W,PAK + W,KW,CV1,1,0.28568505902151275,125.4462401866912
17,Eta17,Weather single-source,Phenomic pathway,Arc-cosine,With W,Phenomic arc-cosine + W,PAK + W,KW,CV1,2,0.24824943349218143,146.1563629150392
17,Eta17,Weather single-source,Phenomic pathway,Arc-cosine,With W,Phenomic arc-cosine + W,PAK + W,KW,CV1,3,0.25987219999448097,147.6176800251008
17,Eta17,Weather single-source,Phenomic pathway,Arc-cosine,With W,Phenomic arc-cosine + W,PAK + W,KW,CV1,4,0.23600009255439724,124.277859401703
17,Eta17,Weather single-source,Phenomic pathway,Arc-cosine,With W,Phenomic arc-cosine + W,PAK + W,KW,CV1,5,0.23406402949263114,148.469190454483
17,Eta17,Weather single-source,Phenomic pathway,Arc-cosine,With W,Phenomic arc-cosine + W,PAK + W,KW,CV1,6,0.2583539690025733,146.4284823894502
17,Eta17,Weather single-source,Phenomic pathway,Arc-cosine,With W,Phenomic arc-cosine + W,PAK + W,KW,CV1,7,0.24861982766879787,147.8012887954714
17,Eta17,Weather single-source,Phenomic pathway,Arc-cosine,With W,Phenomic arc-cosine + W,PAK + W,KW,CV1,8,0.1767235545873156,148.71984739303582
17,Eta17,Weather single-source,Phenomic pathway,Arc-cosine,With W,Phenomic arc-cosine + W,PAK + W,KW,CV1,9,0.2539043604298666,124.4383093357086
17,Eta17,Weather single-source,Phenomic pathway,Arc-cosine,With W,Phenomic arc-cosine + W,PAK + W,KW,CV1,10,0.22619302758611406,100.8502821445466
17,Eta17,Weather single-source,Phenomic pathway,Arc-cosine,With W,Phenomic arc-cosine + W,PAK + W,KW,CV2,1,0.766864874001215,125.4462401866912
17,Eta17,Weather single-source,Phenomic pathway,Arc-cosine,With W,Phenomic arc-cosine + W,PAK + W,KW,CV2,2,0.7646874534279456,146.1563629150392
17,Eta17,Weather single-source,Phenomic pathway,Arc-cosine,With W,Phenomic arc-cosine + W,PAK + W,KW,CV2,3,0.7519191645539794,147.6176800251008
17,Eta17,Weather single-source,Phenomic pathway,Arc-cosine,With W,Phenomic arc-cosine + W,PAK + W,KW,CV2,4,0.7763430240763851,124.277859401703
17,Eta17,Weather single-source,Phenomic pathway,Arc-cosine,With W,Phenomic arc-cosine + W,PAK + W,KW,CV2,5,0.7751534657126187,148.469190454483
17,Eta17,Weather single-source,Phenomic pathway,Arc-cosine,With W,Phenomic arc-cosine + W,PAK + W,KW,CV2,6,0.7767100571236092,146.4284823894502
17,Eta17,Weather single-source,Phenomic pathway,Arc-cosine,With W,Phenomic arc-cosine + W,PAK + W,KW,CV2,7,0.7758615187131573,147.8012887954714
17,Eta17,Weather single-source,Phenomic pathway,Arc-cosine,With W,Phenomic arc-cosine + W,PAK + W,KW,CV2,8,0.7710431452008178,148.71984739303582
17,Eta17,Weather single-source,Phenomic pathway,Arc-cosine,With W,Phenomic arc-cosine + W,PAK + W,KW,CV2,9,0.7750409113361496,124.4383093357086
17,Eta17,Weather single-source,Phenomic pathway,Arc-cosine,With W,Phenomic arc-cosine + W,PAK + W,KW,CV2,10,0.7763307354336881,100.8502821445466
18,Eta18,Weather combined,Combined G + P pathway,Arc-cosine,With W,Combined arc-cosine + W,GAK+PAK + W,GY,CV1,1,0.6900514575447405,206.4595183849336
18,Eta18,Weather combined,Combined G + P pathway,Arc-cosine,With W,Combined arc-cosine + W,GAK+PAK + W,GY,CV1,2,0.7051048636551511,234.9838973999024
18,Eta18,Weather combined,Combined G + P pathway,Arc-cosine,With W,Combined arc-cosine + W,GAK+PAK + W,GY,CV1,3,0.7230056076065963,202.3021634101868
18,Eta18,Weather combined,Combined G + P pathway,Arc-cosine,With W,Combined arc-cosine + W,GAK+PAK + W,GY,CV1,4,0.7092925069408649,203.4409742355344
18,Eta18,Weather combined,Combined G + P pathway,Arc-cosine,With W,Combined arc-cosine + W,GAK+PAK + W,GY,CV1,5,0.7083636659181493,203.0830858230592
18,Eta18,Weather combined,Combined G + P pathway,Arc-cosine,With W,Combined arc-cosine + W,GAK+PAK + W,GY,CV1,6,0.7062878230273374,236.47403001785278
18,Eta18,Weather combined,Combined G + P pathway,Arc-cosine,With W,Combined arc-cosine + W,GAK+PAK + W,GY,CV1,7,0.6980844542729143,202.0120645999908
18,Eta18,Weather combined,Combined G + P pathway,Arc-cosine,With W,Combined arc-cosine + W,GAK+PAK + W,GY,CV1,8,0.7076972910474428,234.424712562561
18,Eta18,Weather combined,Combined G + P pathway,Arc-cosine,With W,Combined arc-cosine + W,GAK+PAK + W,GY,CV1,9,0.699696108119292,235.51448421478258
18,Eta18,Weather combined,Combined G + P pathway,Arc-cosine,With W,Combined arc-cosine + W,GAK+PAK + W,GY,CV1,10,0.7111655592987769,232.1220872402192
18,Eta18,Weather combined,Combined G + P pathway,Arc-cosine,With W,Combined arc-cosine + W,GAK+PAK + W,GY,CV2,1,0.9693266357114041,206.4595183849336
18,Eta18,Weather combined,Combined G + P pathway,Arc-cosine,With W,Combined arc-cosine + W,GAK+PAK + W,GY,CV2,2,0.9699515060991615,234.9838973999024
18,Eta18,Weather combined,Combined G + P pathway,Arc-cosine,With W,Combined arc-cosine + W,GAK+PAK + W,GY,CV2,3,0.9708855002321138,202.3021634101868
18,Eta18,Weather combined,Combined G + P pathway,Arc-cosine,With W,Combined arc-cosine + W,GAK+PAK + W,GY,CV2,4,0.969880541266724,203.4409742355344
18,Eta18,Weather combined,Combined G + P pathway,Arc-cosine,With W,Combined arc-cosine + W,GAK+PAK + W,GY,CV2,5,0.9707377539466243,203.0830858230592
18,Eta18,Weather combined,Combined G + P pathway,Arc-cosine,With W,Combined arc-cosine + W,GAK+PAK + W,GY,CV2,6,0.9694150550231646,236.47403001785278
18,Eta18,Weather combined,Combined G + P pathway,Arc-cosine,With W,Combined arc-cosine + W,GAK+PAK + W,GY,CV2,7,0.9703245896317497,202.0120645999908
18,Eta18,Weather combined,Combined G + P pathway,Arc-cosine,With W,Combined arc-cosine + W,GAK+PAK + W,GY,CV2,8,0.9698832624195889,234.424712562561
18,Eta18,Weather combined,Combined G + P pathway,Arc-cosine,With W,Combined arc-cosine + W,GAK+PAK + W,GY,CV2,9,0.9703146812644865,235.51448421478258
18,Eta18,Weather combined,Combined G + P pathway,Arc-cosine,With W,Combined arc-cosine + W,GAK+PAK + W,GY,CV2,10,0.9692664833020423,232.1220872402192
18,Eta18,Weather combined,Combined G + P pathway,Arc-cosine,With W,Combined arc-cosine + W,GAK+PAK + W,KW,CV1,1,0.5626220320442009,236.53067474365218
18,Eta18,Weather combined,Combined G + P pathway,Arc-cosine,With W,Combined arc-cosine + W,GAK+PAK + W,KW,CV1,2,0.5493376177792044,201.4562084197996
18,Eta18,Weather combined,Combined G + P pathway,Arc-cosine,With W,Combined arc-cosine + W,GAK+PAK + W,KW,CV1,3,0.5662766118848496,202.0476877689364
18,Eta18,Weather combined,Combined G + P pathway,Arc-cosine,With W,Combined arc-cosine + W,GAK+PAK + W,KW,CV1,4,0.5562624279774986,235.0451872825622
18,Eta18,Weather combined,Combined G + P pathway,Arc-cosine,With W,Combined arc-cosine + W,GAK+PAK + W,KW,CV1,5,0.5495158306986617,235.0053521633148
18,Eta18,Weather combined,Combined G + P pathway,Arc-cosine,With W,Combined arc-cosine + W,GAK+PAK + W,KW,CV1,6,0.5375836243898651,201.9925464153292
18,Eta18,Weather combined,Combined G + P pathway,Arc-cosine,With W,Combined arc-cosine + W,GAK+PAK + W,KW,CV1,7,0.543217085224873,236.7538885593414
18,Eta18,Weather combined,Combined G + P pathway,Arc-cosine,With W,Combined arc-cosine + W,GAK+PAK + W,KW,CV1,8,0.5372326928390143,200.7189516067504
18,Eta18,Weather combined,Combined G + P pathway,Arc-cosine,With W,Combined arc-cosine + W,GAK+PAK + W,KW,CV1,9,0.5685099841181078,206.1612074375152
18,Eta18,Weather combined,Combined G + P pathway,Arc-cosine,With W,Combined arc-cosine + W,GAK+PAK + W,KW,CV1,10,0.5101143283909777,128.36711997985824
18,Eta18,Weather combined,Combined G + P pathway,Arc-cosine,With W,Combined arc-cosine + W,GAK+PAK + W,KW,CV2,1,0.9788258116124713,236.53067474365218
18,Eta18,Weather combined,Combined G + P pathway,Arc-cosine,With W,Combined arc-cosine + W,GAK+PAK + W,KW,CV2,2,0.9775801436691424,201.4562084197996
18,Eta18,Weather combined,Combined G + P pathway,Arc-cosine,With W,Combined arc-cosine + W,GAK+PAK + W,KW,CV2,3,0.9774494883470508,202.0476877689364
18,Eta18,Weather combined,Combined G + P pathway,Arc-cosine,With W,Combined arc-cosine + W,GAK+PAK + W,KW,CV2,4,0.977263396417406,235.0451872825622
18,Eta18,Weather combined,Combined G + P pathway,Arc-cosine,With W,Combined arc-cosine + W,GAK+PAK + W,KW,CV2,5,0.9776230157894528,235.0053521633148
18,Eta18,Weather combined,Combined G + P pathway,Arc-cosine,With W,Combined arc-cosine + W,GAK+PAK + W,KW,CV2,6,0.9790587747065542,201.9925464153292
18,Eta18,Weather combined,Combined G + P pathway,Arc-cosine,With W,Combined arc-cosine + W,GAK+PAK + W,KW,CV2,7,0.9773610403089046,236.7538885593414
18,Eta18,Weather combined,Combined G + P pathway,Arc-cosine,With W,Combined arc-cosine + W,GAK+PAK + W,KW,CV2,8,0.9795172955140339,200.7189516067504
18,Eta18,Weather combined,Combined G + P pathway,Arc-cosine,With W,Combined arc-cosine + W,GAK+PAK + W,KW,CV2,9,0.9792098962749494,206.1612074375152
18,Eta18,Weather combined,Combined G + P pathway,Arc-cosine,With W,Combined arc-cosine + W,GAK+PAK + W,KW,CV2,10,0.9775218177338323,128.36711997985824
