ModelNumber,Model,Group,Pathway,KernelFamily,WeatherStatus,Description,FullEffects,InterpretiveDescription,ShortDescription,Trait,CV,Rep,Env,EnvCorrelation,ValidationCount,MeanRuntimeSec
1,Eta1,Genomic baseline,Genomic pathway,Linear,Without W,Genomic linear + E,E + G + GE,Linear genomic model with environment and G × E interaction,G + E,GY,CV1,1,CS11_WS,0.6778000612770236,5,106.4925127029416
1,Eta1,Genomic baseline,Genomic pathway,Linear,Without W,Genomic linear + E,E + G + GE,Linear genomic model with environment and G × E interaction,G + E,GY,CV1,1,CS11_WW,0.745392321573384,5,106.4925127029416
1,Eta1,Genomic baseline,Genomic pathway,Linear,Without W,Genomic linear + E,E + G + GE,Linear genomic model with environment and G × E interaction,G + E,GY,CV1,1,CS12_WS,0.7206357886340566,5,106.4925127029416
1,Eta1,Genomic baseline,Genomic pathway,Linear,Without W,Genomic linear + E,E + G + GE,Linear genomic model with environment and G × E interaction,G + E,GY,CV1,1,CS12_WW,0.6972074432869756,5,106.4925127029416
1,Eta1,Genomic baseline,Genomic pathway,Linear,Without W,Genomic linear + E,E + G + GE,Linear genomic model with environment and G × E interaction,G + E,GY,CV1,2,CS11_WS,0.6836607629095173,5,104.6705622196196
1,Eta1,Genomic baseline,Genomic pathway,Linear,Without W,Genomic linear + E,E + G + GE,Linear genomic model with environment and G × E interaction,G + E,GY,CV1,2,CS11_WW,0.7482693412503167,5,104.6705622196196
1,Eta1,Genomic baseline,Genomic pathway,Linear,Without W,Genomic linear + E,E + G + GE,Linear genomic model with environment and G × E interaction,G + E,GY,CV1,2,CS12_WS,0.7290067587799226,5,104.6705622196196
1,Eta1,Genomic baseline,Genomic pathway,Linear,Without W,Genomic linear + E,E + G + GE,Linear genomic model with environment and G × E interaction,G + E,GY,CV1,2,CS12_WW,0.7228282992929058,5,104.6705622196196
1,Eta1,Genomic baseline,Genomic pathway,Linear,Without W,Genomic linear + E,E + G + GE,Linear genomic model with environment and G × E interaction,G + E,GY,CV1,3,CS11_WS,0.7018956248813154,5,100.5548223495484
1,Eta1,Genomic baseline,Genomic pathway,Linear,Without W,Genomic linear + E,E + G + GE,Linear genomic model with environment and G × E interaction,G + E,GY,CV1,3,CS11_WW,0.7295337058092211,5,100.5548223495484
1,Eta1,Genomic baseline,Genomic pathway,Linear,Without W,Genomic linear + E,E + G + GE,Linear genomic model with environment and G × E interaction,G + E,GY,CV1,3,CS12_WS,0.7112735283762314,5,100.5548223495484
1,Eta1,Genomic baseline,Genomic pathway,Linear,Without W,Genomic linear + E,E + G + GE,Linear genomic model with environment and G × E interaction,G + E,GY,CV1,3,CS12_WW,0.6895007839258176,5,100.5548223495484
1,Eta1,Genomic baseline,Genomic pathway,Linear,Without W,Genomic linear + E,E + G + GE,Linear genomic model with environment and G × E interaction,G + E,GY,CV1,4,CS11_WS,0.7008055055135667,5,98.77348818778984
1,Eta1,Genomic baseline,Genomic pathway,Linear,Without W,Genomic linear + E,E + G + GE,Linear genomic model with environment and G × E interaction,G + E,GY,CV1,4,CS11_WW,0.7455289498251952,5,98.77348818778984
1,Eta1,Genomic baseline,Genomic pathway,Linear,Without W,Genomic linear + E,E + G + GE,Linear genomic model with environment and G × E interaction,G + E,GY,CV1,4,CS12_WS,0.7341436810326158,5,98.77348818778984
1,Eta1,Genomic baseline,Genomic pathway,Linear,Without W,Genomic linear + E,E + G + GE,Linear genomic model with environment and G × E interaction,G + E,GY,CV1,4,CS12_WW,0.7259402778632068,5,98.77348818778984
1,Eta1,Genomic baseline,Genomic pathway,Linear,Without W,Genomic linear + E,E + G + GE,Linear genomic model with environment and G × E interaction,G + E,GY,CV1,5,CS11_WS,0.6718757120492728,5,97.02337222099304
1,Eta1,Genomic baseline,Genomic pathway,Linear,Without W,Genomic linear + E,E + G + GE,Linear genomic model with environment and G × E interaction,G + E,GY,CV1,5,CS11_WW,0.748033328167736,5,97.02337222099304
1,Eta1,Genomic baseline,Genomic pathway,Linear,Without W,Genomic linear + E,E + G + GE,Linear genomic model with environment and G × E interaction,G + E,GY,CV1,5,CS12_WS,0.7282394573226719,5,97.02337222099304
1,Eta1,Genomic baseline,Genomic pathway,Linear,Without W,Genomic linear + E,E + G + GE,Linear genomic model with environment and G × E interaction,G + E,GY,CV1,5,CS12_WW,0.691300622674324,5,97.02337222099304
1,Eta1,Genomic baseline,Genomic pathway,Linear,Without W,Genomic linear + E,E + G + GE,Linear genomic model with environment and G × E interaction,G + E,GY,CV1,6,CS11_WS,0.7126164140005316,5,99.34007439613366
1,Eta1,Genomic baseline,Genomic pathway,Linear,Without W,Genomic linear + E,E + G + GE,Linear genomic model with environment and G × E interaction,G + E,GY,CV1,6,CS11_WW,0.7278240027635328,5,99.34007439613366
1,Eta1,Genomic baseline,Genomic pathway,Linear,Without W,Genomic linear + E,E + G + GE,Linear genomic model with environment and G × E interaction,G + E,GY,CV1,6,CS12_WS,0.7209347103127772,5,99.34007439613366
1,Eta1,Genomic baseline,Genomic pathway,Linear,Without W,Genomic linear + E,E + G + GE,Linear genomic model with environment and G × E interaction,G + E,GY,CV1,6,CS12_WW,0.7166035927732526,5,99.34007439613366
1,Eta1,Genomic baseline,Genomic pathway,Linear,Without W,Genomic linear + E,E + G + GE,Linear genomic model with environment and G × E interaction,G + E,GY,CV1,7,CS11_WS,0.7024290346631942,5,83.41551423072816
1,Eta1,Genomic baseline,Genomic pathway,Linear,Without W,Genomic linear + E,E + G + GE,Linear genomic model with environment and G × E interaction,G + E,GY,CV1,7,CS11_WW,0.7391037766681948,5,83.41551423072816
1,Eta1,Genomic baseline,Genomic pathway,Linear,Without W,Genomic linear + E,E + G + GE,Linear genomic model with environment and G × E interaction,G + E,GY,CV1,7,CS12_WS,0.7409753387732826,5,83.41551423072816
1,Eta1,Genomic baseline,Genomic pathway,Linear,Without W,Genomic linear + E,E + G + GE,Linear genomic model with environment and G × E interaction,G + E,GY,CV1,7,CS12_WW,0.7150053148594336,5,83.41551423072816
1,Eta1,Genomic baseline,Genomic pathway,Linear,Without W,Genomic linear + E,E + G + GE,Linear genomic model with environment and G × E interaction,G + E,GY,CV1,8,CS11_WS,0.7159004852529496,5,83.90301036834718
1,Eta1,Genomic baseline,Genomic pathway,Linear,Without W,Genomic linear + E,E + G + GE,Linear genomic model with environment and G × E interaction,G + E,GY,CV1,8,CS11_WW,0.7544503483323518,5,83.90301036834718
1,Eta1,Genomic baseline,Genomic pathway,Linear,Without W,Genomic linear + E,E + G + GE,Linear genomic model with environment and G × E interaction,G + E,GY,CV1,8,CS12_WS,0.756711569993304,5,83.90301036834718
1,Eta1,Genomic baseline,Genomic pathway,Linear,Without W,Genomic linear + E,E + G + GE,Linear genomic model with environment and G × E interaction,G + E,GY,CV1,8,CS12_WW,0.7425507333374508,5,83.90301036834718
1,Eta1,Genomic baseline,Genomic pathway,Linear,Without W,Genomic linear + E,E + G + GE,Linear genomic model with environment and G × E interaction,G + E,GY,CV1,9,CS11_WS,0.6559438057954198,5,98.29201397895814
1,Eta1,Genomic baseline,Genomic pathway,Linear,Without W,Genomic linear + E,E + G + GE,Linear genomic model with environment and G × E interaction,G + E,GY,CV1,9,CS11_WW,0.722378052768228,5,98.29201397895814
1,Eta1,Genomic baseline,Genomic pathway,Linear,Without W,Genomic linear + E,E + G + GE,Linear genomic model with environment and G × E interaction,G + E,GY,CV1,9,CS12_WS,0.7091163269381602,5,98.29201397895814
1,Eta1,Genomic baseline,Genomic pathway,Linear,Without W,Genomic linear + E,E + G + GE,Linear genomic model with environment and G × E interaction,G + E,GY,CV1,9,CS12_WW,0.7091203959959818,5,98.29201397895814
1,Eta1,Genomic baseline,Genomic pathway,Linear,Without W,Genomic linear + E,E + G + GE,Linear genomic model with environment and G × E interaction,G + E,GY,CV1,10,CS11_WS,0.7229373469578868,5,84.6554955482483
1,Eta1,Genomic baseline,Genomic pathway,Linear,Without W,Genomic linear + E,E + G + GE,Linear genomic model with environment and G × E interaction,G + E,GY,CV1,10,CS11_WW,0.7568417061408548,5,84.6554955482483
1,Eta1,Genomic baseline,Genomic pathway,Linear,Without W,Genomic linear + E,E + G + GE,Linear genomic model with environment and G × E interaction,G + E,GY,CV1,10,CS12_WS,0.7326024366779204,5,84.6554955482483
1,Eta1,Genomic baseline,Genomic pathway,Linear,Without W,Genomic linear + E,E + G + GE,Linear genomic model with environment and G × E interaction,G + E,GY,CV1,10,CS12_WW,0.7153778942032742,5,84.6554955482483
1,Eta1,Genomic baseline,Genomic pathway,Linear,Without W,Genomic linear + E,E + G + GE,Linear genomic model with environment and G × E interaction,G + E,GY,CV2,1,CS11_WS,0.9793710096017243,5,106.4925127029416
1,Eta1,Genomic baseline,Genomic pathway,Linear,Without W,Genomic linear + E,E + G + GE,Linear genomic model with environment and G × E interaction,G + E,GY,CV2,1,CS11_WW,0.9794491888356707,5,106.4925127029416
1,Eta1,Genomic baseline,Genomic pathway,Linear,Without W,Genomic linear + E,E + G + GE,Linear genomic model with environment and G × E interaction,G + E,GY,CV2,1,CS12_WS,0.9868527992969722,5,106.4925127029416
1,Eta1,Genomic baseline,Genomic pathway,Linear,Without W,Genomic linear + E,E + G + GE,Linear genomic model with environment and G × E interaction,G + E,GY,CV2,1,CS12_WW,0.9838575928554911,5,106.4925127029416
1,Eta1,Genomic baseline,Genomic pathway,Linear,Without W,Genomic linear + E,E + G + GE,Linear genomic model with environment and G × E interaction,G + E,GY,CV2,2,CS11_WS,0.979046468824005,5,104.6705622196196
1,Eta1,Genomic baseline,Genomic pathway,Linear,Without W,Genomic linear + E,E + G + GE,Linear genomic model with environment and G × E interaction,G + E,GY,CV2,2,CS11_WW,0.9794451019995793,5,104.6705622196196
1,Eta1,Genomic baseline,Genomic pathway,Linear,Without W,Genomic linear + E,E + G + GE,Linear genomic model with environment and G × E interaction,G + E,GY,CV2,2,CS12_WS,0.986885530164278,5,104.6705622196196
1,Eta1,Genomic baseline,Genomic pathway,Linear,Without W,Genomic linear + E,E + G + GE,Linear genomic model with environment and G × E interaction,G + E,GY,CV2,2,CS12_WW,0.9838130065775864,5,104.6705622196196
1,Eta1,Genomic baseline,Genomic pathway,Linear,Without W,Genomic linear + E,E + G + GE,Linear genomic model with environment and G × E interaction,G + E,GY,CV2,3,CS11_WS,0.9794768556081719,5,100.5548223495484
1,Eta1,Genomic baseline,Genomic pathway,Linear,Without W,Genomic linear + E,E + G + GE,Linear genomic model with environment and G × E interaction,G + E,GY,CV2,3,CS11_WW,0.9796628639938294,5,100.5548223495484
1,Eta1,Genomic baseline,Genomic pathway,Linear,Without W,Genomic linear + E,E + G + GE,Linear genomic model with environment and G × E interaction,G + E,GY,CV2,3,CS12_WS,0.9868993517997253,5,100.5548223495484
1,Eta1,Genomic baseline,Genomic pathway,Linear,Without W,Genomic linear + E,E + G + GE,Linear genomic model with environment and G × E interaction,G + E,GY,CV2,3,CS12_WW,0.983900697150011,5,100.5548223495484
1,Eta1,Genomic baseline,Genomic pathway,Linear,Without W,Genomic linear + E,E + G + GE,Linear genomic model with environment and G × E interaction,G + E,GY,CV2,4,CS11_WS,0.9796313343566171,5,98.77348818778984
1,Eta1,Genomic baseline,Genomic pathway,Linear,Without W,Genomic linear + E,E + G + GE,Linear genomic model with environment and G × E interaction,G + E,GY,CV2,4,CS11_WW,0.9795613049153464,5,98.77348818778984
1,Eta1,Genomic baseline,Genomic pathway,Linear,Without W,Genomic linear + E,E + G + GE,Linear genomic model with environment and G × E interaction,G + E,GY,CV2,4,CS12_WS,0.9868015479506322,5,98.77348818778984
1,Eta1,Genomic baseline,Genomic pathway,Linear,Without W,Genomic linear + E,E + G + GE,Linear genomic model with environment and G × E interaction,G + E,GY,CV2,4,CS12_WW,0.983909252577498,5,98.77348818778984
1,Eta1,Genomic baseline,Genomic pathway,Linear,Without W,Genomic linear + E,E + G + GE,Linear genomic model with environment and G × E interaction,G + E,GY,CV2,5,CS11_WS,0.9790560072256909,5,97.02337222099304
1,Eta1,Genomic baseline,Genomic pathway,Linear,Without W,Genomic linear + E,E + G + GE,Linear genomic model with environment and G × E interaction,G + E,GY,CV2,5,CS11_WW,0.9794662828071068,5,97.02337222099304
1,Eta1,Genomic baseline,Genomic pathway,Linear,Without W,Genomic linear + E,E + G + GE,Linear genomic model with environment and G × E interaction,G + E,GY,CV2,5,CS12_WS,0.9868507808081912,5,97.02337222099304
1,Eta1,Genomic baseline,Genomic pathway,Linear,Without W,Genomic linear + E,E + G + GE,Linear genomic model with environment and G × E interaction,G + E,GY,CV2,5,CS12_WW,0.9838699948433016,5,97.02337222099304
1,Eta1,Genomic baseline,Genomic pathway,Linear,Without W,Genomic linear + E,E + G + GE,Linear genomic model with environment and G × E interaction,G + E,GY,CV2,6,CS11_WS,0.9792078671163857,5,99.34007439613366
1,Eta1,Genomic baseline,Genomic pathway,Linear,Without W,Genomic linear + E,E + G + GE,Linear genomic model with environment and G × E interaction,G + E,GY,CV2,6,CS11_WW,0.9796679114380048,5,99.34007439613366
1,Eta1,Genomic baseline,Genomic pathway,Linear,Without W,Genomic linear + E,E + G + GE,Linear genomic model with environment and G × E interaction,G + E,GY,CV2,6,CS12_WS,0.9868053578082604,5,99.34007439613366
1,Eta1,Genomic baseline,Genomic pathway,Linear,Without W,Genomic linear + E,E + G + GE,Linear genomic model with environment and G × E interaction,G + E,GY,CV2,6,CS12_WW,0.983950264813676,5,99.34007439613366
1,Eta1,Genomic baseline,Genomic pathway,Linear,Without W,Genomic linear + E,E + G + GE,Linear genomic model with environment and G × E interaction,G + E,GY,CV2,7,CS11_WS,0.9795784052117101,5,83.41551423072816
1,Eta1,Genomic baseline,Genomic pathway,Linear,Without W,Genomic linear + E,E + G + GE,Linear genomic model with environment and G × E interaction,G + E,GY,CV2,7,CS11_WW,0.9798591850415923,5,83.41551423072816
1,Eta1,Genomic baseline,Genomic pathway,Linear,Without W,Genomic linear + E,E + G + GE,Linear genomic model with environment and G × E interaction,G + E,GY,CV2,7,CS12_WS,0.9867559257951933,5,83.41551423072816
1,Eta1,Genomic baseline,Genomic pathway,Linear,Without W,Genomic linear + E,E + G + GE,Linear genomic model with environment and G × E interaction,G + E,GY,CV2,7,CS12_WW,0.9840544651989269,5,83.41551423072816
1,Eta1,Genomic baseline,Genomic pathway,Linear,Without W,Genomic linear + E,E + G + GE,Linear genomic model with environment and G × E interaction,G + E,GY,CV2,8,CS11_WS,0.9791237311656011,5,83.90301036834718
1,Eta1,Genomic baseline,Genomic pathway,Linear,Without W,Genomic linear + E,E + G + GE,Linear genomic model with environment and G × E interaction,G + E,GY,CV2,8,CS11_WW,0.9794492954309026,5,83.90301036834718
1,Eta1,Genomic baseline,Genomic pathway,Linear,Without W,Genomic linear + E,E + G + GE,Linear genomic model with environment and G × E interaction,G + E,GY,CV2,8,CS12_WS,0.9864328335878882,5,83.90301036834718
1,Eta1,Genomic baseline,Genomic pathway,Linear,Without W,Genomic linear + E,E + G + GE,Linear genomic model with environment and G × E interaction,G + E,GY,CV2,8,CS12_WW,0.9836758190500927,5,83.90301036834718
1,Eta1,Genomic baseline,Genomic pathway,Linear,Without W,Genomic linear + E,E + G + GE,Linear genomic model with environment and G × E interaction,G + E,GY,CV2,9,CS11_WS,0.9793598855634438,5,98.29201397895814
1,Eta1,Genomic baseline,Genomic pathway,Linear,Without W,Genomic linear + E,E + G + GE,Linear genomic model with environment and G × E interaction,G + E,GY,CV2,9,CS11_WW,0.9794759897522575,5,98.29201397895814
1,Eta1,Genomic baseline,Genomic pathway,Linear,Without W,Genomic linear + E,E + G + GE,Linear genomic model with environment and G × E interaction,G + E,GY,CV2,9,CS12_WS,0.9870736818532946,5,98.29201397895814
1,Eta1,Genomic baseline,Genomic pathway,Linear,Without W,Genomic linear + E,E + G + GE,Linear genomic model with environment and G × E interaction,G + E,GY,CV2,9,CS12_WW,0.9841007565641918,5,98.29201397895814
1,Eta1,Genomic baseline,Genomic pathway,Linear,Without W,Genomic linear + E,E + G + GE,Linear genomic model with environment and G × E interaction,G + E,GY,CV2,10,CS11_WS,0.9794811768826095,5,84.6554955482483
1,Eta1,Genomic baseline,Genomic pathway,Linear,Without W,Genomic linear + E,E + G + GE,Linear genomic model with environment and G × E interaction,G + E,GY,CV2,10,CS11_WW,0.9794947447396366,5,84.6554955482483
1,Eta1,Genomic baseline,Genomic pathway,Linear,Without W,Genomic linear + E,E + G + GE,Linear genomic model with environment and G × E interaction,G + E,GY,CV2,10,CS12_WS,0.986857722787834,5,84.6554955482483
1,Eta1,Genomic baseline,Genomic pathway,Linear,Without W,Genomic linear + E,E + G + GE,Linear genomic model with environment and G × E interaction,G + E,GY,CV2,10,CS12_WW,0.9840585089896121,5,84.6554955482483
1,Eta1,Genomic baseline,Genomic pathway,Linear,Without W,Genomic linear + E,E + G + GE,Linear genomic model with environment and G × E interaction,G + E,KW,CV1,1,CS11_WS,0.5819850866255789,5,96.80604901313788
1,Eta1,Genomic baseline,Genomic pathway,Linear,Without W,Genomic linear + E,E + G + GE,Linear genomic model with environment and G × E interaction,G + E,KW,CV1,1,CS11_WW,0.5770091278966694,5,96.80604901313788
1,Eta1,Genomic baseline,Genomic pathway,Linear,Without W,Genomic linear + E,E + G + GE,Linear genomic model with environment and G × E interaction,G + E,KW,CV1,1,CS12_WS,0.6048798022830328,5,96.80604901313788
1,Eta1,Genomic baseline,Genomic pathway,Linear,Without W,Genomic linear + E,E + G + GE,Linear genomic model with environment and G × E interaction,G + E,KW,CV1,1,CS12_WW,0.6063285399624956,5,96.80604901313788
1,Eta1,Genomic baseline,Genomic pathway,Linear,Without W,Genomic linear + E,E + G + GE,Linear genomic model with environment and G × E interaction,G + E,KW,CV1,2,CS11_WS,0.5299402030621052,5,98.37662897109986
1,Eta1,Genomic baseline,Genomic pathway,Linear,Without W,Genomic linear + E,E + G + GE,Linear genomic model with environment and G × E interaction,G + E,KW,CV1,2,CS11_WW,0.5475685214041868,5,98.37662897109986
1,Eta1,Genomic baseline,Genomic pathway,Linear,Without W,Genomic linear + E,E + G + GE,Linear genomic model with environment and G × E interaction,G + E,KW,CV1,2,CS12_WS,0.5760057194081847,5,98.37662897109986
1,Eta1,Genomic baseline,Genomic pathway,Linear,Without W,Genomic linear + E,E + G + GE,Linear genomic model with environment and G × E interaction,G + E,KW,CV1,2,CS12_WW,0.6006937257566678,5,98.37662897109986
1,Eta1,Genomic baseline,Genomic pathway,Linear,Without W,Genomic linear + E,E + G + GE,Linear genomic model with environment and G × E interaction,G + E,KW,CV1,3,CS11_WS,0.5381850922589082,5,100.15942897796631
1,Eta1,Genomic baseline,Genomic pathway,Linear,Without W,Genomic linear + E,E + G + GE,Linear genomic model with environment and G × E interaction,G + E,KW,CV1,3,CS11_WW,0.5353422455154211,5,100.15942897796631
1,Eta1,Genomic baseline,Genomic pathway,Linear,Without W,Genomic linear + E,E + G + GE,Linear genomic model with environment and G × E interaction,G + E,KW,CV1,3,CS12_WS,0.6261284361522252,5,100.15942897796631
1,Eta1,Genomic baseline,Genomic pathway,Linear,Without W,Genomic linear + E,E + G + GE,Linear genomic model with environment and G × E interaction,G + E,KW,CV1,3,CS12_WW,0.6054077938140641,5,100.15942897796631
1,Eta1,Genomic baseline,Genomic pathway,Linear,Without W,Genomic linear + E,E + G + GE,Linear genomic model with environment and G × E interaction,G + E,KW,CV1,4,CS11_WS,0.5955355476677486,5,99.17142477035522
1,Eta1,Genomic baseline,Genomic pathway,Linear,Without W,Genomic linear + E,E + G + GE,Linear genomic model with environment and G × E interaction,G + E,KW,CV1,4,CS11_WW,0.5661683024663178,5,99.17142477035522
1,Eta1,Genomic baseline,Genomic pathway,Linear,Without W,Genomic linear + E,E + G + GE,Linear genomic model with environment and G × E interaction,G + E,KW,CV1,4,CS12_WS,0.6015122603433476,5,99.17142477035522
1,Eta1,Genomic baseline,Genomic pathway,Linear,Without W,Genomic linear + E,E + G + GE,Linear genomic model with environment and G × E interaction,G + E,KW,CV1,4,CS12_WW,0.6196557706814666,5,99.17142477035522
1,Eta1,Genomic baseline,Genomic pathway,Linear,Without W,Genomic linear + E,E + G + GE,Linear genomic model with environment and G × E interaction,G + E,KW,CV1,5,CS11_WS,0.5601068422336026,5,83.18416714668274
1,Eta1,Genomic baseline,Genomic pathway,Linear,Without W,Genomic linear + E,E + G + GE,Linear genomic model with environment and G × E interaction,G + E,KW,CV1,5,CS11_WW,0.5452825992413404,5,83.18416714668274
1,Eta1,Genomic baseline,Genomic pathway,Linear,Without W,Genomic linear + E,E + G + GE,Linear genomic model with environment and G × E interaction,G + E,KW,CV1,5,CS12_WS,0.6017865325542375,5,83.18416714668274
1,Eta1,Genomic baseline,Genomic pathway,Linear,Without W,Genomic linear + E,E + G + GE,Linear genomic model with environment and G × E interaction,G + E,KW,CV1,5,CS12_WW,0.6177681472199402,5,83.18416714668274
1,Eta1,Genomic baseline,Genomic pathway,Linear,Without W,Genomic linear + E,E + G + GE,Linear genomic model with environment and G × E interaction,G + E,KW,CV1,6,CS11_WS,0.6091386735699291,5,97.37547283172609
1,Eta1,Genomic baseline,Genomic pathway,Linear,Without W,Genomic linear + E,E + G + GE,Linear genomic model with environment and G × E interaction,G + E,KW,CV1,6,CS11_WW,0.5942021390349111,5,97.37547283172609
1,Eta1,Genomic baseline,Genomic pathway,Linear,Without W,Genomic linear + E,E + G + GE,Linear genomic model with environment and G × E interaction,G + E,KW,CV1,6,CS12_WS,0.6154511209614506,5,97.37547283172609
1,Eta1,Genomic baseline,Genomic pathway,Linear,Without W,Genomic linear + E,E + G + GE,Linear genomic model with environment and G × E interaction,G + E,KW,CV1,6,CS12_WW,0.6179098031291647,5,97.37547283172609
1,Eta1,Genomic baseline,Genomic pathway,Linear,Without W,Genomic linear + E,E + G + GE,Linear genomic model with environment and G × E interaction,G + E,KW,CV1,7,CS11_WS,0.5394787009526929,5,101.0457340717316
1,Eta1,Genomic baseline,Genomic pathway,Linear,Without W,Genomic linear + E,E + G + GE,Linear genomic model with environment and G × E interaction,G + E,KW,CV1,7,CS11_WW,0.5613033102561322,5,101.0457340717316
1,Eta1,Genomic baseline,Genomic pathway,Linear,Without W,Genomic linear + E,E + G + GE,Linear genomic model with environment and G × E interaction,G + E,KW,CV1,7,CS12_WS,0.6028992396955893,5,101.0457340717316
1,Eta1,Genomic baseline,Genomic pathway,Linear,Without W,Genomic linear + E,E + G + GE,Linear genomic model with environment and G × E interaction,G + E,KW,CV1,7,CS12_WW,0.585663221570722,5,101.0457340717316
1,Eta1,Genomic baseline,Genomic pathway,Linear,Without W,Genomic linear + E,E + G + GE,Linear genomic model with environment and G × E interaction,G + E,KW,CV1,8,CS11_WS,0.5629586546047379,5,99.66666860580439
1,Eta1,Genomic baseline,Genomic pathway,Linear,Without W,Genomic linear + E,E + G + GE,Linear genomic model with environment and G × E interaction,G + E,KW,CV1,8,CS11_WW,0.5795834162318352,5,99.66666860580439
1,Eta1,Genomic baseline,Genomic pathway,Linear,Without W,Genomic linear + E,E + G + GE,Linear genomic model with environment and G × E interaction,G + E,KW,CV1,8,CS12_WS,0.5970559560231365,5,99.66666860580439
1,Eta1,Genomic baseline,Genomic pathway,Linear,Without W,Genomic linear + E,E + G + GE,Linear genomic model with environment and G × E interaction,G + E,KW,CV1,8,CS12_WW,0.5902217764557802,5,99.66666860580439
1,Eta1,Genomic baseline,Genomic pathway,Linear,Without W,Genomic linear + E,E + G + GE,Linear genomic model with environment and G × E interaction,G + E,KW,CV1,9,CS11_WS,0.5478397946733348,5,98.05216140747083
1,Eta1,Genomic baseline,Genomic pathway,Linear,Without W,Genomic linear + E,E + G + GE,Linear genomic model with environment and G × E interaction,G + E,KW,CV1,9,CS11_WW,0.5468714999533946,5,98.05216140747083
1,Eta1,Genomic baseline,Genomic pathway,Linear,Without W,Genomic linear + E,E + G + GE,Linear genomic model with environment and G × E interaction,G + E,KW,CV1,9,CS12_WS,0.5891204025146823,5,98.05216140747083
1,Eta1,Genomic baseline,Genomic pathway,Linear,Without W,Genomic linear + E,E + G + GE,Linear genomic model with environment and G × E interaction,G + E,KW,CV1,9,CS12_WW,0.5986906266815976,5,98.05216140747083
1,Eta1,Genomic baseline,Genomic pathway,Linear,Without W,Genomic linear + E,E + G + GE,Linear genomic model with environment and G × E interaction,G + E,KW,CV1,10,CS11_WS,0.5785941751354832,5,99.72568435668948
1,Eta1,Genomic baseline,Genomic pathway,Linear,Without W,Genomic linear + E,E + G + GE,Linear genomic model with environment and G × E interaction,G + E,KW,CV1,10,CS11_WW,0.5896642811306319,5,99.72568435668948
1,Eta1,Genomic baseline,Genomic pathway,Linear,Without W,Genomic linear + E,E + G + GE,Linear genomic model with environment and G × E interaction,G + E,KW,CV1,10,CS12_WS,0.6253811894687281,5,99.72568435668948
1,Eta1,Genomic baseline,Genomic pathway,Linear,Without W,Genomic linear + E,E + G + GE,Linear genomic model with environment and G × E interaction,G + E,KW,CV1,10,CS12_WW,0.6256516318383245,5,99.72568435668948
1,Eta1,Genomic baseline,Genomic pathway,Linear,Without W,Genomic linear + E,E + G + GE,Linear genomic model with environment and G × E interaction,G + E,KW,CV2,1,CS11_WS,0.992056078669569,5,96.80604901313788
1,Eta1,Genomic baseline,Genomic pathway,Linear,Without W,Genomic linear + E,E + G + GE,Linear genomic model with environment and G × E interaction,G + E,KW,CV2,1,CS11_WW,0.9835311890012509,5,96.80604901313788
1,Eta1,Genomic baseline,Genomic pathway,Linear,Without W,Genomic linear + E,E + G + GE,Linear genomic model with environment and G × E interaction,G + E,KW,CV2,1,CS12_WS,0.9902962044122443,5,96.80604901313788
1,Eta1,Genomic baseline,Genomic pathway,Linear,Without W,Genomic linear + E,E + G + GE,Linear genomic model with environment and G × E interaction,G + E,KW,CV2,1,CS12_WW,0.9910186678635433,5,96.80604901313788
1,Eta1,Genomic baseline,Genomic pathway,Linear,Without W,Genomic linear + E,E + G + GE,Linear genomic model with environment and G × E interaction,G + E,KW,CV2,2,CS11_WS,0.9920453386465893,5,98.37662897109986
1,Eta1,Genomic baseline,Genomic pathway,Linear,Without W,Genomic linear + E,E + G + GE,Linear genomic model with environment and G × E interaction,G + E,KW,CV2,2,CS11_WW,0.9835262522818994,5,98.37662897109986
1,Eta1,Genomic baseline,Genomic pathway,Linear,Without W,Genomic linear + E,E + G + GE,Linear genomic model with environment and G × E interaction,G + E,KW,CV2,2,CS12_WS,0.9902569052284729,5,98.37662897109986
1,Eta1,Genomic baseline,Genomic pathway,Linear,Without W,Genomic linear + E,E + G + GE,Linear genomic model with environment and G × E interaction,G + E,KW,CV2,2,CS12_WW,0.9911177371804032,5,98.37662897109986
1,Eta1,Genomic baseline,Genomic pathway,Linear,Without W,Genomic linear + E,E + G + GE,Linear genomic model with environment and G × E interaction,G + E,KW,CV2,3,CS11_WS,0.9921223597540034,5,100.15942897796631
1,Eta1,Genomic baseline,Genomic pathway,Linear,Without W,Genomic linear + E,E + G + GE,Linear genomic model with environment and G × E interaction,G + E,KW,CV2,3,CS11_WW,0.9835999272633666,5,100.15942897796631
1,Eta1,Genomic baseline,Genomic pathway,Linear,Without W,Genomic linear + E,E + G + GE,Linear genomic model with environment and G × E interaction,G + E,KW,CV2,3,CS12_WS,0.9900898265049817,5,100.15942897796631
1,Eta1,Genomic baseline,Genomic pathway,Linear,Without W,Genomic linear + E,E + G + GE,Linear genomic model with environment and G × E interaction,G + E,KW,CV2,3,CS12_WW,0.9909794330212248,5,100.15942897796631
1,Eta1,Genomic baseline,Genomic pathway,Linear,Without W,Genomic linear + E,E + G + GE,Linear genomic model with environment and G × E interaction,G + E,KW,CV2,4,CS11_WS,0.9920040674427145,5,99.17142477035522
1,Eta1,Genomic baseline,Genomic pathway,Linear,Without W,Genomic linear + E,E + G + GE,Linear genomic model with environment and G × E interaction,G + E,KW,CV2,4,CS11_WW,0.9836765043692195,5,99.17142477035522
1,Eta1,Genomic baseline,Genomic pathway,Linear,Without W,Genomic linear + E,E + G + GE,Linear genomic model with environment and G × E interaction,G + E,KW,CV2,4,CS12_WS,0.9902979812251734,5,99.17142477035522
1,Eta1,Genomic baseline,Genomic pathway,Linear,Without W,Genomic linear + E,E + G + GE,Linear genomic model with environment and G × E interaction,G + E,KW,CV2,4,CS12_WW,0.9910928823701155,5,99.17142477035522
1,Eta1,Genomic baseline,Genomic pathway,Linear,Without W,Genomic linear + E,E + G + GE,Linear genomic model with environment and G × E interaction,G + E,KW,CV2,5,CS11_WS,0.9920744981870199,5,83.18416714668274
1,Eta1,Genomic baseline,Genomic pathway,Linear,Without W,Genomic linear + E,E + G + GE,Linear genomic model with environment and G × E interaction,G + E,KW,CV2,5,CS11_WW,0.983436797581357,5,83.18416714668274
1,Eta1,Genomic baseline,Genomic pathway,Linear,Without W,Genomic linear + E,E + G + GE,Linear genomic model with environment and G × E interaction,G + E,KW,CV2,5,CS12_WS,0.9901876893779982,5,83.18416714668274
1,Eta1,Genomic baseline,Genomic pathway,Linear,Without W,Genomic linear + E,E + G + GE,Linear genomic model with environment and G × E interaction,G + E,KW,CV2,5,CS12_WW,0.9911026068475473,5,83.18416714668274
1,Eta1,Genomic baseline,Genomic pathway,Linear,Without W,Genomic linear + E,E + G + GE,Linear genomic model with environment and G × E interaction,G + E,KW,CV2,6,CS11_WS,0.9919902968130465,5,97.37547283172609
1,Eta1,Genomic baseline,Genomic pathway,Linear,Without W,Genomic linear + E,E + G + GE,Linear genomic model with environment and G × E interaction,G + E,KW,CV2,6,CS11_WW,0.9834158392112791,5,97.37547283172609
1,Eta1,Genomic baseline,Genomic pathway,Linear,Without W,Genomic linear + E,E + G + GE,Linear genomic model with environment and G × E interaction,G + E,KW,CV2,6,CS12_WS,0.9901203855604376,5,97.37547283172609
1,Eta1,Genomic baseline,Genomic pathway,Linear,Without W,Genomic linear + E,E + G + GE,Linear genomic model with environment and G × E interaction,G + E,KW,CV2,6,CS12_WW,0.9909484733064264,5,97.37547283172609
1,Eta1,Genomic baseline,Genomic pathway,Linear,Without W,Genomic linear + E,E + G + GE,Linear genomic model with environment and G × E interaction,G + E,KW,CV2,7,CS11_WS,0.9921609730745502,5,101.0457340717316
1,Eta1,Genomic baseline,Genomic pathway,Linear,Without W,Genomic linear + E,E + G + GE,Linear genomic model with environment and G × E interaction,G + E,KW,CV2,7,CS11_WW,0.9836952132862875,5,101.0457340717316
1,Eta1,Genomic baseline,Genomic pathway,Linear,Without W,Genomic linear + E,E + G + GE,Linear genomic model with environment and G × E interaction,G + E,KW,CV2,7,CS12_WS,0.9902384017436712,5,101.0457340717316
1,Eta1,Genomic baseline,Genomic pathway,Linear,Without W,Genomic linear + E,E + G + GE,Linear genomic model with environment and G × E interaction,G + E,KW,CV2,7,CS12_WW,0.9910852009724742,5,101.0457340717316
1,Eta1,Genomic baseline,Genomic pathway,Linear,Without W,Genomic linear + E,E + G + GE,Linear genomic model with environment and G × E interaction,G + E,KW,CV2,8,CS11_WS,0.9920938342124689,5,99.66666860580439
1,Eta1,Genomic baseline,Genomic pathway,Linear,Without W,Genomic linear + E,E + G + GE,Linear genomic model with environment and G × E interaction,G + E,KW,CV2,8,CS11_WW,0.9836011287606279,5,99.66666860580439
1,Eta1,Genomic baseline,Genomic pathway,Linear,Without W,Genomic linear + E,E + G + GE,Linear genomic model with environment and G × E interaction,G + E,KW,CV2,8,CS12_WS,0.9903853247524268,5,99.66666860580439
1,Eta1,Genomic baseline,Genomic pathway,Linear,Without W,Genomic linear + E,E + G + GE,Linear genomic model with environment and G × E interaction,G + E,KW,CV2,8,CS12_WW,0.9912058299180939,5,99.66666860580439
1,Eta1,Genomic baseline,Genomic pathway,Linear,Without W,Genomic linear + E,E + G + GE,Linear genomic model with environment and G × E interaction,G + E,KW,CV2,9,CS11_WS,0.9921288702311708,5,98.05216140747083
1,Eta1,Genomic baseline,Genomic pathway,Linear,Without W,Genomic linear + E,E + G + GE,Linear genomic model with environment and G × E interaction,G + E,KW,CV2,9,CS11_WW,0.9834773026586909,5,98.05216140747083
1,Eta1,Genomic baseline,Genomic pathway,Linear,Without W,Genomic linear + E,E + G + GE,Linear genomic model with environment and G × E interaction,G + E,KW,CV2,9,CS12_WS,0.9902381488704446,5,98.05216140747083
1,Eta1,Genomic baseline,Genomic pathway,Linear,Without W,Genomic linear + E,E + G + GE,Linear genomic model with environment and G × E interaction,G + E,KW,CV2,9,CS12_WW,0.9909401816606118,5,98.05216140747083
1,Eta1,Genomic baseline,Genomic pathway,Linear,Without W,Genomic linear + E,E + G + GE,Linear genomic model with environment and G × E interaction,G + E,KW,CV2,10,CS11_WS,0.9919287517828479,5,99.72568435668948
1,Eta1,Genomic baseline,Genomic pathway,Linear,Without W,Genomic linear + E,E + G + GE,Linear genomic model with environment and G × E interaction,G + E,KW,CV2,10,CS11_WW,0.9835747439546692,5,99.72568435668948
1,Eta1,Genomic baseline,Genomic pathway,Linear,Without W,Genomic linear + E,E + G + GE,Linear genomic model with environment and G × E interaction,G + E,KW,CV2,10,CS12_WS,0.9902925039766985,5,99.72568435668948
1,Eta1,Genomic baseline,Genomic pathway,Linear,Without W,Genomic linear + E,E + G + GE,Linear genomic model with environment and G × E interaction,G + E,KW,CV2,10,CS12_WW,0.9911305294926182,5,99.72568435668948
2,Eta2,Phenomic baseline,Phenomic pathway,Linear,Without W,Phenomic linear + E,E + P + PE,Linear phenomic model with environment and P × E interaction,P + E,GY,CV1,1,CS11_WS,0.6238874596971458,5,86.08276200294496
2,Eta2,Phenomic baseline,Phenomic pathway,Linear,Without W,Phenomic linear + E,E + P + PE,Linear phenomic model with environment and P × E interaction,P + E,GY,CV1,1,CS11_WW,0.6473937623613376,5,86.08276200294496
2,Eta2,Phenomic baseline,Phenomic pathway,Linear,Without W,Phenomic linear + E,E + P + PE,Linear phenomic model with environment and P × E interaction,P + E,GY,CV1,1,CS12_WS,0.6894794323098605,5,86.08276200294496
2,Eta2,Phenomic baseline,Phenomic pathway,Linear,Without W,Phenomic linear + E,E + P + PE,Linear phenomic model with environment and P × E interaction,P + E,GY,CV1,1,CS12_WW,0.6114879463876406,5,86.08276200294496
2,Eta2,Phenomic baseline,Phenomic pathway,Linear,Without W,Phenomic linear + E,E + P + PE,Linear phenomic model with environment and P × E interaction,P + E,GY,CV1,2,CS11_WS,0.6473315553309944,5,87.82228159904483
2,Eta2,Phenomic baseline,Phenomic pathway,Linear,Without W,Phenomic linear + E,E + P + PE,Linear phenomic model with environment and P × E interaction,P + E,GY,CV1,2,CS11_WW,0.6729436273918508,5,87.82228159904483
2,Eta2,Phenomic baseline,Phenomic pathway,Linear,Without W,Phenomic linear + E,E + P + PE,Linear phenomic model with environment and P × E interaction,P + E,GY,CV1,2,CS12_WS,0.7073224871195801,5,87.82228159904483
2,Eta2,Phenomic baseline,Phenomic pathway,Linear,Without W,Phenomic linear + E,E + P + PE,Linear phenomic model with environment and P × E interaction,P + E,GY,CV1,2,CS12_WW,0.610409246509225,5,87.82228159904483
2,Eta2,Phenomic baseline,Phenomic pathway,Linear,Without W,Phenomic linear + E,E + P + PE,Linear phenomic model with environment and P × E interaction,P + E,GY,CV1,3,CS11_WS,0.6226504811841986,5,98.68145508766169
2,Eta2,Phenomic baseline,Phenomic pathway,Linear,Without W,Phenomic linear + E,E + P + PE,Linear phenomic model with environment and P × E interaction,P + E,GY,CV1,3,CS11_WW,0.6508735726227275,5,98.68145508766169
2,Eta2,Phenomic baseline,Phenomic pathway,Linear,Without W,Phenomic linear + E,E + P + PE,Linear phenomic model with environment and P × E interaction,P + E,GY,CV1,3,CS12_WS,0.6953763681028952,5,98.68145508766169
2,Eta2,Phenomic baseline,Phenomic pathway,Linear,Without W,Phenomic linear + E,E + P + PE,Linear phenomic model with environment and P × E interaction,P + E,GY,CV1,3,CS12_WW,0.5913963620906539,5,98.68145508766169
2,Eta2,Phenomic baseline,Phenomic pathway,Linear,Without W,Phenomic linear + E,E + P + PE,Linear phenomic model with environment and P × E interaction,P + E,GY,CV1,4,CS11_WS,0.625203641195777,5,99.10297126770024
2,Eta2,Phenomic baseline,Phenomic pathway,Linear,Without W,Phenomic linear + E,E + P + PE,Linear phenomic model with environment and P × E interaction,P + E,GY,CV1,4,CS11_WW,0.6514578878716677,5,99.10297126770024
2,Eta2,Phenomic baseline,Phenomic pathway,Linear,Without W,Phenomic linear + E,E + P + PE,Linear phenomic model with environment and P × E interaction,P + E,GY,CV1,4,CS12_WS,0.7054206176683477,5,99.10297126770024
2,Eta2,Phenomic baseline,Phenomic pathway,Linear,Without W,Phenomic linear + E,E + P + PE,Linear phenomic model with environment and P × E interaction,P + E,GY,CV1,4,CS12_WW,0.5996505053367986,5,99.10297126770024
2,Eta2,Phenomic baseline,Phenomic pathway,Linear,Without W,Phenomic linear + E,E + P + PE,Linear phenomic model with environment and P × E interaction,P + E,GY,CV1,5,CS11_WS,0.5920928275677996,5,100.53389019966136
2,Eta2,Phenomic baseline,Phenomic pathway,Linear,Without W,Phenomic linear + E,E + P + PE,Linear phenomic model with environment and P × E interaction,P + E,GY,CV1,5,CS11_WW,0.65680387344596,5,100.53389019966136
2,Eta2,Phenomic baseline,Phenomic pathway,Linear,Without W,Phenomic linear + E,E + P + PE,Linear phenomic model with environment and P × E interaction,P + E,GY,CV1,5,CS12_WS,0.6677020432665726,5,100.53389019966136
2,Eta2,Phenomic baseline,Phenomic pathway,Linear,Without W,Phenomic linear + E,E + P + PE,Linear phenomic model with environment and P × E interaction,P + E,GY,CV1,5,CS12_WW,0.581254991359153,5,100.53389019966136
2,Eta2,Phenomic baseline,Phenomic pathway,Linear,Without W,Phenomic linear + E,E + P + PE,Linear phenomic model with environment and P × E interaction,P + E,GY,CV1,6,CS11_WS,0.6475469766687368,5,97.53796839714047
2,Eta2,Phenomic baseline,Phenomic pathway,Linear,Without W,Phenomic linear + E,E + P + PE,Linear phenomic model with environment and P × E interaction,P + E,GY,CV1,6,CS11_WW,0.660858558693975,5,97.53796839714047
2,Eta2,Phenomic baseline,Phenomic pathway,Linear,Without W,Phenomic linear + E,E + P + PE,Linear phenomic model with environment and P × E interaction,P + E,GY,CV1,6,CS12_WS,0.6814134585543956,5,97.53796839714047
2,Eta2,Phenomic baseline,Phenomic pathway,Linear,Without W,Phenomic linear + E,E + P + PE,Linear phenomic model with environment and P × E interaction,P + E,GY,CV1,6,CS12_WW,0.5842666966176986,5,97.53796839714047
2,Eta2,Phenomic baseline,Phenomic pathway,Linear,Without W,Phenomic linear + E,E + P + PE,Linear phenomic model with environment and P × E interaction,P + E,GY,CV1,7,CS11_WS,0.6198915173327508,5,98.94507198333741
2,Eta2,Phenomic baseline,Phenomic pathway,Linear,Without W,Phenomic linear + E,E + P + PE,Linear phenomic model with environment and P × E interaction,P + E,GY,CV1,7,CS11_WW,0.6629369616621974,5,98.94507198333741
2,Eta2,Phenomic baseline,Phenomic pathway,Linear,Without W,Phenomic linear + E,E + P + PE,Linear phenomic model with environment and P × E interaction,P + E,GY,CV1,7,CS12_WS,0.683659408400234,5,98.94507198333741
2,Eta2,Phenomic baseline,Phenomic pathway,Linear,Without W,Phenomic linear + E,E + P + PE,Linear phenomic model with environment and P × E interaction,P + E,GY,CV1,7,CS12_WW,0.592169003358162,5,98.94507198333741
2,Eta2,Phenomic baseline,Phenomic pathway,Linear,Without W,Phenomic linear + E,E + P + PE,Linear phenomic model with environment and P × E interaction,P + E,GY,CV1,8,CS11_WS,0.5821594334094682,5,99.7317524433136
2,Eta2,Phenomic baseline,Phenomic pathway,Linear,Without W,Phenomic linear + E,E + P + PE,Linear phenomic model with environment and P × E interaction,P + E,GY,CV1,8,CS11_WW,0.6298473136295036,5,99.7317524433136
2,Eta2,Phenomic baseline,Phenomic pathway,Linear,Without W,Phenomic linear + E,E + P + PE,Linear phenomic model with environment and P × E interaction,P + E,GY,CV1,8,CS12_WS,0.6889605282578655,5,99.7317524433136
2,Eta2,Phenomic baseline,Phenomic pathway,Linear,Without W,Phenomic linear + E,E + P + PE,Linear phenomic model with environment and P × E interaction,P + E,GY,CV1,8,CS12_WW,0.6326792542432649,5,99.7317524433136
2,Eta2,Phenomic baseline,Phenomic pathway,Linear,Without W,Phenomic linear + E,E + P + PE,Linear phenomic model with environment and P × E interaction,P + E,GY,CV1,9,CS11_WS,0.6329269834895792,5,83.96232514381408
2,Eta2,Phenomic baseline,Phenomic pathway,Linear,Without W,Phenomic linear + E,E + P + PE,Linear phenomic model with environment and P × E interaction,P + E,GY,CV1,9,CS11_WW,0.6837938225582902,5,83.96232514381408
2,Eta2,Phenomic baseline,Phenomic pathway,Linear,Without W,Phenomic linear + E,E + P + PE,Linear phenomic model with environment and P × E interaction,P + E,GY,CV1,9,CS12_WS,0.7150104732779703,5,83.96232514381408
2,Eta2,Phenomic baseline,Phenomic pathway,Linear,Without W,Phenomic linear + E,E + P + PE,Linear phenomic model with environment and P × E interaction,P + E,GY,CV1,9,CS12_WW,0.6355998141016859,5,83.96232514381408
2,Eta2,Phenomic baseline,Phenomic pathway,Linear,Without W,Phenomic linear + E,E + P + PE,Linear phenomic model with environment and P × E interaction,P + E,GY,CV1,10,CS11_WS,0.6131267294815054,5,84.8600068092346
2,Eta2,Phenomic baseline,Phenomic pathway,Linear,Without W,Phenomic linear + E,E + P + PE,Linear phenomic model with environment and P × E interaction,P + E,GY,CV1,10,CS11_WW,0.668824511077323,5,84.8600068092346
2,Eta2,Phenomic baseline,Phenomic pathway,Linear,Without W,Phenomic linear + E,E + P + PE,Linear phenomic model with environment and P × E interaction,P + E,GY,CV1,10,CS12_WS,0.7035382872752377,5,84.8600068092346
2,Eta2,Phenomic baseline,Phenomic pathway,Linear,Without W,Phenomic linear + E,E + P + PE,Linear phenomic model with environment and P × E interaction,P + E,GY,CV1,10,CS12_WW,0.6190939543649095,5,84.8600068092346
2,Eta2,Phenomic baseline,Phenomic pathway,Linear,Without W,Phenomic linear + E,E + P + PE,Linear phenomic model with environment and P × E interaction,P + E,GY,CV2,1,CS11_WS,0.9645424628353348,5,86.08276200294496
2,Eta2,Phenomic baseline,Phenomic pathway,Linear,Without W,Phenomic linear + E,E + P + PE,Linear phenomic model with environment and P × E interaction,P + E,GY,CV2,1,CS11_WW,0.9741843736359508,5,86.08276200294496
2,Eta2,Phenomic baseline,Phenomic pathway,Linear,Without W,Phenomic linear + E,E + P + PE,Linear phenomic model with environment and P × E interaction,P + E,GY,CV2,1,CS12_WS,0.9795196745825583,5,86.08276200294496
2,Eta2,Phenomic baseline,Phenomic pathway,Linear,Without W,Phenomic linear + E,E + P + PE,Linear phenomic model with environment and P × E interaction,P + E,GY,CV2,1,CS12_WW,0.9712277714742633,5,86.08276200294496
2,Eta2,Phenomic baseline,Phenomic pathway,Linear,Without W,Phenomic linear + E,E + P + PE,Linear phenomic model with environment and P × E interaction,P + E,GY,CV2,2,CS11_WS,0.9622081432896167,5,87.82228159904483
2,Eta2,Phenomic baseline,Phenomic pathway,Linear,Without W,Phenomic linear + E,E + P + PE,Linear phenomic model with environment and P × E interaction,P + E,GY,CV2,2,CS11_WW,0.9719270436362704,5,87.82228159904483
2,Eta2,Phenomic baseline,Phenomic pathway,Linear,Without W,Phenomic linear + E,E + P + PE,Linear phenomic model with environment and P × E interaction,P + E,GY,CV2,2,CS12_WS,0.9776685811138781,5,87.82228159904483
2,Eta2,Phenomic baseline,Phenomic pathway,Linear,Without W,Phenomic linear + E,E + P + PE,Linear phenomic model with environment and P × E interaction,P + E,GY,CV2,2,CS12_WW,0.9688399059782764,5,87.82228159904483
2,Eta2,Phenomic baseline,Phenomic pathway,Linear,Without W,Phenomic linear + E,E + P + PE,Linear phenomic model with environment and P × E interaction,P + E,GY,CV2,3,CS11_WS,0.9642307575071427,5,98.68145508766169
2,Eta2,Phenomic baseline,Phenomic pathway,Linear,Without W,Phenomic linear + E,E + P + PE,Linear phenomic model with environment and P × E interaction,P + E,GY,CV2,3,CS11_WW,0.9739600329079415,5,98.68145508766169
2,Eta2,Phenomic baseline,Phenomic pathway,Linear,Without W,Phenomic linear + E,E + P + PE,Linear phenomic model with environment and P × E interaction,P + E,GY,CV2,3,CS12_WS,0.979949279812511,5,98.68145508766169
2,Eta2,Phenomic baseline,Phenomic pathway,Linear,Without W,Phenomic linear + E,E + P + PE,Linear phenomic model with environment and P × E interaction,P + E,GY,CV2,3,CS12_WW,0.9712680722915457,5,98.68145508766169
2,Eta2,Phenomic baseline,Phenomic pathway,Linear,Without W,Phenomic linear + E,E + P + PE,Linear phenomic model with environment and P × E interaction,P + E,GY,CV2,4,CS11_WS,0.9622591986765547,5,99.10297126770024
2,Eta2,Phenomic baseline,Phenomic pathway,Linear,Without W,Phenomic linear + E,E + P + PE,Linear phenomic model with environment and P × E interaction,P + E,GY,CV2,4,CS11_WW,0.9723664911374765,5,99.10297126770024
2,Eta2,Phenomic baseline,Phenomic pathway,Linear,Without W,Phenomic linear + E,E + P + PE,Linear phenomic model with environment and P × E interaction,P + E,GY,CV2,4,CS12_WS,0.978726919633233,5,99.10297126770024
2,Eta2,Phenomic baseline,Phenomic pathway,Linear,Without W,Phenomic linear + E,E + P + PE,Linear phenomic model with environment and P × E interaction,P + E,GY,CV2,4,CS12_WW,0.9693484073947054,5,99.10297126770024
2,Eta2,Phenomic baseline,Phenomic pathway,Linear,Without W,Phenomic linear + E,E + P + PE,Linear phenomic model with environment and P × E interaction,P + E,GY,CV2,5,CS11_WS,0.9488654354148445,5,100.53389019966136
2,Eta2,Phenomic baseline,Phenomic pathway,Linear,Without W,Phenomic linear + E,E + P + PE,Linear phenomic model with environment and P × E interaction,P + E,GY,CV2,5,CS11_WW,0.9532136541538296,5,100.53389019966136
2,Eta2,Phenomic baseline,Phenomic pathway,Linear,Without W,Phenomic linear + E,E + P + PE,Linear phenomic model with environment and P × E interaction,P + E,GY,CV2,5,CS12_WS,0.9588986146441902,5,100.53389019966136
2,Eta2,Phenomic baseline,Phenomic pathway,Linear,Without W,Phenomic linear + E,E + P + PE,Linear phenomic model with environment and P × E interaction,P + E,GY,CV2,5,CS12_WW,0.9515818825870012,5,100.53389019966136
2,Eta2,Phenomic baseline,Phenomic pathway,Linear,Without W,Phenomic linear + E,E + P + PE,Linear phenomic model with environment and P × E interaction,P + E,GY,CV2,6,CS11_WS,0.9636691879052843,5,97.53796839714047
2,Eta2,Phenomic baseline,Phenomic pathway,Linear,Without W,Phenomic linear + E,E + P + PE,Linear phenomic model with environment and P × E interaction,P + E,GY,CV2,6,CS11_WW,0.9722482539795196,5,97.53796839714047
2,Eta2,Phenomic baseline,Phenomic pathway,Linear,Without W,Phenomic linear + E,E + P + PE,Linear phenomic model with environment and P × E interaction,P + E,GY,CV2,6,CS12_WS,0.9780195927407396,5,97.53796839714047
2,Eta2,Phenomic baseline,Phenomic pathway,Linear,Without W,Phenomic linear + E,E + P + PE,Linear phenomic model with environment and P × E interaction,P + E,GY,CV2,6,CS12_WW,0.9696915667595615,5,97.53796839714047
2,Eta2,Phenomic baseline,Phenomic pathway,Linear,Without W,Phenomic linear + E,E + P + PE,Linear phenomic model with environment and P × E interaction,P + E,GY,CV2,7,CS11_WS,0.9569882585892762,5,98.94507198333741
2,Eta2,Phenomic baseline,Phenomic pathway,Linear,Without W,Phenomic linear + E,E + P + PE,Linear phenomic model with environment and P × E interaction,P + E,GY,CV2,7,CS11_WW,0.9647414239341122,5,98.94507198333741
2,Eta2,Phenomic baseline,Phenomic pathway,Linear,Without W,Phenomic linear + E,E + P + PE,Linear phenomic model with environment and P × E interaction,P + E,GY,CV2,7,CS12_WS,0.9724880886241094,5,98.94507198333741
2,Eta2,Phenomic baseline,Phenomic pathway,Linear,Without W,Phenomic linear + E,E + P + PE,Linear phenomic model with environment and P × E interaction,P + E,GY,CV2,7,CS12_WW,0.9641275755632691,5,98.94507198333741
2,Eta2,Phenomic baseline,Phenomic pathway,Linear,Without W,Phenomic linear + E,E + P + PE,Linear phenomic model with environment and P × E interaction,P + E,GY,CV2,8,CS11_WS,0.960487939367973,5,99.7317524433136
2,Eta2,Phenomic baseline,Phenomic pathway,Linear,Without W,Phenomic linear + E,E + P + PE,Linear phenomic model with environment and P × E interaction,P + E,GY,CV2,8,CS11_WW,0.9690599736398294,5,99.7317524433136
2,Eta2,Phenomic baseline,Phenomic pathway,Linear,Without W,Phenomic linear + E,E + P + PE,Linear phenomic model with environment and P × E interaction,P + E,GY,CV2,8,CS12_WS,0.9757337179056851,5,99.7317524433136
2,Eta2,Phenomic baseline,Phenomic pathway,Linear,Without W,Phenomic linear + E,E + P + PE,Linear phenomic model with environment and P × E interaction,P + E,GY,CV2,8,CS12_WW,0.966459349132108,5,99.7317524433136
2,Eta2,Phenomic baseline,Phenomic pathway,Linear,Without W,Phenomic linear + E,E + P + PE,Linear phenomic model with environment and P × E interaction,P + E,GY,CV2,9,CS11_WS,0.9626523998721866,5,83.96232514381408
2,Eta2,Phenomic baseline,Phenomic pathway,Linear,Without W,Phenomic linear + E,E + P + PE,Linear phenomic model with environment and P × E interaction,P + E,GY,CV2,9,CS11_WW,0.9736230796663401,5,83.96232514381408
2,Eta2,Phenomic baseline,Phenomic pathway,Linear,Without W,Phenomic linear + E,E + P + PE,Linear phenomic model with environment and P × E interaction,P + E,GY,CV2,9,CS12_WS,0.979444325491779,5,83.96232514381408
2,Eta2,Phenomic baseline,Phenomic pathway,Linear,Without W,Phenomic linear + E,E + P + PE,Linear phenomic model with environment and P × E interaction,P + E,GY,CV2,9,CS12_WW,0.9705672618022947,5,83.96232514381408
2,Eta2,Phenomic baseline,Phenomic pathway,Linear,Without W,Phenomic linear + E,E + P + PE,Linear phenomic model with environment and P × E interaction,P + E,GY,CV2,10,CS11_WS,0.950880550572983,5,84.8600068092346
2,Eta2,Phenomic baseline,Phenomic pathway,Linear,Without W,Phenomic linear + E,E + P + PE,Linear phenomic model with environment and P × E interaction,P + E,GY,CV2,10,CS11_WW,0.9566926487634738,5,84.8600068092346
2,Eta2,Phenomic baseline,Phenomic pathway,Linear,Without W,Phenomic linear + E,E + P + PE,Linear phenomic model with environment and P × E interaction,P + E,GY,CV2,10,CS12_WS,0.9637401259590567,5,84.8600068092346
2,Eta2,Phenomic baseline,Phenomic pathway,Linear,Without W,Phenomic linear + E,E + P + PE,Linear phenomic model with environment and P × E interaction,P + E,GY,CV2,10,CS12_WW,0.9573034841154857,5,84.8600068092346
2,Eta2,Phenomic baseline,Phenomic pathway,Linear,Without W,Phenomic linear + E,E + P + PE,Linear phenomic model with environment and P × E interaction,P + E,KW,CV1,1,CS11_WS,0.7894099459366382,5,98.06447501182552
2,Eta2,Phenomic baseline,Phenomic pathway,Linear,Without W,Phenomic linear + E,E + P + PE,Linear phenomic model with environment and P × E interaction,P + E,KW,CV1,1,CS11_WW,0.7605212232592108,5,98.06447501182552
2,Eta2,Phenomic baseline,Phenomic pathway,Linear,Without W,Phenomic linear + E,E + P + PE,Linear phenomic model with environment and P × E interaction,P + E,KW,CV1,1,CS12_WS,0.7854124088215898,5,98.06447501182552
2,Eta2,Phenomic baseline,Phenomic pathway,Linear,Without W,Phenomic linear + E,E + P + PE,Linear phenomic model with environment and P × E interaction,P + E,KW,CV1,1,CS12_WW,0.7403922438784722,5,98.06447501182552
2,Eta2,Phenomic baseline,Phenomic pathway,Linear,Without W,Phenomic linear + E,E + P + PE,Linear phenomic model with environment and P × E interaction,P + E,KW,CV1,2,CS11_WS,0.7872317688353192,5,82.70942282676694
2,Eta2,Phenomic baseline,Phenomic pathway,Linear,Without W,Phenomic linear + E,E + P + PE,Linear phenomic model with environment and P × E interaction,P + E,KW,CV1,2,CS11_WW,0.7680970083726624,5,82.70942282676694
2,Eta2,Phenomic baseline,Phenomic pathway,Linear,Without W,Phenomic linear + E,E + P + PE,Linear phenomic model with environment and P × E interaction,P + E,KW,CV1,2,CS12_WS,0.7778866242351974,5,82.70942282676694
2,Eta2,Phenomic baseline,Phenomic pathway,Linear,Without W,Phenomic linear + E,E + P + PE,Linear phenomic model with environment and P × E interaction,P + E,KW,CV1,2,CS12_WW,0.7406852455988567,5,82.70942282676694
2,Eta2,Phenomic baseline,Phenomic pathway,Linear,Without W,Phenomic linear + E,E + P + PE,Linear phenomic model with environment and P × E interaction,P + E,KW,CV1,3,CS11_WS,0.7723712849315678,5,83.22277073860168
2,Eta2,Phenomic baseline,Phenomic pathway,Linear,Without W,Phenomic linear + E,E + P + PE,Linear phenomic model with environment and P × E interaction,P + E,KW,CV1,3,CS11_WW,0.7617063437421725,5,83.22277073860168
2,Eta2,Phenomic baseline,Phenomic pathway,Linear,Without W,Phenomic linear + E,E + P + PE,Linear phenomic model with environment and P × E interaction,P + E,KW,CV1,3,CS12_WS,0.7676000124401084,5,83.22277073860168
2,Eta2,Phenomic baseline,Phenomic pathway,Linear,Without W,Phenomic linear + E,E + P + PE,Linear phenomic model with environment and P × E interaction,P + E,KW,CV1,3,CS12_WW,0.7159716954676998,5,83.22277073860168
2,Eta2,Phenomic baseline,Phenomic pathway,Linear,Without W,Phenomic linear + E,E + P + PE,Linear phenomic model with environment and P × E interaction,P + E,KW,CV1,4,CS11_WS,0.7531662707255198,5,97.7326717376709
2,Eta2,Phenomic baseline,Phenomic pathway,Linear,Without W,Phenomic linear + E,E + P + PE,Linear phenomic model with environment and P × E interaction,P + E,KW,CV1,4,CS11_WW,0.7649098942230361,5,97.7326717376709
2,Eta2,Phenomic baseline,Phenomic pathway,Linear,Without W,Phenomic linear + E,E + P + PE,Linear phenomic model with environment and P × E interaction,P + E,KW,CV1,4,CS12_WS,0.7765270888269964,5,97.7326717376709
2,Eta2,Phenomic baseline,Phenomic pathway,Linear,Without W,Phenomic linear + E,E + P + PE,Linear phenomic model with environment and P × E interaction,P + E,KW,CV1,4,CS12_WW,0.7317104059013672,5,97.7326717376709
2,Eta2,Phenomic baseline,Phenomic pathway,Linear,Without W,Phenomic linear + E,E + P + PE,Linear phenomic model with environment and P × E interaction,P + E,KW,CV1,5,CS11_WS,0.7825636207143234,5,98.72553906440737
2,Eta2,Phenomic baseline,Phenomic pathway,Linear,Without W,Phenomic linear + E,E + P + PE,Linear phenomic model with environment and P × E interaction,P + E,KW,CV1,5,CS11_WW,0.7722910025519344,5,98.72553906440737
2,Eta2,Phenomic baseline,Phenomic pathway,Linear,Without W,Phenomic linear + E,E + P + PE,Linear phenomic model with environment and P × E interaction,P + E,KW,CV1,5,CS12_WS,0.7920659423476454,5,98.72553906440737
2,Eta2,Phenomic baseline,Phenomic pathway,Linear,Without W,Phenomic linear + E,E + P + PE,Linear phenomic model with environment and P × E interaction,P + E,KW,CV1,5,CS12_WW,0.7528207987897696,5,98.72553906440737
2,Eta2,Phenomic baseline,Phenomic pathway,Linear,Without W,Phenomic linear + E,E + P + PE,Linear phenomic model with environment and P × E interaction,P + E,KW,CV1,6,CS11_WS,0.7746094327261612,5,98.09131641387938
2,Eta2,Phenomic baseline,Phenomic pathway,Linear,Without W,Phenomic linear + E,E + P + PE,Linear phenomic model with environment and P × E interaction,P + E,KW,CV1,6,CS11_WW,0.7633244155691854,5,98.09131641387938
2,Eta2,Phenomic baseline,Phenomic pathway,Linear,Without W,Phenomic linear + E,E + P + PE,Linear phenomic model with environment and P × E interaction,P + E,KW,CV1,6,CS12_WS,0.7794878805163286,5,98.09131641387938
2,Eta2,Phenomic baseline,Phenomic pathway,Linear,Without W,Phenomic linear + E,E + P + PE,Linear phenomic model with environment and P × E interaction,P + E,KW,CV1,6,CS12_WW,0.712473879575042,5,98.09131641387938
2,Eta2,Phenomic baseline,Phenomic pathway,Linear,Without W,Phenomic linear + E,E + P + PE,Linear phenomic model with environment and P × E interaction,P + E,KW,CV1,7,CS11_WS,0.7834516519460318,5,100.94594087600716
2,Eta2,Phenomic baseline,Phenomic pathway,Linear,Without W,Phenomic linear + E,E + P + PE,Linear phenomic model with environment and P × E interaction,P + E,KW,CV1,7,CS11_WW,0.7572686810933698,5,100.94594087600716
2,Eta2,Phenomic baseline,Phenomic pathway,Linear,Without W,Phenomic linear + E,E + P + PE,Linear phenomic model with environment and P × E interaction,P + E,KW,CV1,7,CS12_WS,0.777324089364247,5,100.94594087600716
2,Eta2,Phenomic baseline,Phenomic pathway,Linear,Without W,Phenomic linear + E,E + P + PE,Linear phenomic model with environment and P × E interaction,P + E,KW,CV1,7,CS12_WW,0.7238591390320097,5,100.94594087600716
2,Eta2,Phenomic baseline,Phenomic pathway,Linear,Without W,Phenomic linear + E,E + P + PE,Linear phenomic model with environment and P × E interaction,P + E,KW,CV1,8,CS11_WS,0.7535056116545686,5,97.65478186607363
2,Eta2,Phenomic baseline,Phenomic pathway,Linear,Without W,Phenomic linear + E,E + P + PE,Linear phenomic model with environment and P × E interaction,P + E,KW,CV1,8,CS11_WW,0.7461761109291016,5,97.65478186607363
2,Eta2,Phenomic baseline,Phenomic pathway,Linear,Without W,Phenomic linear + E,E + P + PE,Linear phenomic model with environment and P × E interaction,P + E,KW,CV1,8,CS12_WS,0.7551447931462605,5,97.65478186607363
2,Eta2,Phenomic baseline,Phenomic pathway,Linear,Without W,Phenomic linear + E,E + P + PE,Linear phenomic model with environment and P × E interaction,P + E,KW,CV1,8,CS12_WW,0.709512814486599,5,97.65478186607363
2,Eta2,Phenomic baseline,Phenomic pathway,Linear,Without W,Phenomic linear + E,E + P + PE,Linear phenomic model with environment and P × E interaction,P + E,KW,CV1,9,CS11_WS,0.7784226666663813,5,99.24107818603522
2,Eta2,Phenomic baseline,Phenomic pathway,Linear,Without W,Phenomic linear + E,E + P + PE,Linear phenomic model with environment and P × E interaction,P + E,KW,CV1,9,CS11_WW,0.762785576764774,5,99.24107818603522
2,Eta2,Phenomic baseline,Phenomic pathway,Linear,Without W,Phenomic linear + E,E + P + PE,Linear phenomic model with environment and P × E interaction,P + E,KW,CV1,9,CS12_WS,0.777262982627346,5,99.24107818603522
2,Eta2,Phenomic baseline,Phenomic pathway,Linear,Without W,Phenomic linear + E,E + P + PE,Linear phenomic model with environment and P × E interaction,P + E,KW,CV1,9,CS12_WW,0.7395989359261596,5,99.24107818603522
2,Eta2,Phenomic baseline,Phenomic pathway,Linear,Without W,Phenomic linear + E,E + P + PE,Linear phenomic model with environment and P × E interaction,P + E,KW,CV1,10,CS11_WS,0.793240701405416,5,99.84502263069155
2,Eta2,Phenomic baseline,Phenomic pathway,Linear,Without W,Phenomic linear + E,E + P + PE,Linear phenomic model with environment and P × E interaction,P + E,KW,CV1,10,CS11_WW,0.7536753648856351,5,99.84502263069155
2,Eta2,Phenomic baseline,Phenomic pathway,Linear,Without W,Phenomic linear + E,E + P + PE,Linear phenomic model with environment and P × E interaction,P + E,KW,CV1,10,CS12_WS,0.7940179098713183,5,99.84502263069155
2,Eta2,Phenomic baseline,Phenomic pathway,Linear,Without W,Phenomic linear + E,E + P + PE,Linear phenomic model with environment and P × E interaction,P + E,KW,CV1,10,CS12_WW,0.743461487676821,5,99.84502263069155
2,Eta2,Phenomic baseline,Phenomic pathway,Linear,Without W,Phenomic linear + E,E + P + PE,Linear phenomic model with environment and P × E interaction,P + E,KW,CV2,1,CS11_WS,0.9891792277110525,5,98.06447501182552
2,Eta2,Phenomic baseline,Phenomic pathway,Linear,Without W,Phenomic linear + E,E + P + PE,Linear phenomic model with environment and P × E interaction,P + E,KW,CV2,1,CS11_WW,0.9895678839926095,5,98.06447501182552
2,Eta2,Phenomic baseline,Phenomic pathway,Linear,Without W,Phenomic linear + E,E + P + PE,Linear phenomic model with environment and P × E interaction,P + E,KW,CV2,1,CS12_WS,0.990664349108123,5,98.06447501182552
2,Eta2,Phenomic baseline,Phenomic pathway,Linear,Without W,Phenomic linear + E,E + P + PE,Linear phenomic model with environment and P × E interaction,P + E,KW,CV2,1,CS12_WW,0.9900668052460839,5,98.06447501182552
2,Eta2,Phenomic baseline,Phenomic pathway,Linear,Without W,Phenomic linear + E,E + P + PE,Linear phenomic model with environment and P × E interaction,P + E,KW,CV2,2,CS11_WS,0.9859738409907661,5,82.70942282676694
2,Eta2,Phenomic baseline,Phenomic pathway,Linear,Without W,Phenomic linear + E,E + P + PE,Linear phenomic model with environment and P × E interaction,P + E,KW,CV2,2,CS11_WW,0.9862570907222945,5,82.70942282676694
2,Eta2,Phenomic baseline,Phenomic pathway,Linear,Without W,Phenomic linear + E,E + P + PE,Linear phenomic model with environment and P × E interaction,P + E,KW,CV2,2,CS12_WS,0.9872139778453939,5,82.70942282676694
2,Eta2,Phenomic baseline,Phenomic pathway,Linear,Without W,Phenomic linear + E,E + P + PE,Linear phenomic model with environment and P × E interaction,P + E,KW,CV2,2,CS12_WW,0.9863570778765013,5,82.70942282676694
2,Eta2,Phenomic baseline,Phenomic pathway,Linear,Without W,Phenomic linear + E,E + P + PE,Linear phenomic model with environment and P × E interaction,P + E,KW,CV2,3,CS11_WS,0.9895741608566633,5,83.22277073860168
2,Eta2,Phenomic baseline,Phenomic pathway,Linear,Without W,Phenomic linear + E,E + P + PE,Linear phenomic model with environment and P × E interaction,P + E,KW,CV2,3,CS11_WW,0.9896267505186047,5,83.22277073860168
2,Eta2,Phenomic baseline,Phenomic pathway,Linear,Without W,Phenomic linear + E,E + P + PE,Linear phenomic model with environment and P × E interaction,P + E,KW,CV2,3,CS12_WS,0.9908065083377752,5,83.22277073860168
2,Eta2,Phenomic baseline,Phenomic pathway,Linear,Without W,Phenomic linear + E,E + P + PE,Linear phenomic model with environment and P × E interaction,P + E,KW,CV2,3,CS12_WW,0.9900625439341765,5,83.22277073860168
2,Eta2,Phenomic baseline,Phenomic pathway,Linear,Without W,Phenomic linear + E,E + P + PE,Linear phenomic model with environment and P × E interaction,P + E,KW,CV2,4,CS11_WS,0.9899066926898996,5,97.7326717376709
2,Eta2,Phenomic baseline,Phenomic pathway,Linear,Without W,Phenomic linear + E,E + P + PE,Linear phenomic model with environment and P × E interaction,P + E,KW,CV2,4,CS11_WW,0.9899484535994931,5,97.7326717376709
2,Eta2,Phenomic baseline,Phenomic pathway,Linear,Without W,Phenomic linear + E,E + P + PE,Linear phenomic model with environment and P × E interaction,P + E,KW,CV2,4,CS12_WS,0.9911329498540983,5,97.7326717376709
2,Eta2,Phenomic baseline,Phenomic pathway,Linear,Without W,Phenomic linear + E,E + P + PE,Linear phenomic model with environment and P × E interaction,P + E,KW,CV2,4,CS12_WW,0.9903106807715238,5,97.7326717376709
2,Eta2,Phenomic baseline,Phenomic pathway,Linear,Without W,Phenomic linear + E,E + P + PE,Linear phenomic model with environment and P × E interaction,P + E,KW,CV2,5,CS11_WS,0.9889096157446746,5,98.72553906440737
2,Eta2,Phenomic baseline,Phenomic pathway,Linear,Without W,Phenomic linear + E,E + P + PE,Linear phenomic model with environment and P × E interaction,P + E,KW,CV2,5,CS11_WW,0.988426177145921,5,98.72553906440737
2,Eta2,Phenomic baseline,Phenomic pathway,Linear,Without W,Phenomic linear + E,E + P + PE,Linear phenomic model with environment and P × E interaction,P + E,KW,CV2,5,CS12_WS,0.9894762926294781,5,98.72553906440737
2,Eta2,Phenomic baseline,Phenomic pathway,Linear,Without W,Phenomic linear + E,E + P + PE,Linear phenomic model with environment and P × E interaction,P + E,KW,CV2,5,CS12_WW,0.9890413286710744,5,98.72553906440737
2,Eta2,Phenomic baseline,Phenomic pathway,Linear,Without W,Phenomic linear + E,E + P + PE,Linear phenomic model with environment and P × E interaction,P + E,KW,CV2,6,CS11_WS,0.989518018299643,5,98.09131641387938
2,Eta2,Phenomic baseline,Phenomic pathway,Linear,Without W,Phenomic linear + E,E + P + PE,Linear phenomic model with environment and P × E interaction,P + E,KW,CV2,6,CS11_WW,0.9899132585154906,5,98.09131641387938
2,Eta2,Phenomic baseline,Phenomic pathway,Linear,Without W,Phenomic linear + E,E + P + PE,Linear phenomic model with environment and P × E interaction,P + E,KW,CV2,6,CS12_WS,0.990943772752539,5,98.09131641387938
2,Eta2,Phenomic baseline,Phenomic pathway,Linear,Without W,Phenomic linear + E,E + P + PE,Linear phenomic model with environment and P × E interaction,P + E,KW,CV2,6,CS12_WW,0.9902091045578134,5,98.09131641387938
2,Eta2,Phenomic baseline,Phenomic pathway,Linear,Without W,Phenomic linear + E,E + P + PE,Linear phenomic model with environment and P × E interaction,P + E,KW,CV2,7,CS11_WS,0.9883178617351238,5,100.94594087600716
2,Eta2,Phenomic baseline,Phenomic pathway,Linear,Without W,Phenomic linear + E,E + P + PE,Linear phenomic model with environment and P × E interaction,P + E,KW,CV2,7,CS11_WW,0.9883430610419344,5,100.94594087600716
2,Eta2,Phenomic baseline,Phenomic pathway,Linear,Without W,Phenomic linear + E,E + P + PE,Linear phenomic model with environment and P × E interaction,P + E,KW,CV2,7,CS12_WS,0.9892296626256268,5,100.94594087600716
2,Eta2,Phenomic baseline,Phenomic pathway,Linear,Without W,Phenomic linear + E,E + P + PE,Linear phenomic model with environment and P × E interaction,P + E,KW,CV2,7,CS12_WW,0.988406764898442,5,100.94594087600716
2,Eta2,Phenomic baseline,Phenomic pathway,Linear,Without W,Phenomic linear + E,E + P + PE,Linear phenomic model with environment and P × E interaction,P + E,KW,CV2,8,CS11_WS,0.9888459789223081,5,97.65478186607363
2,Eta2,Phenomic baseline,Phenomic pathway,Linear,Without W,Phenomic linear + E,E + P + PE,Linear phenomic model with environment and P × E interaction,P + E,KW,CV2,8,CS11_WW,0.9888913206886285,5,97.65478186607363
2,Eta2,Phenomic baseline,Phenomic pathway,Linear,Without W,Phenomic linear + E,E + P + PE,Linear phenomic model with environment and P × E interaction,P + E,KW,CV2,8,CS12_WS,0.9898925799304502,5,97.65478186607363
2,Eta2,Phenomic baseline,Phenomic pathway,Linear,Without W,Phenomic linear + E,E + P + PE,Linear phenomic model with environment and P × E interaction,P + E,KW,CV2,8,CS12_WW,0.9892482079167706,5,97.65478186607363
2,Eta2,Phenomic baseline,Phenomic pathway,Linear,Without W,Phenomic linear + E,E + P + PE,Linear phenomic model with environment and P × E interaction,P + E,KW,CV2,9,CS11_WS,0.9881043109291602,5,99.24107818603522
2,Eta2,Phenomic baseline,Phenomic pathway,Linear,Without W,Phenomic linear + E,E + P + PE,Linear phenomic model with environment and P × E interaction,P + E,KW,CV2,9,CS11_WW,0.9882287977363804,5,99.24107818603522
2,Eta2,Phenomic baseline,Phenomic pathway,Linear,Without W,Phenomic linear + E,E + P + PE,Linear phenomic model with environment and P × E interaction,P + E,KW,CV2,9,CS12_WS,0.989427787154406,5,99.24107818603522
2,Eta2,Phenomic baseline,Phenomic pathway,Linear,Without W,Phenomic linear + E,E + P + PE,Linear phenomic model with environment and P × E interaction,P + E,KW,CV2,9,CS12_WW,0.9886758203972688,5,99.24107818603522
2,Eta2,Phenomic baseline,Phenomic pathway,Linear,Without W,Phenomic linear + E,E + P + PE,Linear phenomic model with environment and P × E interaction,P + E,KW,CV2,10,CS11_WS,0.9896063115853412,5,99.84502263069155
2,Eta2,Phenomic baseline,Phenomic pathway,Linear,Without W,Phenomic linear + E,E + P + PE,Linear phenomic model with environment and P × E interaction,P + E,KW,CV2,10,CS11_WW,0.9897413746501235,5,99.84502263069155
2,Eta2,Phenomic baseline,Phenomic pathway,Linear,Without W,Phenomic linear + E,E + P + PE,Linear phenomic model with environment and P × E interaction,P + E,KW,CV2,10,CS12_WS,0.9907316924229415,5,99.84502263069155
2,Eta2,Phenomic baseline,Phenomic pathway,Linear,Without W,Phenomic linear + E,E + P + PE,Linear phenomic model with environment and P × E interaction,P + E,KW,CV2,10,CS12_WW,0.9903636953817051,5,99.84502263069155
3,Eta3,Genomic baseline,Genomic pathway,Gaussian,Without W,Genomic Gaussian + E,E + GGK + GGKE,Gaussian genomic model with environment and GGK × E interaction,GGK + E,GY,CV1,1,CS11_WS,0.7224916685795192,5,73.21978664398193
3,Eta3,Genomic baseline,Genomic pathway,Gaussian,Without W,Genomic Gaussian + E,E + GGK + GGKE,Gaussian genomic model with environment and GGK × E interaction,GGK + E,GY,CV1,1,CS11_WW,0.746880240593838,5,73.21978664398193
3,Eta3,Genomic baseline,Genomic pathway,Gaussian,Without W,Genomic Gaussian + E,E + GGK + GGKE,Gaussian genomic model with environment and GGK × E interaction,GGK + E,GY,CV1,1,CS12_WS,0.729548334360279,5,73.21978664398193
3,Eta3,Genomic baseline,Genomic pathway,Gaussian,Without W,Genomic Gaussian + E,E + GGK + GGKE,Gaussian genomic model with environment and GGK × E interaction,GGK + E,GY,CV1,1,CS12_WW,0.7107725850204106,5,73.21978664398193
3,Eta3,Genomic baseline,Genomic pathway,Gaussian,Without W,Genomic Gaussian + E,E + GGK + GGKE,Gaussian genomic model with environment and GGK × E interaction,GGK + E,GY,CV1,2,CS11_WS,0.6741679684684743,5,74.11367869377136
3,Eta3,Genomic baseline,Genomic pathway,Gaussian,Without W,Genomic Gaussian + E,E + GGK + GGKE,Gaussian genomic model with environment and GGK × E interaction,GGK + E,GY,CV1,2,CS11_WW,0.73316826956515,5,74.11367869377136
3,Eta3,Genomic baseline,Genomic pathway,Gaussian,Without W,Genomic Gaussian + E,E + GGK + GGKE,Gaussian genomic model with environment and GGK × E interaction,GGK + E,GY,CV1,2,CS12_WS,0.7196465473042212,5,74.11367869377136
3,Eta3,Genomic baseline,Genomic pathway,Gaussian,Without W,Genomic Gaussian + E,E + GGK + GGKE,Gaussian genomic model with environment and GGK × E interaction,GGK + E,GY,CV1,2,CS12_WW,0.6879529031575388,5,74.11367869377136
3,Eta3,Genomic baseline,Genomic pathway,Gaussian,Without W,Genomic Gaussian + E,E + GGK + GGKE,Gaussian genomic model with environment and GGK × E interaction,GGK + E,GY,CV1,3,CS11_WS,0.6985099356906355,5,69.73115901947023
3,Eta3,Genomic baseline,Genomic pathway,Gaussian,Without W,Genomic Gaussian + E,E + GGK + GGKE,Gaussian genomic model with environment and GGK × E interaction,GGK + E,GY,CV1,3,CS11_WW,0.7254475776302836,5,69.73115901947023
3,Eta3,Genomic baseline,Genomic pathway,Gaussian,Without W,Genomic Gaussian + E,E + GGK + GGKE,Gaussian genomic model with environment and GGK × E interaction,GGK + E,GY,CV1,3,CS12_WS,0.7119392945408938,5,69.73115901947023
3,Eta3,Genomic baseline,Genomic pathway,Gaussian,Without W,Genomic Gaussian + E,E + GGK + GGKE,Gaussian genomic model with environment and GGK × E interaction,GGK + E,GY,CV1,3,CS12_WW,0.706274885221322,5,69.73115901947023
3,Eta3,Genomic baseline,Genomic pathway,Gaussian,Without W,Genomic Gaussian + E,E + GGK + GGKE,Gaussian genomic model with environment and GGK × E interaction,GGK + E,GY,CV1,4,CS11_WS,0.715330983873647,5,69.08801441192625
3,Eta3,Genomic baseline,Genomic pathway,Gaussian,Without W,Genomic Gaussian + E,E + GGK + GGKE,Gaussian genomic model with environment and GGK × E interaction,GGK + E,GY,CV1,4,CS11_WW,0.7406097737595764,5,69.08801441192625
3,Eta3,Genomic baseline,Genomic pathway,Gaussian,Without W,Genomic Gaussian + E,E + GGK + GGKE,Gaussian genomic model with environment and GGK × E interaction,GGK + E,GY,CV1,4,CS12_WS,0.7130719303869176,5,69.08801441192625
3,Eta3,Genomic baseline,Genomic pathway,Gaussian,Without W,Genomic Gaussian + E,E + GGK + GGKE,Gaussian genomic model with environment and GGK × E interaction,GGK + E,GY,CV1,4,CS12_WW,0.7041789620620328,5,69.08801441192625
3,Eta3,Genomic baseline,Genomic pathway,Gaussian,Without W,Genomic Gaussian + E,E + GGK + GGKE,Gaussian genomic model with environment and GGK × E interaction,GGK + E,GY,CV1,5,CS11_WS,0.6621835199714841,5,70.0110179901123
3,Eta3,Genomic baseline,Genomic pathway,Gaussian,Without W,Genomic Gaussian + E,E + GGK + GGKE,Gaussian genomic model with environment and GGK × E interaction,GGK + E,GY,CV1,5,CS11_WW,0.7271591529191441,5,70.0110179901123
3,Eta3,Genomic baseline,Genomic pathway,Gaussian,Without W,Genomic Gaussian + E,E + GGK + GGKE,Gaussian genomic model with environment and GGK × E interaction,GGK + E,GY,CV1,5,CS12_WS,0.7318324620492204,5,70.0110179901123
3,Eta3,Genomic baseline,Genomic pathway,Gaussian,Without W,Genomic Gaussian + E,E + GGK + GGKE,Gaussian genomic model with environment and GGK × E interaction,GGK + E,GY,CV1,5,CS12_WW,0.6969628091725414,5,70.0110179901123
3,Eta3,Genomic baseline,Genomic pathway,Gaussian,Without W,Genomic Gaussian + E,E + GGK + GGKE,Gaussian genomic model with environment and GGK × E interaction,GGK + E,GY,CV1,6,CS11_WS,0.7023539052836552,5,70.02302637100222
3,Eta3,Genomic baseline,Genomic pathway,Gaussian,Without W,Genomic Gaussian + E,E + GGK + GGKE,Gaussian genomic model with environment and GGK × E interaction,GGK + E,GY,CV1,6,CS11_WW,0.7424034917477889,5,70.02302637100222
3,Eta3,Genomic baseline,Genomic pathway,Gaussian,Without W,Genomic Gaussian + E,E + GGK + GGKE,Gaussian genomic model with environment and GGK × E interaction,GGK + E,GY,CV1,6,CS12_WS,0.7301085869977306,5,70.02302637100222
3,Eta3,Genomic baseline,Genomic pathway,Gaussian,Without W,Genomic Gaussian + E,E + GGK + GGKE,Gaussian genomic model with environment and GGK × E interaction,GGK + E,GY,CV1,6,CS12_WW,0.7136626375120582,5,70.02302637100222
3,Eta3,Genomic baseline,Genomic pathway,Gaussian,Without W,Genomic Gaussian + E,E + GGK + GGKE,Gaussian genomic model with environment and GGK × E interaction,GGK + E,GY,CV1,7,CS11_WS,0.7159295307161418,5,69.9151143550873
3,Eta3,Genomic baseline,Genomic pathway,Gaussian,Without W,Genomic Gaussian + E,E + GGK + GGKE,Gaussian genomic model with environment and GGK × E interaction,GGK + E,GY,CV1,7,CS11_WW,0.7291894322819605,5,69.9151143550873
3,Eta3,Genomic baseline,Genomic pathway,Gaussian,Without W,Genomic Gaussian + E,E + GGK + GGKE,Gaussian genomic model with environment and GGK × E interaction,GGK + E,GY,CV1,7,CS12_WS,0.7192899172735284,5,69.9151143550873
3,Eta3,Genomic baseline,Genomic pathway,Gaussian,Without W,Genomic Gaussian + E,E + GGK + GGKE,Gaussian genomic model with environment and GGK × E interaction,GGK + E,GY,CV1,7,CS12_WW,0.7051524950387273,5,69.9151143550873
3,Eta3,Genomic baseline,Genomic pathway,Gaussian,Without W,Genomic Gaussian + E,E + GGK + GGKE,Gaussian genomic model with environment and GGK × E interaction,GGK + E,GY,CV1,8,CS11_WS,0.7292234387451612,5,59.876273107528704
3,Eta3,Genomic baseline,Genomic pathway,Gaussian,Without W,Genomic Gaussian + E,E + GGK + GGKE,Gaussian genomic model with environment and GGK × E interaction,GGK + E,GY,CV1,8,CS11_WW,0.7524209862541178,5,59.876273107528704
3,Eta3,Genomic baseline,Genomic pathway,Gaussian,Without W,Genomic Gaussian + E,E + GGK + GGKE,Gaussian genomic model with environment and GGK × E interaction,GGK + E,GY,CV1,8,CS12_WS,0.7334740808158666,5,59.876273107528704
3,Eta3,Genomic baseline,Genomic pathway,Gaussian,Without W,Genomic Gaussian + E,E + GGK + GGKE,Gaussian genomic model with environment and GGK × E interaction,GGK + E,GY,CV1,8,CS12_WW,0.7041115239283491,5,59.876273107528704
3,Eta3,Genomic baseline,Genomic pathway,Gaussian,Without W,Genomic Gaussian + E,E + GGK + GGKE,Gaussian genomic model with environment and GGK × E interaction,GGK + E,GY,CV1,9,CS11_WS,0.7167559802902937,5,69.74239320755008
3,Eta3,Genomic baseline,Genomic pathway,Gaussian,Without W,Genomic Gaussian + E,E + GGK + GGKE,Gaussian genomic model with environment and GGK × E interaction,GGK + E,GY,CV1,9,CS11_WW,0.7590328911078432,5,69.74239320755008
3,Eta3,Genomic baseline,Genomic pathway,Gaussian,Without W,Genomic Gaussian + E,E + GGK + GGKE,Gaussian genomic model with environment and GGK × E interaction,GGK + E,GY,CV1,9,CS12_WS,0.7448358382102949,5,69.74239320755008
3,Eta3,Genomic baseline,Genomic pathway,Gaussian,Without W,Genomic Gaussian + E,E + GGK + GGKE,Gaussian genomic model with environment and GGK × E interaction,GGK + E,GY,CV1,9,CS12_WW,0.7240317091247138,5,69.74239320755008
3,Eta3,Genomic baseline,Genomic pathway,Gaussian,Without W,Genomic Gaussian + E,E + GGK + GGKE,Gaussian genomic model with environment and GGK × E interaction,GGK + E,GY,CV1,10,CS11_WS,0.6920285224132404,5,68.55474939346314
3,Eta3,Genomic baseline,Genomic pathway,Gaussian,Without W,Genomic Gaussian + E,E + GGK + GGKE,Gaussian genomic model with environment and GGK × E interaction,GGK + E,GY,CV1,10,CS11_WW,0.7540145539928006,5,68.55474939346314
3,Eta3,Genomic baseline,Genomic pathway,Gaussian,Without W,Genomic Gaussian + E,E + GGK + GGKE,Gaussian genomic model with environment and GGK × E interaction,GGK + E,GY,CV1,10,CS12_WS,0.7334247242445302,5,68.55474939346314
3,Eta3,Genomic baseline,Genomic pathway,Gaussian,Without W,Genomic Gaussian + E,E + GGK + GGKE,Gaussian genomic model with environment and GGK × E interaction,GGK + E,GY,CV1,10,CS12_WW,0.7085386731317106,5,68.55474939346314
3,Eta3,Genomic baseline,Genomic pathway,Gaussian,Without W,Genomic Gaussian + E,E + GGK + GGKE,Gaussian genomic model with environment and GGK × E interaction,GGK + E,GY,CV2,1,CS11_WS,0.9682355784554775,5,73.21978664398193
3,Eta3,Genomic baseline,Genomic pathway,Gaussian,Without W,Genomic Gaussian + E,E + GGK + GGKE,Gaussian genomic model with environment and GGK × E interaction,GGK + E,GY,CV2,1,CS11_WW,0.9683630130945016,5,73.21978664398193
3,Eta3,Genomic baseline,Genomic pathway,Gaussian,Without W,Genomic Gaussian + E,E + GGK + GGKE,Gaussian genomic model with environment and GGK × E interaction,GGK + E,GY,CV2,1,CS12_WS,0.9822562957144463,5,73.21978664398193
3,Eta3,Genomic baseline,Genomic pathway,Gaussian,Without W,Genomic Gaussian + E,E + GGK + GGKE,Gaussian genomic model with environment and GGK × E interaction,GGK + E,GY,CV2,1,CS12_WW,0.974406783681968,5,73.21978664398193
3,Eta3,Genomic baseline,Genomic pathway,Gaussian,Without W,Genomic Gaussian + E,E + GGK + GGKE,Gaussian genomic model with environment and GGK × E interaction,GGK + E,GY,CV2,2,CS11_WS,0.9685175129142533,5,74.11367869377136
3,Eta3,Genomic baseline,Genomic pathway,Gaussian,Without W,Genomic Gaussian + E,E + GGK + GGKE,Gaussian genomic model with environment and GGK × E interaction,GGK + E,GY,CV2,2,CS11_WW,0.968025582842705,5,74.11367869377136
3,Eta3,Genomic baseline,Genomic pathway,Gaussian,Without W,Genomic Gaussian + E,E + GGK + GGKE,Gaussian genomic model with environment and GGK × E interaction,GGK + E,GY,CV2,2,CS12_WS,0.9819051245571309,5,74.11367869377136
3,Eta3,Genomic baseline,Genomic pathway,Gaussian,Without W,Genomic Gaussian + E,E + GGK + GGKE,Gaussian genomic model with environment and GGK × E interaction,GGK + E,GY,CV2,2,CS12_WW,0.9740894050694244,5,74.11367869377136
3,Eta3,Genomic baseline,Genomic pathway,Gaussian,Without W,Genomic Gaussian + E,E + GGK + GGKE,Gaussian genomic model with environment and GGK × E interaction,GGK + E,GY,CV2,3,CS11_WS,0.9677632967073879,5,69.73115901947023
3,Eta3,Genomic baseline,Genomic pathway,Gaussian,Without W,Genomic Gaussian + E,E + GGK + GGKE,Gaussian genomic model with environment and GGK × E interaction,GGK + E,GY,CV2,3,CS11_WW,0.9679401526824833,5,69.73115901947023
3,Eta3,Genomic baseline,Genomic pathway,Gaussian,Without W,Genomic Gaussian + E,E + GGK + GGKE,Gaussian genomic model with environment and GGK × E interaction,GGK + E,GY,CV2,3,CS12_WS,0.9819637958051907,5,69.73115901947023
3,Eta3,Genomic baseline,Genomic pathway,Gaussian,Without W,Genomic Gaussian + E,E + GGK + GGKE,Gaussian genomic model with environment and GGK × E interaction,GGK + E,GY,CV2,3,CS12_WW,0.9740986594876659,5,69.73115901947023
3,Eta3,Genomic baseline,Genomic pathway,Gaussian,Without W,Genomic Gaussian + E,E + GGK + GGKE,Gaussian genomic model with environment and GGK × E interaction,GGK + E,GY,CV2,4,CS11_WS,0.9680593223281038,5,69.08801441192625
3,Eta3,Genomic baseline,Genomic pathway,Gaussian,Without W,Genomic Gaussian + E,E + GGK + GGKE,Gaussian genomic model with environment and GGK × E interaction,GGK + E,GY,CV2,4,CS11_WW,0.9681004905188187,5,69.08801441192625
3,Eta3,Genomic baseline,Genomic pathway,Gaussian,Without W,Genomic Gaussian + E,E + GGK + GGKE,Gaussian genomic model with environment and GGK × E interaction,GGK + E,GY,CV2,4,CS12_WS,0.9822137295849714,5,69.08801441192625
3,Eta3,Genomic baseline,Genomic pathway,Gaussian,Without W,Genomic Gaussian + E,E + GGK + GGKE,Gaussian genomic model with environment and GGK × E interaction,GGK + E,GY,CV2,4,CS12_WW,0.9743944366968424,5,69.08801441192625
3,Eta3,Genomic baseline,Genomic pathway,Gaussian,Without W,Genomic Gaussian + E,E + GGK + GGKE,Gaussian genomic model with environment and GGK × E interaction,GGK + E,GY,CV2,5,CS11_WS,0.9671224508381737,5,70.0110179901123
3,Eta3,Genomic baseline,Genomic pathway,Gaussian,Without W,Genomic Gaussian + E,E + GGK + GGKE,Gaussian genomic model with environment and GGK × E interaction,GGK + E,GY,CV2,5,CS11_WW,0.9677898593529921,5,70.0110179901123
3,Eta3,Genomic baseline,Genomic pathway,Gaussian,Without W,Genomic Gaussian + E,E + GGK + GGKE,Gaussian genomic model with environment and GGK × E interaction,GGK + E,GY,CV2,5,CS12_WS,0.9821966472503025,5,70.0110179901123
3,Eta3,Genomic baseline,Genomic pathway,Gaussian,Without W,Genomic Gaussian + E,E + GGK + GGKE,Gaussian genomic model with environment and GGK × E interaction,GGK + E,GY,CV2,5,CS12_WW,0.9738435593201302,5,70.0110179901123
3,Eta3,Genomic baseline,Genomic pathway,Gaussian,Without W,Genomic Gaussian + E,E + GGK + GGKE,Gaussian genomic model with environment and GGK × E interaction,GGK + E,GY,CV2,6,CS11_WS,0.9680145354977145,5,70.02302637100222
3,Eta3,Genomic baseline,Genomic pathway,Gaussian,Without W,Genomic Gaussian + E,E + GGK + GGKE,Gaussian genomic model with environment and GGK × E interaction,GGK + E,GY,CV2,6,CS11_WW,0.9680934914827845,5,70.02302637100222
3,Eta3,Genomic baseline,Genomic pathway,Gaussian,Without W,Genomic Gaussian + E,E + GGK + GGKE,Gaussian genomic model with environment and GGK × E interaction,GGK + E,GY,CV2,6,CS12_WS,0.9816418390976296,5,70.02302637100222
3,Eta3,Genomic baseline,Genomic pathway,Gaussian,Without W,Genomic Gaussian + E,E + GGK + GGKE,Gaussian genomic model with environment and GGK × E interaction,GGK + E,GY,CV2,6,CS12_WW,0.9739330451487328,5,70.02302637100222
3,Eta3,Genomic baseline,Genomic pathway,Gaussian,Without W,Genomic Gaussian + E,E + GGK + GGKE,Gaussian genomic model with environment and GGK × E interaction,GGK + E,GY,CV2,7,CS11_WS,0.9683036369967508,5,69.9151143550873
3,Eta3,Genomic baseline,Genomic pathway,Gaussian,Without W,Genomic Gaussian + E,E + GGK + GGKE,Gaussian genomic model with environment and GGK × E interaction,GGK + E,GY,CV2,7,CS11_WW,0.967813125791458,5,69.9151143550873
3,Eta3,Genomic baseline,Genomic pathway,Gaussian,Without W,Genomic Gaussian + E,E + GGK + GGKE,Gaussian genomic model with environment and GGK × E interaction,GGK + E,GY,CV2,7,CS12_WS,0.981861357166288,5,69.9151143550873
3,Eta3,Genomic baseline,Genomic pathway,Gaussian,Without W,Genomic Gaussian + E,E + GGK + GGKE,Gaussian genomic model with environment and GGK × E interaction,GGK + E,GY,CV2,7,CS12_WW,0.9741438847552597,5,69.9151143550873
3,Eta3,Genomic baseline,Genomic pathway,Gaussian,Without W,Genomic Gaussian + E,E + GGK + GGKE,Gaussian genomic model with environment and GGK × E interaction,GGK + E,GY,CV2,8,CS11_WS,0.9683752561263169,5,59.876273107528704
3,Eta3,Genomic baseline,Genomic pathway,Gaussian,Without W,Genomic Gaussian + E,E + GGK + GGKE,Gaussian genomic model with environment and GGK × E interaction,GGK + E,GY,CV2,8,CS11_WW,0.9682515286028035,5,59.876273107528704
3,Eta3,Genomic baseline,Genomic pathway,Gaussian,Without W,Genomic Gaussian + E,E + GGK + GGKE,Gaussian genomic model with environment and GGK × E interaction,GGK + E,GY,CV2,8,CS12_WS,0.9819980154388277,5,59.876273107528704
3,Eta3,Genomic baseline,Genomic pathway,Gaussian,Without W,Genomic Gaussian + E,E + GGK + GGKE,Gaussian genomic model with environment and GGK × E interaction,GGK + E,GY,CV2,8,CS12_WW,0.9741219424579721,5,59.876273107528704
3,Eta3,Genomic baseline,Genomic pathway,Gaussian,Without W,Genomic Gaussian + E,E + GGK + GGKE,Gaussian genomic model with environment and GGK × E interaction,GGK + E,GY,CV2,9,CS11_WS,0.9678650789927807,5,69.74239320755008
3,Eta3,Genomic baseline,Genomic pathway,Gaussian,Without W,Genomic Gaussian + E,E + GGK + GGKE,Gaussian genomic model with environment and GGK × E interaction,GGK + E,GY,CV2,9,CS11_WW,0.9680399143350795,5,69.74239320755008
3,Eta3,Genomic baseline,Genomic pathway,Gaussian,Without W,Genomic Gaussian + E,E + GGK + GGKE,Gaussian genomic model with environment and GGK × E interaction,GGK + E,GY,CV2,9,CS12_WS,0.9818029439179788,5,69.74239320755008
3,Eta3,Genomic baseline,Genomic pathway,Gaussian,Without W,Genomic Gaussian + E,E + GGK + GGKE,Gaussian genomic model with environment and GGK × E interaction,GGK + E,GY,CV2,9,CS12_WW,0.973941028852382,5,69.74239320755008
3,Eta3,Genomic baseline,Genomic pathway,Gaussian,Without W,Genomic Gaussian + E,E + GGK + GGKE,Gaussian genomic model with environment and GGK × E interaction,GGK + E,GY,CV2,10,CS11_WS,0.9679998029798746,5,68.55474939346314
3,Eta3,Genomic baseline,Genomic pathway,Gaussian,Without W,Genomic Gaussian + E,E + GGK + GGKE,Gaussian genomic model with environment and GGK × E interaction,GGK + E,GY,CV2,10,CS11_WW,0.9679642699000283,5,68.55474939346314
3,Eta3,Genomic baseline,Genomic pathway,Gaussian,Without W,Genomic Gaussian + E,E + GGK + GGKE,Gaussian genomic model with environment and GGK × E interaction,GGK + E,GY,CV2,10,CS12_WS,0.9820134194159055,5,68.55474939346314
3,Eta3,Genomic baseline,Genomic pathway,Gaussian,Without W,Genomic Gaussian + E,E + GGK + GGKE,Gaussian genomic model with environment and GGK × E interaction,GGK + E,GY,CV2,10,CS12_WW,0.9742852440675129,5,68.55474939346314
3,Eta3,Genomic baseline,Genomic pathway,Gaussian,Without W,Genomic Gaussian + E,E + GGK + GGKE,Gaussian genomic model with environment and GGK × E interaction,GGK + E,KW,CV1,1,CS11_WS,0.5713418532772796,5,59.44110498428344
3,Eta3,Genomic baseline,Genomic pathway,Gaussian,Without W,Genomic Gaussian + E,E + GGK + GGKE,Gaussian genomic model with environment and GGK × E interaction,GGK + E,KW,CV1,1,CS11_WW,0.596633126285248,5,59.44110498428344
3,Eta3,Genomic baseline,Genomic pathway,Gaussian,Without W,Genomic Gaussian + E,E + GGK + GGKE,Gaussian genomic model with environment and GGK × E interaction,GGK + E,KW,CV1,1,CS12_WS,0.6083363275662175,5,59.44110498428344
3,Eta3,Genomic baseline,Genomic pathway,Gaussian,Without W,Genomic Gaussian + E,E + GGK + GGKE,Gaussian genomic model with environment and GGK × E interaction,GGK + E,KW,CV1,1,CS12_WW,0.5747127921604431,5,59.44110498428344
3,Eta3,Genomic baseline,Genomic pathway,Gaussian,Without W,Genomic Gaussian + E,E + GGK + GGKE,Gaussian genomic model with environment and GGK × E interaction,GGK + E,KW,CV1,2,CS11_WS,0.6030829705541816,5,69.22964529991148
3,Eta3,Genomic baseline,Genomic pathway,Gaussian,Without W,Genomic Gaussian + E,E + GGK + GGKE,Gaussian genomic model with environment and GGK × E interaction,GGK + E,KW,CV1,2,CS11_WW,0.615582580316785,5,69.22964529991148
3,Eta3,Genomic baseline,Genomic pathway,Gaussian,Without W,Genomic Gaussian + E,E + GGK + GGKE,Gaussian genomic model with environment and GGK × E interaction,GGK + E,KW,CV1,2,CS12_WS,0.6597310030097701,5,69.22964529991148
3,Eta3,Genomic baseline,Genomic pathway,Gaussian,Without W,Genomic Gaussian + E,E + GGK + GGKE,Gaussian genomic model with environment and GGK × E interaction,GGK + E,KW,CV1,2,CS12_WW,0.6427129576945377,5,69.22964529991148
3,Eta3,Genomic baseline,Genomic pathway,Gaussian,Without W,Genomic Gaussian + E,E + GGK + GGKE,Gaussian genomic model with environment and GGK × E interaction,GGK + E,KW,CV1,3,CS11_WS,0.5952271178040365,5,69.9205102443695
3,Eta3,Genomic baseline,Genomic pathway,Gaussian,Without W,Genomic Gaussian + E,E + GGK + GGKE,Gaussian genomic model with environment and GGK × E interaction,GGK + E,KW,CV1,3,CS11_WW,0.5775751186348185,5,69.9205102443695
3,Eta3,Genomic baseline,Genomic pathway,Gaussian,Without W,Genomic Gaussian + E,E + GGK + GGKE,Gaussian genomic model with environment and GGK × E interaction,GGK + E,KW,CV1,3,CS12_WS,0.6194706115978014,5,69.9205102443695
3,Eta3,Genomic baseline,Genomic pathway,Gaussian,Without W,Genomic Gaussian + E,E + GGK + GGKE,Gaussian genomic model with environment and GGK × E interaction,GGK + E,KW,CV1,3,CS12_WW,0.6231813058832336,5,69.9205102443695
3,Eta3,Genomic baseline,Genomic pathway,Gaussian,Without W,Genomic Gaussian + E,E + GGK + GGKE,Gaussian genomic model with environment and GGK × E interaction,GGK + E,KW,CV1,4,CS11_WS,0.5696709433385483,5,69.43917584419252
3,Eta3,Genomic baseline,Genomic pathway,Gaussian,Without W,Genomic Gaussian + E,E + GGK + GGKE,Gaussian genomic model with environment and GGK × E interaction,GGK + E,KW,CV1,4,CS11_WW,0.5872375831544516,5,69.43917584419252
3,Eta3,Genomic baseline,Genomic pathway,Gaussian,Without W,Genomic Gaussian + E,E + GGK + GGKE,Gaussian genomic model with environment and GGK × E interaction,GGK + E,KW,CV1,4,CS12_WS,0.6090600928940332,5,69.43917584419252
3,Eta3,Genomic baseline,Genomic pathway,Gaussian,Without W,Genomic Gaussian + E,E + GGK + GGKE,Gaussian genomic model with environment and GGK × E interaction,GGK + E,KW,CV1,4,CS12_WW,0.6074262453697437,5,69.43917584419252
3,Eta3,Genomic baseline,Genomic pathway,Gaussian,Without W,Genomic Gaussian + E,E + GGK + GGKE,Gaussian genomic model with environment and GGK × E interaction,GGK + E,KW,CV1,5,CS11_WS,0.5882432732954908,5,69.52524738311767
3,Eta3,Genomic baseline,Genomic pathway,Gaussian,Without W,Genomic Gaussian + E,E + GGK + GGKE,Gaussian genomic model with environment and GGK × E interaction,GGK + E,KW,CV1,5,CS11_WW,0.5848951087074008,5,69.52524738311767
3,Eta3,Genomic baseline,Genomic pathway,Gaussian,Without W,Genomic Gaussian + E,E + GGK + GGKE,Gaussian genomic model with environment and GGK × E interaction,GGK + E,KW,CV1,5,CS12_WS,0.6280400339374822,5,69.52524738311767
3,Eta3,Genomic baseline,Genomic pathway,Gaussian,Without W,Genomic Gaussian + E,E + GGK + GGKE,Gaussian genomic model with environment and GGK × E interaction,GGK + E,KW,CV1,5,CS12_WW,0.6204317205560497,5,69.52524738311767
3,Eta3,Genomic baseline,Genomic pathway,Gaussian,Without W,Genomic Gaussian + E,E + GGK + GGKE,Gaussian genomic model with environment and GGK × E interaction,GGK + E,KW,CV1,6,CS11_WS,0.6034189615321075,5,58.56678581237792
3,Eta3,Genomic baseline,Genomic pathway,Gaussian,Without W,Genomic Gaussian + E,E + GGK + GGKE,Gaussian genomic model with environment and GGK × E interaction,GGK + E,KW,CV1,6,CS11_WW,0.5869080814681796,5,58.56678581237792
3,Eta3,Genomic baseline,Genomic pathway,Gaussian,Without W,Genomic Gaussian + E,E + GGK + GGKE,Gaussian genomic model with environment and GGK × E interaction,GGK + E,KW,CV1,6,CS12_WS,0.6481545241938824,5,58.56678581237792
3,Eta3,Genomic baseline,Genomic pathway,Gaussian,Without W,Genomic Gaussian + E,E + GGK + GGKE,Gaussian genomic model with environment and GGK × E interaction,GGK + E,KW,CV1,6,CS12_WW,0.6418172009374138,5,58.56678581237792
3,Eta3,Genomic baseline,Genomic pathway,Gaussian,Without W,Genomic Gaussian + E,E + GGK + GGKE,Gaussian genomic model with environment and GGK × E interaction,GGK + E,KW,CV1,7,CS11_WS,0.58429440015815,5,69.7407697200775
3,Eta3,Genomic baseline,Genomic pathway,Gaussian,Without W,Genomic Gaussian + E,E + GGK + GGKE,Gaussian genomic model with environment and GGK × E interaction,GGK + E,KW,CV1,7,CS11_WW,0.5698775280174992,5,69.7407697200775
3,Eta3,Genomic baseline,Genomic pathway,Gaussian,Without W,Genomic Gaussian + E,E + GGK + GGKE,Gaussian genomic model with environment and GGK × E interaction,GGK + E,KW,CV1,7,CS12_WS,0.623748873113363,5,69.7407697200775
3,Eta3,Genomic baseline,Genomic pathway,Gaussian,Without W,Genomic Gaussian + E,E + GGK + GGKE,Gaussian genomic model with environment and GGK × E interaction,GGK + E,KW,CV1,7,CS12_WW,0.630768685717562,5,69.7407697200775
3,Eta3,Genomic baseline,Genomic pathway,Gaussian,Without W,Genomic Gaussian + E,E + GGK + GGKE,Gaussian genomic model with environment and GGK × E interaction,GGK + E,KW,CV1,8,CS11_WS,0.5824764392090942,5,58.73500113487242
3,Eta3,Genomic baseline,Genomic pathway,Gaussian,Without W,Genomic Gaussian + E,E + GGK + GGKE,Gaussian genomic model with environment and GGK × E interaction,GGK + E,KW,CV1,8,CS11_WW,0.5777683145040614,5,58.73500113487242
3,Eta3,Genomic baseline,Genomic pathway,Gaussian,Without W,Genomic Gaussian + E,E + GGK + GGKE,Gaussian genomic model with environment and GGK × E interaction,GGK + E,KW,CV1,8,CS12_WS,0.607827277384764,5,58.73500113487242
3,Eta3,Genomic baseline,Genomic pathway,Gaussian,Without W,Genomic Gaussian + E,E + GGK + GGKE,Gaussian genomic model with environment and GGK × E interaction,GGK + E,KW,CV1,8,CS12_WW,0.6112527363782905,5,58.73500113487242
3,Eta3,Genomic baseline,Genomic pathway,Gaussian,Without W,Genomic Gaussian + E,E + GGK + GGKE,Gaussian genomic model with environment and GGK × E interaction,GGK + E,KW,CV1,9,CS11_WS,0.571369512223204,5,67.53748612403871
3,Eta3,Genomic baseline,Genomic pathway,Gaussian,Without W,Genomic Gaussian + E,E + GGK + GGKE,Gaussian genomic model with environment and GGK × E interaction,GGK + E,KW,CV1,9,CS11_WW,0.5578283362522556,5,67.53748612403871
3,Eta3,Genomic baseline,Genomic pathway,Gaussian,Without W,Genomic Gaussian + E,E + GGK + GGKE,Gaussian genomic model with environment and GGK × E interaction,GGK + E,KW,CV1,9,CS12_WS,0.6072739859211438,5,67.53748612403871
3,Eta3,Genomic baseline,Genomic pathway,Gaussian,Without W,Genomic Gaussian + E,E + GGK + GGKE,Gaussian genomic model with environment and GGK × E interaction,GGK + E,KW,CV1,9,CS12_WW,0.5838446146391564,5,67.53748612403871
3,Eta3,Genomic baseline,Genomic pathway,Gaussian,Without W,Genomic Gaussian + E,E + GGK + GGKE,Gaussian genomic model with environment and GGK × E interaction,GGK + E,KW,CV1,10,CS11_WS,0.5833112248237392,5,70.04763803482057
3,Eta3,Genomic baseline,Genomic pathway,Gaussian,Without W,Genomic Gaussian + E,E + GGK + GGKE,Gaussian genomic model with environment and GGK × E interaction,GGK + E,KW,CV1,10,CS11_WW,0.5817252393124097,5,70.04763803482057
3,Eta3,Genomic baseline,Genomic pathway,Gaussian,Without W,Genomic Gaussian + E,E + GGK + GGKE,Gaussian genomic model with environment and GGK × E interaction,GGK + E,KW,CV1,10,CS12_WS,0.6204380925614983,5,70.04763803482057
3,Eta3,Genomic baseline,Genomic pathway,Gaussian,Without W,Genomic Gaussian + E,E + GGK + GGKE,Gaussian genomic model with environment and GGK × E interaction,GGK + E,KW,CV1,10,CS12_WW,0.6067418825532064,5,70.04763803482057
3,Eta3,Genomic baseline,Genomic pathway,Gaussian,Without W,Genomic Gaussian + E,E + GGK + GGKE,Gaussian genomic model with environment and GGK × E interaction,GGK + E,KW,CV2,1,CS11_WS,0.9869010552841531,5,59.44110498428344
3,Eta3,Genomic baseline,Genomic pathway,Gaussian,Without W,Genomic Gaussian + E,E + GGK + GGKE,Gaussian genomic model with environment and GGK × E interaction,GGK + E,KW,CV2,1,CS11_WW,0.9722433025855228,5,59.44110498428344
3,Eta3,Genomic baseline,Genomic pathway,Gaussian,Without W,Genomic Gaussian + E,E + GGK + GGKE,Gaussian genomic model with environment and GGK × E interaction,GGK + E,KW,CV2,1,CS12_WS,0.9846692793232906,5,59.44110498428344
3,Eta3,Genomic baseline,Genomic pathway,Gaussian,Without W,Genomic Gaussian + E,E + GGK + GGKE,Gaussian genomic model with environment and GGK × E interaction,GGK + E,KW,CV2,1,CS12_WW,0.9850263253188303,5,59.44110498428344
3,Eta3,Genomic baseline,Genomic pathway,Gaussian,Without W,Genomic Gaussian + E,E + GGK + GGKE,Gaussian genomic model with environment and GGK × E interaction,GGK + E,KW,CV2,2,CS11_WS,0.9867090101687438,5,69.22964529991148
3,Eta3,Genomic baseline,Genomic pathway,Gaussian,Without W,Genomic Gaussian + E,E + GGK + GGKE,Gaussian genomic model with environment and GGK × E interaction,GGK + E,KW,CV2,2,CS11_WW,0.97217251501951,5,69.22964529991148
3,Eta3,Genomic baseline,Genomic pathway,Gaussian,Without W,Genomic Gaussian + E,E + GGK + GGKE,Gaussian genomic model with environment and GGK × E interaction,GGK + E,KW,CV2,2,CS12_WS,0.9847158024602681,5,69.22964529991148
3,Eta3,Genomic baseline,Genomic pathway,Gaussian,Without W,Genomic Gaussian + E,E + GGK + GGKE,Gaussian genomic model with environment and GGK × E interaction,GGK + E,KW,CV2,2,CS12_WW,0.9850661976943209,5,69.22964529991148
3,Eta3,Genomic baseline,Genomic pathway,Gaussian,Without W,Genomic Gaussian + E,E + GGK + GGKE,Gaussian genomic model with environment and GGK × E interaction,GGK + E,KW,CV2,3,CS11_WS,0.9867131861481744,5,69.9205102443695
3,Eta3,Genomic baseline,Genomic pathway,Gaussian,Without W,Genomic Gaussian + E,E + GGK + GGKE,Gaussian genomic model with environment and GGK × E interaction,GGK + E,KW,CV2,3,CS11_WW,0.9723203280517814,5,69.9205102443695
3,Eta3,Genomic baseline,Genomic pathway,Gaussian,Without W,Genomic Gaussian + E,E + GGK + GGKE,Gaussian genomic model with environment and GGK × E interaction,GGK + E,KW,CV2,3,CS12_WS,0.9845870440864285,5,69.9205102443695
3,Eta3,Genomic baseline,Genomic pathway,Gaussian,Without W,Genomic Gaussian + E,E + GGK + GGKE,Gaussian genomic model with environment and GGK × E interaction,GGK + E,KW,CV2,3,CS12_WW,0.9850834319111434,5,69.9205102443695
3,Eta3,Genomic baseline,Genomic pathway,Gaussian,Without W,Genomic Gaussian + E,E + GGK + GGKE,Gaussian genomic model with environment and GGK × E interaction,GGK + E,KW,CV2,4,CS11_WS,0.9867077694033674,5,69.43917584419252
3,Eta3,Genomic baseline,Genomic pathway,Gaussian,Without W,Genomic Gaussian + E,E + GGK + GGKE,Gaussian genomic model with environment and GGK × E interaction,GGK + E,KW,CV2,4,CS11_WW,0.9718753153825702,5,69.43917584419252
3,Eta3,Genomic baseline,Genomic pathway,Gaussian,Without W,Genomic Gaussian + E,E + GGK + GGKE,Gaussian genomic model with environment and GGK × E interaction,GGK + E,KW,CV2,4,CS12_WS,0.9845852222462282,5,69.43917584419252
3,Eta3,Genomic baseline,Genomic pathway,Gaussian,Without W,Genomic Gaussian + E,E + GGK + GGKE,Gaussian genomic model with environment and GGK × E interaction,GGK + E,KW,CV2,4,CS12_WW,0.9849792827553999,5,69.43917584419252
3,Eta3,Genomic baseline,Genomic pathway,Gaussian,Without W,Genomic Gaussian + E,E + GGK + GGKE,Gaussian genomic model with environment and GGK × E interaction,GGK + E,KW,CV2,5,CS11_WS,0.986776317367817,5,69.52524738311767
3,Eta3,Genomic baseline,Genomic pathway,Gaussian,Without W,Genomic Gaussian + E,E + GGK + GGKE,Gaussian genomic model with environment and GGK × E interaction,GGK + E,KW,CV2,5,CS11_WW,0.9720919447276313,5,69.52524738311767
3,Eta3,Genomic baseline,Genomic pathway,Gaussian,Without W,Genomic Gaussian + E,E + GGK + GGKE,Gaussian genomic model with environment and GGK × E interaction,GGK + E,KW,CV2,5,CS12_WS,0.98475795230231,5,69.52524738311767
3,Eta3,Genomic baseline,Genomic pathway,Gaussian,Without W,Genomic Gaussian + E,E + GGK + GGKE,Gaussian genomic model with environment and GGK × E interaction,GGK + E,KW,CV2,5,CS12_WW,0.9849780338389802,5,69.52524738311767
3,Eta3,Genomic baseline,Genomic pathway,Gaussian,Without W,Genomic Gaussian + E,E + GGK + GGKE,Gaussian genomic model with environment and GGK × E interaction,GGK + E,KW,CV2,6,CS11_WS,0.9866049621484386,5,58.56678581237792
3,Eta3,Genomic baseline,Genomic pathway,Gaussian,Without W,Genomic Gaussian + E,E + GGK + GGKE,Gaussian genomic model with environment and GGK × E interaction,GGK + E,KW,CV2,6,CS11_WW,0.9717331360288313,5,58.56678581237792
3,Eta3,Genomic baseline,Genomic pathway,Gaussian,Without W,Genomic Gaussian + E,E + GGK + GGKE,Gaussian genomic model with environment and GGK × E interaction,GGK + E,KW,CV2,6,CS12_WS,0.98460192481004,5,58.56678581237792
3,Eta3,Genomic baseline,Genomic pathway,Gaussian,Without W,Genomic Gaussian + E,E + GGK + GGKE,Gaussian genomic model with environment and GGK × E interaction,GGK + E,KW,CV2,6,CS12_WW,0.9849669513052859,5,58.56678581237792
3,Eta3,Genomic baseline,Genomic pathway,Gaussian,Without W,Genomic Gaussian + E,E + GGK + GGKE,Gaussian genomic model with environment and GGK × E interaction,GGK + E,KW,CV2,7,CS11_WS,0.98674539479711465,5,69.7407697200775
3,Eta3,Genomic baseline,Genomic pathway,Gaussian,Without W,Genomic Gaussian + E,E + GGK + GGKE,Gaussian genomic model with environment and GGK × E interaction,GGK + E,KW,CV2,7,CS11_WW,0.9722921424227519,5,69.7407697200775
3,Eta3,Genomic baseline,Genomic pathway,Gaussian,Without W,Genomic Gaussian + E,E + GGK + GGKE,Gaussian genomic model with environment and GGK × E interaction,GGK + E,KW,CV2,7,CS12_WS,0.9848702027222103,5,69.7407697200775
3,Eta3,Genomic baseline,Genomic pathway,Gaussian,Without W,Genomic Gaussian + E,E + GGK + GGKE,Gaussian genomic model with environment and GGK × E interaction,GGK + E,KW,CV2,7,CS12_WW,0.9850100257565346,5,69.7407697200775
3,Eta3,Genomic baseline,Genomic pathway,Gaussian,Without W,Genomic Gaussian + E,E + GGK + GGKE,Gaussian genomic model with environment and GGK × E interaction,GGK + E,KW,CV2,8,CS11_WS,0.9868562796540015,5,58.73500113487242
3,Eta3,Genomic baseline,Genomic pathway,Gaussian,Without W,Genomic Gaussian + E,E + GGK + GGKE,Gaussian genomic model with environment and GGK × E interaction,GGK + E,KW,CV2,8,CS11_WW,0.9719962773342334,5,58.73500113487242
3,Eta3,Genomic baseline,Genomic pathway,Gaussian,Without W,Genomic Gaussian + E,E + GGK + GGKE,Gaussian genomic model with environment and GGK × E interaction,GGK + E,KW,CV2,8,CS12_WS,0.9844892782883484,5,58.73500113487242
3,Eta3,Genomic baseline,Genomic pathway,Gaussian,Without W,Genomic Gaussian + E,E + GGK + GGKE,Gaussian genomic model with environment and GGK × E interaction,GGK + E,KW,CV2,8,CS12_WW,0.9851510575356961,5,58.73500113487242
3,Eta3,Genomic baseline,Genomic pathway,Gaussian,Without W,Genomic Gaussian + E,E + GGK + GGKE,Gaussian genomic model with environment and GGK × E interaction,GGK + E,KW,CV2,9,CS11_WS,0.9866769276208712,5,67.53748612403871
3,Eta3,Genomic baseline,Genomic pathway,Gaussian,Without W,Genomic Gaussian + E,E + GGK + GGKE,Gaussian genomic model with environment and GGK × E interaction,GGK + E,KW,CV2,9,CS11_WW,0.9717932558411281,5,67.53748612403871
3,Eta3,Genomic baseline,Genomic pathway,Gaussian,Without W,Genomic Gaussian + E,E + GGK + GGKE,Gaussian genomic model with environment and GGK × E interaction,GGK + E,KW,CV2,9,CS12_WS,0.9845217079157489,5,67.53748612403871
3,Eta3,Genomic baseline,Genomic pathway,Gaussian,Without W,Genomic Gaussian + E,E + GGK + GGKE,Gaussian genomic model with environment and GGK × E interaction,GGK + E,KW,CV2,9,CS12_WW,0.9848882371909179,5,67.53748612403871
3,Eta3,Genomic baseline,Genomic pathway,Gaussian,Without W,Genomic Gaussian + E,E + GGK + GGKE,Gaussian genomic model with environment and GGK × E interaction,GGK + E,KW,CV2,10,CS11_WS,0.9869584543000147,5,70.04763803482057
3,Eta3,Genomic baseline,Genomic pathway,Gaussian,Without W,Genomic Gaussian + E,E + GGK + GGKE,Gaussian genomic model with environment and GGK × E interaction,GGK + E,KW,CV2,10,CS11_WW,0.9723570007761367,5,70.04763803482057
3,Eta3,Genomic baseline,Genomic pathway,Gaussian,Without W,Genomic Gaussian + E,E + GGK + GGKE,Gaussian genomic model with environment and GGK × E interaction,GGK + E,KW,CV2,10,CS12_WS,0.9847754222409663,5,70.04763803482057
3,Eta3,Genomic baseline,Genomic pathway,Gaussian,Without W,Genomic Gaussian + E,E + GGK + GGKE,Gaussian genomic model with environment and GGK × E interaction,GGK + E,KW,CV2,10,CS12_WW,0.985283243785305,5,70.04763803482057
4,Eta4,Phenomic baseline,Phenomic pathway,Gaussian,Without W,Phenomic Gaussian + E,E + PGK + PGKE,Gaussian phenomic model with environment and PGK × E interaction,PGK + E,GY,CV1,1,CS11_WS,0.21291577621837807,5,88.09096179008485
4,Eta4,Phenomic baseline,Phenomic pathway,Gaussian,Without W,Phenomic Gaussian + E,E + PGK + PGKE,Gaussian phenomic model with environment and PGK × E interaction,PGK + E,GY,CV1,1,CS11_WW,0.15401647966251622,5,88.09096179008485
4,Eta4,Phenomic baseline,Phenomic pathway,Gaussian,Without W,Phenomic Gaussian + E,E + PGK + PGKE,Gaussian phenomic model with environment and PGK × E interaction,PGK + E,GY,CV1,1,CS12_WS,0.021761241813752278,5,88.09096179008485
4,Eta4,Phenomic baseline,Phenomic pathway,Gaussian,Without W,Phenomic Gaussian + E,E + PGK + PGKE,Gaussian phenomic model with environment and PGK × E interaction,PGK + E,GY,CV1,1,CS12_WW,0.07690138578083867,5,88.09096179008485
4,Eta4,Phenomic baseline,Phenomic pathway,Gaussian,Without W,Phenomic Gaussian + E,E + PGK + PGKE,Gaussian phenomic model with environment and PGK × E interaction,PGK + E,GY,CV1,2,CS11_WS,0.237907442300562,5,100.9472643852235
4,Eta4,Phenomic baseline,Phenomic pathway,Gaussian,Without W,Phenomic Gaussian + E,E + PGK + PGKE,Gaussian phenomic model with environment and PGK × E interaction,PGK + E,GY,CV1,2,CS11_WW,0.15714711295146871,5,100.9472643852235
4,Eta4,Phenomic baseline,Phenomic pathway,Gaussian,Without W,Phenomic Gaussian + E,E + PGK + PGKE,Gaussian phenomic model with environment and PGK × E interaction,PGK + E,GY,CV1,2,CS12_WS,0.07631845824653702,5,100.9472643852235
4,Eta4,Phenomic baseline,Phenomic pathway,Gaussian,Without W,Phenomic Gaussian + E,E + PGK + PGKE,Gaussian phenomic model with environment and PGK × E interaction,PGK + E,GY,CV1,2,CS12_WW,0.1170774402960657,5,100.9472643852235
4,Eta4,Phenomic baseline,Phenomic pathway,Gaussian,Without W,Phenomic Gaussian + E,E + PGK + PGKE,Gaussian phenomic model with environment and PGK × E interaction,PGK + E,GY,CV1,3,CS11_WS,0.20384543421632473,5,99.81014523506175
4,Eta4,Phenomic baseline,Phenomic pathway,Gaussian,Without W,Phenomic Gaussian + E,E + PGK + PGKE,Gaussian phenomic model with environment and PGK × E interaction,PGK + E,GY,CV1,3,CS11_WW,0.1918670166681642,5,99.81014523506175
4,Eta4,Phenomic baseline,Phenomic pathway,Gaussian,Without W,Phenomic Gaussian + E,E + PGK + PGKE,Gaussian phenomic model with environment and PGK × E interaction,PGK + E,GY,CV1,3,CS12_WS,0.044360611173510485,5,99.81014523506175
4,Eta4,Phenomic baseline,Phenomic pathway,Gaussian,Without W,Phenomic Gaussian + E,E + PGK + PGKE,Gaussian phenomic model with environment and PGK × E interaction,PGK + E,GY,CV1,3,CS12_WW,0.1343895429259344,5,99.81014523506175
4,Eta4,Phenomic baseline,Phenomic pathway,Gaussian,Without W,Phenomic Gaussian + E,E + PGK + PGKE,Gaussian phenomic model with environment and PGK × E interaction,PGK + E,GY,CV1,4,CS11_WS,0.1597820693233178,5,84.08696722984315
4,Eta4,Phenomic baseline,Phenomic pathway,Gaussian,Without W,Phenomic Gaussian + E,E + PGK + PGKE,Gaussian phenomic model with environment and PGK × E interaction,PGK + E,GY,CV1,4,CS11_WW,0.23681961728994158,5,84.08696722984315
4,Eta4,Phenomic baseline,Phenomic pathway,Gaussian,Without W,Phenomic Gaussian + E,E + PGK + PGKE,Gaussian phenomic model with environment and PGK × E interaction,PGK + E,GY,CV1,4,CS12_WS,0.0721275388231964,5,84.08696722984315
4,Eta4,Phenomic baseline,Phenomic pathway,Gaussian,Without W,Phenomic Gaussian + E,E + PGK + PGKE,Gaussian phenomic model with environment and PGK × E interaction,PGK + E,GY,CV1,4,CS12_WW,0.07170039235407635,5,84.08696722984315
4,Eta4,Phenomic baseline,Phenomic pathway,Gaussian,Without W,Phenomic Gaussian + E,E + PGK + PGKE,Gaussian phenomic model with environment and PGK × E interaction,PGK + E,GY,CV1,5,CS11_WS,0.17455279180949554,5,98.01685481071469
4,Eta4,Phenomic baseline,Phenomic pathway,Gaussian,Without W,Phenomic Gaussian + E,E + PGK + PGKE,Gaussian phenomic model with environment and PGK × E interaction,PGK + E,GY,CV1,5,CS11_WW,0.17608635363212682,5,98.01685481071469
4,Eta4,Phenomic baseline,Phenomic pathway,Gaussian,Without W,Phenomic Gaussian + E,E + PGK + PGKE,Gaussian phenomic model with environment and PGK × E interaction,PGK + E,GY,CV1,5,CS12_WS,0.08001690779139745,5,98.01685481071469
4,Eta4,Phenomic baseline,Phenomic pathway,Gaussian,Without W,Phenomic Gaussian + E,E + PGK + PGKE,Gaussian phenomic model with environment and PGK × E interaction,PGK + E,GY,CV1,5,CS12_WW,0.09390261271955018,5,98.01685481071469
4,Eta4,Phenomic baseline,Phenomic pathway,Gaussian,Without W,Phenomic Gaussian + E,E + PGK + PGKE,Gaussian phenomic model with environment and PGK × E interaction,PGK + E,GY,CV1,6,CS11_WS,0.22617666559546082,5,99.71751704216008
4,Eta4,Phenomic baseline,Phenomic pathway,Gaussian,Without W,Phenomic Gaussian + E,E + PGK + PGKE,Gaussian phenomic model with environment and PGK × E interaction,PGK + E,GY,CV1,6,CS11_WW,0.18025174197261867,5,99.71751704216008
4,Eta4,Phenomic baseline,Phenomic pathway,Gaussian,Without W,Phenomic Gaussian + E,E + PGK + PGKE,Gaussian phenomic model with environment and PGK × E interaction,PGK + E,GY,CV1,6,CS12_WS,0.04445912223547754,5,99.71751704216008
4,Eta4,Phenomic baseline,Phenomic pathway,Gaussian,Without W,Phenomic Gaussian + E,E + PGK + PGKE,Gaussian phenomic model with environment and PGK × E interaction,PGK + E,GY,CV1,6,CS12_WW,0.11212892016367197,5,99.71751704216008
4,Eta4,Phenomic baseline,Phenomic pathway,Gaussian,Without W,Phenomic Gaussian + E,E + PGK + PGKE,Gaussian phenomic model with environment and PGK × E interaction,PGK + E,GY,CV1,7,CS11_WS,0.1785897734278496,5,99.550930404663
4,Eta4,Phenomic baseline,Phenomic pathway,Gaussian,Without W,Phenomic Gaussian + E,E + PGK + PGKE,Gaussian phenomic model with environment and PGK × E interaction,PGK + E,GY,CV1,7,CS11_WW,0.12581075405767217,5,99.550930404663
4,Eta4,Phenomic baseline,Phenomic pathway,Gaussian,Without W,Phenomic Gaussian + E,E + PGK + PGKE,Gaussian phenomic model with environment and PGK × E interaction,PGK + E,GY,CV1,7,CS12_WS,0.12865291956996294,5,99.550930404663
4,Eta4,Phenomic baseline,Phenomic pathway,Gaussian,Without W,Phenomic Gaussian + E,E + PGK + PGKE,Gaussian phenomic model with environment and PGK × E interaction,PGK + E,GY,CV1,7,CS12_WW,0.14149645303547473,5,99.550930404663
4,Eta4,Phenomic baseline,Phenomic pathway,Gaussian,Without W,Phenomic Gaussian + E,E + PGK + PGKE,Gaussian phenomic model with environment and PGK × E interaction,PGK + E,GY,CV1,8,CS11_WS,0.2243701042912202,5,102.65627346038818
4,Eta4,Phenomic baseline,Phenomic pathway,Gaussian,Without W,Phenomic Gaussian + E,E + PGK + PGKE,Gaussian phenomic model with environment and PGK × E interaction,PGK + E,GY,CV1,8,CS11_WW,0.2657813344879922,5,102.65627346038818
4,Eta4,Phenomic baseline,Phenomic pathway,Gaussian,Without W,Phenomic Gaussian + E,E + PGK + PGKE,Gaussian phenomic model with environment and PGK × E interaction,PGK + E,GY,CV1,8,CS12_WS,0.1455000213079532,5,102.65627346038818
4,Eta4,Phenomic baseline,Phenomic pathway,Gaussian,Without W,Phenomic Gaussian + E,E + PGK + PGKE,Gaussian phenomic model with environment and PGK × E interaction,PGK + E,GY,CV1,8,CS12_WW,0.1164073645963862,5,102.65627346038818
4,Eta4,Phenomic baseline,Phenomic pathway,Gaussian,Without W,Phenomic Gaussian + E,E + PGK + PGKE,Gaussian phenomic model with environment and PGK × E interaction,PGK + E,GY,CV1,9,CS11_WS,0.13928649220903822,5,99.06149840354914
4,Eta4,Phenomic baseline,Phenomic pathway,Gaussian,Without W,Phenomic Gaussian + E,E + PGK + PGKE,Gaussian phenomic model with environment and PGK × E interaction,PGK + E,GY,CV1,9,CS11_WW,0.1887705952008844,5,99.06149840354914
4,Eta4,Phenomic baseline,Phenomic pathway,Gaussian,Without W,Phenomic Gaussian + E,E + PGK + PGKE,Gaussian phenomic model with environment and PGK × E interaction,PGK + E,GY,CV1,9,CS12_WS,0.05717409409483905,5,99.06149840354914
4,Eta4,Phenomic baseline,Phenomic pathway,Gaussian,Without W,Phenomic Gaussian + E,E + PGK + PGKE,Gaussian phenomic model with environment and PGK × E interaction,PGK + E,GY,CV1,9,CS12_WW,0.09123421198274048,5,99.06149840354914
4,Eta4,Phenomic baseline,Phenomic pathway,Gaussian,Without W,Phenomic Gaussian + E,E + PGK + PGKE,Gaussian phenomic model with environment and PGK × E interaction,PGK + E,GY,CV1,10,CS11_WS,0.16396215263680308,5,98.47493700981138
4,Eta4,Phenomic baseline,Phenomic pathway,Gaussian,Without W,Phenomic Gaussian + E,E + PGK + PGKE,Gaussian phenomic model with environment and PGK × E interaction,PGK + E,GY,CV1,10,CS11_WW,0.1581241628879732,5,98.47493700981138
4,Eta4,Phenomic baseline,Phenomic pathway,Gaussian,Without W,Phenomic Gaussian + E,E + PGK + PGKE,Gaussian phenomic model with environment and PGK × E interaction,PGK + E,GY,CV1,10,CS12_WS,-0.012221624069511458,5,98.47493700981138
4,Eta4,Phenomic baseline,Phenomic pathway,Gaussian,Without W,Phenomic Gaussian + E,E + PGK + PGKE,Gaussian phenomic model with environment and PGK × E interaction,PGK + E,GY,CV1,10,CS12_WW,0.009606064720732754,5,98.47493700981138
4,Eta4,Phenomic baseline,Phenomic pathway,Gaussian,Without W,Phenomic Gaussian + E,E + PGK + PGKE,Gaussian phenomic model with environment and PGK × E interaction,PGK + E,GY,CV2,1,CS11_WS,0.9248582779046428,5,88.09096179008485
4,Eta4,Phenomic baseline,Phenomic pathway,Gaussian,Without W,Phenomic Gaussian + E,E + PGK + PGKE,Gaussian phenomic model with environment and PGK × E interaction,PGK + E,GY,CV2,1,CS11_WW,0.9456996004915128,5,88.09096179008485
4,Eta4,Phenomic baseline,Phenomic pathway,Gaussian,Without W,Phenomic Gaussian + E,E + PGK + PGKE,Gaussian phenomic model with environment and PGK × E interaction,PGK + E,GY,CV2,1,CS12_WS,0.9479695487108433,5,88.09096179008485
4,Eta4,Phenomic baseline,Phenomic pathway,Gaussian,Without W,Phenomic Gaussian + E,E + PGK + PGKE,Gaussian phenomic model with environment and PGK × E interaction,PGK + E,GY,CV2,1,CS12_WW,0.9599453567223527,5,88.09096179008485
4,Eta4,Phenomic baseline,Phenomic pathway,Gaussian,Without W,Phenomic Gaussian + E,E + PGK + PGKE,Gaussian phenomic model with environment and PGK × E interaction,PGK + E,GY,CV2,2,CS11_WS,0.9258042506435158,5,100.9472643852235
4,Eta4,Phenomic baseline,Phenomic pathway,Gaussian,Without W,Phenomic Gaussian + E,E + PGK + PGKE,Gaussian phenomic model with environment and PGK × E interaction,PGK + E,GY,CV2,2,CS11_WW,0.947288455201806,5,100.9472643852235
4,Eta4,Phenomic baseline,Phenomic pathway,Gaussian,Without W,Phenomic Gaussian + E,E + PGK + PGKE,Gaussian phenomic model with environment and PGK × E interaction,PGK + E,GY,CV2,2,CS12_WS,0.9495085101597767,5,100.9472643852235
4,Eta4,Phenomic baseline,Phenomic pathway,Gaussian,Without W,Phenomic Gaussian + E,E + PGK + PGKE,Gaussian phenomic model with environment and PGK × E interaction,PGK + E,GY,CV2,2,CS12_WW,0.9610967648143826,5,100.9472643852235
4,Eta4,Phenomic baseline,Phenomic pathway,Gaussian,Without W,Phenomic Gaussian + E,E + PGK + PGKE,Gaussian phenomic model with environment and PGK × E interaction,PGK + E,GY,CV2,3,CS11_WS,0.921887296079643,5,99.81014523506175
4,Eta4,Phenomic baseline,Phenomic pathway,Gaussian,Without W,Phenomic Gaussian + E,E + PGK + PGKE,Gaussian phenomic model with environment and PGK × E interaction,PGK + E,GY,CV2,3,CS11_WW,0.9450354078657079,5,99.81014523506175
4,Eta4,Phenomic baseline,Phenomic pathway,Gaussian,Without W,Phenomic Gaussian + E,E + PGK + PGKE,Gaussian phenomic model with environment and PGK × E interaction,PGK + E,GY,CV2,3,CS12_WS,0.9478635920440197,5,99.81014523506175
4,Eta4,Phenomic baseline,Phenomic pathway,Gaussian,Without W,Phenomic Gaussian + E,E + PGK + PGKE,Gaussian phenomic model with environment and PGK × E interaction,PGK + E,GY,CV2,3,CS12_WW,0.9574881510762697,5,99.81014523506175
4,Eta4,Phenomic baseline,Phenomic pathway,Gaussian,Without W,Phenomic Gaussian + E,E + PGK + PGKE,Gaussian phenomic model with environment and PGK × E interaction,PGK + E,GY,CV2,4,CS11_WS,0.9255850059572683,5,84.08696722984315
4,Eta4,Phenomic baseline,Phenomic pathway,Gaussian,Without W,Phenomic Gaussian + E,E + PGK + PGKE,Gaussian phenomic model with environment and PGK × E interaction,PGK + E,GY,CV2,4,CS11_WW,0.9479807287540369,5,84.08696722984315
4,Eta4,Phenomic baseline,Phenomic pathway,Gaussian,Without W,Phenomic Gaussian + E,E + PGK + PGKE,Gaussian phenomic model with environment and PGK × E interaction,PGK + E,GY,CV2,4,CS12_WS,0.9505927369909628,5,84.08696722984315
4,Eta4,Phenomic baseline,Phenomic pathway,Gaussian,Without W,Phenomic Gaussian + E,E + PGK + PGKE,Gaussian phenomic model with environment and PGK × E interaction,PGK + E,GY,CV2,4,CS12_WW,0.9603939402458537,5,84.08696722984315
4,Eta4,Phenomic baseline,Phenomic pathway,Gaussian,Without W,Phenomic Gaussian + E,E + PGK + PGKE,Gaussian phenomic model with environment and PGK × E interaction,PGK + E,GY,CV2,5,CS11_WS,0.926362478441326,5,98.01685481071469
4,Eta4,Phenomic baseline,Phenomic pathway,Gaussian,Without W,Phenomic Gaussian + E,E + PGK + PGKE,Gaussian phenomic model with environment and PGK × E interaction,PGK + E,GY,CV2,5,CS11_WW,0.9468317816380207,5,98.01685481071469
4,Eta4,Phenomic baseline,Phenomic pathway,Gaussian,Without W,Phenomic Gaussian + E,E + PGK + PGKE,Gaussian phenomic model with environment and PGK × E interaction,PGK + E,GY,CV2,5,CS12_WS,0.9486519253728556,5,98.01685481071469
4,Eta4,Phenomic baseline,Phenomic pathway,Gaussian,Without W,Phenomic Gaussian + E,E + PGK + PGKE,Gaussian phenomic model with environment and PGK × E interaction,PGK + E,GY,CV2,5,CS12_WW,0.9590060253528678,5,98.01685481071469
4,Eta4,Phenomic baseline,Phenomic pathway,Gaussian,Without W,Phenomic Gaussian + E,E + PGK + PGKE,Gaussian phenomic model with environment and PGK × E interaction,PGK + E,GY,CV2,6,CS11_WS,0.9253234889818798,5,99.71751704216008
4,Eta4,Phenomic baseline,Phenomic pathway,Gaussian,Without W,Phenomic Gaussian + E,E + PGK + PGKE,Gaussian phenomic model with environment and PGK × E interaction,PGK + E,GY,CV2,6,CS11_WW,0.9463809284575418,5,99.71751704216008
4,Eta4,Phenomic baseline,Phenomic pathway,Gaussian,Without W,Phenomic Gaussian + E,E + PGK + PGKE,Gaussian phenomic model with environment and PGK × E interaction,PGK + E,GY,CV2,6,CS12_WS,0.9501364877747418,5,99.71751704216008
4,Eta4,Phenomic baseline,Phenomic pathway,Gaussian,Without W,Phenomic Gaussian + E,E + PGK + PGKE,Gaussian phenomic model with environment and PGK × E interaction,PGK + E,GY,CV2,6,CS12_WW,0.9594555297993373,5,99.71751704216008
4,Eta4,Phenomic baseline,Phenomic pathway,Gaussian,Without W,Phenomic Gaussian + E,E + PGK + PGKE,Gaussian phenomic model with environment and PGK × E interaction,PGK + E,GY,CV2,7,CS11_WS,0.9251231753594074,5,99.550930404663
4,Eta4,Phenomic baseline,Phenomic pathway,Gaussian,Without W,Phenomic Gaussian + E,E + PGK + PGKE,Gaussian phenomic model with environment and PGK × E interaction,PGK + E,GY,CV2,7,CS11_WW,0.9454286036847792,5,99.550930404663
4,Eta4,Phenomic baseline,Phenomic pathway,Gaussian,Without W,Phenomic Gaussian + E,E + PGK + PGKE,Gaussian phenomic model with environment and PGK × E interaction,PGK + E,GY,CV2,7,CS12_WS,0.9450435566877167,5,99.550930404663
4,Eta4,Phenomic baseline,Phenomic pathway,Gaussian,Without W,Phenomic Gaussian + E,E + PGK + PGKE,Gaussian phenomic model with environment and PGK × E interaction,PGK + E,GY,CV2,7,CS12_WW,0.9575705231774622,5,99.550930404663
4,Eta4,Phenomic baseline,Phenomic pathway,Gaussian,Without W,Phenomic Gaussian + E,E + PGK + PGKE,Gaussian phenomic model with environment and PGK × E interaction,PGK + E,GY,CV2,8,CS11_WS,0.9216613077166811,5,102.65627346038818
4,Eta4,Phenomic baseline,Phenomic pathway,Gaussian,Without W,Phenomic Gaussian + E,E + PGK + PGKE,Gaussian phenomic model with environment and PGK × E interaction,PGK + E,GY,CV2,8,CS11_WW,0.9427575004009032,5,102.65627346038818
4,Eta4,Phenomic baseline,Phenomic pathway,Gaussian,Without W,Phenomic Gaussian + E,E + PGK + PGKE,Gaussian phenomic model with environment and PGK × E interaction,PGK + E,GY,CV2,8,CS12_WS,0.9456923263425903,5,102.65627346038818
4,Eta4,Phenomic baseline,Phenomic pathway,Gaussian,Without W,Phenomic Gaussian + E,E + PGK + PGKE,Gaussian phenomic model with environment and PGK × E interaction,PGK + E,GY,CV2,8,CS12_WW,0.9567377470111937,5,102.65627346038818
4,Eta4,Phenomic baseline,Phenomic pathway,Gaussian,Without W,Phenomic Gaussian + E,E + PGK + PGKE,Gaussian phenomic model with environment and PGK × E interaction,PGK + E,GY,CV2,9,CS11_WS,0.9256839359825181,5,99.06149840354914
4,Eta4,Phenomic baseline,Phenomic pathway,Gaussian,Without W,Phenomic Gaussian + E,E + PGK + PGKE,Gaussian phenomic model with environment and PGK × E interaction,PGK + E,GY,CV2,9,CS11_WW,0.9452263248328034,5,99.06149840354914
4,Eta4,Phenomic baseline,Phenomic pathway,Gaussian,Without W,Phenomic Gaussian + E,E + PGK + PGKE,Gaussian phenomic model with environment and PGK × E interaction,PGK + E,GY,CV2,9,CS12_WS,0.9480384759579117,5,99.06149840354914
4,Eta4,Phenomic baseline,Phenomic pathway,Gaussian,Without W,Phenomic Gaussian + E,E + PGK + PGKE,Gaussian phenomic model with environment and PGK × E interaction,PGK + E,GY,CV2,9,CS12_WW,0.9586833456149353,5,99.06149840354914
4,Eta4,Phenomic baseline,Phenomic pathway,Gaussian,Without W,Phenomic Gaussian + E,E + PGK + PGKE,Gaussian phenomic model with environment and PGK × E interaction,PGK + E,GY,CV2,10,CS11_WS,0.9255766781890264,5,98.47493700981138
4,Eta4,Phenomic baseline,Phenomic pathway,Gaussian,Without W,Phenomic Gaussian + E,E + PGK + PGKE,Gaussian phenomic model with environment and PGK × E interaction,PGK + E,GY,CV2,10,CS11_WW,0.9485825880437513,5,98.47493700981138
4,Eta4,Phenomic baseline,Phenomic pathway,Gaussian,Without W,Phenomic Gaussian + E,E + PGK + PGKE,Gaussian phenomic model with environment and PGK × E interaction,PGK + E,GY,CV2,10,CS12_WS,0.951309693018923,5,98.47493700981138
4,Eta4,Phenomic baseline,Phenomic pathway,Gaussian,Without W,Phenomic Gaussian + E,E + PGK + PGKE,Gaussian phenomic model with environment and PGK × E interaction,PGK + E,GY,CV2,10,CS12_WW,0.9601186038567542,5,98.47493700981138
4,Eta4,Phenomic baseline,Phenomic pathway,Gaussian,Without W,Phenomic Gaussian + E,E + PGK + PGKE,Gaussian phenomic model with environment and PGK × E interaction,PGK + E,KW,CV1,1,CS11_WS,0.25431169185216007,5,99.33943018913268
4,Eta4,Phenomic baseline,Phenomic pathway,Gaussian,Without W,Phenomic Gaussian + E,E + PGK + PGKE,Gaussian phenomic model with environment and PGK × E interaction,PGK + E,KW,CV1,1,CS11_WW,0.21076544004208603,5,99.33943018913268
4,Eta4,Phenomic baseline,Phenomic pathway,Gaussian,Without W,Phenomic Gaussian + E,E + PGK + PGKE,Gaussian phenomic model with environment and PGK × E interaction,PGK + E,KW,CV1,1,CS12_WS,0.2008436244116322,5,99.33943018913268
4,Eta4,Phenomic baseline,Phenomic pathway,Gaussian,Without W,Phenomic Gaussian + E,E + PGK + PGKE,Gaussian phenomic model with environment and PGK × E interaction,PGK + E,KW,CV1,1,CS12_WW,0.23299940427934202,5,99.33943018913268
4,Eta4,Phenomic baseline,Phenomic pathway,Gaussian,Without W,Phenomic Gaussian + E,E + PGK + PGKE,Gaussian phenomic model with environment and PGK × E interaction,PGK + E,KW,CV1,2,CS11_WS,0.2414870433226008,5,99.16565594673165
4,Eta4,Phenomic baseline,Phenomic pathway,Gaussian,Without W,Phenomic Gaussian + E,E + PGK + PGKE,Gaussian phenomic model with environment and PGK × E interaction,PGK + E,KW,CV1,2,CS11_WW,0.22414288204395297,5,99.16565594673165
4,Eta4,Phenomic baseline,Phenomic pathway,Gaussian,Without W,Phenomic Gaussian + E,E + PGK + PGKE,Gaussian phenomic model with environment and PGK × E interaction,PGK + E,KW,CV1,2,CS12_WS,0.12969222259536511,5,99.16565594673165
4,Eta4,Phenomic baseline,Phenomic pathway,Gaussian,Without W,Phenomic Gaussian + E,E + PGK + PGKE,Gaussian phenomic model with environment and PGK × E interaction,PGK + E,KW,CV1,2,CS12_WW,0.1370487963404548,5,99.16565594673165
4,Eta4,Phenomic baseline,Phenomic pathway,Gaussian,Without W,Phenomic Gaussian + E,E + PGK + PGKE,Gaussian phenomic model with environment and PGK × E interaction,PGK + E,KW,CV1,3,CS11_WS,0.23880672469215658,5,84.3256936073303
4,Eta4,Phenomic baseline,Phenomic pathway,Gaussian,Without W,Phenomic Gaussian + E,E + PGK + PGKE,Gaussian phenomic model with environment and PGK × E interaction,PGK + E,KW,CV1,3,CS11_WW,0.2021856916555324,5,84.3256936073303
4,Eta4,Phenomic baseline,Phenomic pathway,Gaussian,Without W,Phenomic Gaussian + E,E + PGK + PGKE,Gaussian phenomic model with environment and PGK × E interaction,PGK + E,KW,CV1,3,CS12_WS,0.22509904348745619,5,84.3256936073303
4,Eta4,Phenomic baseline,Phenomic pathway,Gaussian,Without W,Phenomic Gaussian + E,E + PGK + PGKE,Gaussian phenomic model with environment and PGK × E interaction,PGK + E,KW,CV1,3,CS12_WW,0.2064263324553813,5,84.3256936073303
4,Eta4,Phenomic baseline,Phenomic pathway,Gaussian,Without W,Phenomic Gaussian + E,E + PGK + PGKE,Gaussian phenomic model with environment and PGK × E interaction,PGK + E,KW,CV1,4,CS11_WS,0.23020854718626715,5,97.9967798233032
4,Eta4,Phenomic baseline,Phenomic pathway,Gaussian,Without W,Phenomic Gaussian + E,E + PGK + PGKE,Gaussian phenomic model with environment and PGK × E interaction,PGK + E,KW,CV1,4,CS11_WW,0.23338635395624002,5,97.9967798233032
4,Eta4,Phenomic baseline,Phenomic pathway,Gaussian,Without W,Phenomic Gaussian + E,E + PGK + PGKE,Gaussian phenomic model with environment and PGK × E interaction,PGK + E,KW,CV1,4,CS12_WS,0.24288975156542078,5,97.9967798233032
4,Eta4,Phenomic baseline,Phenomic pathway,Gaussian,Without W,Phenomic Gaussian + E,E + PGK + PGKE,Gaussian phenomic model with environment and PGK × E interaction,PGK + E,KW,CV1,4,CS12_WW,0.16446378146477586,5,97.9967798233032
4,Eta4,Phenomic baseline,Phenomic pathway,Gaussian,Without W,Phenomic Gaussian + E,E + PGK + PGKE,Gaussian phenomic model with environment and PGK × E interaction,PGK + E,KW,CV1,5,CS11_WS,0.21207053300104745,5,99.78169159889224
4,Eta4,Phenomic baseline,Phenomic pathway,Gaussian,Without W,Phenomic Gaussian + E,E + PGK + PGKE,Gaussian phenomic model with environment and PGK × E interaction,PGK + E,KW,CV1,5,CS11_WW,0.2148198959420559,5,99.78169159889224
4,Eta4,Phenomic baseline,Phenomic pathway,Gaussian,Without W,Phenomic Gaussian + E,E + PGK + PGKE,Gaussian phenomic model with environment and PGK × E interaction,PGK + E,KW,CV1,5,CS12_WS,0.2114561676179186,5,99.78169159889224
4,Eta4,Phenomic baseline,Phenomic pathway,Gaussian,Without W,Phenomic Gaussian + E,E + PGK + PGKE,Gaussian phenomic model with environment and PGK × E interaction,PGK + E,KW,CV1,5,CS12_WW,0.2651313615586946,5,99.78169159889224
4,Eta4,Phenomic baseline,Phenomic pathway,Gaussian,Without W,Phenomic Gaussian + E,E + PGK + PGKE,Gaussian phenomic model with environment and PGK × E interaction,PGK + E,KW,CV1,6,CS11_WS,0.25997907353462757,5,84.25509557723996
4,Eta4,Phenomic baseline,Phenomic pathway,Gaussian,Without W,Phenomic Gaussian + E,E + PGK + PGKE,Gaussian phenomic model with environment and PGK × E interaction,PGK + E,KW,CV1,6,CS11_WW,0.20355956619966595,5,84.25509557723996
4,Eta4,Phenomic baseline,Phenomic pathway,Gaussian,Without W,Phenomic Gaussian + E,E + PGK + PGKE,Gaussian phenomic model with environment and PGK × E interaction,PGK + E,KW,CV1,6,CS12_WS,0.2268772569683252,5,84.25509557723996
4,Eta4,Phenomic baseline,Phenomic pathway,Gaussian,Without W,Phenomic Gaussian + E,E + PGK + PGKE,Gaussian phenomic model with environment and PGK × E interaction,PGK + E,KW,CV1,6,CS12_WW,0.14338102800807295,5,84.25509557723996
4,Eta4,Phenomic baseline,Phenomic pathway,Gaussian,Without W,Phenomic Gaussian + E,E + PGK + PGKE,Gaussian phenomic model with environment and PGK × E interaction,PGK + E,KW,CV1,7,CS11_WS,0.2607810872018099,5,102.87028717994679
4,Eta4,Phenomic baseline,Phenomic pathway,Gaussian,Without W,Phenomic Gaussian + E,E + PGK + PGKE,Gaussian phenomic model with environment and PGK × E interaction,PGK + E,KW,CV1,7,CS11_WW,0.22106807198988002,5,102.87028717994679
4,Eta4,Phenomic baseline,Phenomic pathway,Gaussian,Without W,Phenomic Gaussian + E,E + PGK + PGKE,Gaussian phenomic model with environment and PGK × E interaction,PGK + E,KW,CV1,7,CS12_WS,0.1883614051148176,5,102.87028717994679
4,Eta4,Phenomic baseline,Phenomic pathway,Gaussian,Without W,Phenomic Gaussian + E,E + PGK + PGKE,Gaussian phenomic model with environment and PGK × E interaction,PGK + E,KW,CV1,7,CS12_WW,0.1860284665635456,5,102.87028717994679
4,Eta4,Phenomic baseline,Phenomic pathway,Gaussian,Without W,Phenomic Gaussian + E,E + PGK + PGKE,Gaussian phenomic model with environment and PGK × E interaction,PGK + E,KW,CV1,8,CS11_WS,0.2853774019409002,5,98.24574542045595
4,Eta4,Phenomic baseline,Phenomic pathway,Gaussian,Without W,Phenomic Gaussian + E,E + PGK + PGKE,Gaussian phenomic model with environment and PGK × E interaction,PGK + E,KW,CV1,8,CS11_WW,0.22723461025459085,5,98.24574542045595
4,Eta4,Phenomic baseline,Phenomic pathway,Gaussian,Without W,Phenomic Gaussian + E,E + PGK + PGKE,Gaussian phenomic model with environment and PGK × E interaction,PGK + E,KW,CV1,8,CS12_WS,0.20910571323727653,5,98.24574542045595
4,Eta4,Phenomic baseline,Phenomic pathway,Gaussian,Without W,Phenomic Gaussian + E,E + PGK + PGKE,Gaussian phenomic model with environment and PGK × E interaction,PGK + E,KW,CV1,8,CS12_WW,0.2547734815401666,5,98.24574542045595
4,Eta4,Phenomic baseline,Phenomic pathway,Gaussian,Without W,Phenomic Gaussian + E,E + PGK + PGKE,Gaussian phenomic model with environment and PGK × E interaction,PGK + E,KW,CV1,9,CS11_WS,0.2648786437100888,5,100.09804439544682
4,Eta4,Phenomic baseline,Phenomic pathway,Gaussian,Without W,Phenomic Gaussian + E,E + PGK + PGKE,Gaussian phenomic model with environment and PGK × E interaction,PGK + E,KW,CV1,9,CS11_WW,0.24376223549889922,5,100.09804439544682
4,Eta4,Phenomic baseline,Phenomic pathway,Gaussian,Without W,Phenomic Gaussian + E,E + PGK + PGKE,Gaussian phenomic model with environment and PGK × E interaction,PGK + E,KW,CV1,9,CS12_WS,0.1996578136498796,5,100.09804439544682
4,Eta4,Phenomic baseline,Phenomic pathway,Gaussian,Without W,Phenomic Gaussian + E,E + PGK + PGKE,Gaussian phenomic model with environment and PGK × E interaction,PGK + E,KW,CV1,9,CS12_WW,0.21248339223024346,5,100.09804439544682
4,Eta4,Phenomic baseline,Phenomic pathway,Gaussian,Without W,Phenomic Gaussian + E,E + PGK + PGKE,Gaussian phenomic model with environment and PGK × E interaction,PGK + E,KW,CV1,10,CS11_WS,0.23928003992018,5,99.61002135276787
4,Eta4,Phenomic baseline,Phenomic pathway,Gaussian,Without W,Phenomic Gaussian + E,E + PGK + PGKE,Gaussian phenomic model with environment and PGK × E interaction,PGK + E,KW,CV1,10,CS11_WW,0.21039647925117277,5,99.61002135276787
4,Eta4,Phenomic baseline,Phenomic pathway,Gaussian,Without W,Phenomic Gaussian + E,E + PGK + PGKE,Gaussian phenomic model with environment and PGK × E interaction,PGK + E,KW,CV1,10,CS12_WS,0.1674252202044124,5,99.61002135276787
4,Eta4,Phenomic baseline,Phenomic pathway,Gaussian,Without W,Phenomic Gaussian + E,E + PGK + PGKE,Gaussian phenomic model with environment and PGK × E interaction,PGK + E,KW,CV1,10,CS12_WW,0.22468797193501017,5,99.61002135276787
4,Eta4,Phenomic baseline,Phenomic pathway,Gaussian,Without W,Phenomic Gaussian + E,E + PGK + PGKE,Gaussian phenomic model with environment and PGK × E interaction,PGK + E,KW,CV2,1,CS11_WS,0.9528113063775938,5,99.33943018913268
4,Eta4,Phenomic baseline,Phenomic pathway,Gaussian,Without W,Phenomic Gaussian + E,E + PGK + PGKE,Gaussian phenomic model with environment and PGK × E interaction,PGK + E,KW,CV2,1,CS11_WW,0.9504085097089863,5,99.33943018913268
4,Eta4,Phenomic baseline,Phenomic pathway,Gaussian,Without W,Phenomic Gaussian + E,E + PGK + PGKE,Gaussian phenomic model with environment and PGK × E interaction,PGK + E,KW,CV2,1,CS12_WS,0.963186978787286,5,99.33943018913268
4,Eta4,Phenomic baseline,Phenomic pathway,Gaussian,Without W,Phenomic Gaussian + E,E + PGK + PGKE,Gaussian phenomic model with environment and PGK × E interaction,PGK + E,KW,CV2,1,CS12_WW,0.9561694247669996,5,99.33943018913268
4,Eta4,Phenomic baseline,Phenomic pathway,Gaussian,Without W,Phenomic Gaussian + E,E + PGK + PGKE,Gaussian phenomic model with environment and PGK × E interaction,PGK + E,KW,CV2,2,CS11_WS,0.9517453206234388,5,99.16565594673165
4,Eta4,Phenomic baseline,Phenomic pathway,Gaussian,Without W,Phenomic Gaussian + E,E + PGK + PGKE,Gaussian phenomic model with environment and PGK × E interaction,PGK + E,KW,CV2,2,CS11_WW,0.9475618805050143,5,99.16565594673165
4,Eta4,Phenomic baseline,Phenomic pathway,Gaussian,Without W,Phenomic Gaussian + E,E + PGK + PGKE,Gaussian phenomic model with environment and PGK × E interaction,PGK + E,KW,CV2,2,CS12_WS,0.9625656021746739,5,99.16565594673165
4,Eta4,Phenomic baseline,Phenomic pathway,Gaussian,Without W,Phenomic Gaussian + E,E + PGK + PGKE,Gaussian phenomic model with environment and PGK × E interaction,PGK + E,KW,CV2,2,CS12_WW,0.9571385405440515,5,99.16565594673165
4,Eta4,Phenomic baseline,Phenomic pathway,Gaussian,Without W,Phenomic Gaussian + E,E + PGK + PGKE,Gaussian phenomic model with environment and PGK × E interaction,PGK + E,KW,CV2,3,CS11_WS,0.9534104557122273,5,84.3256936073303
4,Eta4,Phenomic baseline,Phenomic pathway,Gaussian,Without W,Phenomic Gaussian + E,E + PGK + PGKE,Gaussian phenomic model with environment and PGK × E interaction,PGK + E,KW,CV2,3,CS11_WW,0.9510417702735211,5,84.3256936073303
4,Eta4,Phenomic baseline,Phenomic pathway,Gaussian,Without W,Phenomic Gaussian + E,E + PGK + PGKE,Gaussian phenomic model with environment and PGK × E interaction,PGK + E,KW,CV2,3,CS12_WS,0.9632329231144616,5,84.3256936073303
4,Eta4,Phenomic baseline,Phenomic pathway,Gaussian,Without W,Phenomic Gaussian + E,E + PGK + PGKE,Gaussian phenomic model with environment and PGK × E interaction,PGK + E,KW,CV2,3,CS12_WW,0.9581008473876936,5,84.3256936073303
4,Eta4,Phenomic baseline,Phenomic pathway,Gaussian,Without W,Phenomic Gaussian + E,E + PGK + PGKE,Gaussian phenomic model with environment and PGK × E interaction,PGK + E,KW,CV2,4,CS11_WS,0.9528928235271978,5,97.9967798233032
4,Eta4,Phenomic baseline,Phenomic pathway,Gaussian,Without W,Phenomic Gaussian + E,E + PGK + PGKE,Gaussian phenomic model with environment and PGK × E interaction,PGK + E,KW,CV2,4,CS11_WW,0.947301033253208,5,97.9967798233032
4,Eta4,Phenomic baseline,Phenomic pathway,Gaussian,Without W,Phenomic Gaussian + E,E + PGK + PGKE,Gaussian phenomic model with environment and PGK × E interaction,PGK + E,KW,CV2,4,CS12_WS,0.9613724338921468,5,97.9967798233032
4,Eta4,Phenomic baseline,Phenomic pathway,Gaussian,Without W,Phenomic Gaussian + E,E + PGK + PGKE,Gaussian phenomic model with environment and PGK × E interaction,PGK + E,KW,CV2,4,CS12_WW,0.9562749923800478,5,97.9967798233032
4,Eta4,Phenomic baseline,Phenomic pathway,Gaussian,Without W,Phenomic Gaussian + E,E + PGK + PGKE,Gaussian phenomic model with environment and PGK × E interaction,PGK + E,KW,CV2,5,CS11_WS,0.9541003423392059,5,99.78169159889224
4,Eta4,Phenomic baseline,Phenomic pathway,Gaussian,Without W,Phenomic Gaussian + E,E + PGK + PGKE,Gaussian phenomic model with environment and PGK × E interaction,PGK + E,KW,CV2,5,CS11_WW,0.9491472933443947,5,99.78169159889224
4,Eta4,Phenomic baseline,Phenomic pathway,Gaussian,Without W,Phenomic Gaussian + E,E + PGK + PGKE,Gaussian phenomic model with environment and PGK × E interaction,PGK + E,KW,CV2,5,CS12_WS,0.9623497672077125,5,99.78169159889224
4,Eta4,Phenomic baseline,Phenomic pathway,Gaussian,Without W,Phenomic Gaussian + E,E + PGK + PGKE,Gaussian phenomic model with environment and PGK × E interaction,PGK + E,KW,CV2,5,CS12_WW,0.9559744772041385,5,99.78169159889224
4,Eta4,Phenomic baseline,Phenomic pathway,Gaussian,Without W,Phenomic Gaussian + E,E + PGK + PGKE,Gaussian phenomic model with environment and PGK × E interaction,PGK + E,KW,CV2,6,CS11_WS,0.9541837549098837,5,84.25509557723996
4,Eta4,Phenomic baseline,Phenomic pathway,Gaussian,Without W,Phenomic Gaussian + E,E + PGK + PGKE,Gaussian phenomic model with environment and PGK × E interaction,PGK + E,KW,CV2,6,CS11_WW,0.9503831370294575,5,84.25509557723996
4,Eta4,Phenomic baseline,Phenomic pathway,Gaussian,Without W,Phenomic Gaussian + E,E + PGK + PGKE,Gaussian phenomic model with environment and PGK × E interaction,PGK + E,KW,CV2,6,CS12_WS,0.9638218478208431,5,84.25509557723996
4,Eta4,Phenomic baseline,Phenomic pathway,Gaussian,Without W,Phenomic Gaussian + E,E + PGK + PGKE,Gaussian phenomic model with environment and PGK × E interaction,PGK + E,KW,CV2,6,CS12_WW,0.959131665697786,5,84.25509557723996
4,Eta4,Phenomic baseline,Phenomic pathway,Gaussian,Without W,Phenomic Gaussian + E,E + PGK + PGKE,Gaussian phenomic model with environment and PGK × E interaction,PGK + E,KW,CV2,7,CS11_WS,0.9541199991846494,5,102.87028717994679
4,Eta4,Phenomic baseline,Phenomic pathway,Gaussian,Without W,Phenomic Gaussian + E,E + PGK + PGKE,Gaussian phenomic model with environment and PGK × E interaction,PGK + E,KW,CV2,7,CS11_WW,0.9492899342098289,5,102.87028717994679
4,Eta4,Phenomic baseline,Phenomic pathway,Gaussian,Without W,Phenomic Gaussian + E,E + PGK + PGKE,Gaussian phenomic model with environment and PGK × E interaction,PGK + E,KW,CV2,7,CS12_WS,0.963282669473252,5,102.87028717994679
4,Eta4,Phenomic baseline,Phenomic pathway,Gaussian,Without W,Phenomic Gaussian + E,E + PGK + PGKE,Gaussian phenomic model with environment and PGK × E interaction,PGK + E,KW,CV2,7,CS12_WW,0.9577017268438945,5,102.87028717994679
4,Eta4,Phenomic baseline,Phenomic pathway,Gaussian,Without W,Phenomic Gaussian + E,E + PGK + PGKE,Gaussian phenomic model with environment and PGK × E interaction,PGK + E,KW,CV2,8,CS11_WS,0.9516635783445423,5,98.24574542045595
4,Eta4,Phenomic baseline,Phenomic pathway,Gaussian,Without W,Phenomic Gaussian + E,E + PGK + PGKE,Gaussian phenomic model with environment and PGK × E interaction,PGK + E,KW,CV2,8,CS11_WW,0.9481687304363138,5,98.24574542045595
4,Eta4,Phenomic baseline,Phenomic pathway,Gaussian,Without W,Phenomic Gaussian + E,E + PGK + PGKE,Gaussian phenomic model with environment and PGK × E interaction,PGK + E,KW,CV2,8,CS12_WS,0.9619945817285849,5,98.24574542045595
4,Eta4,Phenomic baseline,Phenomic pathway,Gaussian,Without W,Phenomic Gaussian + E,E + PGK + PGKE,Gaussian phenomic model with environment and PGK × E interaction,PGK + E,KW,CV2,8,CS12_WW,0.9563412187734194,5,98.24574542045595
4,Eta4,Phenomic baseline,Phenomic pathway,Gaussian,Without W,Phenomic Gaussian + E,E + PGK + PGKE,Gaussian phenomic model with environment and PGK × E interaction,PGK + E,KW,CV2,9,CS11_WS,0.9517662228107572,5,100.09804439544682
4,Eta4,Phenomic baseline,Phenomic pathway,Gaussian,Without W,Phenomic Gaussian + E,E + PGK + PGKE,Gaussian phenomic model with environment and PGK × E interaction,PGK + E,KW,CV2,9,CS11_WW,0.9477619258094816,5,100.09804439544682
4,Eta4,Phenomic baseline,Phenomic pathway,Gaussian,Without W,Phenomic Gaussian + E,E + PGK + PGKE,Gaussian phenomic model with environment and PGK × E interaction,PGK + E,KW,CV2,9,CS12_WS,0.9627329289987709,5,100.09804439544682
4,Eta4,Phenomic baseline,Phenomic pathway,Gaussian,Without W,Phenomic Gaussian + E,E + PGK + PGKE,Gaussian phenomic model with environment and PGK × E interaction,PGK + E,KW,CV2,9,CS12_WW,0.9563954006185176,5,100.09804439544682
4,Eta4,Phenomic baseline,Phenomic pathway,Gaussian,Without W,Phenomic Gaussian + E,E + PGK + PGKE,Gaussian phenomic model with environment and PGK × E interaction,PGK + E,KW,CV2,10,CS11_WS,0.9531418811260959,5,99.61002135276787
4,Eta4,Phenomic baseline,Phenomic pathway,Gaussian,Without W,Phenomic Gaussian + E,E + PGK + PGKE,Gaussian phenomic model with environment and PGK × E interaction,PGK + E,KW,CV2,10,CS11_WW,0.9486711944205568,5,99.61002135276787
4,Eta4,Phenomic baseline,Phenomic pathway,Gaussian,Without W,Phenomic Gaussian + E,E + PGK + PGKE,Gaussian phenomic model with environment and PGK × E interaction,PGK + E,KW,CV2,10,CS12_WS,0.9626785405426184,5,99.61002135276787
4,Eta4,Phenomic baseline,Phenomic pathway,Gaussian,Without W,Phenomic Gaussian + E,E + PGK + PGKE,Gaussian phenomic model with environment and PGK × E interaction,PGK + E,KW,CV2,10,CS12_WW,0.9567660037931697,5,99.61002135276787
5,Eta5,Genomic baseline,Genomic pathway,Arc-cosine,Without W,Genomic arc-cosine + E,E + GAK + GAKE,Arc-cosine genomic model with environment and GAK × E interaction,GAK + E,GY,CV1,1,CS11_WS,0.7466235040568264,5,73.79430961608887
5,Eta5,Genomic baseline,Genomic pathway,Arc-cosine,Without W,Genomic arc-cosine + E,E + GAK + GAKE,Arc-cosine genomic model with environment and GAK × E interaction,GAK + E,GY,CV1,1,CS11_WW,0.7258196492470643,5,73.79430961608887
5,Eta5,Genomic baseline,Genomic pathway,Arc-cosine,Without W,Genomic arc-cosine + E,E + GAK + GAKE,Arc-cosine genomic model with environment and GAK × E interaction,GAK + E,GY,CV1,1,CS12_WS,0.7091674709414798,5,73.79430961608887
5,Eta5,Genomic baseline,Genomic pathway,Arc-cosine,Without W,Genomic arc-cosine + E,E + GAK + GAKE,Arc-cosine genomic model with environment and GAK × E interaction,GAK + E,GY,CV1,1,CS12_WW,0.694737711882058,5,73.79430961608887
5,Eta5,Genomic baseline,Genomic pathway,Arc-cosine,Without W,Genomic arc-cosine + E,E + GAK + GAKE,Arc-cosine genomic model with environment and GAK × E interaction,GAK + E,GY,CV1,2,CS11_WS,0.7465277694421785,5,71.21708302497863
5,Eta5,Genomic baseline,Genomic pathway,Arc-cosine,Without W,Genomic arc-cosine + E,E + GAK + GAKE,Arc-cosine genomic model with environment and GAK × E interaction,GAK + E,GY,CV1,2,CS11_WW,0.7390006790714464,5,71.21708302497863
5,Eta5,Genomic baseline,Genomic pathway,Arc-cosine,Without W,Genomic arc-cosine + E,E + GAK + GAKE,Arc-cosine genomic model with environment and GAK × E interaction,GAK + E,GY,CV1,2,CS12_WS,0.6999527735149806,5,71.21708302497863
5,Eta5,Genomic baseline,Genomic pathway,Arc-cosine,Without W,Genomic arc-cosine + E,E + GAK + GAKE,Arc-cosine genomic model with environment and GAK × E interaction,GAK + E,GY,CV1,2,CS12_WW,0.676946963037833,5,71.21708302497863
5,Eta5,Genomic baseline,Genomic pathway,Arc-cosine,Without W,Genomic arc-cosine + E,E + GAK + GAKE,Arc-cosine genomic model with environment and GAK × E interaction,GAK + E,GY,CV1,3,CS11_WS,0.7033255253328398,5,69.39423742294312
5,Eta5,Genomic baseline,Genomic pathway,Arc-cosine,Without W,Genomic arc-cosine + E,E + GAK + GAKE,Arc-cosine genomic model with environment and GAK × E interaction,GAK + E,GY,CV1,3,CS11_WW,0.7128294401333584,5,69.39423742294312
5,Eta5,Genomic baseline,Genomic pathway,Arc-cosine,Without W,Genomic arc-cosine + E,E + GAK + GAKE,Arc-cosine genomic model with environment and GAK × E interaction,GAK + E,GY,CV1,3,CS12_WS,0.6849172307464861,5,69.39423742294312
5,Eta5,Genomic baseline,Genomic pathway,Arc-cosine,Without W,Genomic arc-cosine + E,E + GAK + GAKE,Arc-cosine genomic model with environment and GAK × E interaction,GAK + E,GY,CV1,3,CS12_WW,0.6830680930856226,5,69.39423742294312
5,Eta5,Genomic baseline,Genomic pathway,Arc-cosine,Without W,Genomic arc-cosine + E,E + GAK + GAKE,Arc-cosine genomic model with environment and GAK × E interaction,GAK + E,GY,CV1,4,CS11_WS,0.730982741386365,5,68.47499556541446
5,Eta5,Genomic baseline,Genomic pathway,Arc-cosine,Without W,Genomic arc-cosine + E,E + GAK + GAKE,Arc-cosine genomic model with environment and GAK × E interaction,GAK + E,GY,CV1,4,CS11_WW,0.731144541956672,5,68.47499556541446
5,Eta5,Genomic baseline,Genomic pathway,Arc-cosine,Without W,Genomic arc-cosine + E,E + GAK + GAKE,Arc-cosine genomic model with environment and GAK × E interaction,GAK + E,GY,CV1,4,CS12_WS,0.6869671087605622,5,68.47499556541446
5,Eta5,Genomic baseline,Genomic pathway,Arc-cosine,Without W,Genomic arc-cosine + E,E + GAK + GAKE,Arc-cosine genomic model with environment and GAK × E interaction,GAK + E,GY,CV1,4,CS12_WW,0.690051756037148,5,68.47499556541446
5,Eta5,Genomic baseline,Genomic pathway,Arc-cosine,Without W,Genomic arc-cosine + E,E + GAK + GAKE,Arc-cosine genomic model with environment and GAK × E interaction,GAK + E,GY,CV1,5,CS11_WS,0.7249146881058012,5,69.32454476356506
5,Eta5,Genomic baseline,Genomic pathway,Arc-cosine,Without W,Genomic arc-cosine + E,E + GAK + GAKE,Arc-cosine genomic model with environment and GAK × E interaction,GAK + E,GY,CV1,5,CS11_WW,0.7265353248349544,5,69.32454476356506
5,Eta5,Genomic baseline,Genomic pathway,Arc-cosine,Without W,Genomic arc-cosine + E,E + GAK + GAKE,Arc-cosine genomic model with environment and GAK × E interaction,GAK + E,GY,CV1,5,CS12_WS,0.6991838406952782,5,69.32454476356506
5,Eta5,Genomic baseline,Genomic pathway,Arc-cosine,Without W,Genomic arc-cosine + E,E + GAK + GAKE,Arc-cosine genomic model with environment and GAK × E interaction,GAK + E,GY,CV1,5,CS12_WW,0.6990836325397036,5,69.32454476356506
5,Eta5,Genomic baseline,Genomic pathway,Arc-cosine,Without W,Genomic arc-cosine + E,E + GAK + GAKE,Arc-cosine genomic model with environment and GAK × E interaction,GAK + E,GY,CV1,6,CS11_WS,0.7211477496922829,5,67.90227499008179
5,Eta5,Genomic baseline,Genomic pathway,Arc-cosine,Without W,Genomic arc-cosine + E,E + GAK + GAKE,Arc-cosine genomic model with environment and GAK × E interaction,GAK + E,GY,CV1,6,CS11_WW,0.7214131681163949,5,67.90227499008179
5,Eta5,Genomic baseline,Genomic pathway,Arc-cosine,Without W,Genomic arc-cosine + E,E + GAK + GAKE,Arc-cosine genomic model with environment and GAK × E interaction,GAK + E,GY,CV1,6,CS12_WS,0.6967432131872232,5,67.90227499008179
5,Eta5,Genomic baseline,Genomic pathway,Arc-cosine,Without W,Genomic arc-cosine + E,E + GAK + GAKE,Arc-cosine genomic model with environment and GAK × E interaction,GAK + E,GY,CV1,6,CS12_WW,0.7032208237024979,5,67.90227499008179
5,Eta5,Genomic baseline,Genomic pathway,Arc-cosine,Without W,Genomic arc-cosine + E,E + GAK + GAKE,Arc-cosine genomic model with environment and GAK × E interaction,GAK + E,GY,CV1,7,CS11_WS,0.710958359039675,5,70.40476703643797
5,Eta5,Genomic baseline,Genomic pathway,Arc-cosine,Without W,Genomic arc-cosine + E,E + GAK + GAKE,Arc-cosine genomic model with environment and GAK × E interaction,GAK + E,GY,CV1,7,CS11_WW,0.7304073260558636,5,70.40476703643797
5,Eta5,Genomic baseline,Genomic pathway,Arc-cosine,Without W,Genomic arc-cosine + E,E + GAK + GAKE,Arc-cosine genomic model with environment and GAK × E interaction,GAK + E,GY,CV1,7,CS12_WS,0.7005257814568436,5,70.40476703643797
5,Eta5,Genomic baseline,Genomic pathway,Arc-cosine,Without W,Genomic arc-cosine + E,E + GAK + GAKE,Arc-cosine genomic model with environment and GAK × E interaction,GAK + E,GY,CV1,7,CS12_WW,0.696651850676536,5,70.40476703643797
5,Eta5,Genomic baseline,Genomic pathway,Arc-cosine,Without W,Genomic arc-cosine + E,E + GAK + GAKE,Arc-cosine genomic model with environment and GAK × E interaction,GAK + E,GY,CV1,8,CS11_WS,0.7467684712492104,5,69.8712460041046
5,Eta5,Genomic baseline,Genomic pathway,Arc-cosine,Without W,Genomic arc-cosine + E,E + GAK + GAKE,Arc-cosine genomic model with environment and GAK × E interaction,GAK + E,GY,CV1,8,CS11_WW,0.7259544255584582,5,69.8712460041046
5,Eta5,Genomic baseline,Genomic pathway,Arc-cosine,Without W,Genomic arc-cosine + E,E + GAK + GAKE,Arc-cosine genomic model with environment and GAK × E interaction,GAK + E,GY,CV1,8,CS12_WS,0.7087511814501022,5,69.8712460041046
5,Eta5,Genomic baseline,Genomic pathway,Arc-cosine,Without W,Genomic arc-cosine + E,E + GAK + GAKE,Arc-cosine genomic model with environment and GAK × E interaction,GAK + E,GY,CV1,8,CS12_WW,0.6959859378080624,5,69.8712460041046
5,Eta5,Genomic baseline,Genomic pathway,Arc-cosine,Without W,Genomic arc-cosine + E,E + GAK + GAKE,Arc-cosine genomic model with environment and GAK × E interaction,GAK + E,GY,CV1,9,CS11_WS,0.7300004509176954,5,68.3647828102112
5,Eta5,Genomic baseline,Genomic pathway,Arc-cosine,Without W,Genomic arc-cosine + E,E + GAK + GAKE,Arc-cosine genomic model with environment and GAK × E interaction,GAK + E,GY,CV1,9,CS11_WW,0.7147793972211506,5,68.3647828102112
5,Eta5,Genomic baseline,Genomic pathway,Arc-cosine,Without W,Genomic arc-cosine + E,E + GAK + GAKE,Arc-cosine genomic model with environment and GAK × E interaction,GAK + E,GY,CV1,9,CS12_WS,0.7075177707178792,5,68.3647828102112
5,Eta5,Genomic baseline,Genomic pathway,Arc-cosine,Without W,Genomic arc-cosine + E,E + GAK + GAKE,Arc-cosine genomic model with environment and GAK × E interaction,GAK + E,GY,CV1,9,CS12_WW,0.6997502166531753,5,68.3647828102112
5,Eta5,Genomic baseline,Genomic pathway,Arc-cosine,Without W,Genomic arc-cosine + E,E + GAK + GAKE,Arc-cosine genomic model with environment and GAK × E interaction,GAK + E,GY,CV1,10,CS11_WS,0.7208249875785784,5,69.48271641731262
5,Eta5,Genomic baseline,Genomic pathway,Arc-cosine,Without W,Genomic arc-cosine + E,E + GAK + GAKE,Arc-cosine genomic model with environment and GAK × E interaction,GAK + E,GY,CV1,10,CS11_WW,0.7297942106868102,5,69.48271641731262
5,Eta5,Genomic baseline,Genomic pathway,Arc-cosine,Without W,Genomic arc-cosine + E,E + GAK + GAKE,Arc-cosine genomic model with environment and GAK × E interaction,GAK + E,GY,CV1,10,CS12_WS,0.702443510435603,5,69.48271641731262
5,Eta5,Genomic baseline,Genomic pathway,Arc-cosine,Without W,Genomic arc-cosine + E,E + GAK + GAKE,Arc-cosine genomic model with environment and GAK × E interaction,GAK + E,GY,CV1,10,CS12_WW,0.6832992379437438,5,69.48271641731262
5,Eta5,Genomic baseline,Genomic pathway,Arc-cosine,Without W,Genomic arc-cosine + E,E + GAK + GAKE,Arc-cosine genomic model with environment and GAK × E interaction,GAK + E,GY,CV2,1,CS11_WS,0.9578340698203315,5,73.79430961608887
5,Eta5,Genomic baseline,Genomic pathway,Arc-cosine,Without W,Genomic arc-cosine + E,E + GAK + GAKE,Arc-cosine genomic model with environment and GAK × E interaction,GAK + E,GY,CV2,1,CS11_WW,0.95471266010336,5,73.79430961608887
5,Eta5,Genomic baseline,Genomic pathway,Arc-cosine,Without W,Genomic arc-cosine + E,E + GAK + GAKE,Arc-cosine genomic model with environment and GAK × E interaction,GAK + E,GY,CV2,1,CS12_WS,0.9818213595182552,5,73.79430961608887
5,Eta5,Genomic baseline,Genomic pathway,Arc-cosine,Without W,Genomic arc-cosine + E,E + GAK + GAKE,Arc-cosine genomic model with environment and GAK × E interaction,GAK + E,GY,CV2,1,CS12_WW,0.9626299209907453,5,73.79430961608887
5,Eta5,Genomic baseline,Genomic pathway,Arc-cosine,Without W,Genomic arc-cosine + E,E + GAK + GAKE,Arc-cosine genomic model with environment and GAK × E interaction,GAK + E,GY,CV2,2,CS11_WS,0.9573255625226705,5,71.21708302497863
5,Eta5,Genomic baseline,Genomic pathway,Arc-cosine,Without W,Genomic arc-cosine + E,E + GAK + GAKE,Arc-cosine genomic model with environment and GAK × E interaction,GAK + E,GY,CV2,2,CS11_WW,0.9540813007254421,5,71.21708302497863
5,Eta5,Genomic baseline,Genomic pathway,Arc-cosine,Without W,Genomic arc-cosine + E,E + GAK + GAKE,Arc-cosine genomic model with environment and GAK × E interaction,GAK + E,GY,CV2,2,CS12_WS,0.9816003298728987,5,71.21708302497863
5,Eta5,Genomic baseline,Genomic pathway,Arc-cosine,Without W,Genomic arc-cosine + E,E + GAK + GAKE,Arc-cosine genomic model with environment and GAK × E interaction,GAK + E,GY,CV2,2,CS12_WW,0.9621474788931922,5,71.21708302497863
5,Eta5,Genomic baseline,Genomic pathway,Arc-cosine,Without W,Genomic arc-cosine + E,E + GAK + GAKE,Arc-cosine genomic model with environment and GAK × E interaction,GAK + E,GY,CV2,3,CS11_WS,0.9567800577082778,5,69.39423742294312
5,Eta5,Genomic baseline,Genomic pathway,Arc-cosine,Without W,Genomic arc-cosine + E,E + GAK + GAKE,Arc-cosine genomic model with environment and GAK × E interaction,GAK + E,GY,CV2,3,CS11_WW,0.9534545276011548,5,69.39423742294312
5,Eta5,Genomic baseline,Genomic pathway,Arc-cosine,Without W,Genomic arc-cosine + E,E + GAK + GAKE,Arc-cosine genomic model with environment and GAK × E interaction,GAK + E,GY,CV2,3,CS12_WS,0.9815526287975127,5,69.39423742294312
5,Eta5,Genomic baseline,Genomic pathway,Arc-cosine,Without W,Genomic arc-cosine + E,E + GAK + GAKE,Arc-cosine genomic model with environment and GAK × E interaction,GAK + E,GY,CV2,3,CS12_WW,0.9615872308116211,5,69.39423742294312
5,Eta5,Genomic baseline,Genomic pathway,Arc-cosine,Without W,Genomic arc-cosine + E,E + GAK + GAKE,Arc-cosine genomic model with environment and GAK × E interaction,GAK + E,GY,CV2,4,CS11_WS,0.9575642880447319,5,68.47499556541446
5,Eta5,Genomic baseline,Genomic pathway,Arc-cosine,Without W,Genomic arc-cosine + E,E + GAK + GAKE,Arc-cosine genomic model with environment and GAK × E interaction,GAK + E,GY,CV2,4,CS11_WW,0.953824587643213,5,68.47499556541446
5,Eta5,Genomic baseline,Genomic pathway,Arc-cosine,Without W,Genomic arc-cosine + E,E + GAK + GAKE,Arc-cosine genomic model with environment and GAK × E interaction,GAK + E,GY,CV2,4,CS12_WS,0.9816126541178465,5,68.47499556541446
5,Eta5,Genomic baseline,Genomic pathway,Arc-cosine,Without W,Genomic arc-cosine + E,E + GAK + GAKE,Arc-cosine genomic model with environment and GAK × E interaction,GAK + E,GY,CV2,4,CS12_WW,0.9618113078684546,5,68.47499556541446
5,Eta5,Genomic baseline,Genomic pathway,Arc-cosine,Without W,Genomic arc-cosine + E,E + GAK + GAKE,Arc-cosine genomic model with environment and GAK × E interaction,GAK + E,GY,CV2,5,CS11_WS,0.9570146673646287,5,69.32454476356506
5,Eta5,Genomic baseline,Genomic pathway,Arc-cosine,Without W,Genomic arc-cosine + E,E + GAK + GAKE,Arc-cosine genomic model with environment and GAK × E interaction,GAK + E,GY,CV2,5,CS11_WW,0.9531978163508674,5,69.32454476356506
5,Eta5,Genomic baseline,Genomic pathway,Arc-cosine,Without W,Genomic arc-cosine + E,E + GAK + GAKE,Arc-cosine genomic model with environment and GAK × E interaction,GAK + E,GY,CV2,5,CS12_WS,0.9812546284791022,5,69.32454476356506
5,Eta5,Genomic baseline,Genomic pathway,Arc-cosine,Without W,Genomic arc-cosine + E,E + GAK + GAKE,Arc-cosine genomic model with environment and GAK × E interaction,GAK + E,GY,CV2,5,CS12_WW,0.9611080239030484,5,69.32454476356506
5,Eta5,Genomic baseline,Genomic pathway,Arc-cosine,Without W,Genomic arc-cosine + E,E + GAK + GAKE,Arc-cosine genomic model with environment and GAK × E interaction,GAK + E,GY,CV2,6,CS11_WS,0.9571086688281307,5,67.90227499008179
5,Eta5,Genomic baseline,Genomic pathway,Arc-cosine,Without W,Genomic arc-cosine + E,E + GAK + GAKE,Arc-cosine genomic model with environment and GAK × E interaction,GAK + E,GY,CV2,6,CS11_WW,0.953743473873096,5,67.90227499008179
5,Eta5,Genomic baseline,Genomic pathway,Arc-cosine,Without W,Genomic arc-cosine + E,E + GAK + GAKE,Arc-cosine genomic model with environment and GAK × E interaction,GAK + E,GY,CV2,6,CS12_WS,0.981459262891247,5,67.90227499008179
5,Eta5,Genomic baseline,Genomic pathway,Arc-cosine,Without W,Genomic arc-cosine + E,E + GAK + GAKE,Arc-cosine genomic model with environment and GAK × E interaction,GAK + E,GY,CV2,6,CS12_WW,0.9619571036288509,5,67.90227499008179
5,Eta5,Genomic baseline,Genomic pathway,Arc-cosine,Without W,Genomic arc-cosine + E,E + GAK + GAKE,Arc-cosine genomic model with environment and GAK × E interaction,GAK + E,GY,CV2,7,CS11_WS,0.9581919501115216,5,70.40476703643797
5,Eta5,Genomic baseline,Genomic pathway,Arc-cosine,Without W,Genomic arc-cosine + E,E + GAK + GAKE,Arc-cosine genomic model with environment and GAK × E interaction,GAK + E,GY,CV2,7,CS11_WW,0.955539751904206,5,70.40476703643797
5,Eta5,Genomic baseline,Genomic pathway,Arc-cosine,Without W,Genomic arc-cosine + E,E + GAK + GAKE,Arc-cosine genomic model with environment and GAK × E interaction,GAK + E,GY,CV2,7,CS12_WS,0.9821625487202892,5,70.40476703643797
5,Eta5,Genomic baseline,Genomic pathway,Arc-cosine,Without W,Genomic arc-cosine + E,E + GAK + GAKE,Arc-cosine genomic model with environment and GAK × E interaction,GAK + E,GY,CV2,7,CS12_WW,0.963403003198473,5,70.40476703643797
5,Eta5,Genomic baseline,Genomic pathway,Arc-cosine,Without W,Genomic arc-cosine + E,E + GAK + GAKE,Arc-cosine genomic model with environment and GAK × E interaction,GAK + E,GY,CV2,8,CS11_WS,0.9571285118101593,5,69.8712460041046
5,Eta5,Genomic baseline,Genomic pathway,Arc-cosine,Without W,Genomic arc-cosine + E,E + GAK + GAKE,Arc-cosine genomic model with environment and GAK × E interaction,GAK + E,GY,CV2,8,CS11_WW,0.954198386273689,5,69.8712460041046
5,Eta5,Genomic baseline,Genomic pathway,Arc-cosine,Without W,Genomic arc-cosine + E,E + GAK + GAKE,Arc-cosine genomic model with environment and GAK × E interaction,GAK + E,GY,CV2,8,CS12_WS,0.9818307292812187,5,69.8712460041046
5,Eta5,Genomic baseline,Genomic pathway,Arc-cosine,Without W,Genomic arc-cosine + E,E + GAK + GAKE,Arc-cosine genomic model with environment and GAK × E interaction,GAK + E,GY,CV2,8,CS12_WW,0.9620758559434603,5,69.8712460041046
5,Eta5,Genomic baseline,Genomic pathway,Arc-cosine,Without W,Genomic arc-cosine + E,E + GAK + GAKE,Arc-cosine genomic model with environment and GAK × E interaction,GAK + E,GY,CV2,9,CS11_WS,0.9578557314014118,5,68.3647828102112
5,Eta5,Genomic baseline,Genomic pathway,Arc-cosine,Without W,Genomic arc-cosine + E,E + GAK + GAKE,Arc-cosine genomic model with environment and GAK × E interaction,GAK + E,GY,CV2,9,CS11_WW,0.9544168119241503,5,68.3647828102112
5,Eta5,Genomic baseline,Genomic pathway,Arc-cosine,Without W,Genomic arc-cosine + E,E + GAK + GAKE,Arc-cosine genomic model with environment and GAK × E interaction,GAK + E,GY,CV2,9,CS12_WS,0.9816979540790234,5,68.3647828102112
5,Eta5,Genomic baseline,Genomic pathway,Arc-cosine,Without W,Genomic arc-cosine + E,E + GAK + GAKE,Arc-cosine genomic model with environment and GAK × E interaction,GAK + E,GY,CV2,9,CS12_WW,0.9625183914188259,5,68.3647828102112
5,Eta5,Genomic baseline,Genomic pathway,Arc-cosine,Without W,Genomic arc-cosine + E,E + GAK + GAKE,Arc-cosine genomic model with environment and GAK × E interaction,GAK + E,GY,CV2,10,CS11_WS,0.9564539284173474,5,69.48271641731262
5,Eta5,Genomic baseline,Genomic pathway,Arc-cosine,Without W,Genomic arc-cosine + E,E + GAK + GAKE,Arc-cosine genomic model with environment and GAK × E interaction,GAK + E,GY,CV2,10,CS11_WW,0.9531415218806731,5,69.48271641731262
5,Eta5,Genomic baseline,Genomic pathway,Arc-cosine,Without W,Genomic arc-cosine + E,E + GAK + GAKE,Arc-cosine genomic model with environment and GAK × E interaction,GAK + E,GY,CV2,10,CS12_WS,0.9812323938134624,5,69.48271641731262
5,Eta5,Genomic baseline,Genomic pathway,Arc-cosine,Without W,Genomic arc-cosine + E,E + GAK + GAKE,Arc-cosine genomic model with environment and GAK × E interaction,GAK + E,GY,CV2,10,CS12_WW,0.9612242907054867,5,69.48271641731262
5,Eta5,Genomic baseline,Genomic pathway,Arc-cosine,Without W,Genomic arc-cosine + E,E + GAK + GAKE,Arc-cosine genomic model with environment and GAK × E interaction,GAK + E,KW,CV1,1,CS11_WS,0.5585749928079008,5,68.31180362701414
5,Eta5,Genomic baseline,Genomic pathway,Arc-cosine,Without W,Genomic arc-cosine + E,E + GAK + GAKE,Arc-cosine genomic model with environment and GAK × E interaction,GAK + E,KW,CV1,1,CS11_WW,0.5340289731351494,5,68.31180362701414
5,Eta5,Genomic baseline,Genomic pathway,Arc-cosine,Without W,Genomic arc-cosine + E,E + GAK + GAKE,Arc-cosine genomic model with environment and GAK × E interaction,GAK + E,KW,CV1,1,CS12_WS,0.5601037465609552,5,68.31180362701414
5,Eta5,Genomic baseline,Genomic pathway,Arc-cosine,Without W,Genomic arc-cosine + E,E + GAK + GAKE,Arc-cosine genomic model with environment and GAK × E interaction,GAK + E,KW,CV1,1,CS12_WW,0.6101362622094384,5,68.31180362701414
5,Eta5,Genomic baseline,Genomic pathway,Arc-cosine,Without W,Genomic arc-cosine + E,E + GAK + GAKE,Arc-cosine genomic model with environment and GAK × E interaction,GAK + E,KW,CV1,2,CS11_WS,0.4998804006190688,5,69.27562456130983
5,Eta5,Genomic baseline,Genomic pathway,Arc-cosine,Without W,Genomic arc-cosine + E,E + GAK + GAKE,Arc-cosine genomic model with environment and GAK × E interaction,GAK + E,KW,CV1,2,CS11_WW,0.5105856625606291,5,69.27562456130983
5,Eta5,Genomic baseline,Genomic pathway,Arc-cosine,Without W,Genomic arc-cosine + E,E + GAK + GAKE,Arc-cosine genomic model with environment and GAK × E interaction,GAK + E,KW,CV1,2,CS12_WS,0.55426505695913,5,69.27562456130983
5,Eta5,Genomic baseline,Genomic pathway,Arc-cosine,Without W,Genomic arc-cosine + E,E + GAK + GAKE,Arc-cosine genomic model with environment and GAK × E interaction,GAK + E,KW,CV1,2,CS12_WW,0.5415779143201138,5,69.27562456130983
5,Eta5,Genomic baseline,Genomic pathway,Arc-cosine,Without W,Genomic arc-cosine + E,E + GAK + GAKE,Arc-cosine genomic model with environment and GAK × E interaction,GAK + E,KW,CV1,3,CS11_WS,0.524930714356463,5,68.71268420219423
5,Eta5,Genomic baseline,Genomic pathway,Arc-cosine,Without W,Genomic arc-cosine + E,E + GAK + GAKE,Arc-cosine genomic model with environment and GAK × E interaction,GAK + E,KW,CV1,3,CS11_WW,0.5212177391482095,5,68.71268420219423
5,Eta5,Genomic baseline,Genomic pathway,Arc-cosine,Without W,Genomic arc-cosine + E,E + GAK + GAKE,Arc-cosine genomic model with environment and GAK × E interaction,GAK + E,KW,CV1,3,CS12_WS,0.535282853270376,5,68.71268420219423
5,Eta5,Genomic baseline,Genomic pathway,Arc-cosine,Without W,Genomic arc-cosine + E,E + GAK + GAKE,Arc-cosine genomic model with environment and GAK × E interaction,GAK + E,KW,CV1,3,CS12_WW,0.57387670124805,5,68.71268420219423
5,Eta5,Genomic baseline,Genomic pathway,Arc-cosine,Without W,Genomic arc-cosine + E,E + GAK + GAKE,Arc-cosine genomic model with environment and GAK × E interaction,GAK + E,KW,CV1,4,CS11_WS,0.5368500201132174,5,68.41095261573794
5,Eta5,Genomic baseline,Genomic pathway,Arc-cosine,Without W,Genomic arc-cosine + E,E + GAK + GAKE,Arc-cosine genomic model with environment and GAK × E interaction,GAK + E,KW,CV1,4,CS11_WW,0.5006778940425589,5,68.41095261573794
5,Eta5,Genomic baseline,Genomic pathway,Arc-cosine,Without W,Genomic arc-cosine + E,E + GAK + GAKE,Arc-cosine genomic model with environment and GAK × E interaction,GAK + E,KW,CV1,4,CS12_WS,0.5650290931110009,5,68.41095261573794
5,Eta5,Genomic baseline,Genomic pathway,Arc-cosine,Without W,Genomic arc-cosine + E,E + GAK + GAKE,Arc-cosine genomic model with environment and GAK × E interaction,GAK + E,KW,CV1,4,CS12_WW,0.5838595026578486,5,68.41095261573794
5,Eta5,Genomic baseline,Genomic pathway,Arc-cosine,Without W,Genomic arc-cosine + E,E + GAK + GAKE,Arc-cosine genomic model with environment and GAK × E interaction,GAK + E,KW,CV1,5,CS11_WS,0.5686114177565222,5,69.8530822277069
5,Eta5,Genomic baseline,Genomic pathway,Arc-cosine,Without W,Genomic arc-cosine + E,E + GAK + GAKE,Arc-cosine genomic model with environment and GAK × E interaction,GAK + E,KW,CV1,5,CS11_WW,0.5621969479817416,5,69.8530822277069
5,Eta5,Genomic baseline,Genomic pathway,Arc-cosine,Without W,Genomic arc-cosine + E,E + GAK + GAKE,Arc-cosine genomic model with environment and GAK × E interaction,GAK + E,KW,CV1,5,CS12_WS,0.6019920772441456,5,69.8530822277069
5,Eta5,Genomic baseline,Genomic pathway,Arc-cosine,Without W,Genomic arc-cosine + E,E + GAK + GAKE,Arc-cosine genomic model with environment and GAK × E interaction,GAK + E,KW,CV1,5,CS12_WW,0.6196133248325568,5,69.8530822277069
5,Eta5,Genomic baseline,Genomic pathway,Arc-cosine,Without W,Genomic arc-cosine + E,E + GAK + GAKE,Arc-cosine genomic model with environment and GAK × E interaction,GAK + E,KW,CV1,6,CS11_WS,0.4996303639697864,5,58.47685799598694
5,Eta5,Genomic baseline,Genomic pathway,Arc-cosine,Without W,Genomic arc-cosine + E,E + GAK + GAKE,Arc-cosine genomic model with environment and GAK × E interaction,GAK + E,KW,CV1,6,CS11_WW,0.535682549889878,5,58.47685799598694
5,Eta5,Genomic baseline,Genomic pathway,Arc-cosine,Without W,Genomic arc-cosine + E,E + GAK + GAKE,Arc-cosine genomic model with environment and GAK × E interaction,GAK + E,KW,CV1,6,CS12_WS,0.560300339259908,5,58.47685799598694
5,Eta5,Genomic baseline,Genomic pathway,Arc-cosine,Without W,Genomic arc-cosine + E,E + GAK + GAKE,Arc-cosine genomic model with environment and GAK × E interaction,GAK + E,KW,CV1,6,CS12_WW,0.5551122664108652,5,58.47685799598694
5,Eta5,Genomic baseline,Genomic pathway,Arc-cosine,Without W,Genomic arc-cosine + E,E + GAK + GAKE,Arc-cosine genomic model with environment and GAK × E interaction,GAK + E,KW,CV1,7,CS11_WS,0.5191109089505404,5,69.25791735649106
5,Eta5,Genomic baseline,Genomic pathway,Arc-cosine,Without W,Genomic arc-cosine + E,E + GAK + GAKE,Arc-cosine genomic model with environment and GAK × E interaction,GAK + E,KW,CV1,7,CS11_WW,0.4990638120884044,5,69.25791735649106
5,Eta5,Genomic baseline,Genomic pathway,Arc-cosine,Without W,Genomic arc-cosine + E,E + GAK + GAKE,Arc-cosine genomic model with environment and GAK × E interaction,GAK + E,KW,CV1,7,CS12_WS,0.5437099541817731,5,69.25791735649106
5,Eta5,Genomic baseline,Genomic pathway,Arc-cosine,Without W,Genomic arc-cosine + E,E + GAK + GAKE,Arc-cosine genomic model with environment and GAK × E interaction,GAK + E,KW,CV1,7,CS12_WW,0.6008877881656381,5,69.25791735649106
5,Eta5,Genomic baseline,Genomic pathway,Arc-cosine,Without W,Genomic arc-cosine + E,E + GAK + GAKE,Arc-cosine genomic model with environment and GAK × E interaction,GAK + E,KW,CV1,8,CS11_WS,0.562377603792759,5,68.8714544773102
5,Eta5,Genomic baseline,Genomic pathway,Arc-cosine,Without W,Genomic arc-cosine + E,E + GAK + GAKE,Arc-cosine genomic model with environment and GAK × E interaction,GAK + E,KW,CV1,8,CS11_WW,0.5371067056505644,5,68.8714544773102
5,Eta5,Genomic baseline,Genomic pathway,Arc-cosine,Without W,Genomic arc-cosine + E,E + GAK + GAKE,Arc-cosine genomic model with environment and GAK × E interaction,GAK + E,KW,CV1,8,CS12_WS,0.5785334906150364,5,68.8714544773102
5,Eta5,Genomic baseline,Genomic pathway,Arc-cosine,Without W,Genomic arc-cosine + E,E + GAK + GAKE,Arc-cosine genomic model with environment and GAK × E interaction,GAK + E,KW,CV1,8,CS12_WW,0.5867392527333187,5,68.8714544773102
5,Eta5,Genomic baseline,Genomic pathway,Arc-cosine,Without W,Genomic arc-cosine + E,E + GAK + GAKE,Arc-cosine genomic model with environment and GAK × E interaction,GAK + E,KW,CV1,9,CS11_WS,0.5509241287506981,5,67.55386652946474
5,Eta5,Genomic baseline,Genomic pathway,Arc-cosine,Without W,Genomic arc-cosine + E,E + GAK + GAKE,Arc-cosine genomic model with environment and GAK × E interaction,GAK + E,KW,CV1,9,CS11_WW,0.5091673961529402,5,67.55386652946474
5,Eta5,Genomic baseline,Genomic pathway,Arc-cosine,Without W,Genomic arc-cosine + E,E + GAK + GAKE,Arc-cosine genomic model with environment and GAK × E interaction,GAK + E,KW,CV1,9,CS12_WS,0.5774954072858465,5,67.55386652946474
5,Eta5,Genomic baseline,Genomic pathway,Arc-cosine,Without W,Genomic arc-cosine + E,E + GAK + GAKE,Arc-cosine genomic model with environment and GAK × E interaction,GAK + E,KW,CV1,9,CS12_WW,0.6080457929939349,5,67.55386652946474
5,Eta5,Genomic baseline,Genomic pathway,Arc-cosine,Without W,Genomic arc-cosine + E,E + GAK + GAKE,Arc-cosine genomic model with environment and GAK × E interaction,GAK + E,KW,CV1,10,CS11_WS,0.5874236815383208,5,69.2669286251068
5,Eta5,Genomic baseline,Genomic pathway,Arc-cosine,Without W,Genomic arc-cosine + E,E + GAK + GAKE,Arc-cosine genomic model with environment and GAK × E interaction,GAK + E,KW,CV1,10,CS11_WW,0.5412427630501175,5,69.2669286251068
5,Eta5,Genomic baseline,Genomic pathway,Arc-cosine,Without W,Genomic arc-cosine + E,E + GAK + GAKE,Arc-cosine genomic model with environment and GAK × E interaction,GAK + E,KW,CV1,10,CS12_WS,0.5754497580147748,5,69.2669286251068
5,Eta5,Genomic baseline,Genomic pathway,Arc-cosine,Without W,Genomic arc-cosine + E,E + GAK + GAKE,Arc-cosine genomic model with environment and GAK × E interaction,GAK + E,KW,CV1,10,CS12_WW,0.6094899960902798,5,69.2669286251068
5,Eta5,Genomic baseline,Genomic pathway,Arc-cosine,Without W,Genomic arc-cosine + E,E + GAK + GAKE,Arc-cosine genomic model with environment and GAK × E interaction,GAK + E,KW,CV2,1,CS11_WS,0.9811670782860735,5,68.31180362701414
5,Eta5,Genomic baseline,Genomic pathway,Arc-cosine,Without W,Genomic arc-cosine + E,E + GAK + GAKE,Arc-cosine genomic model with environment and GAK × E interaction,GAK + E,KW,CV2,1,CS11_WW,0.9582446697955405,5,68.31180362701414
5,Eta5,Genomic baseline,Genomic pathway,Arc-cosine,Without W,Genomic arc-cosine + E,E + GAK + GAKE,Arc-cosine genomic model with environment and GAK × E interaction,GAK + E,KW,CV2,1,CS12_WS,0.9793191783876468,5,68.31180362701414
5,Eta5,Genomic baseline,Genomic pathway,Arc-cosine,Without W,Genomic arc-cosine + E,E + GAK + GAKE,Arc-cosine genomic model with environment and GAK × E interaction,GAK + E,KW,CV2,1,CS12_WW,0.9780958067421646,5,68.31180362701414
5,Eta5,Genomic baseline,Genomic pathway,Arc-cosine,Without W,Genomic arc-cosine + E,E + GAK + GAKE,Arc-cosine genomic model with environment and GAK × E interaction,GAK + E,KW,CV2,2,CS11_WS,0.9809963222299507,5,69.27562456130983
5,Eta5,Genomic baseline,Genomic pathway,Arc-cosine,Without W,Genomic arc-cosine + E,E + GAK + GAKE,Arc-cosine genomic model with environment and GAK × E interaction,GAK + E,KW,CV2,2,CS11_WW,0.9581145022563721,5,69.27562456130983
5,Eta5,Genomic baseline,Genomic pathway,Arc-cosine,Without W,Genomic arc-cosine + E,E + GAK + GAKE,Arc-cosine genomic model with environment and GAK × E interaction,GAK + E,KW,CV2,2,CS12_WS,0.9790319233545179,5,69.27562456130983
5,Eta5,Genomic baseline,Genomic pathway,Arc-cosine,Without W,Genomic arc-cosine + E,E + GAK + GAKE,Arc-cosine genomic model with environment and GAK × E interaction,GAK + E,KW,CV2,2,CS12_WW,0.9778469390812525,5,69.27562456130983
5,Eta5,Genomic baseline,Genomic pathway,Arc-cosine,Without W,Genomic arc-cosine + E,E + GAK + GAKE,Arc-cosine genomic model with environment and GAK × E interaction,GAK + E,KW,CV2,3,CS11_WS,0.9808797470056378,5,68.71268420219423
5,Eta5,Genomic baseline,Genomic pathway,Arc-cosine,Without W,Genomic arc-cosine + E,E + GAK + GAKE,Arc-cosine genomic model with environment and GAK × E interaction,GAK + E,KW,CV2,3,CS11_WW,0.9577608903883622,5,68.71268420219423
5,Eta5,Genomic baseline,Genomic pathway,Arc-cosine,Without W,Genomic arc-cosine + E,E + GAK + GAKE,Arc-cosine genomic model with environment and GAK × E interaction,GAK + E,KW,CV2,3,CS12_WS,0.9790668833566512,5,68.71268420219423
5,Eta5,Genomic baseline,Genomic pathway,Arc-cosine,Without W,Genomic arc-cosine + E,E + GAK + GAKE,Arc-cosine genomic model with environment and GAK × E interaction,GAK + E,KW,CV2,3,CS12_WW,0.9778526426604529,5,68.71268420219423
5,Eta5,Genomic baseline,Genomic pathway,Arc-cosine,Without W,Genomic arc-cosine + E,E + GAK + GAKE,Arc-cosine genomic model with environment and GAK × E interaction,GAK + E,KW,CV2,4,CS11_WS,0.9809170474554773,5,68.41095261573794
5,Eta5,Genomic baseline,Genomic pathway,Arc-cosine,Without W,Genomic arc-cosine + E,E + GAK + GAKE,Arc-cosine genomic model with environment and GAK × E interaction,GAK + E,KW,CV2,4,CS11_WW,0.9580118598718663,5,68.41095261573794
5,Eta5,Genomic baseline,Genomic pathway,Arc-cosine,Without W,Genomic arc-cosine + E,E + GAK + GAKE,Arc-cosine genomic model with environment and GAK × E interaction,GAK + E,KW,CV2,4,CS12_WS,0.9790827290357393,5,68.41095261573794
5,Eta5,Genomic baseline,Genomic pathway,Arc-cosine,Without W,Genomic arc-cosine + E,E + GAK + GAKE,Arc-cosine genomic model with environment and GAK × E interaction,GAK + E,KW,CV2,4,CS12_WW,0.9780421267031354,5,68.41095261573794
5,Eta5,Genomic baseline,Genomic pathway,Arc-cosine,Without W,Genomic arc-cosine + E,E + GAK + GAKE,Arc-cosine genomic model with environment and GAK × E interaction,GAK + E,KW,CV2,5,CS11_WS,0.9808593467632122,5,69.8530822277069
5,Eta5,Genomic baseline,Genomic pathway,Arc-cosine,Without W,Genomic arc-cosine + E,E + GAK + GAKE,Arc-cosine genomic model with environment and GAK × E interaction,GAK + E,KW,CV2,5,CS11_WW,0.9578088635804894,5,69.8530822277069
5,Eta5,Genomic baseline,Genomic pathway,Arc-cosine,Without W,Genomic arc-cosine + E,E + GAK + GAKE,Arc-cosine genomic model with environment and GAK × E interaction,GAK + E,KW,CV2,5,CS12_WS,0.9788409720228713,5,69.8530822277069
5,Eta5,Genomic baseline,Genomic pathway,Arc-cosine,Without W,Genomic arc-cosine + E,E + GAK + GAKE,Arc-cosine genomic model with environment and GAK × E interaction,GAK + E,KW,CV2,5,CS12_WW,0.9777993637945214,5,69.8530822277069
5,Eta5,Genomic baseline,Genomic pathway,Arc-cosine,Without W,Genomic arc-cosine + E,E + GAK + GAKE,Arc-cosine genomic model with environment and GAK × E interaction,GAK + E,KW,CV2,6,CS11_WS,0.9809269585438185,5,58.47685799598694
5,Eta5,Genomic baseline,Genomic pathway,Arc-cosine,Without W,Genomic arc-cosine + E,E + GAK + GAKE,Arc-cosine genomic model with environment and GAK × E interaction,GAK + E,KW,CV2,6,CS11_WW,0.9579664914073114,5,58.47685799598694
5,Eta5,Genomic baseline,Genomic pathway,Arc-cosine,Without W,Genomic arc-cosine + E,E + GAK + GAKE,Arc-cosine genomic model with environment and GAK × E interaction,GAK + E,KW,CV2,6,CS12_WS,0.9788957211948712,5,58.47685799598694
5,Eta5,Genomic baseline,Genomic pathway,Arc-cosine,Without W,Genomic arc-cosine + E,E + GAK + GAKE,Arc-cosine genomic model with environment and GAK × E interaction,GAK + E,KW,CV2,6,CS12_WW,0.978071781519169,5,58.47685799598694
5,Eta5,Genomic baseline,Genomic pathway,Arc-cosine,Without W,Genomic arc-cosine + E,E + GAK + GAKE,Arc-cosine genomic model with environment and GAK × E interaction,GAK + E,KW,CV2,7,CS11_WS,0.9809489789208621,5,69.25791735649106
5,Eta5,Genomic baseline,Genomic pathway,Arc-cosine,Without W,Genomic arc-cosine + E,E + GAK + GAKE,Arc-cosine genomic model with environment and GAK × E interaction,GAK + E,KW,CV2,7,CS11_WW,0.9580241263345665,5,69.25791735649106
5,Eta5,Genomic baseline,Genomic pathway,Arc-cosine,Without W,Genomic arc-cosine + E,E + GAK + GAKE,Arc-cosine genomic model with environment and GAK × E interaction,GAK + E,KW,CV2,7,CS12_WS,0.979191858043724,5,69.25791735649106
5,Eta5,Genomic baseline,Genomic pathway,Arc-cosine,Without W,Genomic arc-cosine + E,E + GAK + GAKE,Arc-cosine genomic model with environment and GAK × E interaction,GAK + E,KW,CV2,7,CS12_WW,0.9781045770519328,5,69.25791735649106
5,Eta5,Genomic baseline,Genomic pathway,Arc-cosine,Without W,Genomic arc-cosine + E,E + GAK + GAKE,Arc-cosine genomic model with environment and GAK × E interaction,GAK + E,KW,CV2,8,CS11_WS,0.9810750573992244,5,68.8714544773102
5,Eta5,Genomic baseline,Genomic pathway,Arc-cosine,Without W,Genomic arc-cosine + E,E + GAK + GAKE,Arc-cosine genomic model with environment and GAK × E interaction,GAK + E,KW,CV2,8,CS11_WW,0.9578579146440415,5,68.8714544773102
5,Eta5,Genomic baseline,Genomic pathway,Arc-cosine,Without W,Genomic arc-cosine + E,E + GAK + GAKE,Arc-cosine genomic model with environment and GAK × E interaction,GAK + E,KW,CV2,8,CS12_WS,0.9791333054792715,5,68.8714544773102
5,Eta5,Genomic baseline,Genomic pathway,Arc-cosine,Without W,Genomic arc-cosine + E,E + GAK + GAKE,Arc-cosine genomic model with environment and GAK × E interaction,GAK + E,KW,CV2,8,CS12_WW,0.9780448860686926,5,68.8714544773102
5,Eta5,Genomic baseline,Genomic pathway,Arc-cosine,Without W,Genomic arc-cosine + E,E + GAK + GAKE,Arc-cosine genomic model with environment and GAK × E interaction,GAK + E,KW,CV2,9,CS11_WS,0.9807065220105095,5,67.55386652946474
5,Eta5,Genomic baseline,Genomic pathway,Arc-cosine,Without W,Genomic arc-cosine + E,E + GAK + GAKE,Arc-cosine genomic model with environment and GAK × E interaction,GAK + E,KW,CV2,9,CS11_WW,0.9579323793162846,5,67.55386652946474
5,Eta5,Genomic baseline,Genomic pathway,Arc-cosine,Without W,Genomic arc-cosine + E,E + GAK + GAKE,Arc-cosine genomic model with environment and GAK × E interaction,GAK + E,KW,CV2,9,CS12_WS,0.9790655523373786,5,67.55386652946474
5,Eta5,Genomic baseline,Genomic pathway,Arc-cosine,Without W,Genomic arc-cosine + E,E + GAK + GAKE,Arc-cosine genomic model with environment and GAK × E interaction,GAK + E,KW,CV2,9,CS12_WW,0.9778427943945687,5,67.55386652946474
5,Eta5,Genomic baseline,Genomic pathway,Arc-cosine,Without W,Genomic arc-cosine + E,E + GAK + GAKE,Arc-cosine genomic model with environment and GAK × E interaction,GAK + E,KW,CV2,10,CS11_WS,0.9807617849170953,5,69.2669286251068
5,Eta5,Genomic baseline,Genomic pathway,Arc-cosine,Without W,Genomic arc-cosine + E,E + GAK + GAKE,Arc-cosine genomic model with environment and GAK × E interaction,GAK + E,KW,CV2,10,CS11_WW,0.9579104400994705,5,69.2669286251068
5,Eta5,Genomic baseline,Genomic pathway,Arc-cosine,Without W,Genomic arc-cosine + E,E + GAK + GAKE,Arc-cosine genomic model with environment and GAK × E interaction,GAK + E,KW,CV2,10,CS12_WS,0.9790521026553124,5,69.2669286251068
5,Eta5,Genomic baseline,Genomic pathway,Arc-cosine,Without W,Genomic arc-cosine + E,E + GAK + GAKE,Arc-cosine genomic model with environment and GAK × E interaction,GAK + E,KW,CV2,10,CS12_WW,0.9781213028338115,5,69.2669286251068
6,Eta6,Phenomic baseline,Phenomic pathway,Arc-cosine,Without W,Phenomic arc-cosine + E,E + PAK + PAKE,Arc-cosine phenomic model with environment and PAK × E interaction,PAK + E,GY,CV1,1,CS11_WS,0.1911019978802886,5,87.25954775810244
6,Eta6,Phenomic baseline,Phenomic pathway,Arc-cosine,Without W,Phenomic arc-cosine + E,E + PAK + PAKE,Arc-cosine phenomic model with environment and PAK × E interaction,PAK + E,GY,CV1,1,CS11_WW,0.1638843739606321,5,87.25954775810244
6,Eta6,Phenomic baseline,Phenomic pathway,Arc-cosine,Without W,Phenomic arc-cosine + E,E + PAK + PAKE,Arc-cosine phenomic model with environment and PAK × E interaction,PAK + E,GY,CV1,1,CS12_WS,0.12774705128415756,5,87.25954775810244
6,Eta6,Phenomic baseline,Phenomic pathway,Arc-cosine,Without W,Phenomic arc-cosine + E,E + PAK + PAKE,Arc-cosine phenomic model with environment and PAK × E interaction,PAK + E,GY,CV1,1,CS12_WW,0.07342632397128993,5,87.25954775810244
6,Eta6,Phenomic baseline,Phenomic pathway,Arc-cosine,Without W,Phenomic arc-cosine + E,E + PAK + PAKE,Arc-cosine phenomic model with environment and PAK × E interaction,PAK + E,GY,CV1,2,CS11_WS,0.29158308616713324,5,101.86664443016045
6,Eta6,Phenomic baseline,Phenomic pathway,Arc-cosine,Without W,Phenomic arc-cosine + E,E + PAK + PAKE,Arc-cosine phenomic model with environment and PAK × E interaction,PAK + E,GY,CV1,2,CS11_WW,0.26785624066414004,5,101.86664443016045
6,Eta6,Phenomic baseline,Phenomic pathway,Arc-cosine,Without W,Phenomic arc-cosine + E,E + PAK + PAKE,Arc-cosine phenomic model with environment and PAK × E interaction,PAK + E,GY,CV1,2,CS12_WS,0.16659319176717302,5,101.86664443016045
6,Eta6,Phenomic baseline,Phenomic pathway,Arc-cosine,Without W,Phenomic arc-cosine + E,E + PAK + PAKE,Arc-cosine phenomic model with environment and PAK × E interaction,PAK + E,GY,CV1,2,CS12_WW,0.16661118140001924,5,101.86664443016045
6,Eta6,Phenomic baseline,Phenomic pathway,Arc-cosine,Without W,Phenomic arc-cosine + E,E + PAK + PAKE,Arc-cosine phenomic model with environment and PAK × E interaction,PAK + E,GY,CV1,3,CS11_WS,0.186585041453121,5,98.3974748611451
6,Eta6,Phenomic baseline,Phenomic pathway,Arc-cosine,Without W,Phenomic arc-cosine + E,E + PAK + PAKE,Arc-cosine phenomic model with environment and PAK × E interaction,PAK + E,GY,CV1,3,CS11_WW,0.1376307844454508,5,98.3974748611451
6,Eta6,Phenomic baseline,Phenomic pathway,Arc-cosine,Without W,Phenomic arc-cosine + E,E + PAK + PAKE,Arc-cosine phenomic model with environment and PAK × E interaction,PAK + E,GY,CV1,3,CS12_WS,0.15293221345628175,5,98.3974748611451
6,Eta6,Phenomic baseline,Phenomic pathway,Arc-cosine,Without W,Phenomic arc-cosine + E,E + PAK + PAKE,Arc-cosine phenomic model with environment and PAK × E interaction,PAK + E,GY,CV1,3,CS12_WW,0.09083134000933643,5,98.3974748611451
6,Eta6,Phenomic baseline,Phenomic pathway,Arc-cosine,Without W,Phenomic arc-cosine + E,E + PAK + PAKE,Arc-cosine phenomic model with environment and PAK × E interaction,PAK + E,GY,CV1,4,CS11_WS,0.2553968003958528,5,99.44603862762442
6,Eta6,Phenomic baseline,Phenomic pathway,Arc-cosine,Without W,Phenomic arc-cosine + E,E + PAK + PAKE,Arc-cosine phenomic model with environment and PAK × E interaction,PAK + E,GY,CV1,4,CS11_WW,0.2065551945097881,5,99.44603862762442
6,Eta6,Phenomic baseline,Phenomic pathway,Arc-cosine,Without W,Phenomic arc-cosine + E,E + PAK + PAKE,Arc-cosine phenomic model with environment and PAK × E interaction,PAK + E,GY,CV1,4,CS12_WS,0.14986085667284715,5,99.44603862762442
6,Eta6,Phenomic baseline,Phenomic pathway,Arc-cosine,Without W,Phenomic arc-cosine + E,E + PAK + PAKE,Arc-cosine phenomic model with environment and PAK × E interaction,PAK + E,GY,CV1,4,CS12_WW,0.09822125337329615,5,99.44603862762442
6,Eta6,Phenomic baseline,Phenomic pathway,Arc-cosine,Without W,Phenomic arc-cosine + E,E + PAK + PAKE,Arc-cosine phenomic model with environment and PAK × E interaction,PAK + E,GY,CV1,5,CS11_WS,0.2850977782482972,5,98.44487333297727
6,Eta6,Phenomic baseline,Phenomic pathway,Arc-cosine,Without W,Phenomic arc-cosine + E,E + PAK + PAKE,Arc-cosine phenomic model with environment and PAK × E interaction,PAK + E,GY,CV1,5,CS11_WW,0.1788602313079165,5,98.44487333297727
6,Eta6,Phenomic baseline,Phenomic pathway,Arc-cosine,Without W,Phenomic arc-cosine + E,E + PAK + PAKE,Arc-cosine phenomic model with environment and PAK × E interaction,PAK + E,GY,CV1,5,CS12_WS,0.15577127597174628,5,98.44487333297727
6,Eta6,Phenomic baseline,Phenomic pathway,Arc-cosine,Without W,Phenomic arc-cosine + E,E + PAK + PAKE,Arc-cosine phenomic model with environment and PAK × E interaction,PAK + E,GY,CV1,5,CS12_WW,0.11995940274796602,5,98.44487333297727
6,Eta6,Phenomic baseline,Phenomic pathway,Arc-cosine,Without W,Phenomic arc-cosine + E,E + PAK + PAKE,Arc-cosine phenomic model with environment and PAK × E interaction,PAK + E,GY,CV1,6,CS11_WS,0.2539097063052696,5,98.86357479095446
6,Eta6,Phenomic baseline,Phenomic pathway,Arc-cosine,Without W,Phenomic arc-cosine + E,E + PAK + PAKE,Arc-cosine phenomic model with environment and PAK × E interaction,PAK + E,GY,CV1,6,CS11_WW,0.17706080907388289,5,98.86357479095446
6,Eta6,Phenomic baseline,Phenomic pathway,Arc-cosine,Without W,Phenomic arc-cosine + E,E + PAK + PAKE,Arc-cosine phenomic model with environment and PAK × E interaction,PAK + E,GY,CV1,6,CS12_WS,0.14324177284111678,5,98.86357479095446
6,Eta6,Phenomic baseline,Phenomic pathway,Arc-cosine,Without W,Phenomic arc-cosine + E,E + PAK + PAKE,Arc-cosine phenomic model with environment and PAK × E interaction,PAK + E,GY,CV1,6,CS12_WW,0.11029695233775152,5,98.86357479095446
6,Eta6,Phenomic baseline,Phenomic pathway,Arc-cosine,Without W,Phenomic arc-cosine + E,E + PAK + PAKE,Arc-cosine phenomic model with environment and PAK × E interaction,PAK + E,GY,CV1,7,CS11_WS,0.2765026248785656,5,101.38189120292654
6,Eta6,Phenomic baseline,Phenomic pathway,Arc-cosine,Without W,Phenomic arc-cosine + E,E + PAK + PAKE,Arc-cosine phenomic model with environment and PAK × E interaction,PAK + E,GY,CV1,7,CS11_WW,0.257950880132922,5,101.38189120292654
6,Eta6,Phenomic baseline,Phenomic pathway,Arc-cosine,Without W,Phenomic arc-cosine + E,E + PAK + PAKE,Arc-cosine phenomic model with environment and PAK × E interaction,PAK + E,GY,CV1,7,CS12_WS,0.2345440525116474,5,101.38189120292654
6,Eta6,Phenomic baseline,Phenomic pathway,Arc-cosine,Without W,Phenomic arc-cosine + E,E + PAK + PAKE,Arc-cosine phenomic model with environment and PAK × E interaction,PAK + E,GY,CV1,7,CS12_WW,0.13785598065101703,5,101.38189120292654
6,Eta6,Phenomic baseline,Phenomic pathway,Arc-cosine,Without W,Phenomic arc-cosine + E,E + PAK + PAKE,Arc-cosine phenomic model with environment and PAK × E interaction,PAK + E,GY,CV1,8,CS11_WS,0.2506968109225016,5,98.46428198814395
6,Eta6,Phenomic baseline,Phenomic pathway,Arc-cosine,Without W,Phenomic arc-cosine + E,E + PAK + PAKE,Arc-cosine phenomic model with environment and PAK × E interaction,PAK + E,GY,CV1,8,CS11_WW,0.21406234416856,5,98.46428198814395
6,Eta6,Phenomic baseline,Phenomic pathway,Arc-cosine,Without W,Phenomic arc-cosine + E,E + PAK + PAKE,Arc-cosine phenomic model with environment and PAK × E interaction,PAK + E,GY,CV1,8,CS12_WS,0.1618625708232422,5,98.46428198814395
6,Eta6,Phenomic baseline,Phenomic pathway,Arc-cosine,Without W,Phenomic arc-cosine + E,E + PAK + PAKE,Arc-cosine phenomic model with environment and PAK × E interaction,PAK + E,GY,CV1,8,CS12_WW,0.12116589522427709,5,98.46428198814395
6,Eta6,Phenomic baseline,Phenomic pathway,Arc-cosine,Without W,Phenomic arc-cosine + E,E + PAK + PAKE,Arc-cosine phenomic model with environment and PAK × E interaction,PAK + E,GY,CV1,9,CS11_WS,0.23392442773903216,5,99.48715448379532
6,Eta6,Phenomic baseline,Phenomic pathway,Arc-cosine,Without W,Phenomic arc-cosine + E,E + PAK + PAKE,Arc-cosine phenomic model with environment and PAK × E interaction,PAK + E,GY,CV1,9,CS11_WW,0.1639794676587934,5,99.48715448379532
6,Eta6,Phenomic baseline,Phenomic pathway,Arc-cosine,Without W,Phenomic arc-cosine + E,E + PAK + PAKE,Arc-cosine phenomic model with environment and PAK × E interaction,PAK + E,GY,CV1,9,CS12_WS,0.1530113133644802,5,99.48715448379532
6,Eta6,Phenomic baseline,Phenomic pathway,Arc-cosine,Without W,Phenomic arc-cosine + E,E + PAK + PAKE,Arc-cosine phenomic model with environment and PAK × E interaction,PAK + E,GY,CV1,9,CS12_WW,0.13170403406095516,5,99.48715448379532
6,Eta6,Phenomic baseline,Phenomic pathway,Arc-cosine,Without W,Phenomic arc-cosine + E,E + PAK + PAKE,Arc-cosine phenomic model with environment and PAK × E interaction,PAK + E,GY,CV1,10,CS11_WS,0.21405145749746132,5,99.24181175231928
6,Eta6,Phenomic baseline,Phenomic pathway,Arc-cosine,Without W,Phenomic arc-cosine + E,E + PAK + PAKE,Arc-cosine phenomic model with environment and PAK × E interaction,PAK + E,GY,CV1,10,CS11_WW,0.16708098040866037,5,99.24181175231928
6,Eta6,Phenomic baseline,Phenomic pathway,Arc-cosine,Without W,Phenomic arc-cosine + E,E + PAK + PAKE,Arc-cosine phenomic model with environment and PAK × E interaction,PAK + E,GY,CV1,10,CS12_WS,0.132780211664676,5,99.24181175231928
6,Eta6,Phenomic baseline,Phenomic pathway,Arc-cosine,Without W,Phenomic arc-cosine + E,E + PAK + PAKE,Arc-cosine phenomic model with environment and PAK × E interaction,PAK + E,GY,CV1,10,CS12_WW,0.11424136066580223,5,99.24181175231928
6,Eta6,Phenomic baseline,Phenomic pathway,Arc-cosine,Without W,Phenomic arc-cosine + E,E + PAK + PAKE,Arc-cosine phenomic model with environment and PAK × E interaction,PAK + E,GY,CV2,1,CS11_WS,0.711069435312056,5,87.25954775810244
6,Eta6,Phenomic baseline,Phenomic pathway,Arc-cosine,Without W,Phenomic arc-cosine + E,E + PAK + PAKE,Arc-cosine phenomic model with environment and PAK × E interaction,PAK + E,GY,CV2,1,CS11_WW,0.6975509531103443,5,87.25954775810244
6,Eta6,Phenomic baseline,Phenomic pathway,Arc-cosine,Without W,Phenomic arc-cosine + E,E + PAK + PAKE,Arc-cosine phenomic model with environment and PAK × E interaction,PAK + E,GY,CV2,1,CS12_WS,0.7018930709442189,5,87.25954775810244
6,Eta6,Phenomic baseline,Phenomic pathway,Arc-cosine,Without W,Phenomic arc-cosine + E,E + PAK + PAKE,Arc-cosine phenomic model with environment and PAK × E interaction,PAK + E,GY,CV2,1,CS12_WW,0.6917534263856672,5,87.25954775810244
6,Eta6,Phenomic baseline,Phenomic pathway,Arc-cosine,Without W,Phenomic arc-cosine + E,E + PAK + PAKE,Arc-cosine phenomic model with environment and PAK × E interaction,PAK + E,GY,CV2,2,CS11_WS,0.687926747939343,5,101.86664443016045
6,Eta6,Phenomic baseline,Phenomic pathway,Arc-cosine,Without W,Phenomic arc-cosine + E,E + PAK + PAKE,Arc-cosine phenomic model with environment and PAK × E interaction,PAK + E,GY,CV2,2,CS11_WW,0.6720229752964176,5,101.86664443016045
6,Eta6,Phenomic baseline,Phenomic pathway,Arc-cosine,Without W,Phenomic arc-cosine + E,E + PAK + PAKE,Arc-cosine phenomic model with environment and PAK × E interaction,PAK + E,GY,CV2,2,CS12_WS,0.6743272688813449,5,101.86664443016045
6,Eta6,Phenomic baseline,Phenomic pathway,Arc-cosine,Without W,Phenomic arc-cosine + E,E + PAK + PAKE,Arc-cosine phenomic model with environment and PAK × E interaction,PAK + E,GY,CV2,2,CS12_WW,0.6593242999969542,5,101.86664443016045
6,Eta6,Phenomic baseline,Phenomic pathway,Arc-cosine,Without W,Phenomic arc-cosine + E,E + PAK + PAKE,Arc-cosine phenomic model with environment and PAK × E interaction,PAK + E,GY,CV2,3,CS11_WS,0.7053753249331276,5,98.3974748611451
6,Eta6,Phenomic baseline,Phenomic pathway,Arc-cosine,Without W,Phenomic arc-cosine + E,E + PAK + PAKE,Arc-cosine phenomic model with environment and PAK × E interaction,PAK + E,GY,CV2,3,CS11_WW,0.6905655503979364,5,98.3974748611451
6,Eta6,Phenomic baseline,Phenomic pathway,Arc-cosine,Without W,Phenomic arc-cosine + E,E + PAK + PAKE,Arc-cosine phenomic model with environment and PAK × E interaction,PAK + E,GY,CV2,3,CS12_WS,0.682818313116831,5,98.3974748611451
6,Eta6,Phenomic baseline,Phenomic pathway,Arc-cosine,Without W,Phenomic arc-cosine + E,E + PAK + PAKE,Arc-cosine phenomic model with environment and PAK × E interaction,PAK + E,GY,CV2,3,CS12_WW,0.6727870821383494,5,98.3974748611451
6,Eta6,Phenomic baseline,Phenomic pathway,Arc-cosine,Without W,Phenomic arc-cosine + E,E + PAK + PAKE,Arc-cosine phenomic model with environment and PAK × E interaction,PAK + E,GY,CV2,4,CS11_WS,0.706571651094443,5,99.44603862762442
6,Eta6,Phenomic baseline,Phenomic pathway,Arc-cosine,Without W,Phenomic arc-cosine + E,E + PAK + PAKE,Arc-cosine phenomic model with environment and PAK × E interaction,PAK + E,GY,CV2,4,CS11_WW,0.692330348209523,5,99.44603862762442
6,Eta6,Phenomic baseline,Phenomic pathway,Arc-cosine,Without W,Phenomic arc-cosine + E,E + PAK + PAKE,Arc-cosine phenomic model with environment and PAK × E interaction,PAK + E,GY,CV2,4,CS12_WS,0.6950313952842894,5,99.44603862762442
6,Eta6,Phenomic baseline,Phenomic pathway,Arc-cosine,Without W,Phenomic arc-cosine + E,E + PAK + PAKE,Arc-cosine phenomic model with environment and PAK × E interaction,PAK + E,GY,CV2,4,CS12_WW,0.6821400073888249,5,99.44603862762442
6,Eta6,Phenomic baseline,Phenomic pathway,Arc-cosine,Without W,Phenomic arc-cosine + E,E + PAK + PAKE,Arc-cosine phenomic model with environment and PAK × E interaction,PAK + E,GY,CV2,5,CS11_WS,0.7130968750109823,5,98.44487333297727
6,Eta6,Phenomic baseline,Phenomic pathway,Arc-cosine,Without W,Phenomic arc-cosine + E,E + PAK + PAKE,Arc-cosine phenomic model with environment and PAK × E interaction,PAK + E,GY,CV2,5,CS11_WW,0.7001543475997511,5,98.44487333297727
6,Eta6,Phenomic baseline,Phenomic pathway,Arc-cosine,Without W,Phenomic arc-cosine + E,E + PAK + PAKE,Arc-cosine phenomic model with environment and PAK × E interaction,PAK + E,GY,CV2,5,CS12_WS,0.7025865843414432,5,98.44487333297727
6,Eta6,Phenomic baseline,Phenomic pathway,Arc-cosine,Without W,Phenomic arc-cosine + E,E + PAK + PAKE,Arc-cosine phenomic model with environment and PAK × E interaction,PAK + E,GY,CV2,5,CS12_WW,0.6890601875258224,5,98.44487333297727
6,Eta6,Phenomic baseline,Phenomic pathway,Arc-cosine,Without W,Phenomic arc-cosine + E,E + PAK + PAKE,Arc-cosine phenomic model with environment and PAK × E interaction,PAK + E,GY,CV2,6,CS11_WS,0.7129265688819141,5,98.86357479095446
6,Eta6,Phenomic baseline,Phenomic pathway,Arc-cosine,Without W,Phenomic arc-cosine + E,E + PAK + PAKE,Arc-cosine phenomic model with environment and PAK × E interaction,PAK + E,GY,CV2,6,CS11_WW,0.6984783577560626,5,98.86357479095446
6,Eta6,Phenomic baseline,Phenomic pathway,Arc-cosine,Without W,Phenomic arc-cosine + E,E + PAK + PAKE,Arc-cosine phenomic model with environment and PAK × E interaction,PAK + E,GY,CV2,6,CS12_WS,0.6995822866176533,5,98.86357479095446
6,Eta6,Phenomic baseline,Phenomic pathway,Arc-cosine,Without W,Phenomic arc-cosine + E,E + PAK + PAKE,Arc-cosine phenomic model with environment and PAK × E interaction,PAK + E,GY,CV2,6,CS12_WW,0.6932671054594985,5,98.86357479095446
6,Eta6,Phenomic baseline,Phenomic pathway,Arc-cosine,Without W,Phenomic arc-cosine + E,E + PAK + PAKE,Arc-cosine phenomic model with environment and PAK × E interaction,PAK + E,GY,CV2,7,CS11_WS,0.7164338457998591,5,101.38189120292654
6,Eta6,Phenomic baseline,Phenomic pathway,Arc-cosine,Without W,Phenomic arc-cosine + E,E + PAK + PAKE,Arc-cosine phenomic model with environment and PAK × E interaction,PAK + E,GY,CV2,7,CS11_WW,0.7015608685050918,5,101.38189120292654
6,Eta6,Phenomic baseline,Phenomic pathway,Arc-cosine,Without W,Phenomic arc-cosine + E,E + PAK + PAKE,Arc-cosine phenomic model with environment and PAK × E interaction,PAK + E,GY,CV2,7,CS12_WS,0.700932283525262,5,101.38189120292654
6,Eta6,Phenomic baseline,Phenomic pathway,Arc-cosine,Without W,Phenomic arc-cosine + E,E + PAK + PAKE,Arc-cosine phenomic model with environment and PAK × E interaction,PAK + E,GY,CV2,7,CS12_WW,0.6950712829795183,5,101.38189120292654
6,Eta6,Phenomic baseline,Phenomic pathway,Arc-cosine,Without W,Phenomic arc-cosine + E,E + PAK + PAKE,Arc-cosine phenomic model with environment and PAK × E interaction,PAK + E,GY,CV2,8,CS11_WS,0.7064546300098052,5,98.46428198814395
6,Eta6,Phenomic baseline,Phenomic pathway,Arc-cosine,Without W,Phenomic arc-cosine + E,E + PAK + PAKE,Arc-cosine phenomic model with environment and PAK × E interaction,PAK + E,GY,CV2,8,CS11_WW,0.6881732061397015,5,98.46428198814395
6,Eta6,Phenomic baseline,Phenomic pathway,Arc-cosine,Without W,Phenomic arc-cosine + E,E + PAK + PAKE,Arc-cosine phenomic model with environment and PAK × E interaction,PAK + E,GY,CV2,8,CS12_WS,0.6987862119631825,5,98.46428198814395
6,Eta6,Phenomic baseline,Phenomic pathway,Arc-cosine,Without W,Phenomic arc-cosine + E,E + PAK + PAKE,Arc-cosine phenomic model with environment and PAK × E interaction,PAK + E,GY,CV2,8,CS12_WW,0.6857322845066844,5,98.46428198814395
6,Eta6,Phenomic baseline,Phenomic pathway,Arc-cosine,Without W,Phenomic arc-cosine + E,E + PAK + PAKE,Arc-cosine phenomic model with environment and PAK × E interaction,PAK + E,GY,CV2,9,CS11_WS,0.7056760880761382,5,99.48715448379532
6,Eta6,Phenomic baseline,Phenomic pathway,Arc-cosine,Without W,Phenomic arc-cosine + E,E + PAK + PAKE,Arc-cosine phenomic model with environment and PAK × E interaction,PAK + E,GY,CV2,9,CS11_WW,0.697179759914673,5,99.48715448379532
6,Eta6,Phenomic baseline,Phenomic pathway,Arc-cosine,Without W,Phenomic arc-cosine + E,E + PAK + PAKE,Arc-cosine phenomic model with environment and PAK × E interaction,PAK + E,GY,CV2,9,CS12_WS,0.6986246832234497,5,99.48715448379532
6,Eta6,Phenomic baseline,Phenomic pathway,Arc-cosine,Without W,Phenomic arc-cosine + E,E + PAK + PAKE,Arc-cosine phenomic model with environment and PAK × E interaction,PAK + E,GY,CV2,9,CS12_WW,0.6833669979617955,5,99.48715448379532
6,Eta6,Phenomic baseline,Phenomic pathway,Arc-cosine,Without W,Phenomic arc-cosine + E,E + PAK + PAKE,Arc-cosine phenomic model with environment and PAK × E interaction,PAK + E,GY,CV2,10,CS11_WS,0.7162527626768028,5,99.24181175231928
6,Eta6,Phenomic baseline,Phenomic pathway,Arc-cosine,Without W,Phenomic arc-cosine + E,E + PAK + PAKE,Arc-cosine phenomic model with environment and PAK × E interaction,PAK + E,GY,CV2,10,CS11_WW,0.7031068143111886,5,99.24181175231928
6,Eta6,Phenomic baseline,Phenomic pathway,Arc-cosine,Without W,Phenomic arc-cosine + E,E + PAK + PAKE,Arc-cosine phenomic model with environment and PAK × E interaction,PAK + E,GY,CV2,10,CS12_WS,0.696483281830808,5,99.24181175231928
6,Eta6,Phenomic baseline,Phenomic pathway,Arc-cosine,Without W,Phenomic arc-cosine + E,E + PAK + PAKE,Arc-cosine phenomic model with environment and PAK × E interaction,PAK + E,GY,CV2,10,CS12_WW,0.6915438586768756,5,99.24181175231928
6,Eta6,Phenomic baseline,Phenomic pathway,Arc-cosine,Without W,Phenomic arc-cosine + E,E + PAK + PAKE,Arc-cosine phenomic model with environment and PAK × E interaction,PAK + E,KW,CV1,1,CS11_WS,0.2712097598850488,5,97.55301222801208
6,Eta6,Phenomic baseline,Phenomic pathway,Arc-cosine,Without W,Phenomic arc-cosine + E,E + PAK + PAKE,Arc-cosine phenomic model with environment and PAK × E interaction,PAK + E,KW,CV1,1,CS11_WW,0.22558869544255716,5,97.55301222801208
6,Eta6,Phenomic baseline,Phenomic pathway,Arc-cosine,Without W,Phenomic arc-cosine + E,E + PAK + PAKE,Arc-cosine phenomic model with environment and PAK × E interaction,PAK + E,KW,CV1,1,CS12_WS,0.23078004737421062,5,97.55301222801208
6,Eta6,Phenomic baseline,Phenomic pathway,Arc-cosine,Without W,Phenomic arc-cosine + E,E + PAK + PAKE,Arc-cosine phenomic model with environment and PAK × E interaction,PAK + E,KW,CV1,1,CS12_WW,0.2007368802921373,5,97.55301222801208
6,Eta6,Phenomic baseline,Phenomic pathway,Arc-cosine,Without W,Phenomic arc-cosine + E,E + PAK + PAKE,Arc-cosine phenomic model with environment and PAK × E interaction,PAK + E,KW,CV1,2,CS11_WS,0.2624829486285861,5,98.2952038764954
6,Eta6,Phenomic baseline,Phenomic pathway,Arc-cosine,Without W,Phenomic arc-cosine + E,E + PAK + PAKE,Arc-cosine phenomic model with environment and PAK × E interaction,PAK + E,KW,CV1,2,CS11_WW,0.18565134347991658,5,98.2952038764954
6,Eta6,Phenomic baseline,Phenomic pathway,Arc-cosine,Without W,Phenomic arc-cosine + E,E + PAK + PAKE,Arc-cosine phenomic model with environment and PAK × E interaction,PAK + E,KW,CV1,2,CS12_WS,0.2743574636790476,5,98.2952038764954
6,Eta6,Phenomic baseline,Phenomic pathway,Arc-cosine,Without W,Phenomic arc-cosine + E,E + PAK + PAKE,Arc-cosine phenomic model with environment and PAK × E interaction,PAK + E,KW,CV1,2,CS12_WW,0.27726133726461677,5,98.2952038764954
6,Eta6,Phenomic baseline,Phenomic pathway,Arc-cosine,Without W,Phenomic arc-cosine + E,E + PAK + PAKE,Arc-cosine phenomic model with environment and PAK × E interaction,PAK + E,KW,CV1,3,CS11_WS,0.36083313038455345,5,99.43563160896288
6,Eta6,Phenomic baseline,Phenomic pathway,Arc-cosine,Without W,Phenomic arc-cosine + E,E + PAK + PAKE,Arc-cosine phenomic model with environment and PAK × E interaction,PAK + E,KW,CV1,3,CS11_WW,0.2619752640795741,5,99.43563160896288
6,Eta6,Phenomic baseline,Phenomic pathway,Arc-cosine,Without W,Phenomic arc-cosine + E,E + PAK + PAKE,Arc-cosine phenomic model with environment and PAK × E interaction,PAK + E,KW,CV1,3,CS12_WS,0.3024626095875584,5,99.43563160896288
6,Eta6,Phenomic baseline,Phenomic pathway,Arc-cosine,Without W,Phenomic arc-cosine + E,E + PAK + PAKE,Arc-cosine phenomic model with environment and PAK × E interaction,PAK + E,KW,CV1,3,CS12_WW,0.2861021978321468,5,99.43563160896288
6,Eta6,Phenomic baseline,Phenomic pathway,Arc-cosine,Without W,Phenomic arc-cosine + E,E + PAK + PAKE,Arc-cosine phenomic model with environment and PAK × E interaction,PAK + E,KW,CV1,4,CS11_WS,0.2505562857289933,5,97.92966380119333
6,Eta6,Phenomic baseline,Phenomic pathway,Arc-cosine,Without W,Phenomic arc-cosine + E,E + PAK + PAKE,Arc-cosine phenomic model with environment and PAK × E interaction,PAK + E,KW,CV1,4,CS11_WW,0.22111180767724292,5,97.92966380119333
6,Eta6,Phenomic baseline,Phenomic pathway,Arc-cosine,Without W,Phenomic arc-cosine + E,E + PAK + PAKE,Arc-cosine phenomic model with environment and PAK × E interaction,PAK + E,KW,CV1,4,CS12_WS,0.22787053784188024,5,97.92966380119333
6,Eta6,Phenomic baseline,Phenomic pathway,Arc-cosine,Without W,Phenomic arc-cosine + E,E + PAK + PAKE,Arc-cosine phenomic model with environment and PAK × E interaction,PAK + E,KW,CV1,4,CS12_WW,0.257681126652302,5,97.92966380119333
6,Eta6,Phenomic baseline,Phenomic pathway,Arc-cosine,Without W,Phenomic arc-cosine + E,E + PAK + PAKE,Arc-cosine phenomic model with environment and PAK × E interaction,PAK + E,KW,CV1,5,CS11_WS,0.3331954677352094,5,101.10855154991148
6,Eta6,Phenomic baseline,Phenomic pathway,Arc-cosine,Without W,Phenomic arc-cosine + E,E + PAK + PAKE,Arc-cosine phenomic model with environment and PAK × E interaction,PAK + E,KW,CV1,5,CS11_WW,0.234230340364138,5,101.10855154991148
6,Eta6,Phenomic baseline,Phenomic pathway,Arc-cosine,Without W,Phenomic arc-cosine + E,E + PAK + PAKE,Arc-cosine phenomic model with environment and PAK × E interaction,PAK + E,KW,CV1,5,CS12_WS,0.22255015243826387,5,101.10855154991148
6,Eta6,Phenomic baseline,Phenomic pathway,Arc-cosine,Without W,Phenomic arc-cosine + E,E + PAK + PAKE,Arc-cosine phenomic model with environment and PAK × E interaction,PAK + E,KW,CV1,5,CS12_WW,0.21996019172347125,5,101.10855154991148
6,Eta6,Phenomic baseline,Phenomic pathway,Arc-cosine,Without W,Phenomic arc-cosine + E,E + PAK + PAKE,Arc-cosine phenomic model with environment and PAK × E interaction,PAK + E,KW,CV1,6,CS11_WS,0.30139590661640414,5,99.67038207054124
6,Eta6,Phenomic baseline,Phenomic pathway,Arc-cosine,Without W,Phenomic arc-cosine + E,E + PAK + PAKE,Arc-cosine phenomic model with environment and PAK × E interaction,PAK + E,KW,CV1,6,CS11_WW,0.23431016775493788,5,99.67038207054124
6,Eta6,Phenomic baseline,Phenomic pathway,Arc-cosine,Without W,Phenomic arc-cosine + E,E + PAK + PAKE,Arc-cosine phenomic model with environment and PAK × E interaction,PAK + E,KW,CV1,6,CS12_WS,0.2480280683277452,5,99.67038207054124
6,Eta6,Phenomic baseline,Phenomic pathway,Arc-cosine,Without W,Phenomic arc-cosine + E,E + PAK + PAKE,Arc-cosine phenomic model with environment and PAK × E interaction,PAK + E,KW,CV1,6,CS12_WW,0.26549563097940543,5,99.67038207054124
6,Eta6,Phenomic baseline,Phenomic pathway,Arc-cosine,Without W,Phenomic arc-cosine + E,E + PAK + PAKE,Arc-cosine phenomic model with environment and PAK × E interaction,PAK + E,KW,CV1,7,CS11_WS,0.374957030186184,5,99.81878805160522
6,Eta6,Phenomic baseline,Phenomic pathway,Arc-cosine,Without W,Phenomic arc-cosine + E,E + PAK + PAKE,Arc-cosine phenomic model with environment and PAK × E interaction,PAK + E,KW,CV1,7,CS11_WW,0.2814594250728645,5,99.81878805160522
6,Eta6,Phenomic baseline,Phenomic pathway,Arc-cosine,Without W,Phenomic arc-cosine + E,E + PAK + PAKE,Arc-cosine phenomic model with environment and PAK × E interaction,PAK + E,KW,CV1,7,CS12_WS,0.286896718328068,5,99.81878805160522
6,Eta6,Phenomic baseline,Phenomic pathway,Arc-cosine,Without W,Phenomic arc-cosine + E,E + PAK + PAKE,Arc-cosine phenomic model with environment and PAK × E interaction,PAK + E,KW,CV1,7,CS12_WW,0.2565325221912031,5,99.81878805160522
6,Eta6,Phenomic baseline,Phenomic pathway,Arc-cosine,Without W,Phenomic arc-cosine + E,E + PAK + PAKE,Arc-cosine phenomic model with environment and PAK × E interaction,PAK + E,KW,CV1,8,CS11_WS,0.34829349959233624,5,100.66465039253247
6,Eta6,Phenomic baseline,Phenomic pathway,Arc-cosine,Without W,Phenomic arc-cosine + E,E + PAK + PAKE,Arc-cosine phenomic model with environment and PAK × E interaction,PAK + E,KW,CV1,8,CS11_WW,0.2667932558339084,5,100.66465039253247
6,Eta6,Phenomic baseline,Phenomic pathway,Arc-cosine,Without W,Phenomic arc-cosine + E,E + PAK + PAKE,Arc-cosine phenomic model with environment and PAK × E interaction,PAK + E,KW,CV1,8,CS12_WS,0.2891738282664448,5,100.66465039253247
6,Eta6,Phenomic baseline,Phenomic pathway,Arc-cosine,Without W,Phenomic arc-cosine + E,E + PAK + PAKE,Arc-cosine phenomic model with environment and PAK × E interaction,PAK + E,KW,CV1,8,CS12_WW,0.22103968363796594,5,100.66465039253247
6,Eta6,Phenomic baseline,Phenomic pathway,Arc-cosine,Without W,Phenomic arc-cosine + E,E + PAK + PAKE,Arc-cosine phenomic model with environment and PAK × E interaction,PAK + E,KW,CV1,9,CS11_WS,0.3293575139276858,5,98.5439466953278
6,Eta6,Phenomic baseline,Phenomic pathway,Arc-cosine,Without W,Phenomic arc-cosine + E,E + PAK + PAKE,Arc-cosine phenomic model with environment and PAK × E interaction,PAK + E,KW,CV1,9,CS11_WW,0.2751104601618727,5,98.5439466953278
6,Eta6,Phenomic baseline,Phenomic pathway,Arc-cosine,Without W,Phenomic arc-cosine + E,E + PAK + PAKE,Arc-cosine phenomic model with environment and PAK × E interaction,PAK + E,KW,CV1,9,CS12_WS,0.272307075993587,5,98.5439466953278
6,Eta6,Phenomic baseline,Phenomic pathway,Arc-cosine,Without W,Phenomic arc-cosine + E,E + PAK + PAKE,Arc-cosine phenomic model with environment and PAK × E interaction,PAK + E,KW,CV1,9,CS12_WW,0.2923239459074276,5,98.5439466953278
6,Eta6,Phenomic baseline,Phenomic pathway,Arc-cosine,Without W,Phenomic arc-cosine + E,E + PAK + PAKE,Arc-cosine phenomic model with environment and PAK × E interaction,PAK + E,KW,CV1,10,CS11_WS,0.35580357271177065,5,95.87546396255487
6,Eta6,Phenomic baseline,Phenomic pathway,Arc-cosine,Without W,Phenomic arc-cosine + E,E + PAK + PAKE,Arc-cosine phenomic model with environment and PAK × E interaction,PAK + E,KW,CV1,10,CS11_WW,0.2824543544012809,5,95.87546396255487
6,Eta6,Phenomic baseline,Phenomic pathway,Arc-cosine,Without W,Phenomic arc-cosine + E,E + PAK + PAKE,Arc-cosine phenomic model with environment and PAK × E interaction,PAK + E,KW,CV1,10,CS12_WS,0.2490179575390102,5,95.87546396255487
6,Eta6,Phenomic baseline,Phenomic pathway,Arc-cosine,Without W,Phenomic arc-cosine + E,E + PAK + PAKE,Arc-cosine phenomic model with environment and PAK × E interaction,PAK + E,KW,CV1,10,CS12_WW,0.3122532519747836,5,95.87546396255487
6,Eta6,Phenomic baseline,Phenomic pathway,Arc-cosine,Without W,Phenomic arc-cosine + E,E + PAK + PAKE,Arc-cosine phenomic model with environment and PAK × E interaction,PAK + E,KW,CV2,1,CS11_WS,0.8037568039094174,5,97.55301222801208
6,Eta6,Phenomic baseline,Phenomic pathway,Arc-cosine,Without W,Phenomic arc-cosine + E,E + PAK + PAKE,Arc-cosine phenomic model with environment and PAK × E interaction,PAK + E,KW,CV2,1,CS11_WW,0.7678382201568258,5,97.55301222801208
6,Eta6,Phenomic baseline,Phenomic pathway,Arc-cosine,Without W,Phenomic arc-cosine + E,E + PAK + PAKE,Arc-cosine phenomic model with environment and PAK × E interaction,PAK + E,KW,CV2,1,CS12_WS,0.7623821822691996,5,97.55301222801208
6,Eta6,Phenomic baseline,Phenomic pathway,Arc-cosine,Without W,Phenomic arc-cosine + E,E + PAK + PAKE,Arc-cosine phenomic model with environment and PAK × E interaction,PAK + E,KW,CV2,1,CS12_WW,0.7544723250748049,5,97.55301222801208
6,Eta6,Phenomic baseline,Phenomic pathway,Arc-cosine,Without W,Phenomic arc-cosine + E,E + PAK + PAKE,Arc-cosine phenomic model with environment and PAK × E interaction,PAK + E,KW,CV2,2,CS11_WS,0.79601478637711,5,98.2952038764954
6,Eta6,Phenomic baseline,Phenomic pathway,Arc-cosine,Without W,Phenomic arc-cosine + E,E + PAK + PAKE,Arc-cosine phenomic model with environment and PAK × E interaction,PAK + E,KW,CV2,2,CS11_WW,0.763197276240491,5,98.2952038764954
6,Eta6,Phenomic baseline,Phenomic pathway,Arc-cosine,Without W,Phenomic arc-cosine + E,E + PAK + PAKE,Arc-cosine phenomic model with environment and PAK × E interaction,PAK + E,KW,CV2,2,CS12_WS,0.7599561927075854,5,98.2952038764954
6,Eta6,Phenomic baseline,Phenomic pathway,Arc-cosine,Without W,Phenomic arc-cosine + E,E + PAK + PAKE,Arc-cosine phenomic model with environment and PAK × E interaction,PAK + E,KW,CV2,2,CS12_WW,0.7476764362727936,5,98.2952038764954
6,Eta6,Phenomic baseline,Phenomic pathway,Arc-cosine,Without W,Phenomic arc-cosine + E,E + PAK + PAKE,Arc-cosine phenomic model with environment and PAK × E interaction,PAK + E,KW,CV2,3,CS11_WS,0.8060371464635043,5,99.43563160896288
6,Eta6,Phenomic baseline,Phenomic pathway,Arc-cosine,Without W,Phenomic arc-cosine + E,E + PAK + PAKE,Arc-cosine phenomic model with environment and PAK × E interaction,PAK + E,KW,CV2,3,CS11_WW,0.7693196721993869,5,99.43563160896288
6,Eta6,Phenomic baseline,Phenomic pathway,Arc-cosine,Without W,Phenomic arc-cosine + E,E + PAK + PAKE,Arc-cosine phenomic model with environment and PAK × E interaction,PAK + E,KW,CV2,3,CS12_WS,0.765069500287435,5,99.43563160896288
6,Eta6,Phenomic baseline,Phenomic pathway,Arc-cosine,Without W,Phenomic arc-cosine + E,E + PAK + PAKE,Arc-cosine phenomic model with environment and PAK × E interaction,PAK + E,KW,CV2,3,CS12_WW,0.7564020651453466,5,99.43563160896288
6,Eta6,Phenomic baseline,Phenomic pathway,Arc-cosine,Without W,Phenomic arc-cosine + E,E + PAK + PAKE,Arc-cosine phenomic model with environment and PAK × E interaction,PAK + E,KW,CV2,4,CS11_WS,0.8053068973669983,5,97.92966380119333
6,Eta6,Phenomic baseline,Phenomic pathway,Arc-cosine,Without W,Phenomic arc-cosine + E,E + PAK + PAKE,Arc-cosine phenomic model with environment and PAK × E interaction,PAK + E,KW,CV2,4,CS11_WW,0.7705073175417158,5,97.92966380119333
6,Eta6,Phenomic baseline,Phenomic pathway,Arc-cosine,Without W,Phenomic arc-cosine + E,E + PAK + PAKE,Arc-cosine phenomic model with environment and PAK × E interaction,PAK + E,KW,CV2,4,CS12_WS,0.7688943748778052,5,97.92966380119333
6,Eta6,Phenomic baseline,Phenomic pathway,Arc-cosine,Without W,Phenomic arc-cosine + E,E + PAK + PAKE,Arc-cosine phenomic model with environment and PAK × E interaction,PAK + E,KW,CV2,4,CS12_WW,0.7549548828666269,5,97.92966380119333
6,Eta6,Phenomic baseline,Phenomic pathway,Arc-cosine,Without W,Phenomic arc-cosine + E,E + PAK + PAKE,Arc-cosine phenomic model with environment and PAK × E interaction,PAK + E,KW,CV2,5,CS11_WS,0.8050126616872554,5,101.10855154991148
6,Eta6,Phenomic baseline,Phenomic pathway,Arc-cosine,Without W,Phenomic arc-cosine + E,E + PAK + PAKE,Arc-cosine phenomic model with environment and PAK × E interaction,PAK + E,KW,CV2,5,CS11_WW,0.7704604309457616,5,101.10855154991148
6,Eta6,Phenomic baseline,Phenomic pathway,Arc-cosine,Without W,Phenomic arc-cosine + E,E + PAK + PAKE,Arc-cosine phenomic model with environment and PAK × E interaction,PAK + E,KW,CV2,5,CS12_WS,0.7685724538871661,5,101.10855154991148
6,Eta6,Phenomic baseline,Phenomic pathway,Arc-cosine,Without W,Phenomic arc-cosine + E,E + PAK + PAKE,Arc-cosine phenomic model with environment and PAK × E interaction,PAK + E,KW,CV2,5,CS12_WW,0.759212236018332,5,101.10855154991148
6,Eta6,Phenomic baseline,Phenomic pathway,Arc-cosine,Without W,Phenomic arc-cosine + E,E + PAK + PAKE,Arc-cosine phenomic model with environment and PAK × E interaction,PAK + E,KW,CV2,6,CS11_WS,0.801996098439543,5,99.67038207054124
6,Eta6,Phenomic baseline,Phenomic pathway,Arc-cosine,Without W,Phenomic arc-cosine + E,E + PAK + PAKE,Arc-cosine phenomic model with environment and PAK × E interaction,PAK + E,KW,CV2,6,CS11_WW,0.7675138124334234,5,99.67038207054124
6,Eta6,Phenomic baseline,Phenomic pathway,Arc-cosine,Without W,Phenomic arc-cosine + E,E + PAK + PAKE,Arc-cosine phenomic model with environment and PAK × E interaction,PAK + E,KW,CV2,6,CS12_WS,0.7666852710305064,5,99.67038207054124
6,Eta6,Phenomic baseline,Phenomic pathway,Arc-cosine,Without W,Phenomic arc-cosine + E,E + PAK + PAKE,Arc-cosine phenomic model with environment and PAK × E interaction,PAK + E,KW,CV2,6,CS12_WW,0.7546059991599032,5,99.67038207054124
6,Eta6,Phenomic baseline,Phenomic pathway,Arc-cosine,Without W,Phenomic arc-cosine + E,E + PAK + PAKE,Arc-cosine phenomic model with environment and PAK × E interaction,PAK + E,KW,CV2,7,CS11_WS,0.8021444616701064,5,99.81878805160522
6,Eta6,Phenomic baseline,Phenomic pathway,Arc-cosine,Without W,Phenomic arc-cosine + E,E + PAK + PAKE,Arc-cosine phenomic model with environment and PAK × E interaction,PAK + E,KW,CV2,7,CS11_WW,0.764371500269534,5,99.81878805160522
6,Eta6,Phenomic baseline,Phenomic pathway,Arc-cosine,Without W,Phenomic arc-cosine + E,E + PAK + PAKE,Arc-cosine phenomic model with environment and PAK × E interaction,PAK + E,KW,CV2,7,CS12_WS,0.7620949409748414,5,99.81878805160522
6,Eta6,Phenomic baseline,Phenomic pathway,Arc-cosine,Without W,Phenomic arc-cosine + E,E + PAK + PAKE,Arc-cosine phenomic model with environment and PAK × E interaction,PAK + E,KW,CV2,7,CS12_WW,0.749825922610474,5,99.81878805160522
6,Eta6,Phenomic baseline,Phenomic pathway,Arc-cosine,Without W,Phenomic arc-cosine + E,E + PAK + PAKE,Arc-cosine phenomic model with environment and PAK × E interaction,PAK + E,KW,CV2,8,CS11_WS,0.804889306400062,5,100.66465039253247
6,Eta6,Phenomic baseline,Phenomic pathway,Arc-cosine,Without W,Phenomic arc-cosine + E,E + PAK + PAKE,Arc-cosine phenomic model with environment and PAK × E interaction,PAK + E,KW,CV2,8,CS11_WW,0.7716807425264857,5,100.66465039253247
6,Eta6,Phenomic baseline,Phenomic pathway,Arc-cosine,Without W,Phenomic arc-cosine + E,E + PAK + PAKE,Arc-cosine phenomic model with environment and PAK × E interaction,PAK + E,KW,CV2,8,CS12_WS,0.7679612830254519,5,100.66465039253247
6,Eta6,Phenomic baseline,Phenomic pathway,Arc-cosine,Without W,Phenomic arc-cosine + E,E + PAK + PAKE,Arc-cosine phenomic model with environment and PAK × E interaction,PAK + E,KW,CV2,8,CS12_WW,0.7555989607241792,5,100.66465039253247
6,Eta6,Phenomic baseline,Phenomic pathway,Arc-cosine,Without W,Phenomic arc-cosine + E,E + PAK + PAKE,Arc-cosine phenomic model with environment and PAK × E interaction,PAK + E,KW,CV2,9,CS11_WS,0.8008863776251165,5,98.5439466953278
6,Eta6,Phenomic baseline,Phenomic pathway,Arc-cosine,Without W,Phenomic arc-cosine + E,E + PAK + PAKE,Arc-cosine phenomic model with environment and PAK × E interaction,PAK + E,KW,CV2,9,CS11_WW,0.765308798443597,5,98.5439466953278
6,Eta6,Phenomic baseline,Phenomic pathway,Arc-cosine,Without W,Phenomic arc-cosine + E,E + PAK + PAKE,Arc-cosine phenomic model with environment and PAK × E interaction,PAK + E,KW,CV2,9,CS12_WS,0.762108640704754,5,98.5439466953278
6,Eta6,Phenomic baseline,Phenomic pathway,Arc-cosine,Without W,Phenomic arc-cosine + E,E + PAK + PAKE,Arc-cosine phenomic model with environment and PAK × E interaction,PAK + E,KW,CV2,9,CS12_WW,0.7524695283390199,5,98.5439466953278
6,Eta6,Phenomic baseline,Phenomic pathway,Arc-cosine,Without W,Phenomic arc-cosine + E,E + PAK + PAKE,Arc-cosine phenomic model with environment and PAK × E interaction,PAK + E,KW,CV2,10,CS11_WS,0.8029512476515613,5,95.87546396255487
6,Eta6,Phenomic baseline,Phenomic pathway,Arc-cosine,Without W,Phenomic arc-cosine + E,E + PAK + PAKE,Arc-cosine phenomic model with environment and PAK × E interaction,PAK + E,KW,CV2,10,CS11_WW,0.7658727670651864,5,95.87546396255487
6,Eta6,Phenomic baseline,Phenomic pathway,Arc-cosine,Without W,Phenomic arc-cosine + E,E + PAK + PAKE,Arc-cosine phenomic model with environment and PAK × E interaction,PAK + E,KW,CV2,10,CS12_WS,0.7655664833812126,5,95.87546396255487
6,Eta6,Phenomic baseline,Phenomic pathway,Arc-cosine,Without W,Phenomic arc-cosine + E,E + PAK + PAKE,Arc-cosine phenomic model with environment and PAK × E interaction,PAK + E,KW,CV2,10,CS12_WW,0.7505093041285111,5,95.87546396255487
7,Eta7,Combined baseline,Combined G + P pathway,Linear,Without W,Combined linear + E,E + G + P + GE + PE,"Linear combined genomic + phenomic model with environment, GE, and PE",G+P + E,GY,CV1,1,CS11_WS,0.6935441569831532,5,192.3598602294922
7,Eta7,Combined baseline,Combined G + P pathway,Linear,Without W,Combined linear + E,E + G + P + GE + PE,"Linear combined genomic + phenomic model with environment, GE, and PE",G+P + E,GY,CV1,1,CS11_WW,0.7555387310278382,5,192.3598602294922
7,Eta7,Combined baseline,Combined G + P pathway,Linear,Without W,Combined linear + E,E + G + P + GE + PE,"Linear combined genomic + phenomic model with environment, GE, and PE",G+P + E,GY,CV1,1,CS12_WS,0.7171262663814192,5,192.3598602294922
7,Eta7,Combined baseline,Combined G + P pathway,Linear,Without W,Combined linear + E,E + G + P + GE + PE,"Linear combined genomic + phenomic model with environment, GE, and PE",G+P + E,GY,CV1,1,CS12_WW,0.6966287938203131,5,192.3598602294922
7,Eta7,Combined baseline,Combined G + P pathway,Linear,Without W,Combined linear + E,E + G + P + GE + PE,"Linear combined genomic + phenomic model with environment, GE, and PE",G+P + E,GY,CV1,2,CS11_WS,0.7057849453547537,5,161.4716304302216
7,Eta7,Combined baseline,Combined G + P pathway,Linear,Without W,Combined linear + E,E + G + P + GE + PE,"Linear combined genomic + phenomic model with environment, GE, and PE",G+P + E,GY,CV1,2,CS11_WW,0.747221294506017,5,161.4716304302216
7,Eta7,Combined baseline,Combined G + P pathway,Linear,Without W,Combined linear + E,E + G + P + GE + PE,"Linear combined genomic + phenomic model with environment, GE, and PE",G+P + E,GY,CV1,2,CS12_WS,0.7210708000699608,5,161.4716304302216
7,Eta7,Combined baseline,Combined G + P pathway,Linear,Without W,Combined linear + E,E + G + P + GE + PE,"Linear combined genomic + phenomic model with environment, GE, and PE",G+P + E,GY,CV1,2,CS12_WW,0.7020889097063014,5,161.4716304302216
7,Eta7,Combined baseline,Combined G + P pathway,Linear,Without W,Combined linear + E,E + G + P + GE + PE,"Linear combined genomic + phenomic model with environment, GE, and PE",G+P + E,GY,CV1,3,CS11_WS,0.692045579221246,5,185.6757946491242
7,Eta7,Combined baseline,Combined G + P pathway,Linear,Without W,Combined linear + E,E + G + P + GE + PE,"Linear combined genomic + phenomic model with environment, GE, and PE",G+P + E,GY,CV1,3,CS11_WW,0.750664075873492,5,185.6757946491242
7,Eta7,Combined baseline,Combined G + P pathway,Linear,Without W,Combined linear + E,E + G + P + GE + PE,"Linear combined genomic + phenomic model with environment, GE, and PE",G+P + E,GY,CV1,3,CS12_WS,0.7266730501762018,5,185.6757946491242
7,Eta7,Combined baseline,Combined G + P pathway,Linear,Without W,Combined linear + E,E + G + P + GE + PE,"Linear combined genomic + phenomic model with environment, GE, and PE",G+P + E,GY,CV1,3,CS12_WW,0.7008025795243811,5,185.6757946491242
7,Eta7,Combined baseline,Combined G + P pathway,Linear,Without W,Combined linear + E,E + G + P + GE + PE,"Linear combined genomic + phenomic model with environment, GE, and PE",G+P + E,GY,CV1,4,CS11_WS,0.6927662372383198,5,161.297399520874
7,Eta7,Combined baseline,Combined G + P pathway,Linear,Without W,Combined linear + E,E + G + P + GE + PE,"Linear combined genomic + phenomic model with environment, GE, and PE",G+P + E,GY,CV1,4,CS11_WW,0.7387865782841667,5,161.297399520874
7,Eta7,Combined baseline,Combined G + P pathway,Linear,Without W,Combined linear + E,E + G + P + GE + PE,"Linear combined genomic + phenomic model with environment, GE, and PE",G+P + E,GY,CV1,4,CS12_WS,0.707941526284898,5,161.297399520874
7,Eta7,Combined baseline,Combined G + P pathway,Linear,Without W,Combined linear + E,E + G + P + GE + PE,"Linear combined genomic + phenomic model with environment, GE, and PE",G+P + E,GY,CV1,4,CS12_WW,0.707534558498097,5,161.297399520874
7,Eta7,Combined baseline,Combined G + P pathway,Linear,Without W,Combined linear + E,E + G + P + GE + PE,"Linear combined genomic + phenomic model with environment, GE, and PE",G+P + E,GY,CV1,5,CS11_WS,0.6536293181973062,5,188.3913561820984
7,Eta7,Combined baseline,Combined G + P pathway,Linear,Without W,Combined linear + E,E + G + P + GE + PE,"Linear combined genomic + phenomic model with environment, GE, and PE",G+P + E,GY,CV1,5,CS11_WW,0.7275006568048318,5,188.3913561820984
7,Eta7,Combined baseline,Combined G + P pathway,Linear,Without W,Combined linear + E,E + G + P + GE + PE,"Linear combined genomic + phenomic model with environment, GE, and PE",G+P + E,GY,CV1,5,CS12_WS,0.6864856694470466,5,188.3913561820984
7,Eta7,Combined baseline,Combined G + P pathway,Linear,Without W,Combined linear + E,E + G + P + GE + PE,"Linear combined genomic + phenomic model with environment, GE, and PE",G+P + E,GY,CV1,5,CS12_WW,0.682969427133592,5,188.3913561820984
7,Eta7,Combined baseline,Combined G + P pathway,Linear,Without W,Combined linear + E,E + G + P + GE + PE,"Linear combined genomic + phenomic model with environment, GE, and PE",G+P + E,GY,CV1,6,CS11_WS,0.7067995565957842,5,160.3368229389192
7,Eta7,Combined baseline,Combined G + P pathway,Linear,Without W,Combined linear + E,E + G + P + GE + PE,"Linear combined genomic + phenomic model with environment, GE, and PE",G+P + E,GY,CV1,6,CS11_WW,0.7480214077269229,5,160.3368229389192
7,Eta7,Combined baseline,Combined G + P pathway,Linear,Without W,Combined linear + E,E + G + P + GE + PE,"Linear combined genomic + phenomic model with environment, GE, and PE",G+P + E,GY,CV1,6,CS12_WS,0.7279415011417811,5,160.3368229389192
7,Eta7,Combined baseline,Combined G + P pathway,Linear,Without W,Combined linear + E,E + G + P + GE + PE,"Linear combined genomic + phenomic model with environment, GE, and PE",G+P + E,GY,CV1,6,CS12_WW,0.7090242239323524,5,160.3368229389192
7,Eta7,Combined baseline,Combined G + P pathway,Linear,Without W,Combined linear + E,E + G + P + GE + PE,"Linear combined genomic + phenomic model with environment, GE, and PE",G+P + E,GY,CV1,7,CS11_WS,0.6888854065959544,5,161.1361504077912
7,Eta7,Combined baseline,Combined G + P pathway,Linear,Without W,Combined linear + E,E + G + P + GE + PE,"Linear combined genomic + phenomic model with environment, GE, and PE",G+P + E,GY,CV1,7,CS11_WW,0.74942530336269,5,161.1361504077912
7,Eta7,Combined baseline,Combined G + P pathway,Linear,Without W,Combined linear + E,E + G + P + GE + PE,"Linear combined genomic + phenomic model with environment, GE, and PE",G+P + E,GY,CV1,7,CS12_WS,0.714724695668869,5,161.1361504077912
7,Eta7,Combined baseline,Combined G + P pathway,Linear,Without W,Combined linear + E,E + G + P + GE + PE,"Linear combined genomic + phenomic model with environment, GE, and PE",G+P + E,GY,CV1,7,CS12_WW,0.7009487658559632,5,161.1361504077912
7,Eta7,Combined baseline,Combined G + P pathway,Linear,Without W,Combined linear + E,E + G + P + GE + PE,"Linear combined genomic + phenomic model with environment, GE, and PE",G+P + E,GY,CV1,8,CS11_WS,0.7222910204155868,5,161.6313529968262
7,Eta7,Combined baseline,Combined G + P pathway,Linear,Without W,Combined linear + E,E + G + P + GE + PE,"Linear combined genomic + phenomic model with environment, GE, and PE",G+P + E,GY,CV1,8,CS11_WW,0.7528592069007602,5,161.6313529968262
7,Eta7,Combined baseline,Combined G + P pathway,Linear,Without W,Combined linear + E,E + G + P + GE + PE,"Linear combined genomic + phenomic model with environment, GE, and PE",G+P + E,GY,CV1,8,CS12_WS,0.7242727278376065,5,161.6313529968262
7,Eta7,Combined baseline,Combined G + P pathway,Linear,Without W,Combined linear + E,E + G + P + GE + PE,"Linear combined genomic + phenomic model with environment, GE, and PE",G+P + E,GY,CV1,8,CS12_WW,0.7112124556858096,5,161.6313529968262
7,Eta7,Combined baseline,Combined G + P pathway,Linear,Without W,Combined linear + E,E + G + P + GE + PE,"Linear combined genomic + phenomic model with environment, GE, and PE",G+P + E,GY,CV1,9,CS11_WS,0.6330295096669374,5,162.5712168216706
7,Eta7,Combined baseline,Combined G + P pathway,Linear,Without W,Combined linear + E,E + G + P + GE + PE,"Linear combined genomic + phenomic model with environment, GE, and PE",G+P + E,GY,CV1,9,CS11_WW,0.7141575714894997,5,162.5712168216706
7,Eta7,Combined baseline,Combined G + P pathway,Linear,Without W,Combined linear + E,E + G + P + GE + PE,"Linear combined genomic + phenomic model with environment, GE, and PE",G+P + E,GY,CV1,9,CS12_WS,0.7150487696784046,5,162.5712168216706
7,Eta7,Combined baseline,Combined G + P pathway,Linear,Without W,Combined linear + E,E + G + P + GE + PE,"Linear combined genomic + phenomic model with environment, GE, and PE",G+P + E,GY,CV1,9,CS12_WW,0.6961874440060393,5,162.5712168216706
7,Eta7,Combined baseline,Combined G + P pathway,Linear,Without W,Combined linear + E,E + G + P + GE + PE,"Linear combined genomic + phenomic model with environment, GE, and PE",G+P + E,GY,CV1,10,CS11_WS,0.7141348296441807,5,160.3790037155152
7,Eta7,Combined baseline,Combined G + P pathway,Linear,Without W,Combined linear + E,E + G + P + GE + PE,"Linear combined genomic + phenomic model with environment, GE, and PE",G+P + E,GY,CV1,10,CS11_WW,0.7374847785231066,5,160.3790037155152
7,Eta7,Combined baseline,Combined G + P pathway,Linear,Without W,Combined linear + E,E + G + P + GE + PE,"Linear combined genomic + phenomic model with environment, GE, and PE",G+P + E,GY,CV1,10,CS12_WS,0.7314916222469169,5,160.3790037155152
7,Eta7,Combined baseline,Combined G + P pathway,Linear,Without W,Combined linear + E,E + G + P + GE + PE,"Linear combined genomic + phenomic model with environment, GE, and PE",G+P + E,GY,CV1,10,CS12_WW,0.6979592103591423,5,160.3790037155152
7,Eta7,Combined baseline,Combined G + P pathway,Linear,Without W,Combined linear + E,E + G + P + GE + PE,"Linear combined genomic + phenomic model with environment, GE, and PE",G+P + E,GY,CV2,1,CS11_WS,0.976362937074823,5,192.3598602294922
7,Eta7,Combined baseline,Combined G + P pathway,Linear,Without W,Combined linear + E,E + G + P + GE + PE,"Linear combined genomic + phenomic model with environment, GE, and PE",G+P + E,GY,CV2,1,CS11_WW,0.977105393832878,5,192.3598602294922
7,Eta7,Combined baseline,Combined G + P pathway,Linear,Without W,Combined linear + E,E + G + P + GE + PE,"Linear combined genomic + phenomic model with environment, GE, and PE",G+P + E,GY,CV2,1,CS12_WS,0.9857405183469599,5,192.3598602294922
7,Eta7,Combined baseline,Combined G + P pathway,Linear,Without W,Combined linear + E,E + G + P + GE + PE,"Linear combined genomic + phenomic model with environment, GE, and PE",G+P + E,GY,CV2,1,CS12_WW,0.9818603772898771,5,192.3598602294922
7,Eta7,Combined baseline,Combined G + P pathway,Linear,Without W,Combined linear + E,E + G + P + GE + PE,"Linear combined genomic + phenomic model with environment, GE, and PE",G+P + E,GY,CV2,2,CS11_WS,0.9764516225520298,5,161.4716304302216
7,Eta7,Combined baseline,Combined G + P pathway,Linear,Without W,Combined linear + E,E + G + P + GE + PE,"Linear combined genomic + phenomic model with environment, GE, and PE",G+P + E,GY,CV2,2,CS11_WW,0.9770589971064598,5,161.4716304302216
7,Eta7,Combined baseline,Combined G + P pathway,Linear,Without W,Combined linear + E,E + G + P + GE + PE,"Linear combined genomic + phenomic model with environment, GE, and PE",G+P + E,GY,CV2,2,CS12_WS,0.9850418463524686,5,161.4716304302216
7,Eta7,Combined baseline,Combined G + P pathway,Linear,Without W,Combined linear + E,E + G + P + GE + PE,"Linear combined genomic + phenomic model with environment, GE, and PE",G+P + E,GY,CV2,2,CS12_WW,0.9817596715682914,5,161.4716304302216
7,Eta7,Combined baseline,Combined G + P pathway,Linear,Without W,Combined linear + E,E + G + P + GE + PE,"Linear combined genomic + phenomic model with environment, GE, and PE",G+P + E,GY,CV2,3,CS11_WS,0.9766963929974775,5,185.6757946491242
7,Eta7,Combined baseline,Combined G + P pathway,Linear,Without W,Combined linear + E,E + G + P + GE + PE,"Linear combined genomic + phenomic model with environment, GE, and PE",G+P + E,GY,CV2,3,CS11_WW,0.9770690205587087,5,185.6757946491242
7,Eta7,Combined baseline,Combined G + P pathway,Linear,Without W,Combined linear + E,E + G + P + GE + PE,"Linear combined genomic + phenomic model with environment, GE, and PE",G+P + E,GY,CV2,3,CS12_WS,0.9857335591924332,5,185.6757946491242
7,Eta7,Combined baseline,Combined G + P pathway,Linear,Without W,Combined linear + E,E + G + P + GE + PE,"Linear combined genomic + phenomic model with environment, GE, and PE",G+P + E,GY,CV2,3,CS12_WW,0.9819517268712046,5,185.6757946491242
7,Eta7,Combined baseline,Combined G + P pathway,Linear,Without W,Combined linear + E,E + G + P + GE + PE,"Linear combined genomic + phenomic model with environment, GE, and PE",G+P + E,GY,CV2,4,CS11_WS,0.9764824149285218,5,161.297399520874
7,Eta7,Combined baseline,Combined G + P pathway,Linear,Without W,Combined linear + E,E + G + P + GE + PE,"Linear combined genomic + phenomic model with environment, GE, and PE",G+P + E,GY,CV2,4,CS11_WW,0.9770836846576472,5,161.297399520874
7,Eta7,Combined baseline,Combined G + P pathway,Linear,Without W,Combined linear + E,E + G + P + GE + PE,"Linear combined genomic + phenomic model with environment, GE, and PE",G+P + E,GY,CV2,4,CS12_WS,0.9855777957694233,5,161.297399520874
7,Eta7,Combined baseline,Combined G + P pathway,Linear,Without W,Combined linear + E,E + G + P + GE + PE,"Linear combined genomic + phenomic model with environment, GE, and PE",G+P + E,GY,CV2,4,CS12_WW,0.9818076942889956,5,161.297399520874
7,Eta7,Combined baseline,Combined G + P pathway,Linear,Without W,Combined linear + E,E + G + P + GE + PE,"Linear combined genomic + phenomic model with environment, GE, and PE",G+P + E,GY,CV2,5,CS11_WS,0.9766308628614977,5,188.3913561820984
7,Eta7,Combined baseline,Combined G + P pathway,Linear,Without W,Combined linear + E,E + G + P + GE + PE,"Linear combined genomic + phenomic model with environment, GE, and PE",G+P + E,GY,CV2,5,CS11_WW,0.9769964817411211,5,188.3913561820984
7,Eta7,Combined baseline,Combined G + P pathway,Linear,Without W,Combined linear + E,E + G + P + GE + PE,"Linear combined genomic + phenomic model with environment, GE, and PE",G+P + E,GY,CV2,5,CS12_WS,0.9857327414847401,5,188.3913561820984
7,Eta7,Combined baseline,Combined G + P pathway,Linear,Without W,Combined linear + E,E + G + P + GE + PE,"Linear combined genomic + phenomic model with environment, GE, and PE",G+P + E,GY,CV2,5,CS12_WW,0.9814693740989029,5,188.3913561820984
7,Eta7,Combined baseline,Combined G + P pathway,Linear,Without W,Combined linear + E,E + G + P + GE + PE,"Linear combined genomic + phenomic model with environment, GE, and PE",G+P + E,GY,CV2,6,CS11_WS,0.9764880423025233,5,160.3368229389192
7,Eta7,Combined baseline,Combined G + P pathway,Linear,Without W,Combined linear + E,E + G + P + GE + PE,"Linear combined genomic + phenomic model with environment, GE, and PE",G+P + E,GY,CV2,6,CS11_WW,0.9774273727142063,5,160.3368229389192
7,Eta7,Combined baseline,Combined G + P pathway,Linear,Without W,Combined linear + E,E + G + P + GE + PE,"Linear combined genomic + phenomic model with environment, GE, and PE",G+P + E,GY,CV2,6,CS12_WS,0.9854460226078512,5,160.3368229389192
7,Eta7,Combined baseline,Combined G + P pathway,Linear,Without W,Combined linear + E,E + G + P + GE + PE,"Linear combined genomic + phenomic model with environment, GE, and PE",G+P + E,GY,CV2,6,CS12_WW,0.9814393308229039,5,160.3368229389192
7,Eta7,Combined baseline,Combined G + P pathway,Linear,Without W,Combined linear + E,E + G + P + GE + PE,"Linear combined genomic + phenomic model with environment, GE, and PE",G+P + E,GY,CV2,7,CS11_WS,0.9761095520661108,5,161.1361504077912
7,Eta7,Combined baseline,Combined G + P pathway,Linear,Without W,Combined linear + E,E + G + P + GE + PE,"Linear combined genomic + phenomic model with environment, GE, and PE",G+P + E,GY,CV2,7,CS11_WW,0.9771531907033655,5,161.1361504077912
7,Eta7,Combined baseline,Combined G + P pathway,Linear,Without W,Combined linear + E,E + G + P + GE + PE,"Linear combined genomic + phenomic model with environment, GE, and PE",G+P + E,GY,CV2,7,CS12_WS,0.985399512482147,5,161.1361504077912
7,Eta7,Combined baseline,Combined G + P pathway,Linear,Without W,Combined linear + E,E + G + P + GE + PE,"Linear combined genomic + phenomic model with environment, GE, and PE",G+P + E,GY,CV2,7,CS12_WW,0.9816030135564034,5,161.1361504077912
7,Eta7,Combined baseline,Combined G + P pathway,Linear,Without W,Combined linear + E,E + G + P + GE + PE,"Linear combined genomic + phenomic model with environment, GE, and PE",G+P + E,GY,CV2,8,CS11_WS,0.9770426304053584,5,161.6313529968262
7,Eta7,Combined baseline,Combined G + P pathway,Linear,Without W,Combined linear + E,E + G + P + GE + PE,"Linear combined genomic + phenomic model with environment, GE, and PE",G+P + E,GY,CV2,8,CS11_WW,0.9779371159345656,5,161.6313529968262
7,Eta7,Combined baseline,Combined G + P pathway,Linear,Without W,Combined linear + E,E + G + P + GE + PE,"Linear combined genomic + phenomic model with environment, GE, and PE",G+P + E,GY,CV2,8,CS12_WS,0.9859900687112448,5,161.6313529968262
7,Eta7,Combined baseline,Combined G + P pathway,Linear,Without W,Combined linear + E,E + G + P + GE + PE,"Linear combined genomic + phenomic model with environment, GE, and PE",G+P + E,GY,CV2,8,CS12_WW,0.981887492755771,5,161.6313529968262
7,Eta7,Combined baseline,Combined G + P pathway,Linear,Without W,Combined linear + E,E + G + P + GE + PE,"Linear combined genomic + phenomic model with environment, GE, and PE",G+P + E,GY,CV2,9,CS11_WS,0.9762646633176892,5,162.5712168216706
7,Eta7,Combined baseline,Combined G + P pathway,Linear,Without W,Combined linear + E,E + G + P + GE + PE,"Linear combined genomic + phenomic model with environment, GE, and PE",G+P + E,GY,CV2,9,CS11_WW,0.9772744067063142,5,162.5712168216706
7,Eta7,Combined baseline,Combined G + P pathway,Linear,Without W,Combined linear + E,E + G + P + GE + PE,"Linear combined genomic + phenomic model with environment, GE, and PE",G+P + E,GY,CV2,9,CS12_WS,0.9856947940523163,5,162.5712168216706
7,Eta7,Combined baseline,Combined G + P pathway,Linear,Without W,Combined linear + E,E + G + P + GE + PE,"Linear combined genomic + phenomic model with environment, GE, and PE",G+P + E,GY,CV2,9,CS12_WW,0.9819648389299029,5,162.5712168216706
7,Eta7,Combined baseline,Combined G + P pathway,Linear,Without W,Combined linear + E,E + G + P + GE + PE,"Linear combined genomic + phenomic model with environment, GE, and PE",G+P + E,GY,CV2,10,CS11_WS,0.9762037271865245,5,160.3790037155152
7,Eta7,Combined baseline,Combined G + P pathway,Linear,Without W,Combined linear + E,E + G + P + GE + PE,"Linear combined genomic + phenomic model with environment, GE, and PE",G+P + E,GY,CV2,10,CS11_WW,0.9768237657364942,5,160.3790037155152
7,Eta7,Combined baseline,Combined G + P pathway,Linear,Without W,Combined linear + E,E + G + P + GE + PE,"Linear combined genomic + phenomic model with environment, GE, and PE",G+P + E,GY,CV2,10,CS12_WS,0.9852478063757323,5,160.3790037155152
7,Eta7,Combined baseline,Combined G + P pathway,Linear,Without W,Combined linear + E,E + G + P + GE + PE,"Linear combined genomic + phenomic model with environment, GE, and PE",G+P + E,GY,CV2,10,CS12_WW,0.9813387262138613,5,160.3790037155152
7,Eta7,Combined baseline,Combined G + P pathway,Linear,Without W,Combined linear + E,E + G + P + GE + PE,"Linear combined genomic + phenomic model with environment, GE, and PE",G+P + E,KW,CV1,1,CS11_WS,0.7109683914505588,5,161.4249258041382
7,Eta7,Combined baseline,Combined G + P pathway,Linear,Without W,Combined linear + E,E + G + P + GE + PE,"Linear combined genomic + phenomic model with environment, GE, and PE",G+P + E,KW,CV1,1,CS11_WW,0.752960276411645,5,161.4249258041382
7,Eta7,Combined baseline,Combined G + P pathway,Linear,Without W,Combined linear + E,E + G + P + GE + PE,"Linear combined genomic + phenomic model with environment, GE, and PE",G+P + E,KW,CV1,1,CS12_WS,0.7503222757860815,5,161.4249258041382
7,Eta7,Combined baseline,Combined G + P pathway,Linear,Without W,Combined linear + E,E + G + P + GE + PE,"Linear combined genomic + phenomic model with environment, GE, and PE",G+P + E,KW,CV1,1,CS12_WW,0.6979248591861794,5,161.4249258041382
7,Eta7,Combined baseline,Combined G + P pathway,Linear,Without W,Combined linear + E,E + G + P + GE + PE,"Linear combined genomic + phenomic model with environment, GE, and PE",G+P + E,KW,CV1,2,CS11_WS,0.7295317839125424,5,161.52406373024
7,Eta7,Combined baseline,Combined G + P pathway,Linear,Without W,Combined linear + E,E + G + P + GE + PE,"Linear combined genomic + phenomic model with environment, GE, and PE",G+P + E,KW,CV1,2,CS11_WW,0.7562174032657938,5,161.52406373024
7,Eta7,Combined baseline,Combined G + P pathway,Linear,Without W,Combined linear + E,E + G + P + GE + PE,"Linear combined genomic + phenomic model with environment, GE, and PE",G+P + E,KW,CV1,2,CS12_WS,0.7627385147680328,5,161.52406373024
7,Eta7,Combined baseline,Combined G + P pathway,Linear,Without W,Combined linear + E,E + G + P + GE + PE,"Linear combined genomic + phenomic model with environment, GE, and PE",G+P + E,KW,CV1,2,CS12_WW,0.7140417509181592,5,161.52406373024
7,Eta7,Combined baseline,Combined G + P pathway,Linear,Without W,Combined linear + E,E + G + P + GE + PE,"Linear combined genomic + phenomic model with environment, GE, and PE",G+P + E,KW,CV1,3,CS11_WS,0.7495403314024972,5,160.1028321266178
7,Eta7,Combined baseline,Combined G + P pathway,Linear,Without W,Combined linear + E,E + G + P + GE + PE,"Linear combined genomic + phenomic model with environment, GE, and PE",G+P + E,KW,CV1,3,CS11_WW,0.7696615620432035,5,160.1028321266178
7,Eta7,Combined baseline,Combined G + P pathway,Linear,Without W,Combined linear + E,E + G + P + GE + PE,"Linear combined genomic + phenomic model with environment, GE, and PE",G+P + E,KW,CV1,3,CS12_WS,0.7749667187243657,5,160.1028321266178
7,Eta7,Combined baseline,Combined G + P pathway,Linear,Without W,Combined linear + E,E + G + P + GE + PE,"Linear combined genomic + phenomic model with environment, GE, and PE",G+P + E,KW,CV1,3,CS12_WW,0.7205083335339636,5,160.1028321266178
7,Eta7,Combined baseline,Combined G + P pathway,Linear,Without W,Combined linear + E,E + G + P + GE + PE,"Linear combined genomic + phenomic model with environment, GE, and PE",G+P + E,KW,CV1,4,CS11_WS,0.717736355757781,5,158.9081721782684
7,Eta7,Combined baseline,Combined G + P pathway,Linear,Without W,Combined linear + E,E + G + P + GE + PE,"Linear combined genomic + phenomic model with environment, GE, and PE",G+P + E,KW,CV1,4,CS11_WW,0.7503157740491553,5,158.9081721782684
7,Eta7,Combined baseline,Combined G + P pathway,Linear,Without W,Combined linear + E,E + G + P + GE + PE,"Linear combined genomic + phenomic model with environment, GE, and PE",G+P + E,KW,CV1,4,CS12_WS,0.7543413979198796,5,158.9081721782684
7,Eta7,Combined baseline,Combined G + P pathway,Linear,Without W,Combined linear + E,E + G + P + GE + PE,"Linear combined genomic + phenomic model with environment, GE, and PE",G+P + E,KW,CV1,4,CS12_WW,0.6820262325463946,5,158.9081721782684
7,Eta7,Combined baseline,Combined G + P pathway,Linear,Without W,Combined linear + E,E + G + P + GE + PE,"Linear combined genomic + phenomic model with environment, GE, and PE",G+P + E,KW,CV1,5,CS11_WS,0.7316545527046451,5,160.9413905620576
7,Eta7,Combined baseline,Combined G + P pathway,Linear,Without W,Combined linear + E,E + G + P + GE + PE,"Linear combined genomic + phenomic model with environment, GE, and PE",G+P + E,KW,CV1,5,CS11_WW,0.7567412944651992,5,160.9413905620576
7,Eta7,Combined baseline,Combined G + P pathway,Linear,Without W,Combined linear + E,E + G + P + GE + PE,"Linear combined genomic + phenomic model with environment, GE, and PE",G+P + E,KW,CV1,5,CS12_WS,0.7667198649958168,5,160.9413905620576
7,Eta7,Combined baseline,Combined G + P pathway,Linear,Without W,Combined linear + E,E + G + P + GE + PE,"Linear combined genomic + phenomic model with environment, GE, and PE",G+P + E,KW,CV1,5,CS12_WW,0.7200741740131547,5,160.9413905620576
7,Eta7,Combined baseline,Combined G + P pathway,Linear,Without W,Combined linear + E,E + G + P + GE + PE,"Linear combined genomic + phenomic model with environment, GE, and PE",G+P + E,KW,CV1,6,CS11_WS,0.7086293678311458,5,162.2536853790282
7,Eta7,Combined baseline,Combined G + P pathway,Linear,Without W,Combined linear + E,E + G + P + GE + PE,"Linear combined genomic + phenomic model with environment, GE, and PE",G+P + E,KW,CV1,6,CS11_WW,0.7380545977345464,5,162.2536853790282
7,Eta7,Combined baseline,Combined G + P pathway,Linear,Without W,Combined linear + E,E + G + P + GE + PE,"Linear combined genomic + phenomic model with environment, GE, and PE",G+P + E,KW,CV1,6,CS12_WS,0.7309468217808825,5,162.2536853790282
7,Eta7,Combined baseline,Combined G + P pathway,Linear,Without W,Combined linear + E,E + G + P + GE + PE,"Linear combined genomic + phenomic model with environment, GE, and PE",G+P + E,KW,CV1,6,CS12_WW,0.6769812681668073,5,162.2536853790282
7,Eta7,Combined baseline,Combined G + P pathway,Linear,Without W,Combined linear + E,E + G + P + GE + PE,"Linear combined genomic + phenomic model with environment, GE, and PE",G+P + E,KW,CV1,7,CS11_WS,0.719123026631773,5,159.38209137916581
7,Eta7,Combined baseline,Combined G + P pathway,Linear,Without W,Combined linear + E,E + G + P + GE + PE,"Linear combined genomic + phenomic model with environment, GE, and PE",G+P + E,KW,CV1,7,CS11_WW,0.7303848685579166,5,159.38209137916581
7,Eta7,Combined baseline,Combined G + P pathway,Linear,Without W,Combined linear + E,E + G + P + GE + PE,"Linear combined genomic + phenomic model with environment, GE, and PE",G+P + E,KW,CV1,7,CS12_WS,0.7530714775457128,5,159.38209137916581
7,Eta7,Combined baseline,Combined G + P pathway,Linear,Without W,Combined linear + E,E + G + P + GE + PE,"Linear combined genomic + phenomic model with environment, GE, and PE",G+P + E,KW,CV1,7,CS12_WW,0.70242827986237,5,159.38209137916581
7,Eta7,Combined baseline,Combined G + P pathway,Linear,Without W,Combined linear + E,E + G + P + GE + PE,"Linear combined genomic + phenomic model with environment, GE, and PE",G+P + E,KW,CV1,8,CS11_WS,0.7281946987610312,5,160.0819621562958
7,Eta7,Combined baseline,Combined G + P pathway,Linear,Without W,Combined linear + E,E + G + P + GE + PE,"Linear combined genomic + phenomic model with environment, GE, and PE",G+P + E,KW,CV1,8,CS11_WW,0.7315312882865546,5,160.0819621562958
7,Eta7,Combined baseline,Combined G + P pathway,Linear,Without W,Combined linear + E,E + G + P + GE + PE,"Linear combined genomic + phenomic model with environment, GE, and PE",G+P + E,KW,CV1,8,CS12_WS,0.7381887015318005,5,160.0819621562958
7,Eta7,Combined baseline,Combined G + P pathway,Linear,Without W,Combined linear + E,E + G + P + GE + PE,"Linear combined genomic + phenomic model with environment, GE, and PE",G+P + E,KW,CV1,8,CS12_WW,0.6890168792404902,5,160.0819621562958
7,Eta7,Combined baseline,Combined G + P pathway,Linear,Without W,Combined linear + E,E + G + P + GE + PE,"Linear combined genomic + phenomic model with environment, GE, and PE",G+P + E,KW,CV1,9,CS11_WS,0.7086869836202144,5,158.8542235851288
7,Eta7,Combined baseline,Combined G + P pathway,Linear,Without W,Combined linear + E,E + G + P + GE + PE,"Linear combined genomic + phenomic model with environment, GE, and PE",G+P + E,KW,CV1,9,CS11_WW,0.7412957147407548,5,158.8542235851288
7,Eta7,Combined baseline,Combined G + P pathway,Linear,Without W,Combined linear + E,E + G + P + GE + PE,"Linear combined genomic + phenomic model with environment, GE, and PE",G+P + E,KW,CV1,9,CS12_WS,0.7108228232363796,5,158.8542235851288
7,Eta7,Combined baseline,Combined G + P pathway,Linear,Without W,Combined linear + E,E + G + P + GE + PE,"Linear combined genomic + phenomic model with environment, GE, and PE",G+P + E,KW,CV1,9,CS12_WW,0.6949229710585312,5,158.8542235851288
7,Eta7,Combined baseline,Combined G + P pathway,Linear,Without W,Combined linear + E,E + G + P + GE + PE,"Linear combined genomic + phenomic model with environment, GE, and PE",G+P + E,KW,CV1,10,CS11_WS,0.6936810634541292,5,137.0757395744326
7,Eta7,Combined baseline,Combined G + P pathway,Linear,Without W,Combined linear + E,E + G + P + GE + PE,"Linear combined genomic + phenomic model with environment, GE, and PE",G+P + E,KW,CV1,10,CS11_WW,0.7191215182302753,5,137.0757395744326
7,Eta7,Combined baseline,Combined G + P pathway,Linear,Without W,Combined linear + E,E + G + P + GE + PE,"Linear combined genomic + phenomic model with environment, GE, and PE",G+P + E,KW,CV1,10,CS12_WS,0.7401011776609198,5,137.0757395744326
7,Eta7,Combined baseline,Combined G + P pathway,Linear,Without W,Combined linear + E,E + G + P + GE + PE,"Linear combined genomic + phenomic model with environment, GE, and PE",G+P + E,KW,CV1,10,CS12_WW,0.6795385891613628,5,137.0757395744326
7,Eta7,Combined baseline,Combined G + P pathway,Linear,Without W,Combined linear + E,E + G + P + GE + PE,"Linear combined genomic + phenomic model with environment, GE, and PE",G+P + E,KW,CV2,1,CS11_WS,0.9954735221543656,5,161.4249258041382
7,Eta7,Combined baseline,Combined G + P pathway,Linear,Without W,Combined linear + E,E + G + P + GE + PE,"Linear combined genomic + phenomic model with environment, GE, and PE",G+P + E,KW,CV2,1,CS11_WW,0.991653685358995,5,161.4249258041382
7,Eta7,Combined baseline,Combined G + P pathway,Linear,Without W,Combined linear + E,E + G + P + GE + PE,"Linear combined genomic + phenomic model with environment, GE, and PE",G+P + E,KW,CV2,1,CS12_WS,0.9946832412973198,5,161.4249258041382
7,Eta7,Combined baseline,Combined G + P pathway,Linear,Without W,Combined linear + E,E + G + P + GE + PE,"Linear combined genomic + phenomic model with environment, GE, and PE",G+P + E,KW,CV2,1,CS12_WW,0.9939012767148844,5,161.4249258041382
7,Eta7,Combined baseline,Combined G + P pathway,Linear,Without W,Combined linear + E,E + G + P + GE + PE,"Linear combined genomic + phenomic model with environment, GE, and PE",G+P + E,KW,CV2,2,CS11_WS,0.995668299747688,5,161.52406373024
7,Eta7,Combined baseline,Combined G + P pathway,Linear,Without W,Combined linear + E,E + G + P + GE + PE,"Linear combined genomic + phenomic model with environment, GE, and PE",G+P + E,KW,CV2,2,CS11_WW,0.9922210781831055,5,161.52406373024
7,Eta7,Combined baseline,Combined G + P pathway,Linear,Without W,Combined linear + E,E + G + P + GE + PE,"Linear combined genomic + phenomic model with environment, GE, and PE",G+P + E,KW,CV2,2,CS12_WS,0.9949726311351913,5,161.52406373024
7,Eta7,Combined baseline,Combined G + P pathway,Linear,Without W,Combined linear + E,E + G + P + GE + PE,"Linear combined genomic + phenomic model with environment, GE, and PE",G+P + E,KW,CV2,2,CS12_WW,0.9942577544400469,5,161.52406373024
7,Eta7,Combined baseline,Combined G + P pathway,Linear,Without W,Combined linear + E,E + G + P + GE + PE,"Linear combined genomic + phenomic model with environment, GE, and PE",G+P + E,KW,CV2,3,CS11_WS,0.995561274231,5,160.1028321266178
7,Eta7,Combined baseline,Combined G + P pathway,Linear,Without W,Combined linear + E,E + G + P + GE + PE,"Linear combined genomic + phenomic model with environment, GE, and PE",G+P + E,KW,CV2,3,CS11_WW,0.9917838627580637,5,160.1028321266178
7,Eta7,Combined baseline,Combined G + P pathway,Linear,Without W,Combined linear + E,E + G + P + GE + PE,"Linear combined genomic + phenomic model with environment, GE, and PE",G+P + E,KW,CV2,3,CS12_WS,0.9947735557503986,5,160.1028321266178
7,Eta7,Combined baseline,Combined G + P pathway,Linear,Without W,Combined linear + E,E + G + P + GE + PE,"Linear combined genomic + phenomic model with environment, GE, and PE",G+P + E,KW,CV2,3,CS12_WW,0.9939876868493656,5,160.1028321266178
7,Eta7,Combined baseline,Combined G + P pathway,Linear,Without W,Combined linear + E,E + G + P + GE + PE,"Linear combined genomic + phenomic model with environment, GE, and PE",G+P + E,KW,CV2,4,CS11_WS,0.9956753537089764,5,158.9081721782684
7,Eta7,Combined baseline,Combined G + P pathway,Linear,Without W,Combined linear + E,E + G + P + GE + PE,"Linear combined genomic + phenomic model with environment, GE, and PE",G+P + E,KW,CV2,4,CS11_WW,0.9923455237975144,5,158.9081721782684
7,Eta7,Combined baseline,Combined G + P pathway,Linear,Without W,Combined linear + E,E + G + P + GE + PE,"Linear combined genomic + phenomic model with environment, GE, and PE",G+P + E,KW,CV2,4,CS12_WS,0.9950832245789567,5,158.9081721782684
7,Eta7,Combined baseline,Combined G + P pathway,Linear,Without W,Combined linear + E,E + G + P + GE + PE,"Linear combined genomic + phenomic model with environment, GE, and PE",G+P + E,KW,CV2,4,CS12_WW,0.9941428087060531,5,158.9081721782684
7,Eta7,Combined baseline,Combined G + P pathway,Linear,Without W,Combined linear + E,E + G + P + GE + PE,"Linear combined genomic + phenomic model with environment, GE, and PE",G+P + E,KW,CV2,5,CS11_WS,0.9958336402985586,5,160.9413905620576
7,Eta7,Combined baseline,Combined G + P pathway,Linear,Without W,Combined linear + E,E + G + P + GE + PE,"Linear combined genomic + phenomic model with environment, GE, and PE",G+P + E,KW,CV2,5,CS11_WW,0.9924241221425995,5,160.9413905620576
7,Eta7,Combined baseline,Combined G + P pathway,Linear,Without W,Combined linear + E,E + G + P + GE + PE,"Linear combined genomic + phenomic model with environment, GE, and PE",G+P + E,KW,CV2,5,CS12_WS,0.9951376625586468,5,160.9413905620576
7,Eta7,Combined baseline,Combined G + P pathway,Linear,Without W,Combined linear + E,E + G + P + GE + PE,"Linear combined genomic + phenomic model with environment, GE, and PE",G+P + E,KW,CV2,5,CS12_WW,0.99423794975486,5,160.9413905620576
7,Eta7,Combined baseline,Combined G + P pathway,Linear,Without W,Combined linear + E,E + G + P + GE + PE,"Linear combined genomic + phenomic model with environment, GE, and PE",G+P + E,KW,CV2,6,CS11_WS,0.9956601311645109,5,162.2536853790282
7,Eta7,Combined baseline,Combined G + P pathway,Linear,Without W,Combined linear + E,E + G + P + GE + PE,"Linear combined genomic + phenomic model with environment, GE, and PE",G+P + E,KW,CV2,6,CS11_WW,0.9924492894405436,5,162.2536853790282
7,Eta7,Combined baseline,Combined G + P pathway,Linear,Without W,Combined linear + E,E + G + P + GE + PE,"Linear combined genomic + phenomic model with environment, GE, and PE",G+P + E,KW,CV2,6,CS12_WS,0.9951411889122351,5,162.2536853790282
7,Eta7,Combined baseline,Combined G + P pathway,Linear,Without W,Combined linear + E,E + G + P + GE + PE,"Linear combined genomic + phenomic model with environment, GE, and PE",G+P + E,KW,CV2,6,CS12_WW,0.9942480661703957,5,162.2536853790282
7,Eta7,Combined baseline,Combined G + P pathway,Linear,Without W,Combined linear + E,E + G + P + GE + PE,"Linear combined genomic + phenomic model with environment, GE, and PE",G+P + E,KW,CV2,7,CS11_WS,0.9955149144285758,5,159.38209137916581
7,Eta7,Combined baseline,Combined G + P pathway,Linear,Without W,Combined linear + E,E + G + P + GE + PE,"Linear combined genomic + phenomic model with environment, GE, and PE",G+P + E,KW,CV2,7,CS11_WW,0.9917753099885364,5,159.38209137916581
7,Eta7,Combined baseline,Combined G + P pathway,Linear,Without W,Combined linear + E,E + G + P + GE + PE,"Linear combined genomic + phenomic model with environment, GE, and PE",G+P + E,KW,CV2,7,CS12_WS,0.9947151675541915,5,159.38209137916581
7,Eta7,Combined baseline,Combined G + P pathway,Linear,Without W,Combined linear + E,E + G + P + GE + PE,"Linear combined genomic + phenomic model with environment, GE, and PE",G+P + E,KW,CV2,7,CS12_WW,0.9940731718043606,5,159.38209137916581
7,Eta7,Combined baseline,Combined G + P pathway,Linear,Without W,Combined linear + E,E + G + P + GE + PE,"Linear combined genomic + phenomic model with environment, GE, and PE",G+P + E,KW,CV2,8,CS11_WS,0.9952502400392103,5,160.0819621562958
7,Eta7,Combined baseline,Combined G + P pathway,Linear,Without W,Combined linear + E,E + G + P + GE + PE,"Linear combined genomic + phenomic model with environment, GE, and PE",G+P + E,KW,CV2,8,CS11_WW,0.9913449023635046,5,160.0819621562958
7,Eta7,Combined baseline,Combined G + P pathway,Linear,Without W,Combined linear + E,E + G + P + GE + PE,"Linear combined genomic + phenomic model with environment, GE, and PE",G+P + E,KW,CV2,8,CS12_WS,0.9944168314556174,5,160.0819621562958
7,Eta7,Combined baseline,Combined G + P pathway,Linear,Without W,Combined linear + E,E + G + P + GE + PE,"Linear combined genomic + phenomic model with environment, GE, and PE",G+P + E,KW,CV2,8,CS12_WW,0.9938347555938462,5,160.0819621562958
7,Eta7,Combined baseline,Combined G + P pathway,Linear,Without W,Combined linear + E,E + G + P + GE + PE,"Linear combined genomic + phenomic model with environment, GE, and PE",G+P + E,KW,CV2,9,CS11_WS,0.9953252519138195,5,158.8542235851288
7,Eta7,Combined baseline,Combined G + P pathway,Linear,Without W,Combined linear + E,E + G + P + GE + PE,"Linear combined genomic + phenomic model with environment, GE, and PE",G+P + E,KW,CV2,9,CS11_WW,0.991516059097177,5,158.8542235851288
7,Eta7,Combined baseline,Combined G + P pathway,Linear,Without W,Combined linear + E,E + G + P + GE + PE,"Linear combined genomic + phenomic model with environment, GE, and PE",G+P + E,KW,CV2,9,CS12_WS,0.9944680427971564,5,158.8542235851288
7,Eta7,Combined baseline,Combined G + P pathway,Linear,Without W,Combined linear + E,E + G + P + GE + PE,"Linear combined genomic + phenomic model with environment, GE, and PE",G+P + E,KW,CV2,9,CS12_WW,0.9937432557901804,5,158.8542235851288
7,Eta7,Combined baseline,Combined G + P pathway,Linear,Without W,Combined linear + E,E + G + P + GE + PE,"Linear combined genomic + phenomic model with environment, GE, and PE",G+P + E,KW,CV2,10,CS11_WS,0.9954737196827097,5,137.0757395744326
7,Eta7,Combined baseline,Combined G + P pathway,Linear,Without W,Combined linear + E,E + G + P + GE + PE,"Linear combined genomic + phenomic model with environment, GE, and PE",G+P + E,KW,CV2,10,CS11_WW,0.991666890909281,5,137.0757395744326
7,Eta7,Combined baseline,Combined G + P pathway,Linear,Without W,Combined linear + E,E + G + P + GE + PE,"Linear combined genomic + phenomic model with environment, GE, and PE",G+P + E,KW,CV2,10,CS12_WS,0.9945663645986265,5,137.0757395744326
7,Eta7,Combined baseline,Combined G + P pathway,Linear,Without W,Combined linear + E,E + G + P + GE + PE,"Linear combined genomic + phenomic model with environment, GE, and PE",G+P + E,KW,CV2,10,CS12_WW,0.9941189257474055,5,137.0757395744326
8,Eta8,Combined baseline,Combined G + P pathway,Gaussian,Without W,Combined Gaussian + E,E + GGK + PGK + GGKE + PGKE,"Gaussian combined genomic + phenomic model with environment, GGKE, and PGKE",GGK+PGK + E,GY,CV1,1,CS11_WS,0.7368146694812938,5,140.14867811202998
8,Eta8,Combined baseline,Combined G + P pathway,Gaussian,Without W,Combined Gaussian + E,E + GGK + PGK + GGKE + PGKE,"Gaussian combined genomic + phenomic model with environment, GGKE, and PGKE",GGK+PGK + E,GY,CV1,1,CS11_WW,0.7605704391918244,5,140.14867811202998
8,Eta8,Combined baseline,Combined G + P pathway,Gaussian,Without W,Combined Gaussian + E,E + GGK + PGK + GGKE + PGKE,"Gaussian combined genomic + phenomic model with environment, GGKE, and PGKE",GGK+PGK + E,GY,CV1,1,CS12_WS,0.7288017046148194,5,140.14867811202998
8,Eta8,Combined baseline,Combined G + P pathway,Gaussian,Without W,Combined Gaussian + E,E + GGK + PGK + GGKE + PGKE,"Gaussian combined genomic + phenomic model with environment, GGKE, and PGKE",GGK+PGK + E,GY,CV1,1,CS12_WW,0.7122211586376712,5,140.14867811202998
8,Eta8,Combined baseline,Combined G + P pathway,Gaussian,Without W,Combined Gaussian + E,E + GGK + PGK + GGKE + PGKE,"Gaussian combined genomic + phenomic model with environment, GGKE, and PGKE",GGK+PGK + E,GY,CV1,2,CS11_WS,0.7047808024549446,5,137.4862227916716
8,Eta8,Combined baseline,Combined G + P pathway,Gaussian,Without W,Combined Gaussian + E,E + GGK + PGK + GGKE + PGKE,"Gaussian combined genomic + phenomic model with environment, GGKE, and PGKE",GGK+PGK + E,GY,CV1,2,CS11_WW,0.7248410065017682,5,137.4862227916716
8,Eta8,Combined baseline,Combined G + P pathway,Gaussian,Without W,Combined Gaussian + E,E + GGK + PGK + GGKE + PGKE,"Gaussian combined genomic + phenomic model with environment, GGKE, and PGKE",GGK+PGK + E,GY,CV1,2,CS12_WS,0.7192711286345168,5,137.4862227916716
8,Eta8,Combined baseline,Combined G + P pathway,Gaussian,Without W,Combined Gaussian + E,E + GGK + PGK + GGKE + PGKE,"Gaussian combined genomic + phenomic model with environment, GGKE, and PGKE",GGK+PGK + E,GY,CV1,2,CS12_WW,0.7016080573162934,5,137.4862227916716
8,Eta8,Combined baseline,Combined G + P pathway,Gaussian,Without W,Combined Gaussian + E,E + GGK + PGK + GGKE + PGKE,"Gaussian combined genomic + phenomic model with environment, GGKE, and PGKE",GGK+PGK + E,GY,CV1,3,CS11_WS,0.7127945595813896,5,137.56375279426558
8,Eta8,Combined baseline,Combined G + P pathway,Gaussian,Without W,Combined Gaussian + E,E + GGK + PGK + GGKE + PGKE,"Gaussian combined genomic + phenomic model with environment, GGKE, and PGKE",GGK+PGK + E,GY,CV1,3,CS11_WW,0.7343661446425128,5,137.56375279426558
8,Eta8,Combined baseline,Combined G + P pathway,Gaussian,Without W,Combined Gaussian + E,E + GGK + PGK + GGKE + PGKE,"Gaussian combined genomic + phenomic model with environment, GGKE, and PGKE",GGK+PGK + E,GY,CV1,3,CS12_WS,0.7154450565040793,5,137.56375279426558
8,Eta8,Combined baseline,Combined G + P pathway,Gaussian,Without W,Combined Gaussian + E,E + GGK + PGK + GGKE + PGKE,"Gaussian combined genomic + phenomic model with environment, GGKE, and PGKE",GGK+PGK + E,GY,CV1,3,CS12_WW,0.6998467300138443,5,137.56375279426558
8,Eta8,Combined baseline,Combined G + P pathway,Gaussian,Without W,Combined Gaussian + E,E + GGK + PGK + GGKE + PGKE,"Gaussian combined genomic + phenomic model with environment, GGKE, and PGKE",GGK+PGK + E,GY,CV1,4,CS11_WS,0.7219960336119023,5,161.334124135971
8,Eta8,Combined baseline,Combined G + P pathway,Gaussian,Without W,Combined Gaussian + E,E + GGK + PGK + GGKE + PGKE,"Gaussian combined genomic + phenomic model with environment, GGKE, and PGKE",GGK+PGK + E,GY,CV1,4,CS11_WW,0.7268578561223384,5,161.334124135971
8,Eta8,Combined baseline,Combined G + P pathway,Gaussian,Without W,Combined Gaussian + E,E + GGK + PGK + GGKE + PGKE,"Gaussian combined genomic + phenomic model with environment, GGKE, and PGKE",GGK+PGK + E,GY,CV1,4,CS12_WS,0.7196226559510743,5,161.334124135971
8,Eta8,Combined baseline,Combined G + P pathway,Gaussian,Without W,Combined Gaussian + E,E + GGK + PGK + GGKE + PGKE,"Gaussian combined genomic + phenomic model with environment, GGKE, and PGKE",GGK+PGK + E,GY,CV1,4,CS12_WW,0.6974426022135296,5,161.334124135971
8,Eta8,Combined baseline,Combined G + P pathway,Gaussian,Without W,Combined Gaussian + E,E + GGK + PGK + GGKE + PGKE,"Gaussian combined genomic + phenomic model with environment, GGKE, and PGKE",GGK+PGK + E,GY,CV1,5,CS11_WS,0.6759001778613544,5,162.56146717071522
8,Eta8,Combined baseline,Combined G + P pathway,Gaussian,Without W,Combined Gaussian + E,E + GGK + PGK + GGKE + PGKE,"Gaussian combined genomic + phenomic model with environment, GGKE, and PGKE",GGK+PGK + E,GY,CV1,5,CS11_WW,0.7200926825363564,5,162.56146717071522
8,Eta8,Combined baseline,Combined G + P pathway,Gaussian,Without W,Combined Gaussian + E,E + GGK + PGK + GGKE + PGKE,"Gaussian combined genomic + phenomic model with environment, GGKE, and PGKE",GGK+PGK + E,GY,CV1,5,CS12_WS,0.7158110601787324,5,162.56146717071522
8,Eta8,Combined baseline,Combined G + P pathway,Gaussian,Without W,Combined Gaussian + E,E + GGK + PGK + GGKE + PGKE,"Gaussian combined genomic + phenomic model with environment, GGKE, and PGKE",GGK+PGK + E,GY,CV1,5,CS12_WW,0.7177101882714342,5,162.56146717071522
8,Eta8,Combined baseline,Combined G + P pathway,Gaussian,Without W,Combined Gaussian + E,E + GGK + PGK + GGKE + PGKE,"Gaussian combined genomic + phenomic model with environment, GGKE, and PGKE",GGK+PGK + E,GY,CV1,6,CS11_WS,0.7188902797236624,5,138.3821607589722
8,Eta8,Combined baseline,Combined G + P pathway,Gaussian,Without W,Combined Gaussian + E,E + GGK + PGK + GGKE + PGKE,"Gaussian combined genomic + phenomic model with environment, GGKE, and PGKE",GGK+PGK + E,GY,CV1,6,CS11_WW,0.7199482624708192,5,138.3821607589722
8,Eta8,Combined baseline,Combined G + P pathway,Gaussian,Without W,Combined Gaussian + E,E + GGK + PGK + GGKE + PGKE,"Gaussian combined genomic + phenomic model with environment, GGKE, and PGKE",GGK+PGK + E,GY,CV1,6,CS12_WS,0.7256232919973791,5,138.3821607589722
8,Eta8,Combined baseline,Combined G + P pathway,Gaussian,Without W,Combined Gaussian + E,E + GGK + PGK + GGKE + PGKE,"Gaussian combined genomic + phenomic model with environment, GGKE, and PGKE",GGK+PGK + E,GY,CV1,6,CS12_WW,0.701962604983718,5,138.3821607589722
8,Eta8,Combined baseline,Combined G + P pathway,Gaussian,Without W,Combined Gaussian + E,E + GGK + PGK + GGKE + PGKE,"Gaussian combined genomic + phenomic model with environment, GGKE, and PGKE",GGK+PGK + E,GY,CV1,7,CS11_WS,0.6944482692867575,5,160.3871279716492
8,Eta8,Combined baseline,Combined G + P pathway,Gaussian,Without W,Combined Gaussian + E,E + GGK + PGK + GGKE + PGKE,"Gaussian combined genomic + phenomic model with environment, GGKE, and PGKE",GGK+PGK + E,GY,CV1,7,CS11_WW,0.7221505413558178,5,160.3871279716492
8,Eta8,Combined baseline,Combined G + P pathway,Gaussian,Without W,Combined Gaussian + E,E + GGK + PGK + GGKE + PGKE,"Gaussian combined genomic + phenomic model with environment, GGKE, and PGKE",GGK+PGK + E,GY,CV1,7,CS12_WS,0.7019334852526742,5,160.3871279716492
8,Eta8,Combined baseline,Combined G + P pathway,Gaussian,Without W,Combined Gaussian + E,E + GGK + PGK + GGKE + PGKE,"Gaussian combined genomic + phenomic model with environment, GGKE, and PGKE",GGK+PGK + E,GY,CV1,7,CS12_WW,0.6901757267267228,5,160.3871279716492
8,Eta8,Combined baseline,Combined G + P pathway,Gaussian,Without W,Combined Gaussian + E,E + GGK + PGK + GGKE + PGKE,"Gaussian combined genomic + phenomic model with environment, GGKE, and PGKE",GGK+PGK + E,GY,CV1,8,CS11_WS,0.7283561991684209,5,137.1502644538878
8,Eta8,Combined baseline,Combined G + P pathway,Gaussian,Without W,Combined Gaussian + E,E + GGK + PGK + GGKE + PGKE,"Gaussian combined genomic + phenomic model with environment, GGKE, and PGKE",GGK+PGK + E,GY,CV1,8,CS11_WW,0.7592998536422966,5,137.1502644538878
8,Eta8,Combined baseline,Combined G + P pathway,Gaussian,Without W,Combined Gaussian + E,E + GGK + PGK + GGKE + PGKE,"Gaussian combined genomic + phenomic model with environment, GGKE, and PGKE",GGK+PGK + E,GY,CV1,8,CS12_WS,0.7522778777095124,5,137.1502644538878
8,Eta8,Combined baseline,Combined G + P pathway,Gaussian,Without W,Combined Gaussian + E,E + GGK + PGK + GGKE + PGKE,"Gaussian combined genomic + phenomic model with environment, GGKE, and PGKE",GGK+PGK + E,GY,CV1,8,CS12_WW,0.7195052074507648,5,137.1502644538878
8,Eta8,Combined baseline,Combined G + P pathway,Gaussian,Without W,Combined Gaussian + E,E + GGK + PGK + GGKE + PGKE,"Gaussian combined genomic + phenomic model with environment, GGKE, and PGKE",GGK+PGK + E,GY,CV1,9,CS11_WS,0.7138607483238129,5,160.5459920406342
8,Eta8,Combined baseline,Combined G + P pathway,Gaussian,Without W,Combined Gaussian + E,E + GGK + PGK + GGKE + PGKE,"Gaussian combined genomic + phenomic model with environment, GGKE, and PGKE",GGK+PGK + E,GY,CV1,9,CS11_WW,0.7351989888469718,5,160.5459920406342
8,Eta8,Combined baseline,Combined G + P pathway,Gaussian,Without W,Combined Gaussian + E,E + GGK + PGK + GGKE + PGKE,"Gaussian combined genomic + phenomic model with environment, GGKE, and PGKE",GGK+PGK + E,GY,CV1,9,CS12_WS,0.7258294629987352,5,160.5459920406342
8,Eta8,Combined baseline,Combined G + P pathway,Gaussian,Without W,Combined Gaussian + E,E + GGK + PGK + GGKE + PGKE,"Gaussian combined genomic + phenomic model with environment, GGKE, and PGKE",GGK+PGK + E,GY,CV1,9,CS12_WW,0.6754105720364482,5,160.5459920406342
8,Eta8,Combined baseline,Combined G + P pathway,Gaussian,Without W,Combined Gaussian + E,E + GGK + PGK + GGKE + PGKE,"Gaussian combined genomic + phenomic model with environment, GGKE, and PGKE",GGK+PGK + E,GY,CV1,10,CS11_WS,0.7027072487342239,5,159.9384877681734
8,Eta8,Combined baseline,Combined G + P pathway,Gaussian,Without W,Combined Gaussian + E,E + GGK + PGK + GGKE + PGKE,"Gaussian combined genomic + phenomic model with environment, GGKE, and PGKE",GGK+PGK + E,GY,CV1,10,CS11_WW,0.7221728338285662,5,159.9384877681734
8,Eta8,Combined baseline,Combined G + P pathway,Gaussian,Without W,Combined Gaussian + E,E + GGK + PGK + GGKE + PGKE,"Gaussian combined genomic + phenomic model with environment, GGKE, and PGKE",GGK+PGK + E,GY,CV1,10,CS12_WS,0.7200931141578328,5,159.9384877681734
8,Eta8,Combined baseline,Combined G + P pathway,Gaussian,Without W,Combined Gaussian + E,E + GGK + PGK + GGKE + PGKE,"Gaussian combined genomic + phenomic model with environment, GGKE, and PGKE",GGK+PGK + E,GY,CV1,10,CS12_WW,0.6947315982352597,5,159.9384877681734
8,Eta8,Combined baseline,Combined G + P pathway,Gaussian,Without W,Combined Gaussian + E,E + GGK + PGK + GGKE + PGKE,"Gaussian combined genomic + phenomic model with environment, GGKE, and PGKE",GGK+PGK + E,GY,CV2,1,CS11_WS,0.9853962403093577,5,140.14867811202998
8,Eta8,Combined baseline,Combined G + P pathway,Gaussian,Without W,Combined Gaussian + E,E + GGK + PGK + GGKE + PGKE,"Gaussian combined genomic + phenomic model with environment, GGKE, and PGKE",GGK+PGK + E,GY,CV2,1,CS11_WW,0.9864771264894653,5,140.14867811202998
8,Eta8,Combined baseline,Combined G + P pathway,Gaussian,Without W,Combined Gaussian + E,E + GGK + PGK + GGKE + PGKE,"Gaussian combined genomic + phenomic model with environment, GGKE, and PGKE",GGK+PGK + E,GY,CV2,1,CS12_WS,0.9926260055840264,5,140.14867811202998
8,Eta8,Combined baseline,Combined G + P pathway,Gaussian,Without W,Combined Gaussian + E,E + GGK + PGK + GGKE + PGKE,"Gaussian combined genomic + phenomic model with environment, GGKE, and PGKE",GGK+PGK + E,GY,CV2,1,CS12_WW,0.9898256603177483,5,140.14867811202998
8,Eta8,Combined baseline,Combined G + P pathway,Gaussian,Without W,Combined Gaussian + E,E + GGK + PGK + GGKE + PGKE,"Gaussian combined genomic + phenomic model with environment, GGKE, and PGKE",GGK+PGK + E,GY,CV2,2,CS11_WS,0.9853422793763654,5,137.4862227916716
8,Eta8,Combined baseline,Combined G + P pathway,Gaussian,Without W,Combined Gaussian + E,E + GGK + PGK + GGKE + PGKE,"Gaussian combined genomic + phenomic model with environment, GGKE, and PGKE",GGK+PGK + E,GY,CV2,2,CS11_WW,0.98675223604113,5,137.4862227916716
8,Eta8,Combined baseline,Combined G + P pathway,Gaussian,Without W,Combined Gaussian + E,E + GGK + PGK + GGKE + PGKE,"Gaussian combined genomic + phenomic model with environment, GGKE, and PGKE",GGK+PGK + E,GY,CV2,2,CS12_WS,0.9928881185497597,5,137.4862227916716
8,Eta8,Combined baseline,Combined G + P pathway,Gaussian,Without W,Combined Gaussian + E,E + GGK + PGK + GGKE + PGKE,"Gaussian combined genomic + phenomic model with environment, GGKE, and PGKE",GGK+PGK + E,GY,CV2,2,CS12_WW,0.9900719687594741,5,137.4862227916716
8,Eta8,Combined baseline,Combined G + P pathway,Gaussian,Without W,Combined Gaussian + E,E + GGK + PGK + GGKE + PGKE,"Gaussian combined genomic + phenomic model with environment, GGKE, and PGKE",GGK+PGK + E,GY,CV2,3,CS11_WS,0.985674435704016,5,137.56375279426558
8,Eta8,Combined baseline,Combined G + P pathway,Gaussian,Without W,Combined Gaussian + E,E + GGK + PGK + GGKE + PGKE,"Gaussian combined genomic + phenomic model with environment, GGKE, and PGKE",GGK+PGK + E,GY,CV2,3,CS11_WW,0.986641602626445,5,137.56375279426558
8,Eta8,Combined baseline,Combined G + P pathway,Gaussian,Without W,Combined Gaussian + E,E + GGK + PGK + GGKE + PGKE,"Gaussian combined genomic + phenomic model with environment, GGKE, and PGKE",GGK+PGK + E,GY,CV2,3,CS12_WS,0.99271598824316,5,137.56375279426558
8,Eta8,Combined baseline,Combined G + P pathway,Gaussian,Without W,Combined Gaussian + E,E + GGK + PGK + GGKE + PGKE,"Gaussian combined genomic + phenomic model with environment, GGKE, and PGKE",GGK+PGK + E,GY,CV2,3,CS12_WW,0.9899364596239618,5,137.56375279426558
8,Eta8,Combined baseline,Combined G + P pathway,Gaussian,Without W,Combined Gaussian + E,E + GGK + PGK + GGKE + PGKE,"Gaussian combined genomic + phenomic model with environment, GGKE, and PGKE",GGK+PGK + E,GY,CV2,4,CS11_WS,0.9854734164230508,5,161.334124135971
8,Eta8,Combined baseline,Combined G + P pathway,Gaussian,Without W,Combined Gaussian + E,E + GGK + PGK + GGKE + PGKE,"Gaussian combined genomic + phenomic model with environment, GGKE, and PGKE",GGK+PGK + E,GY,CV2,4,CS11_WW,0.9869715544503137,5,161.334124135971
8,Eta8,Combined baseline,Combined G + P pathway,Gaussian,Without W,Combined Gaussian + E,E + GGK + PGK + GGKE + PGKE,"Gaussian combined genomic + phenomic model with environment, GGKE, and PGKE",GGK+PGK + E,GY,CV2,4,CS12_WS,0.9928847848575023,5,161.334124135971
8,Eta8,Combined baseline,Combined G + P pathway,Gaussian,Without W,Combined Gaussian + E,E + GGK + PGK + GGKE + PGKE,"Gaussian combined genomic + phenomic model with environment, GGKE, and PGKE",GGK+PGK + E,GY,CV2,4,CS12_WW,0.9899957808472406,5,161.334124135971
8,Eta8,Combined baseline,Combined G + P pathway,Gaussian,Without W,Combined Gaussian + E,E + GGK + PGK + GGKE + PGKE,"Gaussian combined genomic + phenomic model with environment, GGKE, and PGKE",GGK+PGK + E,GY,CV2,5,CS11_WS,0.9852555314746952,5,162.56146717071522
8,Eta8,Combined baseline,Combined G + P pathway,Gaussian,Without W,Combined Gaussian + E,E + GGK + PGK + GGKE + PGKE,"Gaussian combined genomic + phenomic model with environment, GGKE, and PGKE",GGK+PGK + E,GY,CV2,5,CS11_WW,0.9866701285581415,5,162.56146717071522
8,Eta8,Combined baseline,Combined G + P pathway,Gaussian,Without W,Combined Gaussian + E,E + GGK + PGK + GGKE + PGKE,"Gaussian combined genomic + phenomic model with environment, GGKE, and PGKE",GGK+PGK + E,GY,CV2,5,CS12_WS,0.9926757594985828,5,162.56146717071522
8,Eta8,Combined baseline,Combined G + P pathway,Gaussian,Without W,Combined Gaussian + E,E + GGK + PGK + GGKE + PGKE,"Gaussian combined genomic + phenomic model with environment, GGKE, and PGKE",GGK+PGK + E,GY,CV2,5,CS12_WW,0.9897361433738949,5,162.56146717071522
8,Eta8,Combined baseline,Combined G + P pathway,Gaussian,Without W,Combined Gaussian + E,E + GGK + PGK + GGKE + PGKE,"Gaussian combined genomic + phenomic model with environment, GGKE, and PGKE",GGK+PGK + E,GY,CV2,6,CS11_WS,0.9851293992913309,5,138.3821607589722
8,Eta8,Combined baseline,Combined G + P pathway,Gaussian,Without W,Combined Gaussian + E,E + GGK + PGK + GGKE + PGKE,"Gaussian combined genomic + phenomic model with environment, GGKE, and PGKE",GGK+PGK + E,GY,CV2,6,CS11_WW,0.9866586283051457,5,138.3821607589722
8,Eta8,Combined baseline,Combined G + P pathway,Gaussian,Without W,Combined Gaussian + E,E + GGK + PGK + GGKE + PGKE,"Gaussian combined genomic + phenomic model with environment, GGKE, and PGKE",GGK+PGK + E,GY,CV2,6,CS12_WS,0.9926026427515785,5,138.3821607589722
8,Eta8,Combined baseline,Combined G + P pathway,Gaussian,Without W,Combined Gaussian + E,E + GGK + PGK + GGKE + PGKE,"Gaussian combined genomic + phenomic model with environment, GGKE, and PGKE",GGK+PGK + E,GY,CV2,6,CS12_WW,0.9896080289720718,5,138.3821607589722
8,Eta8,Combined baseline,Combined G + P pathway,Gaussian,Without W,Combined Gaussian + E,E + GGK + PGK + GGKE + PGKE,"Gaussian combined genomic + phenomic model with environment, GGKE, and PGKE",GGK+PGK + E,GY,CV2,7,CS11_WS,0.9853568237537962,5,160.3871279716492
8,Eta8,Combined baseline,Combined G + P pathway,Gaussian,Without W,Combined Gaussian + E,E + GGK + PGK + GGKE + PGKE,"Gaussian combined genomic + phenomic model with environment, GGKE, and PGKE",GGK+PGK + E,GY,CV2,7,CS11_WW,0.9863142079638341,5,160.3871279716492
8,Eta8,Combined baseline,Combined G + P pathway,Gaussian,Without W,Combined Gaussian + E,E + GGK + PGK + GGKE + PGKE,"Gaussian combined genomic + phenomic model with environment, GGKE, and PGKE",GGK+PGK + E,GY,CV2,7,CS12_WS,0.9926056612992824,5,160.3871279716492
8,Eta8,Combined baseline,Combined G + P pathway,Gaussian,Without W,Combined Gaussian + E,E + GGK + PGK + GGKE + PGKE,"Gaussian combined genomic + phenomic model with environment, GGKE, and PGKE",GGK+PGK + E,GY,CV2,7,CS12_WW,0.9896973098077091,5,160.3871279716492
8,Eta8,Combined baseline,Combined G + P pathway,Gaussian,Without W,Combined Gaussian + E,E + GGK + PGK + GGKE + PGKE,"Gaussian combined genomic + phenomic model with environment, GGKE, and PGKE",GGK+PGK + E,GY,CV2,8,CS11_WS,0.9857103265325963,5,137.1502644538878
8,Eta8,Combined baseline,Combined G + P pathway,Gaussian,Without W,Combined Gaussian + E,E + GGK + PGK + GGKE + PGKE,"Gaussian combined genomic + phenomic model with environment, GGKE, and PGKE",GGK+PGK + E,GY,CV2,8,CS11_WW,0.9866161457062065,5,137.1502644538878
8,Eta8,Combined baseline,Combined G + P pathway,Gaussian,Without W,Combined Gaussian + E,E + GGK + PGK + GGKE + PGKE,"Gaussian combined genomic + phenomic model with environment, GGKE, and PGKE",GGK+PGK + E,GY,CV2,8,CS12_WS,0.9929179454095216,5,137.1502644538878
8,Eta8,Combined baseline,Combined G + P pathway,Gaussian,Without W,Combined Gaussian + E,E + GGK + PGK + GGKE + PGKE,"Gaussian combined genomic + phenomic model with environment, GGKE, and PGKE",GGK+PGK + E,GY,CV2,8,CS12_WW,0.9898274831823887,5,137.1502644538878
8,Eta8,Combined baseline,Combined G + P pathway,Gaussian,Without W,Combined Gaussian + E,E + GGK + PGK + GGKE + PGKE,"Gaussian combined genomic + phenomic model with environment, GGKE, and PGKE",GGK+PGK + E,GY,CV2,9,CS11_WS,0.9852053162004963,5,160.5459920406342
8,Eta8,Combined baseline,Combined G + P pathway,Gaussian,Without W,Combined Gaussian + E,E + GGK + PGK + GGKE + PGKE,"Gaussian combined genomic + phenomic model with environment, GGKE, and PGKE",GGK+PGK + E,GY,CV2,9,CS11_WW,0.98662092168137006,5,160.5459920406342
8,Eta8,Combined baseline,Combined G + P pathway,Gaussian,Without W,Combined Gaussian + E,E + GGK + PGK + GGKE + PGKE,"Gaussian combined genomic + phenomic model with environment, GGKE, and PGKE",GGK+PGK + E,GY,CV2,9,CS12_WS,0.9927547277131362,5,160.5459920406342
8,Eta8,Combined baseline,Combined G + P pathway,Gaussian,Without W,Combined Gaussian + E,E + GGK + PGK + GGKE + PGKE,"Gaussian combined genomic + phenomic model with environment, GGKE, and PGKE",GGK+PGK + E,GY,CV2,9,CS12_WW,0.9898024110820828,5,160.5459920406342
8,Eta8,Combined baseline,Combined G + P pathway,Gaussian,Without W,Combined Gaussian + E,E + GGK + PGK + GGKE + PGKE,"Gaussian combined genomic + phenomic model with environment, GGKE, and PGKE",GGK+PGK + E,GY,CV2,10,CS11_WS,0.9855049679454455,5,159.9384877681734
8,Eta8,Combined baseline,Combined G + P pathway,Gaussian,Without W,Combined Gaussian + E,E + GGK + PGK + GGKE + PGKE,"Gaussian combined genomic + phenomic model with environment, GGKE, and PGKE",GGK+PGK + E,GY,CV2,10,CS11_WW,0.9866436490907831,5,159.9384877681734
8,Eta8,Combined baseline,Combined G + P pathway,Gaussian,Without W,Combined Gaussian + E,E + GGK + PGK + GGKE + PGKE,"Gaussian combined genomic + phenomic model with environment, GGKE, and PGKE",GGK+PGK + E,GY,CV2,10,CS12_WS,0.9928205702437713,5,159.9384877681734
8,Eta8,Combined baseline,Combined G + P pathway,Gaussian,Without W,Combined Gaussian + E,E + GGK + PGK + GGKE + PGKE,"Gaussian combined genomic + phenomic model with environment, GGKE, and PGKE",GGK+PGK + E,GY,CV2,10,CS12_WW,0.9899553730054718,5,159.9384877681734
8,Eta8,Combined baseline,Combined G + P pathway,Gaussian,Without W,Combined Gaussian + E,E + GGK + PGK + GGKE + PGKE,"Gaussian combined genomic + phenomic model with environment, GGKE, and PGKE",GGK+PGK + E,KW,CV1,1,CS11_WS,0.6163001556427952,5,137.9171587467194
8,Eta8,Combined baseline,Combined G + P pathway,Gaussian,Without W,Combined Gaussian + E,E + GGK + PGK + GGKE + PGKE,"Gaussian combined genomic + phenomic model with environment, GGKE, and PGKE",GGK+PGK + E,KW,CV1,1,CS11_WW,0.5988254906170668,5,137.9171587467194
8,Eta8,Combined baseline,Combined G + P pathway,Gaussian,Without W,Combined Gaussian + E,E + GGK + PGK + GGKE + PGKE,"Gaussian combined genomic + phenomic model with environment, GGKE, and PGKE",GGK+PGK + E,KW,CV1,1,CS12_WS,0.6340518221489739,5,137.9171587467194
8,Eta8,Combined baseline,Combined G + P pathway,Gaussian,Without W,Combined Gaussian + E,E + GGK + PGK + GGKE + PGKE,"Gaussian combined genomic + phenomic model with environment, GGKE, and PGKE",GGK+PGK + E,KW,CV1,1,CS12_WW,0.6359858820379144,5,137.9171587467194
8,Eta8,Combined baseline,Combined G + P pathway,Gaussian,Without W,Combined Gaussian + E,E + GGK + PGK + GGKE + PGKE,"Gaussian combined genomic + phenomic model with environment, GGKE, and PGKE",GGK+PGK + E,KW,CV1,2,CS11_WS,0.5833167095062186,5,159.4770815849304
8,Eta8,Combined baseline,Combined G + P pathway,Gaussian,Without W,Combined Gaussian + E,E + GGK + PGK + GGKE + PGKE,"Gaussian combined genomic + phenomic model with environment, GGKE, and PGKE",GGK+PGK + E,KW,CV1,2,CS11_WW,0.5519552248898532,5,159.4770815849304
8,Eta8,Combined baseline,Combined G + P pathway,Gaussian,Without W,Combined Gaussian + E,E + GGK + PGK + GGKE + PGKE,"Gaussian combined genomic + phenomic model with environment, GGKE, and PGKE",GGK+PGK + E,KW,CV1,2,CS12_WS,0.6046826473517347,5,159.4770815849304
8,Eta8,Combined baseline,Combined G + P pathway,Gaussian,Without W,Combined Gaussian + E,E + GGK + PGK + GGKE + PGKE,"Gaussian combined genomic + phenomic model with environment, GGKE, and PGKE",GGK+PGK + E,KW,CV1,2,CS12_WW,0.6280873083480605,5,159.4770815849304
8,Eta8,Combined baseline,Combined G + P pathway,Gaussian,Without W,Combined Gaussian + E,E + GGK + PGK + GGKE + PGKE,"Gaussian combined genomic + phenomic model with environment, GGKE, and PGKE",GGK+PGK + E,KW,CV1,3,CS11_WS,0.5751393536586645,5,161.4453143596648
8,Eta8,Combined baseline,Combined G + P pathway,Gaussian,Without W,Combined Gaussian + E,E + GGK + PGK + GGKE + PGKE,"Gaussian combined genomic + phenomic model with environment, GGKE, and PGKE",GGK+PGK + E,KW,CV1,3,CS11_WW,0.5780362775748644,5,161.4453143596648
8,Eta8,Combined baseline,Combined G + P pathway,Gaussian,Without W,Combined Gaussian + E,E + GGK + PGK + GGKE + PGKE,"Gaussian combined genomic + phenomic model with environment, GGKE, and PGKE",GGK+PGK + E,KW,CV1,3,CS12_WS,0.644963582814034,5,161.4453143596648
8,Eta8,Combined baseline,Combined G + P pathway,Gaussian,Without W,Combined Gaussian + E,E + GGK + PGK + GGKE + PGKE,"Gaussian combined genomic + phenomic model with environment, GGKE, and PGKE",GGK+PGK + E,KW,CV1,3,CS12_WW,0.6144401112580514,5,161.4453143596648
8,Eta8,Combined baseline,Combined G + P pathway,Gaussian,Without W,Combined Gaussian + E,E + GGK + PGK + GGKE + PGKE,"Gaussian combined genomic + phenomic model with environment, GGKE, and PGKE",GGK+PGK + E,KW,CV1,4,CS11_WS,0.5910135368331654,5,137.0216476917266
8,Eta8,Combined baseline,Combined G + P pathway,Gaussian,Without W,Combined Gaussian + E,E + GGK + PGK + GGKE + PGKE,"Gaussian combined genomic + phenomic model with environment, GGKE, and PGKE",GGK+PGK + E,KW,CV1,4,CS11_WW,0.5671503413686414,5,137.0216476917266
8,Eta8,Combined baseline,Combined G + P pathway,Gaussian,Without W,Combined Gaussian + E,E + GGK + PGK + GGKE + PGKE,"Gaussian combined genomic + phenomic model with environment, GGKE, and PGKE",GGK+PGK + E,KW,CV1,4,CS12_WS,0.629326213469936,5,137.0216476917266
8,Eta8,Combined baseline,Combined G + P pathway,Gaussian,Without W,Combined Gaussian + E,E + GGK + PGK + GGKE + PGKE,"Gaussian combined genomic + phenomic model with environment, GGKE, and PGKE",GGK+PGK + E,KW,CV1,4,CS12_WW,0.6239819295997154,5,137.0216476917266
8,Eta8,Combined baseline,Combined G + P pathway,Gaussian,Without W,Combined Gaussian + E,E + GGK + PGK + GGKE + PGKE,"Gaussian combined genomic + phenomic model with environment, GGKE, and PGKE",GGK+PGK + E,KW,CV1,5,CS11_WS,0.5898748905399869,5,160.9244664192198
8,Eta8,Combined baseline,Combined G + P pathway,Gaussian,Without W,Combined Gaussian + E,E + GGK + PGK + GGKE + PGKE,"Gaussian combined genomic + phenomic model with environment, GGKE, and PGKE",GGK+PGK + E,KW,CV1,5,CS11_WW,0.6116382870732358,5,160.9244664192198
8,Eta8,Combined baseline,Combined G + P pathway,Gaussian,Without W,Combined Gaussian + E,E + GGK + PGK + GGKE + PGKE,"Gaussian combined genomic + phenomic model with environment, GGKE, and PGKE",GGK+PGK + E,KW,CV1,5,CS12_WS,0.6161778447515884,5,160.9244664192198
8,Eta8,Combined baseline,Combined G + P pathway,Gaussian,Without W,Combined Gaussian + E,E + GGK + PGK + GGKE + PGKE,"Gaussian combined genomic + phenomic model with environment, GGKE, and PGKE",GGK+PGK + E,KW,CV1,5,CS12_WW,0.6265231223530169,5,160.9244664192198
8,Eta8,Combined baseline,Combined G + P pathway,Gaussian,Without W,Combined Gaussian + E,E + GGK + PGK + GGKE + PGKE,"Gaussian combined genomic + phenomic model with environment, GGKE, and PGKE",GGK+PGK + E,KW,CV1,6,CS11_WS,0.5757413253965074,5,138.02477722167978
8,Eta8,Combined baseline,Combined G + P pathway,Gaussian,Without W,Combined Gaussian + E,E + GGK + PGK + GGKE + PGKE,"Gaussian combined genomic + phenomic model with environment, GGKE, and PGKE",GGK+PGK + E,KW,CV1,6,CS11_WW,0.6002818241388214,5,138.02477722167978
8,Eta8,Combined baseline,Combined G + P pathway,Gaussian,Without W,Combined Gaussian + E,E + GGK + PGK + GGKE + PGKE,"Gaussian combined genomic + phenomic model with environment, GGKE, and PGKE",GGK+PGK + E,KW,CV1,6,CS12_WS,0.629783205422184,5,138.02477722167978
8,Eta8,Combined baseline,Combined G + P pathway,Gaussian,Without W,Combined Gaussian + E,E + GGK + PGK + GGKE + PGKE,"Gaussian combined genomic + phenomic model with environment, GGKE, and PGKE",GGK+PGK + E,KW,CV1,6,CS12_WW,0.6288339327790812,5,138.02477722167978
8,Eta8,Combined baseline,Combined G + P pathway,Gaussian,Without W,Combined Gaussian + E,E + GGK + PGK + GGKE + PGKE,"Gaussian combined genomic + phenomic model with environment, GGKE, and PGKE",GGK+PGK + E,KW,CV1,7,CS11_WS,0.5803383029307938,5,161.6927503585816
8,Eta8,Combined baseline,Combined G + P pathway,Gaussian,Without W,Combined Gaussian + E,E + GGK + PGK + GGKE + PGKE,"Gaussian combined genomic + phenomic model with environment, GGKE, and PGKE",GGK+PGK + E,KW,CV1,7,CS11_WW,0.5833957063358739,5,161.6927503585816
8,Eta8,Combined baseline,Combined G + P pathway,Gaussian,Without W,Combined Gaussian + E,E + GGK + PGK + GGKE + PGKE,"Gaussian combined genomic + phenomic model with environment, GGKE, and PGKE",GGK+PGK + E,KW,CV1,7,CS12_WS,0.62801428681444,5,161.6927503585816
8,Eta8,Combined baseline,Combined G + P pathway,Gaussian,Without W,Combined Gaussian + E,E + GGK + PGK + GGKE + PGKE,"Gaussian combined genomic + phenomic model with environment, GGKE, and PGKE",GGK+PGK + E,KW,CV1,7,CS12_WW,0.628472394309051,5,161.6927503585816
8,Eta8,Combined baseline,Combined G + P pathway,Gaussian,Without W,Combined Gaussian + E,E + GGK + PGK + GGKE + PGKE,"Gaussian combined genomic + phenomic model with environment, GGKE, and PGKE",GGK+PGK + E,KW,CV1,8,CS11_WS,0.5684158477312871,5,137.4485276222228
8,Eta8,Combined baseline,Combined G + P pathway,Gaussian,Without W,Combined Gaussian + E,E + GGK + PGK + GGKE + PGKE,"Gaussian combined genomic + phenomic model with environment, GGKE, and PGKE",GGK+PGK + E,KW,CV1,8,CS11_WW,0.5850081939880709,5,137.4485276222228
8,Eta8,Combined baseline,Combined G + P pathway,Gaussian,Without W,Combined Gaussian + E,E + GGK + PGK + GGKE + PGKE,"Gaussian combined genomic + phenomic model with environment, GGKE, and PGKE",GGK+PGK + E,KW,CV1,8,CS12_WS,0.6324769229530964,5,137.4485276222228
8,Eta8,Combined baseline,Combined G + P pathway,Gaussian,Without W,Combined Gaussian + E,E + GGK + PGK + GGKE + PGKE,"Gaussian combined genomic + phenomic model with environment, GGKE, and PGKE",GGK+PGK + E,KW,CV1,8,CS12_WW,0.6257990641026042,5,137.4485276222228
8,Eta8,Combined baseline,Combined G + P pathway,Gaussian,Without W,Combined Gaussian + E,E + GGK + PGK + GGKE + PGKE,"Gaussian combined genomic + phenomic model with environment, GGKE, and PGKE",GGK+PGK + E,KW,CV1,9,CS11_WS,0.5705625127093242,5,136.5566573619842
8,Eta8,Combined baseline,Combined G + P pathway,Gaussian,Without W,Combined Gaussian + E,E + GGK + PGK + GGKE + PGKE,"Gaussian combined genomic + phenomic model with environment, GGKE, and PGKE",GGK+PGK + E,KW,CV1,9,CS11_WW,0.5488058225665642,5,136.5566573619842
8,Eta8,Combined baseline,Combined G + P pathway,Gaussian,Without W,Combined Gaussian + E,E + GGK + PGK + GGKE + PGKE,"Gaussian combined genomic + phenomic model with environment, GGKE, and PGKE",GGK+PGK + E,KW,CV1,9,CS12_WS,0.6228918397718513,5,136.5566573619842
8,Eta8,Combined baseline,Combined G + P pathway,Gaussian,Without W,Combined Gaussian + E,E + GGK + PGK + GGKE + PGKE,"Gaussian combined genomic + phenomic model with environment, GGKE, and PGKE",GGK+PGK + E,KW,CV1,9,CS12_WW,0.5992595841575217,5,136.5566573619842
8,Eta8,Combined baseline,Combined G + P pathway,Gaussian,Without W,Combined Gaussian + E,E + GGK + PGK + GGKE + PGKE,"Gaussian combined genomic + phenomic model with environment, GGKE, and PGKE",GGK+PGK + E,KW,CV1,10,CS11_WS,0.5898258859195071,5,126.3987688064576
8,Eta8,Combined baseline,Combined G + P pathway,Gaussian,Without W,Combined Gaussian + E,E + GGK + PGK + GGKE + PGKE,"Gaussian combined genomic + phenomic model with environment, GGKE, and PGKE",GGK+PGK + E,KW,CV1,10,CS11_WW,0.5638721043370346,5,126.3987688064576
8,Eta8,Combined baseline,Combined G + P pathway,Gaussian,Without W,Combined Gaussian + E,E + GGK + PGK + GGKE + PGKE,"Gaussian combined genomic + phenomic model with environment, GGKE, and PGKE",GGK+PGK + E,KW,CV1,10,CS12_WS,0.621038362826854,5,126.3987688064576
8,Eta8,Combined baseline,Combined G + P pathway,Gaussian,Without W,Combined Gaussian + E,E + GGK + PGK + GGKE + PGKE,"Gaussian combined genomic + phenomic model with environment, GGKE, and PGKE",GGK+PGK + E,KW,CV1,10,CS12_WW,0.6211020197353904,5,126.3987688064576
8,Eta8,Combined baseline,Combined G + P pathway,Gaussian,Without W,Combined Gaussian + E,E + GGK + PGK + GGKE + PGKE,"Gaussian combined genomic + phenomic model with environment, GGKE, and PGKE",GGK+PGK + E,KW,CV2,1,CS11_WS,0.9947893149797269,5,137.9171587467194
8,Eta8,Combined baseline,Combined G + P pathway,Gaussian,Without W,Combined Gaussian + E,E + GGK + PGK + GGKE + PGKE,"Gaussian combined genomic + phenomic model with environment, GGKE, and PGKE",GGK+PGK + E,KW,CV2,1,CS11_WW,0.989422370695257,5,137.9171587467194
8,Eta8,Combined baseline,Combined G + P pathway,Gaussian,Without W,Combined Gaussian + E,E + GGK + PGK + GGKE + PGKE,"Gaussian combined genomic + phenomic model with environment, GGKE, and PGKE",GGK+PGK + E,KW,CV2,1,CS12_WS,0.994132430412051,5,137.9171587467194
8,Eta8,Combined baseline,Combined G + P pathway,Gaussian,Without W,Combined Gaussian + E,E + GGK + PGK + GGKE + PGKE,"Gaussian combined genomic + phenomic model with environment, GGKE, and PGKE",GGK+PGK + E,KW,CV2,1,CS12_WW,0.994339553275896,5,137.9171587467194
8,Eta8,Combined baseline,Combined G + P pathway,Gaussian,Without W,Combined Gaussian + E,E + GGK + PGK + GGKE + PGKE,"Gaussian combined genomic + phenomic model with environment, GGKE, and PGKE",GGK+PGK + E,KW,CV2,2,CS11_WS,0.9946534052725792,5,159.4770815849304
8,Eta8,Combined baseline,Combined G + P pathway,Gaussian,Without W,Combined Gaussian + E,E + GGK + PGK + GGKE + PGKE,"Gaussian combined genomic + phenomic model with environment, GGKE, and PGKE",GGK+PGK + E,KW,CV2,2,CS11_WW,0.9892548462426378,5,159.4770815849304
8,Eta8,Combined baseline,Combined G + P pathway,Gaussian,Without W,Combined Gaussian + E,E + GGK + PGK + GGKE + PGKE,"Gaussian combined genomic + phenomic model with environment, GGKE, and PGKE",GGK+PGK + E,KW,CV2,2,CS12_WS,0.9941250385812186,5,159.4770815849304
8,Eta8,Combined baseline,Combined G + P pathway,Gaussian,Without W,Combined Gaussian + E,E + GGK + PGK + GGKE + PGKE,"Gaussian combined genomic + phenomic model with environment, GGKE, and PGKE",GGK+PGK + E,KW,CV2,2,CS12_WW,0.9944879594471466,5,159.4770815849304
8,Eta8,Combined baseline,Combined G + P pathway,Gaussian,Without W,Combined Gaussian + E,E + GGK + PGK + GGKE + PGKE,"Gaussian combined genomic + phenomic model with environment, GGKE, and PGKE",GGK+PGK + E,KW,CV2,3,CS11_WS,0.994765116235329,5,161.4453143596648
8,Eta8,Combined baseline,Combined G + P pathway,Gaussian,Without W,Combined Gaussian + E,E + GGK + PGK + GGKE + PGKE,"Gaussian combined genomic + phenomic model with environment, GGKE, and PGKE",GGK+PGK + E,KW,CV2,3,CS11_WW,0.989406971361501,5,161.4453143596648
8,Eta8,Combined baseline,Combined G + P pathway,Gaussian,Without W,Combined Gaussian + E,E + GGK + PGK + GGKE + PGKE,"Gaussian combined genomic + phenomic model with environment, GGKE, and PGKE",GGK+PGK + E,KW,CV2,3,CS12_WS,0.9940556322872356,5,161.4453143596648
8,Eta8,Combined baseline,Combined G + P pathway,Gaussian,Without W,Combined Gaussian + E,E + GGK + PGK + GGKE + PGKE,"Gaussian combined genomic + phenomic model with environment, GGKE, and PGKE",GGK+PGK + E,KW,CV2,3,CS12_WW,0.9944644276933452,5,161.4453143596648
8,Eta8,Combined baseline,Combined G + P pathway,Gaussian,Without W,Combined Gaussian + E,E + GGK + PGK + GGKE + PGKE,"Gaussian combined genomic + phenomic model with environment, GGKE, and PGKE",GGK+PGK + E,KW,CV2,4,CS11_WS,0.9945968974136503,5,137.0216476917266
8,Eta8,Combined baseline,Combined G + P pathway,Gaussian,Without W,Combined Gaussian + E,E + GGK + PGK + GGKE + PGKE,"Gaussian combined genomic + phenomic model with environment, GGKE, and PGKE",GGK+PGK + E,KW,CV2,4,CS11_WW,0.989184589100448,5,137.0216476917266
8,Eta8,Combined baseline,Combined G + P pathway,Gaussian,Without W,Combined Gaussian + E,E + GGK + PGK + GGKE + PGKE,"Gaussian combined genomic + phenomic model with environment, GGKE, and PGKE",GGK+PGK + E,KW,CV2,4,CS12_WS,0.9940576034712875,5,137.0216476917266
8,Eta8,Combined baseline,Combined G + P pathway,Gaussian,Without W,Combined Gaussian + E,E + GGK + PGK + GGKE + PGKE,"Gaussian combined genomic + phenomic model with environment, GGKE, and PGKE",GGK+PGK + E,KW,CV2,4,CS12_WW,0.9944551759390405,5,137.0216476917266
8,Eta8,Combined baseline,Combined G + P pathway,Gaussian,Without W,Combined Gaussian + E,E + GGK + PGK + GGKE + PGKE,"Gaussian combined genomic + phenomic model with environment, GGKE, and PGKE",GGK+PGK + E,KW,CV2,5,CS11_WS,0.9945929242814667,5,160.9244664192198
8,Eta8,Combined baseline,Combined G + P pathway,Gaussian,Without W,Combined Gaussian + E,E + GGK + PGK + GGKE + PGKE,"Gaussian combined genomic + phenomic model with environment, GGKE, and PGKE",GGK+PGK + E,KW,CV2,5,CS11_WW,0.9892489441491472,5,160.9244664192198
8,Eta8,Combined baseline,Combined G + P pathway,Gaussian,Without W,Combined Gaussian + E,E + GGK + PGK + GGKE + PGKE,"Gaussian combined genomic + phenomic model with environment, GGKE, and PGKE",GGK+PGK + E,KW,CV2,5,CS12_WS,0.9941174552140467,5,160.9244664192198
8,Eta8,Combined baseline,Combined G + P pathway,Gaussian,Without W,Combined Gaussian + E,E + GGK + PGK + GGKE + PGKE,"Gaussian combined genomic + phenomic model with environment, GGKE, and PGKE",GGK+PGK + E,KW,CV2,5,CS12_WW,0.9944778543168044,5,160.9244664192198
8,Eta8,Combined baseline,Combined G + P pathway,Gaussian,Without W,Combined Gaussian + E,E + GGK + PGK + GGKE + PGKE,"Gaussian combined genomic + phenomic model with environment, GGKE, and PGKE",GGK+PGK + E,KW,CV2,6,CS11_WS,0.9946379204404557,5,138.02477722167978
8,Eta8,Combined baseline,Combined G + P pathway,Gaussian,Without W,Combined Gaussian + E,E + GGK + PGK + GGKE + PGKE,"Gaussian combined genomic + phenomic model with environment, GGKE, and PGKE",GGK+PGK + E,KW,CV2,6,CS11_WW,0.9892904359169732,5,138.02477722167978
8,Eta8,Combined baseline,Combined G + P pathway,Gaussian,Without W,Combined Gaussian + E,E + GGK + PGK + GGKE + PGKE,"Gaussian combined genomic + phenomic model with environment, GGKE, and PGKE",GGK+PGK + E,KW,CV2,6,CS12_WS,0.9942164063093,5,138.02477722167978
8,Eta8,Combined baseline,Combined G + P pathway,Gaussian,Without W,Combined Gaussian + E,E + GGK + PGK + GGKE + PGKE,"Gaussian combined genomic + phenomic model with environment, GGKE, and PGKE",GGK+PGK + E,KW,CV2,6,CS12_WW,0.994457283199455,5,138.02477722167978
8,Eta8,Combined baseline,Combined G + P pathway,Gaussian,Without W,Combined Gaussian + E,E + GGK + PGK + GGKE + PGKE,"Gaussian combined genomic + phenomic model with environment, GGKE, and PGKE",GGK+PGK + E,KW,CV2,7,CS11_WS,0.994632816206804,5,161.6927503585816
8,Eta8,Combined baseline,Combined G + P pathway,Gaussian,Without W,Combined Gaussian + E,E + GGK + PGK + GGKE + PGKE,"Gaussian combined genomic + phenomic model with environment, GGKE, and PGKE",GGK+PGK + E,KW,CV2,7,CS11_WW,0.9891854658532914,5,161.6927503585816
8,Eta8,Combined baseline,Combined G + P pathway,Gaussian,Without W,Combined Gaussian + E,E + GGK + PGK + GGKE + PGKE,"Gaussian combined genomic + phenomic model with environment, GGKE, and PGKE",GGK+PGK + E,KW,CV2,7,CS12_WS,0.9940822234384686,5,161.6927503585816
8,Eta8,Combined baseline,Combined G + P pathway,Gaussian,Without W,Combined Gaussian + E,E + GGK + PGK + GGKE + PGKE,"Gaussian combined genomic + phenomic model with environment, GGKE, and PGKE",GGK+PGK + E,KW,CV2,7,CS12_WW,0.9944977745310801,5,161.6927503585816
8,Eta8,Combined baseline,Combined G + P pathway,Gaussian,Without W,Combined Gaussian + E,E + GGK + PGK + GGKE + PGKE,"Gaussian combined genomic + phenomic model with environment, GGKE, and PGKE",GGK+PGK + E,KW,CV2,8,CS11_WS,0.994714926782158,5,137.4485276222228
8,Eta8,Combined baseline,Combined G + P pathway,Gaussian,Without W,Combined Gaussian + E,E + GGK + PGK + GGKE + PGKE,"Gaussian combined genomic + phenomic model with environment, GGKE, and PGKE",GGK+PGK + E,KW,CV2,8,CS11_WW,0.989243953343205,5,137.4485276222228
8,Eta8,Combined baseline,Combined G + P pathway,Gaussian,Without W,Combined Gaussian + E,E + GGK + PGK + GGKE + PGKE,"Gaussian combined genomic + phenomic model with environment, GGKE, and PGKE",GGK+PGK + E,KW,CV2,8,CS12_WS,0.9941360671209306,5,137.4485276222228
8,Eta8,Combined baseline,Combined G + P pathway,Gaussian,Without W,Combined Gaussian + E,E + GGK + PGK + GGKE + PGKE,"Gaussian combined genomic + phenomic model with environment, GGKE, and PGKE",GGK+PGK + E,KW,CV2,8,CS12_WW,0.9944106348161039,5,137.4485276222228
8,Eta8,Combined baseline,Combined G + P pathway,Gaussian,Without W,Combined Gaussian + E,E + GGK + PGK + GGKE + PGKE,"Gaussian combined genomic + phenomic model with environment, GGKE, and PGKE",GGK+PGK + E,KW,CV2,9,CS11_WS,0.9946881007984107,5,136.5566573619842
8,Eta8,Combined baseline,Combined G + P pathway,Gaussian,Without W,Combined Gaussian + E,E + GGK + PGK + GGKE + PGKE,"Gaussian combined genomic + phenomic model with environment, GGKE, and PGKE",GGK+PGK + E,KW,CV2,9,CS11_WW,0.9893267035747249,5,136.5566573619842
8,Eta8,Combined baseline,Combined G + P pathway,Gaussian,Without W,Combined Gaussian + E,E + GGK + PGK + GGKE + PGKE,"Gaussian combined genomic + phenomic model with environment, GGKE, and PGKE",GGK+PGK + E,KW,CV2,9,CS12_WS,0.9941160454427944,5,136.5566573619842
8,Eta8,Combined baseline,Combined G + P pathway,Gaussian,Without W,Combined Gaussian + E,E + GGK + PGK + GGKE + PGKE,"Gaussian combined genomic + phenomic model with environment, GGKE, and PGKE",GGK+PGK + E,KW,CV2,9,CS12_WW,0.9944254641905461,5,136.5566573619842
8,Eta8,Combined baseline,Combined G + P pathway,Gaussian,Without W,Combined Gaussian + E,E + GGK + PGK + GGKE + PGKE,"Gaussian combined genomic + phenomic model with environment, GGKE, and PGKE",GGK+PGK + E,KW,CV2,10,CS11_WS,0.9946807928404438,5,126.3987688064576
8,Eta8,Combined baseline,Combined G + P pathway,Gaussian,Without W,Combined Gaussian + E,E + GGK + PGK + GGKE + PGKE,"Gaussian combined genomic + phenomic model with environment, GGKE, and PGKE",GGK+PGK + E,KW,CV2,10,CS11_WW,0.9893314738760941,5,126.3987688064576
8,Eta8,Combined baseline,Combined G + P pathway,Gaussian,Without W,Combined Gaussian + E,E + GGK + PGK + GGKE + PGKE,"Gaussian combined genomic + phenomic model with environment, GGKE, and PGKE",GGK+PGK + E,KW,CV2,10,CS12_WS,0.994153071840495,5,126.3987688064576
8,Eta8,Combined baseline,Combined G + P pathway,Gaussian,Without W,Combined Gaussian + E,E + GGK + PGK + GGKE + PGKE,"Gaussian combined genomic + phenomic model with environment, GGKE, and PGKE",GGK+PGK + E,KW,CV2,10,CS12_WW,0.99443946671091,5,126.3987688064576
9,Eta9,Combined baseline,Combined G + P pathway,Arc-cosine,Without W,Combined arc-cosine + E,E + GAK + PAK + GAKE + PAKE,"Arc-cosine combined genomic + phenomic model with environment, GAKE, and PAKE",GAK+PAK + E,GY,CV1,1,CS11_WS,0.6984425201042403,5,164.6622047424314
9,Eta9,Combined baseline,Combined G + P pathway,Arc-cosine,Without W,Combined arc-cosine + E,E + GAK + PAK + GAKE + PAKE,"Arc-cosine combined genomic + phenomic model with environment, GAKE, and PAKE",GAK+PAK + E,GY,CV1,1,CS11_WW,0.7016674426045474,5,164.6622047424314
9,Eta9,Combined baseline,Combined G + P pathway,Arc-cosine,Without W,Combined arc-cosine + E,E + GAK + PAK + GAKE + PAKE,"Arc-cosine combined genomic + phenomic model with environment, GAKE, and PAKE",GAK+PAK + E,GY,CV1,1,CS12_WS,0.6773537961935182,5,164.6622047424314
9,Eta9,Combined baseline,Combined G + P pathway,Arc-cosine,Without W,Combined arc-cosine + E,E + GAK + PAK + GAKE + PAKE,"Arc-cosine combined genomic + phenomic model with environment, GAKE, and PAKE",GAK+PAK + E,GY,CV1,1,CS12_WW,0.6826305565510891,5,164.6622047424314
9,Eta9,Combined baseline,Combined G + P pathway,Arc-cosine,Without W,Combined arc-cosine + E,E + GAK + PAK + GAKE + PAKE,"Arc-cosine combined genomic + phenomic model with environment, GAKE, and PAKE",GAK+PAK + E,GY,CV1,2,CS11_WS,0.7198151380093684,5,138.5257644176484
9,Eta9,Combined baseline,Combined G + P pathway,Arc-cosine,Without W,Combined arc-cosine + E,E + GAK + PAK + GAKE + PAKE,"Arc-cosine combined genomic + phenomic model with environment, GAKE, and PAKE",GAK+PAK + E,GY,CV1,2,CS11_WW,0.7028900777449569,5,138.5257644176484
9,Eta9,Combined baseline,Combined G + P pathway,Arc-cosine,Without W,Combined arc-cosine + E,E + GAK + PAK + GAKE + PAKE,"Arc-cosine combined genomic + phenomic model with environment, GAKE, and PAKE",GAK+PAK + E,GY,CV1,2,CS12_WS,0.686768434198253,5,138.5257644176484
9,Eta9,Combined baseline,Combined G + P pathway,Arc-cosine,Without W,Combined arc-cosine + E,E + GAK + PAK + GAKE + PAKE,"Arc-cosine combined genomic + phenomic model with environment, GAKE, and PAKE",GAK+PAK + E,GY,CV1,2,CS12_WW,0.6656136781610104,5,138.5257644176484
9,Eta9,Combined baseline,Combined G + P pathway,Arc-cosine,Without W,Combined arc-cosine + E,E + GAK + PAK + GAKE + PAKE,"Arc-cosine combined genomic + phenomic model with environment, GAKE, and PAKE",GAK+PAK + E,GY,CV1,3,CS11_WS,0.7009519949807975,5,138.4873592376708
9,Eta9,Combined baseline,Combined G + P pathway,Arc-cosine,Without W,Combined arc-cosine + E,E + GAK + PAK + GAKE + PAKE,"Arc-cosine combined genomic + phenomic model with environment, GAKE, and PAKE",GAK+PAK + E,GY,CV1,3,CS11_WW,0.7110339835165198,5,138.4873592376708
9,Eta9,Combined baseline,Combined G + P pathway,Arc-cosine,Without W,Combined arc-cosine + E,E + GAK + PAK + GAKE + PAKE,"Arc-cosine combined genomic + phenomic model with environment, GAKE, and PAKE",GAK+PAK + E,GY,CV1,3,CS12_WS,0.6973809092489116,5,138.4873592376708
9,Eta9,Combined baseline,Combined G + P pathway,Arc-cosine,Without W,Combined arc-cosine + E,E + GAK + PAK + GAKE + PAKE,"Arc-cosine combined genomic + phenomic model with environment, GAKE, and PAKE",GAK+PAK + E,GY,CV1,3,CS12_WW,0.6670988478916821,5,138.4873592376708
9,Eta9,Combined baseline,Combined G + P pathway,Arc-cosine,Without W,Combined arc-cosine + E,E + GAK + PAK + GAKE + PAKE,"Arc-cosine combined genomic + phenomic model with environment, GAKE, and PAKE",GAK+PAK + E,GY,CV1,4,CS11_WS,0.7393086532972545,5,137.2965049743652
9,Eta9,Combined baseline,Combined G + P pathway,Arc-cosine,Without W,Combined arc-cosine + E,E + GAK + PAK + GAKE + PAKE,"Arc-cosine combined genomic + phenomic model with environment, GAKE, and PAKE",GAK+PAK + E,GY,CV1,4,CS11_WW,0.71248038455024,5,137.2965049743652
9,Eta9,Combined baseline,Combined G + P pathway,Arc-cosine,Without W,Combined arc-cosine + E,E + GAK + PAK + GAKE + PAKE,"Arc-cosine combined genomic + phenomic model with environment, GAKE, and PAKE",GAK+PAK + E,GY,CV1,4,CS12_WS,0.6968051321045804,5,137.2965049743652
9,Eta9,Combined baseline,Combined G + P pathway,Arc-cosine,Without W,Combined arc-cosine + E,E + GAK + PAK + GAKE + PAKE,"Arc-cosine combined genomic + phenomic model with environment, GAKE, and PAKE",GAK+PAK + E,GY,CV1,4,CS12_WW,0.6976604760143392,5,137.2965049743652
9,Eta9,Combined baseline,Combined G + P pathway,Arc-cosine,Without W,Combined arc-cosine + E,E + GAK + PAK + GAKE + PAKE,"Arc-cosine combined genomic + phenomic model with environment, GAKE, and PAKE",GAK+PAK + E,GY,CV1,5,CS11_WS,0.7433455566091344,5,136.9861528873444
9,Eta9,Combined baseline,Combined G + P pathway,Arc-cosine,Without W,Combined arc-cosine + E,E + GAK + PAK + GAKE + PAKE,"Arc-cosine combined genomic + phenomic model with environment, GAKE, and PAKE",GAK+PAK + E,GY,CV1,5,CS11_WW,0.7187433416137046,5,136.9861528873444
9,Eta9,Combined baseline,Combined G + P pathway,Arc-cosine,Without W,Combined arc-cosine + E,E + GAK + PAK + GAKE + PAKE,"Arc-cosine combined genomic + phenomic model with environment, GAKE, and PAKE",GAK+PAK + E,GY,CV1,5,CS12_WS,0.7016927791638234,5,136.9861528873444
9,Eta9,Combined baseline,Combined G + P pathway,Arc-cosine,Without W,Combined arc-cosine + E,E + GAK + PAK + GAKE + PAKE,"Arc-cosine combined genomic + phenomic model with environment, GAKE, and PAKE",GAK+PAK + E,GY,CV1,5,CS12_WW,0.7010649107394632,5,136.9861528873444
9,Eta9,Combined baseline,Combined G + P pathway,Arc-cosine,Without W,Combined arc-cosine + E,E + GAK + PAK + GAKE + PAKE,"Arc-cosine combined genomic + phenomic model with environment, GAKE, and PAKE",GAK+PAK + E,GY,CV1,6,CS11_WS,0.7153847248645162,5,161.7398993492124
9,Eta9,Combined baseline,Combined G + P pathway,Arc-cosine,Without W,Combined arc-cosine + E,E + GAK + PAK + GAKE + PAKE,"Arc-cosine combined genomic + phenomic model with environment, GAKE, and PAKE",GAK+PAK + E,GY,CV1,6,CS11_WW,0.7103695290815117,5,161.7398993492124
9,Eta9,Combined baseline,Combined G + P pathway,Arc-cosine,Without W,Combined arc-cosine + E,E + GAK + PAK + GAKE + PAKE,"Arc-cosine combined genomic + phenomic model with environment, GAKE, and PAKE",GAK+PAK + E,GY,CV1,6,CS12_WS,0.6960819665168648,5,161.7398993492124
9,Eta9,Combined baseline,Combined G + P pathway,Arc-cosine,Without W,Combined arc-cosine + E,E + GAK + PAK + GAKE + PAKE,"Arc-cosine combined genomic + phenomic model with environment, GAKE, and PAKE",GAK+PAK + E,GY,CV1,6,CS12_WW,0.687758293084425,5,161.7398993492124
9,Eta9,Combined baseline,Combined G + P pathway,Arc-cosine,Without W,Combined arc-cosine + E,E + GAK + PAK + GAKE + PAKE,"Arc-cosine combined genomic + phenomic model with environment, GAKE, and PAKE",GAK+PAK + E,GY,CV1,7,CS11_WS,0.7116937648315799,5,138.6692646026612
9,Eta9,Combined baseline,Combined G + P pathway,Arc-cosine,Without W,Combined arc-cosine + E,E + GAK + PAK + GAKE + PAKE,"Arc-cosine combined genomic + phenomic model with environment, GAKE, and PAKE",GAK+PAK + E,GY,CV1,7,CS11_WW,0.703935276359404,5,138.6692646026612
9,Eta9,Combined baseline,Combined G + P pathway,Arc-cosine,Without W,Combined arc-cosine + E,E + GAK + PAK + GAKE + PAKE,"Arc-cosine combined genomic + phenomic model with environment, GAKE, and PAKE",GAK+PAK + E,GY,CV1,7,CS12_WS,0.680837792558971,5,138.6692646026612
9,Eta9,Combined baseline,Combined G + P pathway,Arc-cosine,Without W,Combined arc-cosine + E,E + GAK + PAK + GAKE + PAKE,"Arc-cosine combined genomic + phenomic model with environment, GAKE, and PAKE",GAK+PAK + E,GY,CV1,7,CS12_WW,0.6837739376624279,5,138.6692646026612
9,Eta9,Combined baseline,Combined G + P pathway,Arc-cosine,Without W,Combined arc-cosine + E,E + GAK + PAK + GAKE + PAKE,"Arc-cosine combined genomic + phenomic model with environment, GAKE, and PAKE",GAK+PAK + E,GY,CV1,8,CS11_WS,0.7381613657234418,5,136.9967638492584
9,Eta9,Combined baseline,Combined G + P pathway,Arc-cosine,Without W,Combined arc-cosine + E,E + GAK + PAK + GAKE + PAKE,"Arc-cosine combined genomic + phenomic model with environment, GAKE, and PAKE",GAK+PAK + E,GY,CV1,8,CS11_WW,0.7302410133783137,5,136.9967638492584
9,Eta9,Combined baseline,Combined G + P pathway,Arc-cosine,Without W,Combined arc-cosine + E,E + GAK + PAK + GAKE + PAKE,"Arc-cosine combined genomic + phenomic model with environment, GAKE, and PAKE",GAK+PAK + E,GY,CV1,8,CS12_WS,0.6957245991927532,5,136.9967638492584
9,Eta9,Combined baseline,Combined G + P pathway,Arc-cosine,Without W,Combined arc-cosine + E,E + GAK + PAK + GAKE + PAKE,"Arc-cosine combined genomic + phenomic model with environment, GAKE, and PAKE",GAK+PAK + E,GY,CV1,8,CS12_WW,0.6663643713064937,5,136.9967638492584
9,Eta9,Combined baseline,Combined G + P pathway,Arc-cosine,Without W,Combined arc-cosine + E,E + GAK + PAK + GAKE + PAKE,"Arc-cosine combined genomic + phenomic model with environment, GAKE, and PAKE",GAK+PAK + E,GY,CV1,9,CS11_WS,0.7397708971210842,5,158.4271592140196
9,Eta9,Combined baseline,Combined G + P pathway,Arc-cosine,Without W,Combined arc-cosine + E,E + GAK + PAK + GAKE + PAKE,"Arc-cosine combined genomic + phenomic model with environment, GAKE, and PAKE",GAK+PAK + E,GY,CV1,9,CS11_WW,0.711130265110414,5,158.4271592140196
9,Eta9,Combined baseline,Combined G + P pathway,Arc-cosine,Without W,Combined arc-cosine + E,E + GAK + PAK + GAKE + PAKE,"Arc-cosine combined genomic + phenomic model with environment, GAKE, and PAKE",GAK+PAK + E,GY,CV1,9,CS12_WS,0.6888120196074522,5,158.4271592140196
9,Eta9,Combined baseline,Combined G + P pathway,Arc-cosine,Without W,Combined arc-cosine + E,E + GAK + PAK + GAKE + PAKE,"Arc-cosine combined genomic + phenomic model with environment, GAKE, and PAKE",GAK+PAK + E,GY,CV1,9,CS12_WW,0.6650717227731068,5,158.4271592140196
9,Eta9,Combined baseline,Combined G + P pathway,Arc-cosine,Without W,Combined arc-cosine + E,E + GAK + PAK + GAKE + PAKE,"Arc-cosine combined genomic + phenomic model with environment, GAKE, and PAKE",GAK+PAK + E,GY,CV1,10,CS11_WS,0.7521844895787212,5,158.0029174804688
9,Eta9,Combined baseline,Combined G + P pathway,Arc-cosine,Without W,Combined arc-cosine + E,E + GAK + PAK + GAKE + PAKE,"Arc-cosine combined genomic + phenomic model with environment, GAKE, and PAKE",GAK+PAK + E,GY,CV1,10,CS11_WW,0.732345262298536,5,158.0029174804688
9,Eta9,Combined baseline,Combined G + P pathway,Arc-cosine,Without W,Combined arc-cosine + E,E + GAK + PAK + GAKE + PAKE,"Arc-cosine combined genomic + phenomic model with environment, GAKE, and PAKE",GAK+PAK + E,GY,CV1,10,CS12_WS,0.6970456676097828,5,158.0029174804688
9,Eta9,Combined baseline,Combined G + P pathway,Arc-cosine,Without W,Combined arc-cosine + E,E + GAK + PAK + GAKE + PAKE,"Arc-cosine combined genomic + phenomic model with environment, GAKE, and PAKE",GAK+PAK + E,GY,CV1,10,CS12_WW,0.6915172350888384,5,158.0029174804688
9,Eta9,Combined baseline,Combined G + P pathway,Arc-cosine,Without W,Combined arc-cosine + E,E + GAK + PAK + GAKE + PAKE,"Arc-cosine combined genomic + phenomic model with environment, GAKE, and PAKE",GAK+PAK + E,GY,CV2,1,CS11_WS,0.9592211405874977,5,164.6622047424314
9,Eta9,Combined baseline,Combined G + P pathway,Arc-cosine,Without W,Combined arc-cosine + E,E + GAK + PAK + GAKE + PAKE,"Arc-cosine combined genomic + phenomic model with environment, GAKE, and PAKE",GAK+PAK + E,GY,CV2,1,CS11_WW,0.9569925897914416,5,164.6622047424314
9,Eta9,Combined baseline,Combined G + P pathway,Arc-cosine,Without W,Combined arc-cosine + E,E + GAK + PAK + GAKE + PAKE,"Arc-cosine combined genomic + phenomic model with environment, GAKE, and PAKE",GAK+PAK + E,GY,CV2,1,CS12_WS,0.9825208084899677,5,164.6622047424314
9,Eta9,Combined baseline,Combined G + P pathway,Arc-cosine,Without W,Combined arc-cosine + E,E + GAK + PAK + GAKE + PAKE,"Arc-cosine combined genomic + phenomic model with environment, GAKE, and PAKE",GAK+PAK + E,GY,CV2,1,CS12_WW,0.9647852805755857,5,164.6622047424314
9,Eta9,Combined baseline,Combined G + P pathway,Arc-cosine,Without W,Combined arc-cosine + E,E + GAK + PAK + GAKE + PAKE,"Arc-cosine combined genomic + phenomic model with environment, GAKE, and PAKE",GAK+PAK + E,GY,CV2,2,CS11_WS,0.9600388186988666,5,138.5257644176484
9,Eta9,Combined baseline,Combined G + P pathway,Arc-cosine,Without W,Combined arc-cosine + E,E + GAK + PAK + GAKE + PAKE,"Arc-cosine combined genomic + phenomic model with environment, GAKE, and PAKE",GAK+PAK + E,GY,CV2,2,CS11_WW,0.9571882805511438,5,138.5257644176484
9,Eta9,Combined baseline,Combined G + P pathway,Arc-cosine,Without W,Combined arc-cosine + E,E + GAK + PAK + GAKE + PAKE,"Arc-cosine combined genomic + phenomic model with environment, GAKE, and PAKE",GAK+PAK + E,GY,CV2,2,CS12_WS,0.9827618817447595,5,138.5257644176484
9,Eta9,Combined baseline,Combined G + P pathway,Arc-cosine,Without W,Combined arc-cosine + E,E + GAK + PAK + GAKE + PAKE,"Arc-cosine combined genomic + phenomic model with environment, GAKE, and PAKE",GAK+PAK + E,GY,CV2,2,CS12_WW,0.9649626766055588,5,138.5257644176484
9,Eta9,Combined baseline,Combined G + P pathway,Arc-cosine,Without W,Combined arc-cosine + E,E + GAK + PAK + GAKE + PAKE,"Arc-cosine combined genomic + phenomic model with environment, GAKE, and PAKE",GAK+PAK + E,GY,CV2,3,CS11_WS,0.958651843424222,5,138.4873592376708
9,Eta9,Combined baseline,Combined G + P pathway,Arc-cosine,Without W,Combined arc-cosine + E,E + GAK + PAK + GAKE + PAKE,"Arc-cosine combined genomic + phenomic model with environment, GAKE, and PAKE",GAK+PAK + E,GY,CV2,3,CS11_WW,0.9567538241681335,5,138.4873592376708
9,Eta9,Combined baseline,Combined G + P pathway,Arc-cosine,Without W,Combined arc-cosine + E,E + GAK + PAK + GAKE + PAKE,"Arc-cosine combined genomic + phenomic model with environment, GAKE, and PAKE",GAK+PAK + E,GY,CV2,3,CS12_WS,0.9825169027737959,5,138.4873592376708
9,Eta9,Combined baseline,Combined G + P pathway,Arc-cosine,Without W,Combined arc-cosine + E,E + GAK + PAK + GAKE + PAKE,"Arc-cosine combined genomic + phenomic model with environment, GAKE, and PAKE",GAK+PAK + E,GY,CV2,3,CS12_WW,0.9648292748090406,5,138.4873592376708
9,Eta9,Combined baseline,Combined G + P pathway,Arc-cosine,Without W,Combined arc-cosine + E,E + GAK + PAK + GAKE + PAKE,"Arc-cosine combined genomic + phenomic model with environment, GAKE, and PAKE",GAK+PAK + E,GY,CV2,4,CS11_WS,0.9591198287067371,5,137.2965049743652
9,Eta9,Combined baseline,Combined G + P pathway,Arc-cosine,Without W,Combined arc-cosine + E,E + GAK + PAK + GAKE + PAKE,"Arc-cosine combined genomic + phenomic model with environment, GAKE, and PAKE",GAK+PAK + E,GY,CV2,4,CS11_WW,0.9569748012922655,5,137.2965049743652
9,Eta9,Combined baseline,Combined G + P pathway,Arc-cosine,Without W,Combined arc-cosine + E,E + GAK + PAK + GAKE + PAKE,"Arc-cosine combined genomic + phenomic model with environment, GAKE, and PAKE",GAK+PAK + E,GY,CV2,4,CS12_WS,0.9824827285912431,5,137.2965049743652
9,Eta9,Combined baseline,Combined G + P pathway,Arc-cosine,Without W,Combined arc-cosine + E,E + GAK + PAK + GAKE + PAKE,"Arc-cosine combined genomic + phenomic model with environment, GAKE, and PAKE",GAK+PAK + E,GY,CV2,4,CS12_WW,0.9642665294033147,5,137.2965049743652
9,Eta9,Combined baseline,Combined G + P pathway,Arc-cosine,Without W,Combined arc-cosine + E,E + GAK + PAK + GAKE + PAKE,"Arc-cosine combined genomic + phenomic model with environment, GAKE, and PAKE",GAK+PAK + E,GY,CV2,5,CS11_WS,0.9583629408323228,5,136.9861528873444
9,Eta9,Combined baseline,Combined G + P pathway,Arc-cosine,Without W,Combined arc-cosine + E,E + GAK + PAK + GAKE + PAKE,"Arc-cosine combined genomic + phenomic model with environment, GAKE, and PAKE",GAK+PAK + E,GY,CV2,5,CS11_WW,0.9559246614477367,5,136.9861528873444
9,Eta9,Combined baseline,Combined G + P pathway,Arc-cosine,Without W,Combined arc-cosine + E,E + GAK + PAK + GAKE + PAKE,"Arc-cosine combined genomic + phenomic model with environment, GAKE, and PAKE",GAK+PAK + E,GY,CV2,5,CS12_WS,0.9820035653959838,5,136.9861528873444
9,Eta9,Combined baseline,Combined G + P pathway,Arc-cosine,Without W,Combined arc-cosine + E,E + GAK + PAK + GAKE + PAKE,"Arc-cosine combined genomic + phenomic model with environment, GAKE, and PAKE",GAK+PAK + E,GY,CV2,5,CS12_WW,0.9638530512110901,5,136.9861528873444
9,Eta9,Combined baseline,Combined G + P pathway,Arc-cosine,Without W,Combined arc-cosine + E,E + GAK + PAK + GAKE + PAKE,"Arc-cosine combined genomic + phenomic model with environment, GAKE, and PAKE",GAK+PAK + E,GY,CV2,6,CS11_WS,0.9594540016286046,5,161.7398993492124
9,Eta9,Combined baseline,Combined G + P pathway,Arc-cosine,Without W,Combined arc-cosine + E,E + GAK + PAK + GAKE + PAKE,"Arc-cosine combined genomic + phenomic model with environment, GAKE, and PAKE",GAK+PAK + E,GY,CV2,6,CS11_WW,0.9572346877791705,5,161.7398993492124
9,Eta9,Combined baseline,Combined G + P pathway,Arc-cosine,Without W,Combined arc-cosine + E,E + GAK + PAK + GAKE + PAKE,"Arc-cosine combined genomic + phenomic model with environment, GAKE, and PAKE",GAK+PAK + E,GY,CV2,6,CS12_WS,0.9825840979697563,5,161.7398993492124
9,Eta9,Combined baseline,Combined G + P pathway,Arc-cosine,Without W,Combined arc-cosine + E,E + GAK + PAK + GAKE + PAKE,"Arc-cosine combined genomic + phenomic model with environment, GAKE, and PAKE",GAK+PAK + E,GY,CV2,6,CS12_WW,0.964762290761388,5,161.7398993492124
9,Eta9,Combined baseline,Combined G + P pathway,Arc-cosine,Without W,Combined arc-cosine + E,E + GAK + PAK + GAKE + PAKE,"Arc-cosine combined genomic + phenomic model with environment, GAKE, and PAKE",GAK+PAK + E,GY,CV2,7,CS11_WS,0.9591482132055134,5,138.6692646026612
9,Eta9,Combined baseline,Combined G + P pathway,Arc-cosine,Without W,Combined arc-cosine + E,E + GAK + PAK + GAKE + PAKE,"Arc-cosine combined genomic + phenomic model with environment, GAKE, and PAKE",GAK+PAK + E,GY,CV2,7,CS11_WW,0.956502960218898,5,138.6692646026612
9,Eta9,Combined baseline,Combined G + P pathway,Arc-cosine,Without W,Combined arc-cosine + E,E + GAK + PAK + GAKE + PAKE,"Arc-cosine combined genomic + phenomic model with environment, GAKE, and PAKE",GAK+PAK + E,GY,CV2,7,CS12_WS,0.9821768162321021,5,138.6692646026612
9,Eta9,Combined baseline,Combined G + P pathway,Arc-cosine,Without W,Combined arc-cosine + E,E + GAK + PAK + GAKE + PAKE,"Arc-cosine combined genomic + phenomic model with environment, GAKE, and PAKE",GAK+PAK + E,GY,CV2,7,CS12_WW,0.9641905233843859,5,138.6692646026612
9,Eta9,Combined baseline,Combined G + P pathway,Arc-cosine,Without W,Combined arc-cosine + E,E + GAK + PAK + GAKE + PAKE,"Arc-cosine combined genomic + phenomic model with environment, GAKE, and PAKE",GAK+PAK + E,GY,CV2,8,CS11_WS,0.9596360546481435,5,136.9967638492584
9,Eta9,Combined baseline,Combined G + P pathway,Arc-cosine,Without W,Combined arc-cosine + E,E + GAK + PAK + GAKE + PAKE,"Arc-cosine combined genomic + phenomic model with environment, GAKE, and PAKE",GAK+PAK + E,GY,CV2,8,CS11_WW,0.9572648055628328,5,136.9967638492584
9,Eta9,Combined baseline,Combined G + P pathway,Arc-cosine,Without W,Combined arc-cosine + E,E + GAK + PAK + GAKE + PAKE,"Arc-cosine combined genomic + phenomic model with environment, GAKE, and PAKE",GAK+PAK + E,GY,CV2,8,CS12_WS,0.9824652621653245,5,136.9967638492584
9,Eta9,Combined baseline,Combined G + P pathway,Arc-cosine,Without W,Combined arc-cosine + E,E + GAK + PAK + GAKE + PAKE,"Arc-cosine combined genomic + phenomic model with environment, GAKE, and PAKE",GAK+PAK + E,GY,CV2,8,CS12_WW,0.9649618035167228,5,136.9967638492584
9,Eta9,Combined baseline,Combined G + P pathway,Arc-cosine,Without W,Combined arc-cosine + E,E + GAK + PAK + GAKE + PAKE,"Arc-cosine combined genomic + phenomic model with environment, GAKE, and PAKE",GAK+PAK + E,GY,CV2,9,CS11_WS,0.959010608569527,5,158.4271592140196
9,Eta9,Combined baseline,Combined G + P pathway,Arc-cosine,Without W,Combined arc-cosine + E,E + GAK + PAK + GAKE + PAKE,"Arc-cosine combined genomic + phenomic model with environment, GAKE, and PAKE",GAK+PAK + E,GY,CV2,9,CS11_WW,0.95648507810574,5,158.4271592140196
9,Eta9,Combined baseline,Combined G + P pathway,Arc-cosine,Without W,Combined arc-cosine + E,E + GAK + PAK + GAKE + PAKE,"Arc-cosine combined genomic + phenomic model with environment, GAKE, and PAKE",GAK+PAK + E,GY,CV2,9,CS12_WS,0.9823400111442441,5,158.4271592140196
9,Eta9,Combined baseline,Combined G + P pathway,Arc-cosine,Without W,Combined arc-cosine + E,E + GAK + PAK + GAKE + PAKE,"Arc-cosine combined genomic + phenomic model with environment, GAKE, and PAKE",GAK+PAK + E,GY,CV2,9,CS12_WW,0.9642572779702812,5,158.4271592140196
9,Eta9,Combined baseline,Combined G + P pathway,Arc-cosine,Without W,Combined arc-cosine + E,E + GAK + PAK + GAKE + PAKE,"Arc-cosine combined genomic + phenomic model with environment, GAKE, and PAKE",GAK+PAK + E,GY,CV2,10,CS11_WS,0.959941926511541,5,158.0029174804688
9,Eta9,Combined baseline,Combined G + P pathway,Arc-cosine,Without W,Combined arc-cosine + E,E + GAK + PAK + GAKE + PAKE,"Arc-cosine combined genomic + phenomic model with environment, GAKE, and PAKE",GAK+PAK + E,GY,CV2,10,CS11_WW,0.957528773186157,5,158.0029174804688
9,Eta9,Combined baseline,Combined G + P pathway,Arc-cosine,Without W,Combined arc-cosine + E,E + GAK + PAK + GAKE + PAKE,"Arc-cosine combined genomic + phenomic model with environment, GAKE, and PAKE",GAK+PAK + E,GY,CV2,10,CS12_WS,0.9828420681897281,5,158.0029174804688
9,Eta9,Combined baseline,Combined G + P pathway,Arc-cosine,Without W,Combined arc-cosine + E,E + GAK + PAK + GAKE + PAKE,"Arc-cosine combined genomic + phenomic model with environment, GAKE, and PAKE",GAK+PAK + E,GY,CV2,10,CS12_WW,0.9653843169601488,5,158.0029174804688
9,Eta9,Combined baseline,Combined G + P pathway,Arc-cosine,Without W,Combined arc-cosine + E,E + GAK + PAK + GAKE + PAKE,"Arc-cosine combined genomic + phenomic model with environment, GAKE, and PAKE",GAK+PAK + E,KW,CV1,1,CS11_WS,0.5390017523926366,5,137.5394151687622
9,Eta9,Combined baseline,Combined G + P pathway,Arc-cosine,Without W,Combined arc-cosine + E,E + GAK + PAK + GAKE + PAKE,"Arc-cosine combined genomic + phenomic model with environment, GAKE, and PAKE",GAK+PAK + E,KW,CV1,1,CS11_WW,0.5121632861530778,5,137.5394151687622
9,Eta9,Combined baseline,Combined G + P pathway,Arc-cosine,Without W,Combined arc-cosine + E,E + GAK + PAK + GAKE + PAKE,"Arc-cosine combined genomic + phenomic model with environment, GAKE, and PAKE",GAK+PAK + E,KW,CV1,1,CS12_WS,0.5862275073619332,5,137.5394151687622
9,Eta9,Combined baseline,Combined G + P pathway,Arc-cosine,Without W,Combined arc-cosine + E,E + GAK + PAK + GAKE + PAKE,"Arc-cosine combined genomic + phenomic model with environment, GAKE, and PAKE",GAK+PAK + E,KW,CV1,1,CS12_WW,0.5977042081727804,5,137.5394151687622
9,Eta9,Combined baseline,Combined G + P pathway,Arc-cosine,Without W,Combined arc-cosine + E,E + GAK + PAK + GAKE + PAKE,"Arc-cosine combined genomic + phenomic model with environment, GAKE, and PAKE",GAK+PAK + E,KW,CV1,2,CS11_WS,0.5364452101101922,5,159.2054215431216
9,Eta9,Combined baseline,Combined G + P pathway,Arc-cosine,Without W,Combined arc-cosine + E,E + GAK + PAK + GAKE + PAKE,"Arc-cosine combined genomic + phenomic model with environment, GAKE, and PAKE",GAK+PAK + E,KW,CV1,2,CS11_WW,0.5034611618562235,5,159.2054215431216
9,Eta9,Combined baseline,Combined G + P pathway,Arc-cosine,Without W,Combined arc-cosine + E,E + GAK + PAK + GAKE + PAKE,"Arc-cosine combined genomic + phenomic model with environment, GAKE, and PAKE",GAK+PAK + E,KW,CV1,2,CS12_WS,0.5955867948600935,5,159.2054215431216
9,Eta9,Combined baseline,Combined G + P pathway,Arc-cosine,Without W,Combined arc-cosine + E,E + GAK + PAK + GAKE + PAKE,"Arc-cosine combined genomic + phenomic model with environment, GAKE, and PAKE",GAK+PAK + E,KW,CV1,2,CS12_WW,0.579773515975332,5,159.2054215431216
9,Eta9,Combined baseline,Combined G + P pathway,Arc-cosine,Without W,Combined arc-cosine + E,E + GAK + PAK + GAKE + PAKE,"Arc-cosine combined genomic + phenomic model with environment, GAKE, and PAKE",GAK+PAK + E,KW,CV1,3,CS11_WS,0.48199337928695424,5,160.020494222641
9,Eta9,Combined baseline,Combined G + P pathway,Arc-cosine,Without W,Combined arc-cosine + E,E + GAK + PAK + GAKE + PAKE,"Arc-cosine combined genomic + phenomic model with environment, GAKE, and PAKE",GAK+PAK + E,KW,CV1,3,CS11_WW,0.5132316144931621,5,160.020494222641
9,Eta9,Combined baseline,Combined G + P pathway,Arc-cosine,Without W,Combined arc-cosine + E,E + GAK + PAK + GAKE + PAKE,"Arc-cosine combined genomic + phenomic model with environment, GAKE, and PAKE",GAK+PAK + E,KW,CV1,3,CS12_WS,0.5919486336988294,5,160.020494222641
9,Eta9,Combined baseline,Combined G + P pathway,Arc-cosine,Without W,Combined arc-cosine + E,E + GAK + PAK + GAKE + PAKE,"Arc-cosine combined genomic + phenomic model with environment, GAKE, and PAKE",GAK+PAK + E,KW,CV1,3,CS12_WW,0.6036910043873422,5,160.020494222641
9,Eta9,Combined baseline,Combined G + P pathway,Arc-cosine,Without W,Combined arc-cosine + E,E + GAK + PAK + GAKE + PAKE,"Arc-cosine combined genomic + phenomic model with environment, GAKE, and PAKE",GAK+PAK + E,KW,CV1,4,CS11_WS,0.4737075089057058,5,136.3349562168122
9,Eta9,Combined baseline,Combined G + P pathway,Arc-cosine,Without W,Combined arc-cosine + E,E + GAK + PAK + GAKE + PAKE,"Arc-cosine combined genomic + phenomic model with environment, GAKE, and PAKE",GAK+PAK + E,KW,CV1,4,CS11_WW,0.46492284986900057,5,136.3349562168122
9,Eta9,Combined baseline,Combined G + P pathway,Arc-cosine,Without W,Combined arc-cosine + E,E + GAK + PAK + GAKE + PAKE,"Arc-cosine combined genomic + phenomic model with environment, GAKE, and PAKE",GAK+PAK + E,KW,CV1,4,CS12_WS,0.5605732144042592,5,136.3349562168122
9,Eta9,Combined baseline,Combined G + P pathway,Arc-cosine,Without W,Combined arc-cosine + E,E + GAK + PAK + GAKE + PAKE,"Arc-cosine combined genomic + phenomic model with environment, GAKE, and PAKE",GAK+PAK + E,KW,CV1,4,CS12_WW,0.5650523050105901,5,136.3349562168122
9,Eta9,Combined baseline,Combined G + P pathway,Arc-cosine,Without W,Combined arc-cosine + E,E + GAK + PAK + GAKE + PAKE,"Arc-cosine combined genomic + phenomic model with environment, GAKE, and PAKE",GAK+PAK + E,KW,CV1,5,CS11_WS,0.5200674357847852,5,136.3243135929108
9,Eta9,Combined baseline,Combined G + P pathway,Arc-cosine,Without W,Combined arc-cosine + E,E + GAK + PAK + GAKE + PAKE,"Arc-cosine combined genomic + phenomic model with environment, GAKE, and PAKE",GAK+PAK + E,KW,CV1,5,CS11_WW,0.530957376721729,5,136.3243135929108
9,Eta9,Combined baseline,Combined G + P pathway,Arc-cosine,Without W,Combined arc-cosine + E,E + GAK + PAK + GAKE + PAKE,"Arc-cosine combined genomic + phenomic model with environment, GAKE, and PAKE",GAK+PAK + E,KW,CV1,5,CS12_WS,0.5899533735691175,5,136.3243135929108
9,Eta9,Combined baseline,Combined G + P pathway,Arc-cosine,Without W,Combined arc-cosine + E,E + GAK + PAK + GAKE + PAKE,"Arc-cosine combined genomic + phenomic model with environment, GAKE, and PAKE",GAK+PAK + E,KW,CV1,5,CS12_WW,0.6061095599091696,5,136.3243135929108
9,Eta9,Combined baseline,Combined G + P pathway,Arc-cosine,Without W,Combined arc-cosine + E,E + GAK + PAK + GAKE + PAKE,"Arc-cosine combined genomic + phenomic model with environment, GAKE, and PAKE",GAK+PAK + E,KW,CV1,6,CS11_WS,0.5875092013340404,5,138.2032272338868
9,Eta9,Combined baseline,Combined G + P pathway,Arc-cosine,Without W,Combined arc-cosine + E,E + GAK + PAK + GAKE + PAKE,"Arc-cosine combined genomic + phenomic model with environment, GAKE, and PAKE",GAK+PAK + E,KW,CV1,6,CS11_WW,0.5272425067026154,5,138.2032272338868
9,Eta9,Combined baseline,Combined G + P pathway,Arc-cosine,Without W,Combined arc-cosine + E,E + GAK + PAK + GAKE + PAKE,"Arc-cosine combined genomic + phenomic model with environment, GAKE, and PAKE",GAK+PAK + E,KW,CV1,6,CS12_WS,0.6142767189288822,5,138.2032272338868
9,Eta9,Combined baseline,Combined G + P pathway,Arc-cosine,Without W,Combined arc-cosine + E,E + GAK + PAK + GAKE + PAKE,"Arc-cosine combined genomic + phenomic model with environment, GAKE, and PAKE",GAK+PAK + E,KW,CV1,6,CS12_WW,0.6213376564001234,5,138.2032272338868
9,Eta9,Combined baseline,Combined G + P pathway,Arc-cosine,Without W,Combined arc-cosine + E,E + GAK + PAK + GAKE + PAKE,"Arc-cosine combined genomic + phenomic model with environment, GAKE, and PAKE",GAK+PAK + E,KW,CV1,7,CS11_WS,0.4660704719489496,5,162.1973886013032
9,Eta9,Combined baseline,Combined G + P pathway,Arc-cosine,Without W,Combined arc-cosine + E,E + GAK + PAK + GAKE + PAKE,"Arc-cosine combined genomic + phenomic model with environment, GAKE, and PAKE",GAK+PAK + E,KW,CV1,7,CS11_WW,0.4858319754216728,5,162.1973886013032
9,Eta9,Combined baseline,Combined G + P pathway,Arc-cosine,Without W,Combined arc-cosine + E,E + GAK + PAK + GAKE + PAKE,"Arc-cosine combined genomic + phenomic model with environment, GAKE, and PAKE",GAK+PAK + E,KW,CV1,7,CS12_WS,0.5741723800895031,5,162.1973886013032
9,Eta9,Combined baseline,Combined G + P pathway,Arc-cosine,Without W,Combined arc-cosine + E,E + GAK + PAK + GAKE + PAKE,"Arc-cosine combined genomic + phenomic model with environment, GAKE, and PAKE",GAK+PAK + E,KW,CV1,7,CS12_WW,0.5382686441494406,5,162.1973886013032
9,Eta9,Combined baseline,Combined G + P pathway,Arc-cosine,Without W,Combined arc-cosine + E,E + GAK + PAK + GAKE + PAKE,"Arc-cosine combined genomic + phenomic model with environment, GAKE, and PAKE",GAK+PAK + E,KW,CV1,8,CS11_WS,0.5267929493440346,5,136.7229889869688
9,Eta9,Combined baseline,Combined G + P pathway,Arc-cosine,Without W,Combined arc-cosine + E,E + GAK + PAK + GAKE + PAKE,"Arc-cosine combined genomic + phenomic model with environment, GAKE, and PAKE",GAK+PAK + E,KW,CV1,8,CS11_WW,0.5396680402820196,5,136.7229889869688
9,Eta9,Combined baseline,Combined G + P pathway,Arc-cosine,Without W,Combined arc-cosine + E,E + GAK + PAK + GAKE + PAKE,"Arc-cosine combined genomic + phenomic model with environment, GAKE, and PAKE",GAK+PAK + E,KW,CV1,8,CS12_WS,0.6290019924676813,5,136.7229889869688
9,Eta9,Combined baseline,Combined G + P pathway,Arc-cosine,Without W,Combined arc-cosine + E,E + GAK + PAK + GAKE + PAKE,"Arc-cosine combined genomic + phenomic model with environment, GAKE, and PAKE",GAK+PAK + E,KW,CV1,8,CS12_WW,0.6414920125585746,5,136.7229889869688
9,Eta9,Combined baseline,Combined G + P pathway,Arc-cosine,Without W,Combined arc-cosine + E,E + GAK + PAK + GAKE + PAKE,"Arc-cosine combined genomic + phenomic model with environment, GAKE, and PAKE",GAK+PAK + E,KW,CV1,9,CS11_WS,0.5319216871110362,5,158.3011367797852
9,Eta9,Combined baseline,Combined G + P pathway,Arc-cosine,Without W,Combined arc-cosine + E,E + GAK + PAK + GAKE + PAKE,"Arc-cosine combined genomic + phenomic model with environment, GAKE, and PAKE",GAK+PAK + E,KW,CV1,9,CS11_WW,0.5223233310670138,5,158.3011367797852
9,Eta9,Combined baseline,Combined G + P pathway,Arc-cosine,Without W,Combined arc-cosine + E,E + GAK + PAK + GAKE + PAKE,"Arc-cosine combined genomic + phenomic model with environment, GAKE, and PAKE",GAK+PAK + E,KW,CV1,9,CS12_WS,0.584633806625912,5,158.3011367797852
9,Eta9,Combined baseline,Combined G + P pathway,Arc-cosine,Without W,Combined arc-cosine + E,E + GAK + PAK + GAKE + PAKE,"Arc-cosine combined genomic + phenomic model with environment, GAKE, and PAKE",GAK+PAK + E,KW,CV1,9,CS12_WW,0.6070961954293174,5,158.3011367797852
9,Eta9,Combined baseline,Combined G + P pathway,Arc-cosine,Without W,Combined arc-cosine + E,E + GAK + PAK + GAKE + PAKE,"Arc-cosine combined genomic + phenomic model with environment, GAKE, and PAKE",GAK+PAK + E,KW,CV1,10,CS11_WS,0.5396708020916978,5,126.0742593765258
9,Eta9,Combined baseline,Combined G + P pathway,Arc-cosine,Without W,Combined arc-cosine + E,E + GAK + PAK + GAKE + PAKE,"Arc-cosine combined genomic + phenomic model with environment, GAKE, and PAKE",GAK+PAK + E,KW,CV1,10,CS11_WW,0.5151215079711864,5,126.0742593765258
9,Eta9,Combined baseline,Combined G + P pathway,Arc-cosine,Without W,Combined arc-cosine + E,E + GAK + PAK + GAKE + PAKE,"Arc-cosine combined genomic + phenomic model with environment, GAKE, and PAKE",GAK+PAK + E,KW,CV1,10,CS12_WS,0.585254978681219,5,126.0742593765258
9,Eta9,Combined baseline,Combined G + P pathway,Arc-cosine,Without W,Combined arc-cosine + E,E + GAK + PAK + GAKE + PAKE,"Arc-cosine combined genomic + phenomic model with environment, GAKE, and PAKE",GAK+PAK + E,KW,CV1,10,CS12_WW,0.6125271834388817,5,126.0742593765258
9,Eta9,Combined baseline,Combined G + P pathway,Arc-cosine,Without W,Combined arc-cosine + E,E + GAK + PAK + GAKE + PAKE,"Arc-cosine combined genomic + phenomic model with environment, GAKE, and PAKE",GAK+PAK + E,KW,CV2,1,CS11_WS,0.9830119608625048,5,137.5394151687622
9,Eta9,Combined baseline,Combined G + P pathway,Arc-cosine,Without W,Combined arc-cosine + E,E + GAK + PAK + GAKE + PAKE,"Arc-cosine combined genomic + phenomic model with environment, GAKE, and PAKE",GAK+PAK + E,KW,CV2,1,CS11_WW,0.964003667656535,5,137.5394151687622
9,Eta9,Combined baseline,Combined G + P pathway,Arc-cosine,Without W,Combined arc-cosine + E,E + GAK + PAK + GAKE + PAKE,"Arc-cosine combined genomic + phenomic model with environment, GAKE, and PAKE",GAK+PAK + E,KW,CV2,1,CS12_WS,0.9810944421549056,5,137.5394151687622
9,Eta9,Combined baseline,Combined G + P pathway,Arc-cosine,Without W,Combined arc-cosine + E,E + GAK + PAK + GAKE + PAKE,"Arc-cosine combined genomic + phenomic model with environment, GAKE, and PAKE",GAK+PAK + E,KW,CV2,1,CS12_WW,0.979908626724375,5,137.5394151687622
9,Eta9,Combined baseline,Combined G + P pathway,Arc-cosine,Without W,Combined arc-cosine + E,E + GAK + PAK + GAKE + PAKE,"Arc-cosine combined genomic + phenomic model with environment, GAKE, and PAKE",GAK+PAK + E,KW,CV2,2,CS11_WS,0.9832400472853762,5,159.2054215431216
9,Eta9,Combined baseline,Combined G + P pathway,Arc-cosine,Without W,Combined arc-cosine + E,E + GAK + PAK + GAKE + PAKE,"Arc-cosine combined genomic + phenomic model with environment, GAKE, and PAKE",GAK+PAK + E,KW,CV2,2,CS11_WW,0.96429533555321445,5,159.2054215431216
9,Eta9,Combined baseline,Combined G + P pathway,Arc-cosine,Without W,Combined arc-cosine + E,E + GAK + PAK + GAKE + PAKE,"Arc-cosine combined genomic + phenomic model with environment, GAKE, and PAKE",GAK+PAK + E,KW,CV2,2,CS12_WS,0.981307353180895,5,159.2054215431216
9,Eta9,Combined baseline,Combined G + P pathway,Arc-cosine,Without W,Combined arc-cosine + E,E + GAK + PAK + GAKE + PAKE,"Arc-cosine combined genomic + phenomic model with environment, GAKE, and PAKE",GAK+PAK + E,KW,CV2,2,CS12_WW,0.9802143172572928,5,159.2054215431216
9,Eta9,Combined baseline,Combined G + P pathway,Arc-cosine,Without W,Combined arc-cosine + E,E + GAK + PAK + GAKE + PAKE,"Arc-cosine combined genomic + phenomic model with environment, GAKE, and PAKE",GAK+PAK + E,KW,CV2,3,CS11_WS,0.9828114299981795,5,160.020494222641
9,Eta9,Combined baseline,Combined G + P pathway,Arc-cosine,Without W,Combined arc-cosine + E,E + GAK + PAK + GAKE + PAKE,"Arc-cosine combined genomic + phenomic model with environment, GAKE, and PAKE",GAK+PAK + E,KW,CV2,3,CS11_WW,0.9632015553571216,5,160.020494222641
9,Eta9,Combined baseline,Combined G + P pathway,Arc-cosine,Without W,Combined arc-cosine + E,E + GAK + PAK + GAKE + PAKE,"Arc-cosine combined genomic + phenomic model with environment, GAKE, and PAKE",GAK+PAK + E,KW,CV2,3,CS12_WS,0.9810719510066276,5,160.020494222641
9,Eta9,Combined baseline,Combined G + P pathway,Arc-cosine,Without W,Combined arc-cosine + E,E + GAK + PAK + GAKE + PAKE,"Arc-cosine combined genomic + phenomic model with environment, GAKE, and PAKE",GAK+PAK + E,KW,CV2,3,CS12_WW,0.9797550116819964,5,160.020494222641
9,Eta9,Combined baseline,Combined G + P pathway,Arc-cosine,Without W,Combined arc-cosine + E,E + GAK + PAK + GAKE + PAKE,"Arc-cosine combined genomic + phenomic model with environment, GAKE, and PAKE",GAK+PAK + E,KW,CV2,4,CS11_WS,0.9828557950700996,5,136.3349562168122
9,Eta9,Combined baseline,Combined G + P pathway,Arc-cosine,Without W,Combined arc-cosine + E,E + GAK + PAK + GAKE + PAKE,"Arc-cosine combined genomic + phenomic model with environment, GAKE, and PAKE",GAK+PAK + E,KW,CV2,4,CS11_WW,0.9632119257959207,5,136.3349562168122
9,Eta9,Combined baseline,Combined G + P pathway,Arc-cosine,Without W,Combined arc-cosine + E,E + GAK + PAK + GAKE + PAKE,"Arc-cosine combined genomic + phenomic model with environment, GAKE, and PAKE",GAK+PAK + E,KW,CV2,4,CS12_WS,0.9808909692790753,5,136.3349562168122
9,Eta9,Combined baseline,Combined G + P pathway,Arc-cosine,Without W,Combined arc-cosine + E,E + GAK + PAK + GAKE + PAKE,"Arc-cosine combined genomic + phenomic model with environment, GAKE, and PAKE",GAK+PAK + E,KW,CV2,4,CS12_WW,0.9797796300035355,5,136.3349562168122
9,Eta9,Combined baseline,Combined G + P pathway,Arc-cosine,Without W,Combined arc-cosine + E,E + GAK + PAK + GAKE + PAKE,"Arc-cosine combined genomic + phenomic model with environment, GAKE, and PAKE",GAK+PAK + E,KW,CV2,5,CS11_WS,0.9829306899184396,5,136.3243135929108
9,Eta9,Combined baseline,Combined G + P pathway,Arc-cosine,Without W,Combined arc-cosine + E,E + GAK + PAK + GAKE + PAKE,"Arc-cosine combined genomic + phenomic model with environment, GAKE, and PAKE",GAK+PAK + E,KW,CV2,5,CS11_WW,0.9636220440471657,5,136.3243135929108
9,Eta9,Combined baseline,Combined G + P pathway,Arc-cosine,Without W,Combined arc-cosine + E,E + GAK + PAK + GAKE + PAKE,"Arc-cosine combined genomic + phenomic model with environment, GAKE, and PAKE",GAK+PAK + E,KW,CV2,5,CS12_WS,0.981090255862487,5,136.3243135929108
9,Eta9,Combined baseline,Combined G + P pathway,Arc-cosine,Without W,Combined arc-cosine + E,E + GAK + PAK + GAKE + PAKE,"Arc-cosine combined genomic + phenomic model with environment, GAKE, and PAKE",GAK+PAK + E,KW,CV2,5,CS12_WW,0.9799335624431882,5,136.3243135929108
9,Eta9,Combined baseline,Combined G + P pathway,Arc-cosine,Without W,Combined arc-cosine + E,E + GAK + PAK + GAKE + PAKE,"Arc-cosine combined genomic + phenomic model with environment, GAKE, and PAKE",GAK+PAK + E,KW,CV2,6,CS11_WS,0.9831165583589756,5,138.2032272338868
9,Eta9,Combined baseline,Combined G + P pathway,Arc-cosine,Without W,Combined arc-cosine + E,E + GAK + PAK + GAKE + PAKE,"Arc-cosine combined genomic + phenomic model with environment, GAKE, and PAKE",GAK+PAK + E,KW,CV2,6,CS11_WW,0.9640447216451875,5,138.2032272338868
9,Eta9,Combined baseline,Combined G + P pathway,Arc-cosine,Without W,Combined arc-cosine + E,E + GAK + PAK + GAKE + PAKE,"Arc-cosine combined genomic + phenomic model with environment, GAKE, and PAKE",GAK+PAK + E,KW,CV2,6,CS12_WS,0.9814097779982536,5,138.2032272338868
9,Eta9,Combined baseline,Combined G + P pathway,Arc-cosine,Without W,Combined arc-cosine + E,E + GAK + PAK + GAKE + PAKE,"Arc-cosine combined genomic + phenomic model with environment, GAKE, and PAKE",GAK+PAK + E,KW,CV2,6,CS12_WW,0.980279857639489,5,138.2032272338868
9,Eta9,Combined baseline,Combined G + P pathway,Arc-cosine,Without W,Combined arc-cosine + E,E + GAK + PAK + GAKE + PAKE,"Arc-cosine combined genomic + phenomic model with environment, GAKE, and PAKE",GAK+PAK + E,KW,CV2,7,CS11_WS,0.9830845123501508,5,162.1973886013032
9,Eta9,Combined baseline,Combined G + P pathway,Arc-cosine,Without W,Combined arc-cosine + E,E + GAK + PAK + GAKE + PAKE,"Arc-cosine combined genomic + phenomic model with environment, GAKE, and PAKE",GAK+PAK + E,KW,CV2,7,CS11_WW,0.9640815765590389,5,162.1973886013032
9,Eta9,Combined baseline,Combined G + P pathway,Arc-cosine,Without W,Combined arc-cosine + E,E + GAK + PAK + GAKE + PAKE,"Arc-cosine combined genomic + phenomic model with environment, GAKE, and PAKE",GAK+PAK + E,KW,CV2,7,CS12_WS,0.9812297584007318,5,162.1973886013032
9,Eta9,Combined baseline,Combined G + P pathway,Arc-cosine,Without W,Combined arc-cosine + E,E + GAK + PAK + GAKE + PAKE,"Arc-cosine combined genomic + phenomic model with environment, GAKE, and PAKE",GAK+PAK + E,KW,CV2,7,CS12_WW,0.9801550550558191,5,162.1973886013032
9,Eta9,Combined baseline,Combined G + P pathway,Arc-cosine,Without W,Combined arc-cosine + E,E + GAK + PAK + GAKE + PAKE,"Arc-cosine combined genomic + phenomic model with environment, GAKE, and PAKE",GAK+PAK + E,KW,CV2,8,CS11_WS,0.9830212088617643,5,136.7229889869688
9,Eta9,Combined baseline,Combined G + P pathway,Arc-cosine,Without W,Combined arc-cosine + E,E + GAK + PAK + GAKE + PAKE,"Arc-cosine combined genomic + phenomic model with environment, GAKE, and PAKE",GAK+PAK + E,KW,CV2,8,CS11_WW,0.9634611091219234,5,136.7229889869688
9,Eta9,Combined baseline,Combined G + P pathway,Arc-cosine,Without W,Combined arc-cosine + E,E + GAK + PAK + GAKE + PAKE,"Arc-cosine combined genomic + phenomic model with environment, GAKE, and PAKE",GAK+PAK + E,KW,CV2,8,CS12_WS,0.9811527140894072,5,136.7229889869688
9,Eta9,Combined baseline,Combined G + P pathway,Arc-cosine,Without W,Combined arc-cosine + E,E + GAK + PAK + GAKE + PAKE,"Arc-cosine combined genomic + phenomic model with environment, GAKE, and PAKE",GAK+PAK + E,KW,CV2,8,CS12_WW,0.9799404344586877,5,136.7229889869688
9,Eta9,Combined baseline,Combined G + P pathway,Arc-cosine,Without W,Combined arc-cosine + E,E + GAK + PAK + GAKE + PAKE,"Arc-cosine combined genomic + phenomic model with environment, GAKE, and PAKE",GAK+PAK + E,KW,CV2,9,CS11_WS,0.9826604137962406,5,158.3011367797852
9,Eta9,Combined baseline,Combined G + P pathway,Arc-cosine,Without W,Combined arc-cosine + E,E + GAK + PAK + GAKE + PAKE,"Arc-cosine combined genomic + phenomic model with environment, GAKE, and PAKE",GAK+PAK + E,KW,CV2,9,CS11_WW,0.9633297242250561,5,158.3011367797852
9,Eta9,Combined baseline,Combined G + P pathway,Arc-cosine,Without W,Combined arc-cosine + E,E + GAK + PAK + GAKE + PAKE,"Arc-cosine combined genomic + phenomic model with environment, GAKE, and PAKE",GAK+PAK + E,KW,CV2,9,CS12_WS,0.9808389455463227,5,158.3011367797852
9,Eta9,Combined baseline,Combined G + P pathway,Arc-cosine,Without W,Combined arc-cosine + E,E + GAK + PAK + GAKE + PAKE,"Arc-cosine combined genomic + phenomic model with environment, GAKE, and PAKE",GAK+PAK + E,KW,CV2,9,CS12_WW,0.9797773317205172,5,158.3011367797852
9,Eta9,Combined baseline,Combined G + P pathway,Arc-cosine,Without W,Combined arc-cosine + E,E + GAK + PAK + GAKE + PAKE,"Arc-cosine combined genomic + phenomic model with environment, GAKE, and PAKE",GAK+PAK + E,KW,CV2,10,CS11_WS,0.9829834148502723,5,126.0742593765258
9,Eta9,Combined baseline,Combined G + P pathway,Arc-cosine,Without W,Combined arc-cosine + E,E + GAK + PAK + GAKE + PAKE,"Arc-cosine combined genomic + phenomic model with environment, GAKE, and PAKE",GAK+PAK + E,KW,CV2,10,CS11_WW,0.96371919602246,5,126.0742593765258
9,Eta9,Combined baseline,Combined G + P pathway,Arc-cosine,Without W,Combined arc-cosine + E,E + GAK + PAK + GAKE + PAKE,"Arc-cosine combined genomic + phenomic model with environment, GAKE, and PAKE",GAK+PAK + E,KW,CV2,10,CS12_WS,0.9811179319647627,5,126.0742593765258
9,Eta9,Combined baseline,Combined G + P pathway,Arc-cosine,Without W,Combined arc-cosine + E,E + GAK + PAK + GAKE + PAKE,"Arc-cosine combined genomic + phenomic model with environment, GAKE, and PAKE",GAK+PAK + E,KW,CV2,10,CS12_WW,0.9799766932187014,5,126.0742593765258
10,Eta10,Weather single-source,Genomic pathway,Linear,With W,Genomic linear + W,E + W + G + GE + GW,"Linear genomic-weather model with environment, weather, GE, and GW",G + W,GY,CV1,1,CS11_WS,0.7333438079837048,5,127.8985387325284
10,Eta10,Weather single-source,Genomic pathway,Linear,With W,Genomic linear + W,E + W + G + GE + GW,"Linear genomic-weather model with environment, weather, GE, and GW",G + W,GY,CV1,1,CS11_WW,0.7302508120458108,5,127.8985387325284
10,Eta10,Weather single-source,Genomic pathway,Linear,With W,Genomic linear + W,E + W + G + GE + GW,"Linear genomic-weather model with environment, weather, GE, and GW",G + W,GY,CV1,1,CS12_WS,0.7257935491239204,5,127.8985387325284
10,Eta10,Weather single-source,Genomic pathway,Linear,With W,Genomic linear + W,E + W + G + GE + GW,"Linear genomic-weather model with environment, weather, GE, and GW",G + W,GY,CV1,1,CS12_WW,0.720780820280486,5,127.8985387325284
10,Eta10,Weather single-source,Genomic pathway,Linear,With W,Genomic linear + W,E + W + G + GE + GW,"Linear genomic-weather model with environment, weather, GE, and GW",G + W,GY,CV1,2,CS11_WS,0.6945082856020388,5,126.2846969604492
10,Eta10,Weather single-source,Genomic pathway,Linear,With W,Genomic linear + W,E + W + G + GE + GW,"Linear genomic-weather model with environment, weather, GE, and GW",G + W,GY,CV1,2,CS11_WW,0.732522599205069,5,126.2846969604492
10,Eta10,Weather single-source,Genomic pathway,Linear,With W,Genomic linear + W,E + W + G + GE + GW,"Linear genomic-weather model with environment, weather, GE, and GW",G + W,GY,CV1,2,CS12_WS,0.7253252217255132,5,126.2846969604492
10,Eta10,Weather single-source,Genomic pathway,Linear,With W,Genomic linear + W,E + W + G + GE + GW,"Linear genomic-weather model with environment, weather, GE, and GW",G + W,GY,CV1,2,CS12_WW,0.7119158311778959,5,126.2846969604492
10,Eta10,Weather single-source,Genomic pathway,Linear,With W,Genomic linear + W,E + W + G + GE + GW,"Linear genomic-weather model with environment, weather, GE, and GW",G + W,GY,CV1,3,CS11_WS,0.6804901211408406,5,125.7321011543274
10,Eta10,Weather single-source,Genomic pathway,Linear,With W,Genomic linear + W,E + W + G + GE + GW,"Linear genomic-weather model with environment, weather, GE, and GW",G + W,GY,CV1,3,CS11_WW,0.736444122266046,5,125.7321011543274
10,Eta10,Weather single-source,Genomic pathway,Linear,With W,Genomic linear + W,E + W + G + GE + GW,"Linear genomic-weather model with environment, weather, GE, and GW",G + W,GY,CV1,3,CS12_WS,0.7292438794049227,5,125.7321011543274
10,Eta10,Weather single-source,Genomic pathway,Linear,With W,Genomic linear + W,E + W + G + GE + GW,"Linear genomic-weather model with environment, weather, GE, and GW",G + W,GY,CV1,3,CS12_WW,0.7200648322363173,5,125.7321011543274
10,Eta10,Weather single-source,Genomic pathway,Linear,With W,Genomic linear + W,E + W + G + GE + GW,"Linear genomic-weather model with environment, weather, GE, and GW",G + W,GY,CV1,4,CS11_WS,0.6721702444054818,5,125.3183702468874
10,Eta10,Weather single-source,Genomic pathway,Linear,With W,Genomic linear + W,E + W + G + GE + GW,"Linear genomic-weather model with environment, weather, GE, and GW",G + W,GY,CV1,4,CS11_WW,0.7310314131419073,5,125.3183702468874
10,Eta10,Weather single-source,Genomic pathway,Linear,With W,Genomic linear + W,E + W + G + GE + GW,"Linear genomic-weather model with environment, weather, GE, and GW",G + W,GY,CV1,4,CS12_WS,0.7264707442107167,5,125.3183702468874
10,Eta10,Weather single-source,Genomic pathway,Linear,With W,Genomic linear + W,E + W + G + GE + GW,"Linear genomic-weather model with environment, weather, GE, and GW",G + W,GY,CV1,4,CS12_WW,0.7032388460213925,5,125.3183702468874
10,Eta10,Weather single-source,Genomic pathway,Linear,With W,Genomic linear + W,E + W + G + GE + GW,"Linear genomic-weather model with environment, weather, GE, and GW",G + W,GY,CV1,5,CS11_WS,0.7051057841255,5,124.4094543933868
10,Eta10,Weather single-source,Genomic pathway,Linear,With W,Genomic linear + W,E + W + G + GE + GW,"Linear genomic-weather model with environment, weather, GE, and GW",G + W,GY,CV1,5,CS11_WW,0.7445109474112785,5,124.4094543933868
10,Eta10,Weather single-source,Genomic pathway,Linear,With W,Genomic linear + W,E + W + G + GE + GW,"Linear genomic-weather model with environment, weather, GE, and GW",G + W,GY,CV1,5,CS12_WS,0.7167735474299735,5,124.4094543933868
10,Eta10,Weather single-source,Genomic pathway,Linear,With W,Genomic linear + W,E + W + G + GE + GW,"Linear genomic-weather model with environment, weather, GE, and GW",G + W,GY,CV1,5,CS12_WW,0.7085984950859056,5,124.4094543933868
10,Eta10,Weather single-source,Genomic pathway,Linear,With W,Genomic linear + W,E + W + G + GE + GW,"Linear genomic-weather model with environment, weather, GE, and GW",G + W,GY,CV1,6,CS11_WS,0.6928369355543793,5,124.4479970455172
10,Eta10,Weather single-source,Genomic pathway,Linear,With W,Genomic linear + W,E + W + G + GE + GW,"Linear genomic-weather model with environment, weather, GE, and GW",G + W,GY,CV1,6,CS11_WW,0.7513994256854526,5,124.4479970455172
10,Eta10,Weather single-source,Genomic pathway,Linear,With W,Genomic linear + W,E + W + G + GE + GW,"Linear genomic-weather model with environment, weather, GE, and GW",G + W,GY,CV1,6,CS12_WS,0.7305002890864114,5,124.4479970455172
10,Eta10,Weather single-source,Genomic pathway,Linear,With W,Genomic linear + W,E + W + G + GE + GW,"Linear genomic-weather model with environment, weather, GE, and GW",G + W,GY,CV1,6,CS12_WW,0.7098949929234181,5,124.4479970455172
10,Eta10,Weather single-source,Genomic pathway,Linear,With W,Genomic linear + W,E + W + G + GE + GW,"Linear genomic-weather model with environment, weather, GE, and GW",G + W,GY,CV1,7,CS11_WS,0.7392340682353034,5,145.9877885818482
10,Eta10,Weather single-source,Genomic pathway,Linear,With W,Genomic linear + W,E + W + G + GE + GW,"Linear genomic-weather model with environment, weather, GE, and GW",G + W,GY,CV1,7,CS11_WW,0.7624730398414896,5,145.9877885818482
10,Eta10,Weather single-source,Genomic pathway,Linear,With W,Genomic linear + W,E + W + G + GE + GW,"Linear genomic-weather model with environment, weather, GE, and GW",G + W,GY,CV1,7,CS12_WS,0.7318279938643488,5,145.9877885818482
10,Eta10,Weather single-source,Genomic pathway,Linear,With W,Genomic linear + W,E + W + G + GE + GW,"Linear genomic-weather model with environment, weather, GE, and GW",G + W,GY,CV1,7,CS12_WW,0.72473703881014,5,145.9877885818482
10,Eta10,Weather single-source,Genomic pathway,Linear,With W,Genomic linear + W,E + W + G + GE + GW,"Linear genomic-weather model with environment, weather, GE, and GW",G + W,GY,CV1,8,CS11_WS,0.7072293450574442,5,125.089009809494
10,Eta10,Weather single-source,Genomic pathway,Linear,With W,Genomic linear + W,E + W + G + GE + GW,"Linear genomic-weather model with environment, weather, GE, and GW",G + W,GY,CV1,8,CS11_WW,0.7396583340633022,5,125.089009809494
10,Eta10,Weather single-source,Genomic pathway,Linear,With W,Genomic linear + W,E + W + G + GE + GW,"Linear genomic-weather model with environment, weather, GE, and GW",G + W,GY,CV1,8,CS12_WS,0.7344484470142122,5,125.089009809494
10,Eta10,Weather single-source,Genomic pathway,Linear,With W,Genomic linear + W,E + W + G + GE + GW,"Linear genomic-weather model with environment, weather, GE, and GW",G + W,GY,CV1,8,CS12_WW,0.701981558533119,5,125.089009809494
10,Eta10,Weather single-source,Genomic pathway,Linear,With W,Genomic linear + W,E + W + G + GE + GW,"Linear genomic-weather model with environment, weather, GE, and GW",G + W,GY,CV1,9,CS11_WS,0.7291953478933708,5,125.577843952179
10,Eta10,Weather single-source,Genomic pathway,Linear,With W,Genomic linear + W,E + W + G + GE + GW,"Linear genomic-weather model with environment, weather, GE, and GW",G + W,GY,CV1,9,CS11_WW,0.7602274460655177,5,125.577843952179
10,Eta10,Weather single-source,Genomic pathway,Linear,With W,Genomic linear + W,E + W + G + GE + GW,"Linear genomic-weather model with environment, weather, GE, and GW",G + W,GY,CV1,9,CS12_WS,0.7445769370494639,5,125.577843952179
10,Eta10,Weather single-source,Genomic pathway,Linear,With W,Genomic linear + W,E + W + G + GE + GW,"Linear genomic-weather model with environment, weather, GE, and GW",G + W,GY,CV1,9,CS12_WW,0.728899679772348,5,125.577843952179
10,Eta10,Weather single-source,Genomic pathway,Linear,With W,Genomic linear + W,E + W + G + GE + GW,"Linear genomic-weather model with environment, weather, GE, and GW",G + W,GY,CV1,10,CS11_WS,0.7238277601219718,5,125.8609459877014
10,Eta10,Weather single-source,Genomic pathway,Linear,With W,Genomic linear + W,E + W + G + GE + GW,"Linear genomic-weather model with environment, weather, GE, and GW",G + W,GY,CV1,10,CS11_WW,0.7523886425356926,5,125.8609459877014
10,Eta10,Weather single-source,Genomic pathway,Linear,With W,Genomic linear + W,E + W + G + GE + GW,"Linear genomic-weather model with environment, weather, GE, and GW",G + W,GY,CV1,10,CS12_WS,0.742288058310086,5,125.8609459877014
10,Eta10,Weather single-source,Genomic pathway,Linear,With W,Genomic linear + W,E + W + G + GE + GW,"Linear genomic-weather model with environment, weather, GE, and GW",G + W,GY,CV1,10,CS12_WW,0.7253363656074117,5,125.8609459877014
10,Eta10,Weather single-source,Genomic pathway,Linear,With W,Genomic linear + W,E + W + G + GE + GW,"Linear genomic-weather model with environment, weather, GE, and GW",G + W,GY,CV2,1,CS11_WS,0.9801984783783846,5,127.8985387325284
10,Eta10,Weather single-source,Genomic pathway,Linear,With W,Genomic linear + W,E + W + G + GE + GW,"Linear genomic-weather model with environment, weather, GE, and GW",G + W,GY,CV2,1,CS11_WW,0.9844709664833917,5,127.8985387325284
10,Eta10,Weather single-source,Genomic pathway,Linear,With W,Genomic linear + W,E + W + G + GE + GW,"Linear genomic-weather model with environment, weather, GE, and GW",G + W,GY,CV2,1,CS12_WS,0.9870723541195104,5,127.8985387325284
10,Eta10,Weather single-source,Genomic pathway,Linear,With W,Genomic linear + W,E + W + G + GE + GW,"Linear genomic-weather model with environment, weather, GE, and GW",G + W,GY,CV2,1,CS12_WW,0.9848612622821031,5,127.8985387325284
10,Eta10,Weather single-source,Genomic pathway,Linear,With W,Genomic linear + W,E + W + G + GE + GW,"Linear genomic-weather model with environment, weather, GE, and GW",G + W,GY,CV2,2,CS11_WS,0.9804796124934937,5,126.2846969604492
10,Eta10,Weather single-source,Genomic pathway,Linear,With W,Genomic linear + W,E + W + G + GE + GW,"Linear genomic-weather model with environment, weather, GE, and GW",G + W,GY,CV2,2,CS11_WW,0.9842698758249313,5,126.2846969604492
10,Eta10,Weather single-source,Genomic pathway,Linear,With W,Genomic linear + W,E + W + G + GE + GW,"Linear genomic-weather model with environment, weather, GE, and GW",G + W,GY,CV2,2,CS12_WS,0.9872889275725292,5,126.2846969604492
10,Eta10,Weather single-source,Genomic pathway,Linear,With W,Genomic linear + W,E + W + G + GE + GW,"Linear genomic-weather model with environment, weather, GE, and GW",G + W,GY,CV2,2,CS12_WW,0.9849668657838052,5,126.2846969604492
10,Eta10,Weather single-source,Genomic pathway,Linear,With W,Genomic linear + W,E + W + G + GE + GW,"Linear genomic-weather model with environment, weather, GE, and GW",G + W,GY,CV2,3,CS11_WS,0.9803067460151714,5,125.7321011543274
10,Eta10,Weather single-source,Genomic pathway,Linear,With W,Genomic linear + W,E + W + G + GE + GW,"Linear genomic-weather model with environment, weather, GE, and GW",G + W,GY,CV2,3,CS11_WW,0.9843188352362023,5,125.7321011543274
10,Eta10,Weather single-source,Genomic pathway,Linear,With W,Genomic linear + W,E + W + G + GE + GW,"Linear genomic-weather model with environment, weather, GE, and GW",G + W,GY,CV2,3,CS12_WS,0.9869810157712214,5,125.7321011543274
10,Eta10,Weather single-source,Genomic pathway,Linear,With W,Genomic linear + W,E + W + G + GE + GW,"Linear genomic-weather model with environment, weather, GE, and GW",G + W,GY,CV2,3,CS12_WW,0.984698185649526,5,125.7321011543274
10,Eta10,Weather single-source,Genomic pathway,Linear,With W,Genomic linear + W,E + W + G + GE + GW,"Linear genomic-weather model with environment, weather, GE, and GW",G + W,GY,CV2,4,CS11_WS,0.9802142508537927,5,125.3183702468874
10,Eta10,Weather single-source,Genomic pathway,Linear,With W,Genomic linear + W,E + W + G + GE + GW,"Linear genomic-weather model with environment, weather, GE, and GW",G + W,GY,CV2,4,CS11_WW,0.9843268141411115,5,125.3183702468874
10,Eta10,Weather single-source,Genomic pathway,Linear,With W,Genomic linear + W,E + W + G + GE + GW,"Linear genomic-weather model with environment, weather, GE, and GW",G + W,GY,CV2,4,CS12_WS,0.9868523949644452,5,125.3183702468874
10,Eta10,Weather single-source,Genomic pathway,Linear,With W,Genomic linear + W,E + W + G + GE + GW,"Linear genomic-weather model with environment, weather, GE, and GW",G + W,GY,CV2,4,CS12_WW,0.9849238555078692,5,125.3183702468874
10,Eta10,Weather single-source,Genomic pathway,Linear,With W,Genomic linear + W,E + W + G + GE + GW,"Linear genomic-weather model with environment, weather, GE, and GW",G + W,GY,CV2,5,CS11_WS,0.9801681635284526,5,124.4094543933868
10,Eta10,Weather single-source,Genomic pathway,Linear,With W,Genomic linear + W,E + W + G + GE + GW,"Linear genomic-weather model with environment, weather, GE, and GW",G + W,GY,CV2,5,CS11_WW,0.9845523457421945,5,124.4094543933868
10,Eta10,Weather single-source,Genomic pathway,Linear,With W,Genomic linear + W,E + W + G + GE + GW,"Linear genomic-weather model with environment, weather, GE, and GW",G + W,GY,CV2,5,CS12_WS,0.9873349864840748,5,124.4094543933868
10,Eta10,Weather single-source,Genomic pathway,Linear,With W,Genomic linear + W,E + W + G + GE + GW,"Linear genomic-weather model with environment, weather, GE, and GW",G + W,GY,CV2,5,CS12_WW,0.9850768863268617,5,124.4094543933868
10,Eta10,Weather single-source,Genomic pathway,Linear,With W,Genomic linear + W,E + W + G + GE + GW,"Linear genomic-weather model with environment, weather, GE, and GW",G + W,GY,CV2,6,CS11_WS,0.9802074671759152,5,124.4479970455172
10,Eta10,Weather single-source,Genomic pathway,Linear,With W,Genomic linear + W,E + W + G + GE + GW,"Linear genomic-weather model with environment, weather, GE, and GW",G + W,GY,CV2,6,CS11_WW,0.9844962842398599,5,124.4479970455172
10,Eta10,Weather single-source,Genomic pathway,Linear,With W,Genomic linear + W,E + W + G + GE + GW,"Linear genomic-weather model with environment, weather, GE, and GW",G + W,GY,CV2,6,CS12_WS,0.9871365737475996,5,124.4479970455172
10,Eta10,Weather single-source,Genomic pathway,Linear,With W,Genomic linear + W,E + W + G + GE + GW,"Linear genomic-weather model with environment, weather, GE, and GW",G + W,GY,CV2,6,CS12_WW,0.9847628311038014,5,124.4479970455172
10,Eta10,Weather single-source,Genomic pathway,Linear,With W,Genomic linear + W,E + W + G + GE + GW,"Linear genomic-weather model with environment, weather, GE, and GW",G + W,GY,CV2,7,CS11_WS,0.9804852340518107,5,145.9877885818482
10,Eta10,Weather single-source,Genomic pathway,Linear,With W,Genomic linear + W,E + W + G + GE + GW,"Linear genomic-weather model with environment, weather, GE, and GW",G + W,GY,CV2,7,CS11_WW,0.9844583303977303,5,145.9877885818482
10,Eta10,Weather single-source,Genomic pathway,Linear,With W,Genomic linear + W,E + W + G + GE + GW,"Linear genomic-weather model with environment, weather, GE, and GW",G + W,GY,CV2,7,CS12_WS,0.9873269899860493,5,145.9877885818482
10,Eta10,Weather single-source,Genomic pathway,Linear,With W,Genomic linear + W,E + W + G + GE + GW,"Linear genomic-weather model with environment, weather, GE, and GW",G + W,GY,CV2,7,CS12_WW,0.9849516466062938,5,145.9877885818482
10,Eta10,Weather single-source,Genomic pathway,Linear,With W,Genomic linear + W,E + W + G + GE + GW,"Linear genomic-weather model with environment, weather, GE, and GW",G + W,GY,CV2,8,CS11_WS,0.9804052117819536,5,125.089009809494
10,Eta10,Weather single-source,Genomic pathway,Linear,With W,Genomic linear + W,E + W + G + GE + GW,"Linear genomic-weather model with environment, weather, GE, and GW",G + W,GY,CV2,8,CS11_WW,0.9844925869687342,5,125.089009809494
10,Eta10,Weather single-source,Genomic pathway,Linear,With W,Genomic linear + W,E + W + G + GE + GW,"Linear genomic-weather model with environment, weather, GE, and GW",G + W,GY,CV2,8,CS12_WS,0.9873262329408565,5,125.089009809494
10,Eta10,Weather single-source,Genomic pathway,Linear,With W,Genomic linear + W,E + W + G + GE + GW,"Linear genomic-weather model with environment, weather, GE, and GW",G + W,GY,CV2,8,CS12_WW,0.9851746837350674,5,125.089009809494
10,Eta10,Weather single-source,Genomic pathway,Linear,With W,Genomic linear + W,E + W + G + GE + GW,"Linear genomic-weather model with environment, weather, GE, and GW",G + W,GY,CV2,9,CS11_WS,0.9801397889851007,5,125.577843952179
10,Eta10,Weather single-source,Genomic pathway,Linear,With W,Genomic linear + W,E + W + G + GE + GW,"Linear genomic-weather model with environment, weather, GE, and GW",G + W,GY,CV2,9,CS11_WW,0.9841329033995694,5,125.577843952179
10,Eta10,Weather single-source,Genomic pathway,Linear,With W,Genomic linear + W,E + W + G + GE + GW,"Linear genomic-weather model with environment, weather, GE, and GW",G + W,GY,CV2,9,CS12_WS,0.9870402418661645,5,125.577843952179
10,Eta10,Weather single-source,Genomic pathway,Linear,With W,Genomic linear + W,E + W + G + GE + GW,"Linear genomic-weather model with environment, weather, GE, and GW",G + W,GY,CV2,9,CS12_WW,0.9849599832886096,5,125.577843952179
10,Eta10,Weather single-source,Genomic pathway,Linear,With W,Genomic linear + W,E + W + G + GE + GW,"Linear genomic-weather model with environment, weather, GE, and GW",G + W,GY,CV2,10,CS11_WS,0.9803512887068685,5,125.8609459877014
10,Eta10,Weather single-source,Genomic pathway,Linear,With W,Genomic linear + W,E + W + G + GE + GW,"Linear genomic-weather model with environment, weather, GE, and GW",G + W,GY,CV2,10,CS11_WW,0.9843548187217864,5,125.8609459877014
10,Eta10,Weather single-source,Genomic pathway,Linear,With W,Genomic linear + W,E + W + G + GE + GW,"Linear genomic-weather model with environment, weather, GE, and GW",G + W,GY,CV2,10,CS12_WS,0.9869033197520828,5,125.8609459877014
10,Eta10,Weather single-source,Genomic pathway,Linear,With W,Genomic linear + W,E + W + G + GE + GW,"Linear genomic-weather model with environment, weather, GE, and GW",G + W,GY,CV2,10,CS12_WW,0.9848378191142112,5,125.8609459877014
10,Eta10,Weather single-source,Genomic pathway,Linear,With W,Genomic linear + W,E + W + G + GE + GW,"Linear genomic-weather model with environment, weather, GE, and GW",G + W,KW,CV1,1,CS11_WS,0.607377330416335,5,124.0978454589842
10,Eta10,Weather single-source,Genomic pathway,Linear,With W,Genomic linear + W,E + W + G + GE + GW,"Linear genomic-weather model with environment, weather, GE, and GW",G + W,KW,CV1,1,CS11_WW,0.5971164832876692,5,124.0978454589842
10,Eta10,Weather single-source,Genomic pathway,Linear,With W,Genomic linear + W,E + W + G + GE + GW,"Linear genomic-weather model with environment, weather, GE, and GW",G + W,KW,CV1,1,CS12_WS,0.627044678741816,5,124.0978454589842
10,Eta10,Weather single-source,Genomic pathway,Linear,With W,Genomic linear + W,E + W + G + GE + GW,"Linear genomic-weather model with environment, weather, GE, and GW",G + W,KW,CV1,1,CS12_WW,0.6374501891738534,5,124.0978454589842
10,Eta10,Weather single-source,Genomic pathway,Linear,With W,Genomic linear + W,E + W + G + GE + GW,"Linear genomic-weather model with environment, weather, GE, and GW",G + W,KW,CV1,2,CS11_WS,0.580946958313214,5,124.731450176239
10,Eta10,Weather single-source,Genomic pathway,Linear,With W,Genomic linear + W,E + W + G + GE + GW,"Linear genomic-weather model with environment, weather, GE, and GW",G + W,KW,CV1,2,CS11_WW,0.5651664122484524,5,124.731450176239
10,Eta10,Weather single-source,Genomic pathway,Linear,With W,Genomic linear + W,E + W + G + GE + GW,"Linear genomic-weather model with environment, weather, GE, and GW",G + W,KW,CV1,2,CS12_WS,0.6176906146125308,5,124.731450176239
10,Eta10,Weather single-source,Genomic pathway,Linear,With W,Genomic linear + W,E + W + G + GE + GW,"Linear genomic-weather model with environment, weather, GE, and GW",G + W,KW,CV1,2,CS12_WW,0.6326844009153112,5,124.731450176239
10,Eta10,Weather single-source,Genomic pathway,Linear,With W,Genomic linear + W,E + W + G + GE + GW,"Linear genomic-weather model with environment, weather, GE, and GW",G + W,KW,CV1,3,CS11_WS,0.5839843260449789,5,146.8967375755308
10,Eta10,Weather single-source,Genomic pathway,Linear,With W,Genomic linear + W,E + W + G + GE + GW,"Linear genomic-weather model with environment, weather, GE, and GW",G + W,KW,CV1,3,CS11_WW,0.5762838153501688,5,146.8967375755308
10,Eta10,Weather single-source,Genomic pathway,Linear,With W,Genomic linear + W,E + W + G + GE + GW,"Linear genomic-weather model with environment, weather, GE, and GW",G + W,KW,CV1,3,CS12_WS,0.6300109408602577,5,146.8967375755308
10,Eta10,Weather single-source,Genomic pathway,Linear,With W,Genomic linear + W,E + W + G + GE + GW,"Linear genomic-weather model with environment, weather, GE, and GW",G + W,KW,CV1,3,CS12_WW,0.6386548842635396,5,146.8967375755308
10,Eta10,Weather single-source,Genomic pathway,Linear,With W,Genomic linear + W,E + W + G + GE + GW,"Linear genomic-weather model with environment, weather, GE, and GW",G + W,KW,CV1,4,CS11_WS,0.5805698315704519,5,145.58284382820142
10,Eta10,Weather single-source,Genomic pathway,Linear,With W,Genomic linear + W,E + W + G + GE + GW,"Linear genomic-weather model with environment, weather, GE, and GW",G + W,KW,CV1,4,CS11_WW,0.5745199720090536,5,145.58284382820142
10,Eta10,Weather single-source,Genomic pathway,Linear,With W,Genomic linear + W,E + W + G + GE + GW,"Linear genomic-weather model with environment, weather, GE, and GW",G + W,KW,CV1,4,CS12_WS,0.6269378040040166,5,145.58284382820142
10,Eta10,Weather single-source,Genomic pathway,Linear,With W,Genomic linear + W,E + W + G + GE + GW,"Linear genomic-weather model with environment, weather, GE, and GW",G + W,KW,CV1,4,CS12_WW,0.6211936182583392,5,145.58284382820142
10,Eta10,Weather single-source,Genomic pathway,Linear,With W,Genomic linear + W,E + W + G + GE + GW,"Linear genomic-weather model with environment, weather, GE, and GW",G + W,KW,CV1,5,CS11_WS,0.5573673998781972,5,146.134338760376
10,Eta10,Weather single-source,Genomic pathway,Linear,With W,Genomic linear + W,E + W + G + GE + GW,"Linear genomic-weather model with environment, weather, GE, and GW",G + W,KW,CV1,5,CS11_WW,0.5427723736617962,5,146.134338760376
10,Eta10,Weather single-source,Genomic pathway,Linear,With W,Genomic linear + W,E + W + G + GE + GW,"Linear genomic-weather model with environment, weather, GE, and GW",G + W,KW,CV1,5,CS12_WS,0.5961874214732168,5,146.134338760376
10,Eta10,Weather single-source,Genomic pathway,Linear,With W,Genomic linear + W,E + W + G + GE + GW,"Linear genomic-weather model with environment, weather, GE, and GW",G + W,KW,CV1,5,CS12_WW,0.557667412302284,5,146.134338760376
10,Eta10,Weather single-source,Genomic pathway,Linear,With W,Genomic linear + W,E + W + G + GE + GW,"Linear genomic-weather model with environment, weather, GE, and GW",G + W,KW,CV1,6,CS11_WS,0.5763038145147182,5,125.501424598694
10,Eta10,Weather single-source,Genomic pathway,Linear,With W,Genomic linear + W,E + W + G + GE + GW,"Linear genomic-weather model with environment, weather, GE, and GW",G + W,KW,CV1,6,CS11_WW,0.5887733543945246,5,125.501424598694
10,Eta10,Weather single-source,Genomic pathway,Linear,With W,Genomic linear + W,E + W + G + GE + GW,"Linear genomic-weather model with environment, weather, GE, and GW",G + W,KW,CV1,6,CS12_WS,0.6255610886393178,5,125.501424598694
10,Eta10,Weather single-source,Genomic pathway,Linear,With W,Genomic linear + W,E + W + G + GE + GW,"Linear genomic-weather model with environment, weather, GE, and GW",G + W,KW,CV1,6,CS12_WW,0.650719361740182,5,125.501424598694
10,Eta10,Weather single-source,Genomic pathway,Linear,With W,Genomic linear + W,E + W + G + GE + GW,"Linear genomic-weather model with environment, weather, GE, and GW",G + W,KW,CV1,7,CS11_WS,0.560818661934379,5,123.005824995041
10,Eta10,Weather single-source,Genomic pathway,Linear,With W,Genomic linear + W,E + W + G + GE + GW,"Linear genomic-weather model with environment, weather, GE, and GW",G + W,KW,CV1,7,CS11_WW,0.5641991125868242,5,123.005824995041
10,Eta10,Weather single-source,Genomic pathway,Linear,With W,Genomic linear + W,E + W + G + GE + GW,"Linear genomic-weather model with environment, weather, GE, and GW",G + W,KW,CV1,7,CS12_WS,0.602509426167607,5,123.005824995041
10,Eta10,Weather single-source,Genomic pathway,Linear,With W,Genomic linear + W,E + W + G + GE + GW,"Linear genomic-weather model with environment, weather, GE, and GW",G + W,KW,CV1,7,CS12_WW,0.5820414455397934,5,123.005824995041
10,Eta10,Weather single-source,Genomic pathway,Linear,With W,Genomic linear + W,E + W + G + GE + GW,"Linear genomic-weather model with environment, weather, GE, and GW",G + W,KW,CV1,8,CS11_WS,0.5586079078607236,5,124.0142679691314
10,Eta10,Weather single-source,Genomic pathway,Linear,With W,Genomic linear + W,E + W + G + GE + GW,"Linear genomic-weather model with environment, weather, GE, and GW",G + W,KW,CV1,8,CS11_WW,0.5759050420886328,5,124.0142679691314
10,Eta10,Weather single-source,Genomic pathway,Linear,With W,Genomic linear + W,E + W + G + GE + GW,"Linear genomic-weather model with environment, weather, GE, and GW",G + W,KW,CV1,8,CS12_WS,0.6241534308965931,5,124.0142679691314
10,Eta10,Weather single-source,Genomic pathway,Linear,With W,Genomic linear + W,E + W + G + GE + GW,"Linear genomic-weather model with environment, weather, GE, and GW",G + W,KW,CV1,8,CS12_WW,0.613228264511878,5,124.0142679691314
10,Eta10,Weather single-source,Genomic pathway,Linear,With W,Genomic linear + W,E + W + G + GE + GW,"Linear genomic-weather model with environment, weather, GE, and GW",G + W,KW,CV1,9,CS11_WS,0.568874138271495,5,124.3259508609772
10,Eta10,Weather single-source,Genomic pathway,Linear,With W,Genomic linear + W,E + W + G + GE + GW,"Linear genomic-weather model with environment, weather, GE, and GW",G + W,KW,CV1,9,CS11_WW,0.5865067670179409,5,124.3259508609772
10,Eta10,Weather single-source,Genomic pathway,Linear,With W,Genomic linear + W,E + W + G + GE + GW,"Linear genomic-weather model with environment, weather, GE, and GW",G + W,KW,CV1,9,CS12_WS,0.6266929326435048,5,124.3259508609772
10,Eta10,Weather single-source,Genomic pathway,Linear,With W,Genomic linear + W,E + W + G + GE + GW,"Linear genomic-weather model with environment, weather, GE, and GW",G + W,KW,CV1,9,CS12_WW,0.608568970205369,5,124.3259508609772
10,Eta10,Weather single-source,Genomic pathway,Linear,With W,Genomic linear + W,E + W + G + GE + GW,"Linear genomic-weather model with environment, weather, GE, and GW",G + W,KW,CV1,10,CS11_WS,0.5532014040987001,5,113.81259799003594
10,Eta10,Weather single-source,Genomic pathway,Linear,With W,Genomic linear + W,E + W + G + GE + GW,"Linear genomic-weather model with environment, weather, GE, and GW",G + W,KW,CV1,10,CS11_WW,0.5414719914674022,5,113.81259799003594
10,Eta10,Weather single-source,Genomic pathway,Linear,With W,Genomic linear + W,E + W + G + GE + GW,"Linear genomic-weather model with environment, weather, GE, and GW",G + W,KW,CV1,10,CS12_WS,0.5869626713593641,5,113.81259799003594
10,Eta10,Weather single-source,Genomic pathway,Linear,With W,Genomic linear + W,E + W + G + GE + GW,"Linear genomic-weather model with environment, weather, GE, and GW",G + W,KW,CV1,10,CS12_WW,0.5953862801124383,5,113.81259799003594
10,Eta10,Weather single-source,Genomic pathway,Linear,With W,Genomic linear + W,E + W + G + GE + GW,"Linear genomic-weather model with environment, weather, GE, and GW",G + W,KW,CV2,1,CS11_WS,0.9907647464528253,5,124.0978454589842
10,Eta10,Weather single-source,Genomic pathway,Linear,With W,Genomic linear + W,E + W + G + GE + GW,"Linear genomic-weather model with environment, weather, GE, and GW",G + W,KW,CV2,1,CS11_WW,0.9868904846463036,5,124.0978454589842
10,Eta10,Weather single-source,Genomic pathway,Linear,With W,Genomic linear + W,E + W + G + GE + GW,"Linear genomic-weather model with environment, weather, GE, and GW",G + W,KW,CV2,1,CS12_WS,0.991906676398037,5,124.0978454589842
10,Eta10,Weather single-source,Genomic pathway,Linear,With W,Genomic linear + W,E + W + G + GE + GW,"Linear genomic-weather model with environment, weather, GE, and GW",G + W,KW,CV2,1,CS12_WW,0.991158833961071,5,124.0978454589842
10,Eta10,Weather single-source,Genomic pathway,Linear,With W,Genomic linear + W,E + W + G + GE + GW,"Linear genomic-weather model with environment, weather, GE, and GW",G + W,KW,CV2,2,CS11_WS,0.9907124570909488,5,124.731450176239
10,Eta10,Weather single-source,Genomic pathway,Linear,With W,Genomic linear + W,E + W + G + GE + GW,"Linear genomic-weather model with environment, weather, GE, and GW",G + W,KW,CV2,2,CS11_WW,0.9870497345404946,5,124.731450176239
10,Eta10,Weather single-source,Genomic pathway,Linear,With W,Genomic linear + W,E + W + G + GE + GW,"Linear genomic-weather model with environment, weather, GE, and GW",G + W,KW,CV2,2,CS12_WS,0.9919319449591792,5,124.731450176239
10,Eta10,Weather single-source,Genomic pathway,Linear,With W,Genomic linear + W,E + W + G + GE + GW,"Linear genomic-weather model with environment, weather, GE, and GW",G + W,KW,CV2,2,CS12_WW,0.9912118285486688,5,124.731450176239
10,Eta10,Weather single-source,Genomic pathway,Linear,With W,Genomic linear + W,E + W + G + GE + GW,"Linear genomic-weather model with environment, weather, GE, and GW",G + W,KW,CV2,3,CS11_WS,0.9908131181220666,5,146.8967375755308
10,Eta10,Weather single-source,Genomic pathway,Linear,With W,Genomic linear + W,E + W + G + GE + GW,"Linear genomic-weather model with environment, weather, GE, and GW",G + W,KW,CV2,3,CS11_WW,0.9871807106637327,5,146.8967375755308
10,Eta10,Weather single-source,Genomic pathway,Linear,With W,Genomic linear + W,E + W + G + GE + GW,"Linear genomic-weather model with environment, weather, GE, and GW",G + W,KW,CV2,3,CS12_WS,0.9919403075868454,5,146.8967375755308
10,Eta10,Weather single-source,Genomic pathway,Linear,With W,Genomic linear + W,E + W + G + GE + GW,"Linear genomic-weather model with environment, weather, GE, and GW",G + W,KW,CV2,3,CS12_WW,0.9912646276961578,5,146.8967375755308
10,Eta10,Weather single-source,Genomic pathway,Linear,With W,Genomic linear + W,E + W + G + GE + GW,"Linear genomic-weather model with environment, weather, GE, and GW",G + W,KW,CV2,4,CS11_WS,0.9906117519977229,5,145.58284382820142
10,Eta10,Weather single-source,Genomic pathway,Linear,With W,Genomic linear + W,E + W + G + GE + GW,"Linear genomic-weather model with environment, weather, GE, and GW",G + W,KW,CV2,4,CS11_WW,0.986984447994599,5,145.58284382820142
10,Eta10,Weather single-source,Genomic pathway,Linear,With W,Genomic linear + W,E + W + G + GE + GW,"Linear genomic-weather model with environment, weather, GE, and GW",G + W,KW,CV2,4,CS12_WS,0.9918985673828254,5,145.58284382820142
10,Eta10,Weather single-source,Genomic pathway,Linear,With W,Genomic linear + W,E + W + G + GE + GW,"Linear genomic-weather model with environment, weather, GE, and GW",G + W,KW,CV2,4,CS12_WW,0.9912084132999273,5,145.58284382820142
10,Eta10,Weather single-source,Genomic pathway,Linear,With W,Genomic linear + W,E + W + G + GE + GW,"Linear genomic-weather model with environment, weather, GE, and GW",G + W,KW,CV2,5,CS11_WS,0.9907287958617012,5,146.134338760376
10,Eta10,Weather single-source,Genomic pathway,Linear,With W,Genomic linear + W,E + W + G + GE + GW,"Linear genomic-weather model with environment, weather, GE, and GW",G + W,KW,CV2,5,CS11_WW,0.9871775665654517,5,146.134338760376
10,Eta10,Weather single-source,Genomic pathway,Linear,With W,Genomic linear + W,E + W + G + GE + GW,"Linear genomic-weather model with environment, weather, GE, and GW",G + W,KW,CV2,5,CS12_WS,0.9919850523494513,5,146.134338760376
10,Eta10,Weather single-source,Genomic pathway,Linear,With W,Genomic linear + W,E + W + G + GE + GW,"Linear genomic-weather model with environment, weather, GE, and GW",G + W,KW,CV2,5,CS12_WW,0.9913382627995879,5,146.134338760376
10,Eta10,Weather single-source,Genomic pathway,Linear,With W,Genomic linear + W,E + W + G + GE + GW,"Linear genomic-weather model with environment, weather, GE, and GW",G + W,KW,CV2,6,CS11_WS,0.9907885060500451,5,125.501424598694
10,Eta10,Weather single-source,Genomic pathway,Linear,With W,Genomic linear + W,E + W + G + GE + GW,"Linear genomic-weather model with environment, weather, GE, and GW",G + W,KW,CV2,6,CS11_WW,0.9869587606384342,5,125.501424598694
10,Eta10,Weather single-source,Genomic pathway,Linear,With W,Genomic linear + W,E + W + G + GE + GW,"Linear genomic-weather model with environment, weather, GE, and GW",G + W,KW,CV2,6,CS12_WS,0.9919530412800883,5,125.501424598694
10,Eta10,Weather single-source,Genomic pathway,Linear,With W,Genomic linear + W,E + W + G + GE + GW,"Linear genomic-weather model with environment, weather, GE, and GW",G + W,KW,CV2,6,CS12_WW,0.9912779125401766,5,125.501424598694
10,Eta10,Weather single-source,Genomic pathway,Linear,With W,Genomic linear + W,E + W + G + GE + GW,"Linear genomic-weather model with environment, weather, GE, and GW",G + W,KW,CV2,7,CS11_WS,0.9907100080540239,5,123.005824995041
10,Eta10,Weather single-source,Genomic pathway,Linear,With W,Genomic linear + W,E + W + G + GE + GW,"Linear genomic-weather model with environment, weather, GE, and GW",G + W,KW,CV2,7,CS11_WW,0.9870511457960998,5,123.005824995041
10,Eta10,Weather single-source,Genomic pathway,Linear,With W,Genomic linear + W,E + W + G + GE + GW,"Linear genomic-weather model with environment, weather, GE, and GW",G + W,KW,CV2,7,CS12_WS,0.9920496137468016,5,123.005824995041
10,Eta10,Weather single-source,Genomic pathway,Linear,With W,Genomic linear + W,E + W + G + GE + GW,"Linear genomic-weather model with environment, weather, GE, and GW",G + W,KW,CV2,7,CS12_WW,0.9911906668671456,5,123.005824995041
10,Eta10,Weather single-source,Genomic pathway,Linear,With W,Genomic linear + W,E + W + G + GE + GW,"Linear genomic-weather model with environment, weather, GE, and GW",G + W,KW,CV2,8,CS11_WS,0.9907960116408775,5,124.0142679691314
10,Eta10,Weather single-source,Genomic pathway,Linear,With W,Genomic linear + W,E + W + G + GE + GW,"Linear genomic-weather model with environment, weather, GE, and GW",G + W,KW,CV2,8,CS11_WW,0.9871172180375936,5,124.0142679691314
10,Eta10,Weather single-source,Genomic pathway,Linear,With W,Genomic linear + W,E + W + G + GE + GW,"Linear genomic-weather model with environment, weather, GE, and GW",G + W,KW,CV2,8,CS12_WS,0.9919818894482451,5,124.0142679691314
10,Eta10,Weather single-source,Genomic pathway,Linear,With W,Genomic linear + W,E + W + G + GE + GW,"Linear genomic-weather model with environment, weather, GE, and GW",G + W,KW,CV2,8,CS12_WW,0.9912738022747423,5,124.0142679691314
10,Eta10,Weather single-source,Genomic pathway,Linear,With W,Genomic linear + W,E + W + G + GE + GW,"Linear genomic-weather model with environment, weather, GE, and GW",G + W,KW,CV2,9,CS11_WS,0.9906559226515584,5,124.3259508609772
10,Eta10,Weather single-source,Genomic pathway,Linear,With W,Genomic linear + W,E + W + G + GE + GW,"Linear genomic-weather model with environment, weather, GE, and GW",G + W,KW,CV2,9,CS11_WW,0.9870033570046172,5,124.3259508609772
10,Eta10,Weather single-source,Genomic pathway,Linear,With W,Genomic linear + W,E + W + G + GE + GW,"Linear genomic-weather model with environment, weather, GE, and GW",G + W,KW,CV2,9,CS12_WS,0.9919743770663135,5,124.3259508609772
10,Eta10,Weather single-source,Genomic pathway,Linear,With W,Genomic linear + W,E + W + G + GE + GW,"Linear genomic-weather model with environment, weather, GE, and GW",G + W,KW,CV2,9,CS12_WW,0.991169189265093,5,124.3259508609772
10,Eta10,Weather single-source,Genomic pathway,Linear,With W,Genomic linear + W,E + W + G + GE + GW,"Linear genomic-weather model with environment, weather, GE, and GW",G + W,KW,CV2,10,CS11_WS,0.9905946776448753,5,113.81259799003594
10,Eta10,Weather single-source,Genomic pathway,Linear,With W,Genomic linear + W,E + W + G + GE + GW,"Linear genomic-weather model with environment, weather, GE, and GW",G + W,KW,CV2,10,CS11_WW,0.9869079361856847,5,113.81259799003594
10,Eta10,Weather single-source,Genomic pathway,Linear,With W,Genomic linear + W,E + W + G + GE + GW,"Linear genomic-weather model with environment, weather, GE, and GW",G + W,KW,CV2,10,CS12_WS,0.991997058573887,5,113.81259799003594
10,Eta10,Weather single-source,Genomic pathway,Linear,With W,Genomic linear + W,E + W + G + GE + GW,"Linear genomic-weather model with environment, weather, GE, and GW",G + W,KW,CV2,10,CS12_WW,0.9912507533941846,5,113.81259799003594
11,Eta11,Weather single-source,Phenomic pathway,Linear,With W,Phenomic linear + W,E + W + P + PE + PW,"Linear phenomic-weather model with environment, weather, PE, and PW",P + W,GY,CV1,1,CS11_WS,0.5940894459133692,5,152.4624757766722
11,Eta11,Weather single-source,Phenomic pathway,Linear,With W,Phenomic linear + W,E + W + P + PE + PW,"Linear phenomic-weather model with environment, weather, PE, and PW",P + W,GY,CV1,1,CS11_WW,0.6473361950565026,5,152.4624757766722
11,Eta11,Weather single-source,Phenomic pathway,Linear,With W,Phenomic linear + W,E + W + P + PE + PW,"Linear phenomic-weather model with environment, weather, PE, and PW",P + W,GY,CV1,1,CS12_WS,0.6876483150235011,5,152.4624757766722
11,Eta11,Weather single-source,Phenomic pathway,Linear,With W,Phenomic linear + W,E + W + P + PE + PW,"Linear phenomic-weather model with environment, weather, PE, and PW",P + W,GY,CV1,1,CS12_WW,0.6045191918904832,5,152.4624757766722
11,Eta11,Weather single-source,Phenomic pathway,Linear,With W,Phenomic linear + W,E + W + P + PE + PW,"Linear phenomic-weather model with environment, weather, PE, and PW",P + W,GY,CV1,2,CS11_WS,0.5857835619400786,5,125.8406262397764
11,Eta11,Weather single-source,Phenomic pathway,Linear,With W,Phenomic linear + W,E + W + P + PE + PW,"Linear phenomic-weather model with environment, weather, PE, and PW",P + W,GY,CV1,2,CS11_WW,0.6429650201614494,5,125.8406262397764
11,Eta11,Weather single-source,Phenomic pathway,Linear,With W,Phenomic linear + W,E + W + P + PE + PW,"Linear phenomic-weather model with environment, weather, PE, and PW",P + W,GY,CV1,2,CS12_WS,0.6874044121992036,5,125.8406262397764
11,Eta11,Weather single-source,Phenomic pathway,Linear,With W,Phenomic linear + W,E + W + P + PE + PW,"Linear phenomic-weather model with environment, weather, PE, and PW",P + W,GY,CV1,2,CS12_WW,0.5911961361783038,5,125.8406262397764
11,Eta11,Weather single-source,Phenomic pathway,Linear,With W,Phenomic linear + W,E + W + P + PE + PW,"Linear phenomic-weather model with environment, weather, PE, and PW",P + W,GY,CV1,3,CS11_WS,0.636727779021944,5,125.063335609436
11,Eta11,Weather single-source,Phenomic pathway,Linear,With W,Phenomic linear + W,E + W + P + PE + PW,"Linear phenomic-weather model with environment, weather, PE, and PW",P + W,GY,CV1,3,CS11_WW,0.6641210304916865,5,125.063335609436
11,Eta11,Weather single-source,Phenomic pathway,Linear,With W,Phenomic linear + W,E + W + P + PE + PW,"Linear phenomic-weather model with environment, weather, PE, and PW",P + W,GY,CV1,3,CS12_WS,0.6838607406215866,5,125.063335609436
11,Eta11,Weather single-source,Phenomic pathway,Linear,With W,Phenomic linear + W,E + W + P + PE + PW,"Linear phenomic-weather model with environment, weather, PE, and PW",P + W,GY,CV1,3,CS12_WW,0.5839613726128924,5,125.063335609436
11,Eta11,Weather single-source,Phenomic pathway,Linear,With W,Phenomic linear + W,E + W + P + PE + PW,"Linear phenomic-weather model with environment, weather, PE, and PW",P + W,GY,CV1,4,CS11_WS,0.618673607272159,5,126.13102960586541
11,Eta11,Weather single-source,Phenomic pathway,Linear,With W,Phenomic linear + W,E + W + P + PE + PW,"Linear phenomic-weather model with environment, weather, PE, and PW",P + W,GY,CV1,4,CS11_WW,0.6146993285082236,5,126.13102960586541
11,Eta11,Weather single-source,Phenomic pathway,Linear,With W,Phenomic linear + W,E + W + P + PE + PW,"Linear phenomic-weather model with environment, weather, PE, and PW",P + W,GY,CV1,4,CS12_WS,0.5856604510091312,5,126.13102960586541
11,Eta11,Weather single-source,Phenomic pathway,Linear,With W,Phenomic linear + W,E + W + P + PE + PW,"Linear phenomic-weather model with environment, weather, PE, and PW",P + W,GY,CV1,4,CS12_WW,0.555277918620172,5,126.13102960586541
11,Eta11,Weather single-source,Phenomic pathway,Linear,With W,Phenomic linear + W,E + W + P + PE + PW,"Linear phenomic-weather model with environment, weather, PE, and PW",P + W,GY,CV1,5,CS11_WS,0.6526822687204342,5,146.1242981910706
11,Eta11,Weather single-source,Phenomic pathway,Linear,With W,Phenomic linear + W,E + W + P + PE + PW,"Linear phenomic-weather model with environment, weather, PE, and PW",P + W,GY,CV1,5,CS11_WW,0.6741409313567254,5,146.1242981910706
11,Eta11,Weather single-source,Phenomic pathway,Linear,With W,Phenomic linear + W,E + W + P + PE + PW,"Linear phenomic-weather model with environment, weather, PE, and PW",P + W,GY,CV1,5,CS12_WS,0.7031173780455066,5,146.1242981910706
11,Eta11,Weather single-source,Phenomic pathway,Linear,With W,Phenomic linear + W,E + W + P + PE + PW,"Linear phenomic-weather model with environment, weather, PE, and PW",P + W,GY,CV1,5,CS12_WW,0.6235188362748536,5,146.1242981910706
11,Eta11,Weather single-source,Phenomic pathway,Linear,With W,Phenomic linear + W,E + W + P + PE + PW,"Linear phenomic-weather model with environment, weather, PE, and PW",P + W,GY,CV1,6,CS11_WS,0.6608761453216789,5,124.9372714042664
11,Eta11,Weather single-source,Phenomic pathway,Linear,With W,Phenomic linear + W,E + W + P + PE + PW,"Linear phenomic-weather model with environment, weather, PE, and PW",P + W,GY,CV1,6,CS11_WW,0.6604771846915402,5,124.9372714042664
11,Eta11,Weather single-source,Phenomic pathway,Linear,With W,Phenomic linear + W,E + W + P + PE + PW,"Linear phenomic-weather model with environment, weather, PE, and PW",P + W,GY,CV1,6,CS12_WS,0.7052376565310025,5,124.9372714042664
11,Eta11,Weather single-source,Phenomic pathway,Linear,With W,Phenomic linear + W,E + W + P + PE + PW,"Linear phenomic-weather model with environment, weather, PE, and PW",P + W,GY,CV1,6,CS12_WW,0.6065315849231429,5,124.9372714042664
11,Eta11,Weather single-source,Phenomic pathway,Linear,With W,Phenomic linear + W,E + W + P + PE + PW,"Linear phenomic-weather model with environment, weather, PE, and PW",P + W,GY,CV1,7,CS11_WS,0.6132288890191306,5,125.1435435771942
11,Eta11,Weather single-source,Phenomic pathway,Linear,With W,Phenomic linear + W,E + W + P + PE + PW,"Linear phenomic-weather model with environment, weather, PE, and PW",P + W,GY,CV1,7,CS11_WW,0.6711894974313785,5,125.1435435771942
11,Eta11,Weather single-source,Phenomic pathway,Linear,With W,Phenomic linear + W,E + W + P + PE + PW,"Linear phenomic-weather model with environment, weather, PE, and PW",P + W,GY,CV1,7,CS12_WS,0.7114879163758464,5,125.1435435771942
11,Eta11,Weather single-source,Phenomic pathway,Linear,With W,Phenomic linear + W,E + W + P + PE + PW,"Linear phenomic-weather model with environment, weather, PE, and PW",P + W,GY,CV1,7,CS12_WW,0.5735781631810031,5,125.1435435771942
11,Eta11,Weather single-source,Phenomic pathway,Linear,With W,Phenomic linear + W,E + W + P + PE + PW,"Linear phenomic-weather model with environment, weather, PE, and PW",P + W,GY,CV1,8,CS11_WS,0.6180399931910083,5,124.0001433372496
11,Eta11,Weather single-source,Phenomic pathway,Linear,With W,Phenomic linear + W,E + W + P + PE + PW,"Linear phenomic-weather model with environment, weather, PE, and PW",P + W,GY,CV1,8,CS11_WW,0.6487901243566812,5,124.0001433372496
11,Eta11,Weather single-source,Phenomic pathway,Linear,With W,Phenomic linear + W,E + W + P + PE + PW,"Linear phenomic-weather model with environment, weather, PE, and PW",P + W,GY,CV1,8,CS12_WS,0.7083326250023988,5,124.0001433372496
11,Eta11,Weather single-source,Phenomic pathway,Linear,With W,Phenomic linear + W,E + W + P + PE + PW,"Linear phenomic-weather model with environment, weather, PE, and PW",P + W,GY,CV1,8,CS12_WW,0.615782325385581,5,124.0001433372496
11,Eta11,Weather single-source,Phenomic pathway,Linear,With W,Phenomic linear + W,E + W + P + PE + PW,"Linear phenomic-weather model with environment, weather, PE, and PW",P + W,GY,CV1,9,CS11_WS,0.6372145171713915,5,126.005732059479
11,Eta11,Weather single-source,Phenomic pathway,Linear,With W,Phenomic linear + W,E + W + P + PE + PW,"Linear phenomic-weather model with environment, weather, PE, and PW",P + W,GY,CV1,9,CS11_WW,0.6572830168817421,5,126.005732059479
11,Eta11,Weather single-source,Phenomic pathway,Linear,With W,Phenomic linear + W,E + W + P + PE + PW,"Linear phenomic-weather model with environment, weather, PE, and PW",P + W,GY,CV1,9,CS12_WS,0.6801181377629764,5,126.005732059479
11,Eta11,Weather single-source,Phenomic pathway,Linear,With W,Phenomic linear + W,E + W + P + PE + PW,"Linear phenomic-weather model with environment, weather, PE, and PW",P + W,GY,CV1,9,CS12_WW,0.5811475985594415,5,126.005732059479
11,Eta11,Weather single-source,Phenomic pathway,Linear,With W,Phenomic linear + W,E + W + P + PE + PW,"Linear phenomic-weather model with environment, weather, PE, and PW",P + W,GY,CV1,10,CS11_WS,0.5774334738539377,5,126.1380375862122
11,Eta11,Weather single-source,Phenomic pathway,Linear,With W,Phenomic linear + W,E + W + P + PE + PW,"Linear phenomic-weather model with environment, weather, PE, and PW",P + W,GY,CV1,10,CS11_WW,0.6326175323256984,5,126.1380375862122
11,Eta11,Weather single-source,Phenomic pathway,Linear,With W,Phenomic linear + W,E + W + P + PE + PW,"Linear phenomic-weather model with environment, weather, PE, and PW",P + W,GY,CV1,10,CS12_WS,0.6846704964594614,5,126.1380375862122
11,Eta11,Weather single-source,Phenomic pathway,Linear,With W,Phenomic linear + W,E + W + P + PE + PW,"Linear phenomic-weather model with environment, weather, PE, and PW",P + W,GY,CV1,10,CS12_WW,0.6028064921711276,5,126.1380375862122
11,Eta11,Weather single-source,Phenomic pathway,Linear,With W,Phenomic linear + W,E + W + P + PE + PW,"Linear phenomic-weather model with environment, weather, PE, and PW",P + W,GY,CV2,1,CS11_WS,0.9560613421093574,5,152.4624757766722
11,Eta11,Weather single-source,Phenomic pathway,Linear,With W,Phenomic linear + W,E + W + P + PE + PW,"Linear phenomic-weather model with environment, weather, PE, and PW",P + W,GY,CV2,1,CS11_WW,0.9613692325105333,5,152.4624757766722
11,Eta11,Weather single-source,Phenomic pathway,Linear,With W,Phenomic linear + W,E + W + P + PE + PW,"Linear phenomic-weather model with environment, weather, PE, and PW",P + W,GY,CV2,1,CS12_WS,0.9675875575559102,5,152.4624757766722
11,Eta11,Weather single-source,Phenomic pathway,Linear,With W,Phenomic linear + W,E + W + P + PE + PW,"Linear phenomic-weather model with environment, weather, PE, and PW",P + W,GY,CV2,1,CS12_WW,0.9586309700202287,5,152.4624757766722
11,Eta11,Weather single-source,Phenomic pathway,Linear,With W,Phenomic linear + W,E + W + P + PE + PW,"Linear phenomic-weather model with environment, weather, PE, and PW",P + W,GY,CV2,2,CS11_WS,0.9588146486230164,5,125.8406262397764
11,Eta11,Weather single-source,Phenomic pathway,Linear,With W,Phenomic linear + W,E + W + P + PE + PW,"Linear phenomic-weather model with environment, weather, PE, and PW",P + W,GY,CV2,2,CS11_WW,0.9655098614150595,5,125.8406262397764
11,Eta11,Weather single-source,Phenomic pathway,Linear,With W,Phenomic linear + W,E + W + P + PE + PW,"Linear phenomic-weather model with environment, weather, PE, and PW",P + W,GY,CV2,2,CS12_WS,0.9711382883422329,5,125.8406262397764
11,Eta11,Weather single-source,Phenomic pathway,Linear,With W,Phenomic linear + W,E + W + P + PE + PW,"Linear phenomic-weather model with environment, weather, PE, and PW",P + W,GY,CV2,2,CS12_WW,0.9626641306382708,5,125.8406262397764
11,Eta11,Weather single-source,Phenomic pathway,Linear,With W,Phenomic linear + W,E + W + P + PE + PW,"Linear phenomic-weather model with environment, weather, PE, and PW",P + W,GY,CV2,3,CS11_WS,0.9480291199917676,5,125.063335609436
11,Eta11,Weather single-source,Phenomic pathway,Linear,With W,Phenomic linear + W,E + W + P + PE + PW,"Linear phenomic-weather model with environment, weather, PE, and PW",P + W,GY,CV2,3,CS11_WW,0.9514958331940241,5,125.063335609436
11,Eta11,Weather single-source,Phenomic pathway,Linear,With W,Phenomic linear + W,E + W + P + PE + PW,"Linear phenomic-weather model with environment, weather, PE, and PW",P + W,GY,CV2,3,CS12_WS,0.9580484367125564,5,125.063335609436
11,Eta11,Weather single-source,Phenomic pathway,Linear,With W,Phenomic linear + W,E + W + P + PE + PW,"Linear phenomic-weather model with environment, weather, PE, and PW",P + W,GY,CV2,3,CS12_WW,0.9499562800701072,5,125.063335609436
11,Eta11,Weather single-source,Phenomic pathway,Linear,With W,Phenomic linear + W,E + W + P + PE + PW,"Linear phenomic-weather model with environment, weather, PE, and PW",P + W,GY,CV2,4,CS11_WS,0.7341191193424556,5,126.13102960586541
11,Eta11,Weather single-source,Phenomic pathway,Linear,With W,Phenomic linear + W,E + W + P + PE + PW,"Linear phenomic-weather model with environment, weather, PE, and PW",P + W,GY,CV2,4,CS11_WW,0.7430972932189872,5,126.13102960586541
11,Eta11,Weather single-source,Phenomic pathway,Linear,With W,Phenomic linear + W,E + W + P + PE + PW,"Linear phenomic-weather model with environment, weather, PE, and PW",P + W,GY,CV2,4,CS12_WS,0.7092226955455392,5,126.13102960586541
11,Eta11,Weather single-source,Phenomic pathway,Linear,With W,Phenomic linear + W,E + W + P + PE + PW,"Linear phenomic-weather model with environment, weather, PE, and PW",P + W,GY,CV2,4,CS12_WW,0.6805531257638288,5,126.13102960586541
11,Eta11,Weather single-source,Phenomic pathway,Linear,With W,Phenomic linear + W,E + W + P + PE + PW,"Linear phenomic-weather model with environment, weather, PE, and PW",P + W,GY,CV2,5,CS11_WS,0.9610401122314405,5,146.1242981910706
11,Eta11,Weather single-source,Phenomic pathway,Linear,With W,Phenomic linear + W,E + W + P + PE + PW,"Linear phenomic-weather model with environment, weather, PE, and PW",P + W,GY,CV2,5,CS11_WW,0.9689405943241493,5,146.1242981910706
11,Eta11,Weather single-source,Phenomic pathway,Linear,With W,Phenomic linear + W,E + W + P + PE + PW,"Linear phenomic-weather model with environment, weather, PE, and PW",P + W,GY,CV2,5,CS12_WS,0.9746780908100996,5,146.1242981910706
11,Eta11,Weather single-source,Phenomic pathway,Linear,With W,Phenomic linear + W,E + W + P + PE + PW,"Linear phenomic-weather model with environment, weather, PE, and PW",P + W,GY,CV2,5,CS12_WW,0.9654041336049033,5,146.1242981910706
11,Eta11,Weather single-source,Phenomic pathway,Linear,With W,Phenomic linear + W,E + W + P + PE + PW,"Linear phenomic-weather model with environment, weather, PE, and PW",P + W,GY,CV2,6,CS11_WS,0.9616987735808534,5,124.9372714042664
11,Eta11,Weather single-source,Phenomic pathway,Linear,With W,Phenomic linear + W,E + W + P + PE + PW,"Linear phenomic-weather model with environment, weather, PE, and PW",P + W,GY,CV2,6,CS11_WW,0.9696762313562649,5,124.9372714042664
11,Eta11,Weather single-source,Phenomic pathway,Linear,With W,Phenomic linear + W,E + W + P + PE + PW,"Linear phenomic-weather model with environment, weather, PE, and PW",P + W,GY,CV2,6,CS12_WS,0.9754208900221035,5,124.9372714042664
11,Eta11,Weather single-source,Phenomic pathway,Linear,With W,Phenomic linear + W,E + W + P + PE + PW,"Linear phenomic-weather model with environment, weather, PE, and PW",P + W,GY,CV2,6,CS12_WW,0.966086600567372,5,124.9372714042664
11,Eta11,Weather single-source,Phenomic pathway,Linear,With W,Phenomic linear + W,E + W + P + PE + PW,"Linear phenomic-weather model with environment, weather, PE, and PW",P + W,GY,CV2,7,CS11_WS,0.950475169895469,5,125.1435435771942
11,Eta11,Weather single-source,Phenomic pathway,Linear,With W,Phenomic linear + W,E + W + P + PE + PW,"Linear phenomic-weather model with environment, weather, PE, and PW",P + W,GY,CV2,7,CS11_WW,0.9549728533803925,5,125.1435435771942
11,Eta11,Weather single-source,Phenomic pathway,Linear,With W,Phenomic linear + W,E + W + P + PE + PW,"Linear phenomic-weather model with environment, weather, PE, and PW",P + W,GY,CV2,7,CS12_WS,0.9635180166355166,5,125.1435435771942
11,Eta11,Weather single-source,Phenomic pathway,Linear,With W,Phenomic linear + W,E + W + P + PE + PW,"Linear phenomic-weather model with environment, weather, PE, and PW",P + W,GY,CV2,7,CS12_WW,0.958009512831285,5,125.1435435771942
11,Eta11,Weather single-source,Phenomic pathway,Linear,With W,Phenomic linear + W,E + W + P + PE + PW,"Linear phenomic-weather model with environment, weather, PE, and PW",P + W,GY,CV2,8,CS11_WS,0.9479156911842004,5,124.0001433372496
11,Eta11,Weather single-source,Phenomic pathway,Linear,With W,Phenomic linear + W,E + W + P + PE + PW,"Linear phenomic-weather model with environment, weather, PE, and PW",P + W,GY,CV2,8,CS11_WW,0.9509091450810191,5,124.0001433372496
11,Eta11,Weather single-source,Phenomic pathway,Linear,With W,Phenomic linear + W,E + W + P + PE + PW,"Linear phenomic-weather model with environment, weather, PE, and PW",P + W,GY,CV2,8,CS12_WS,0.9580015383210766,5,124.0001433372496
11,Eta11,Weather single-source,Phenomic pathway,Linear,With W,Phenomic linear + W,E + W + P + PE + PW,"Linear phenomic-weather model with environment, weather, PE, and PW",P + W,GY,CV2,8,CS12_WW,0.9525390141470359,5,124.0001433372496
11,Eta11,Weather single-source,Phenomic pathway,Linear,With W,Phenomic linear + W,E + W + P + PE + PW,"Linear phenomic-weather model with environment, weather, PE, and PW",P + W,GY,CV2,9,CS11_WS,0.9158803689824946,5,126.005732059479
11,Eta11,Weather single-source,Phenomic pathway,Linear,With W,Phenomic linear + W,E + W + P + PE + PW,"Linear phenomic-weather model with environment, weather, PE, and PW",P + W,GY,CV2,9,CS11_WW,0.9193801363417334,5,126.005732059479
11,Eta11,Weather single-source,Phenomic pathway,Linear,With W,Phenomic linear + W,E + W + P + PE + PW,"Linear phenomic-weather model with environment, weather, PE, and PW",P + W,GY,CV2,9,CS12_WS,0.9275165699475163,5,126.005732059479
11,Eta11,Weather single-source,Phenomic pathway,Linear,With W,Phenomic linear + W,E + W + P + PE + PW,"Linear phenomic-weather model with environment, weather, PE, and PW",P + W,GY,CV2,9,CS12_WW,0.9187859296081722,5,126.005732059479
11,Eta11,Weather single-source,Phenomic pathway,Linear,With W,Phenomic linear + W,E + W + P + PE + PW,"Linear phenomic-weather model with environment, weather, PE, and PW",P + W,GY,CV2,10,CS11_WS,0.963767716226215,5,126.1380375862122
11,Eta11,Weather single-source,Phenomic pathway,Linear,With W,Phenomic linear + W,E + W + P + PE + PW,"Linear phenomic-weather model with environment, weather, PE, and PW",P + W,GY,CV2,10,CS11_WW,0.9722175077957378,5,126.1380375862122
11,Eta11,Weather single-source,Phenomic pathway,Linear,With W,Phenomic linear + W,E + W + P + PE + PW,"Linear phenomic-weather model with environment, weather, PE, and PW",P + W,GY,CV2,10,CS12_WS,0.9772427573290206,5,126.1380375862122
11,Eta11,Weather single-source,Phenomic pathway,Linear,With W,Phenomic linear + W,E + W + P + PE + PW,"Linear phenomic-weather model with environment, weather, PE, and PW",P + W,GY,CV2,10,CS12_WW,0.9683057121946591,5,126.1380375862122
11,Eta11,Weather single-source,Phenomic pathway,Linear,With W,Phenomic linear + W,E + W + P + PE + PW,"Linear phenomic-weather model with environment, weather, PE, and PW",P + W,KW,CV1,1,CS11_WS,0.7667765280557329,5,146.182476425171
11,Eta11,Weather single-source,Phenomic pathway,Linear,With W,Phenomic linear + W,E + W + P + PE + PW,"Linear phenomic-weather model with environment, weather, PE, and PW",P + W,KW,CV1,1,CS11_WW,0.768104773301024,5,146.182476425171
11,Eta11,Weather single-source,Phenomic pathway,Linear,With W,Phenomic linear + W,E + W + P + PE + PW,"Linear phenomic-weather model with environment, weather, PE, and PW",P + W,KW,CV1,1,CS12_WS,0.7758555250997483,5,146.182476425171
11,Eta11,Weather single-source,Phenomic pathway,Linear,With W,Phenomic linear + W,E + W + P + PE + PW,"Linear phenomic-weather model with environment, weather, PE, and PW",P + W,KW,CV1,1,CS12_WW,0.7218168447766656,5,146.182476425171
11,Eta11,Weather single-source,Phenomic pathway,Linear,With W,Phenomic linear + W,E + W + P + PE + PW,"Linear phenomic-weather model with environment, weather, PE, and PW",P + W,KW,CV1,2,CS11_WS,0.7774199956681728,5,124.3834180355074
11,Eta11,Weather single-source,Phenomic pathway,Linear,With W,Phenomic linear + W,E + W + P + PE + PW,"Linear phenomic-weather model with environment, weather, PE, and PW",P + W,KW,CV1,2,CS11_WW,0.7613548111635939,5,124.3834180355074
11,Eta11,Weather single-source,Phenomic pathway,Linear,With W,Phenomic linear + W,E + W + P + PE + PW,"Linear phenomic-weather model with environment, weather, PE, and PW",P + W,KW,CV1,2,CS12_WS,0.7763361760193522,5,124.3834180355074
11,Eta11,Weather single-source,Phenomic pathway,Linear,With W,Phenomic linear + W,E + W + P + PE + PW,"Linear phenomic-weather model with environment, weather, PE, and PW",P + W,KW,CV1,2,CS12_WW,0.7192418994868248,5,124.3834180355074
11,Eta11,Weather single-source,Phenomic pathway,Linear,With W,Phenomic linear + W,E + W + P + PE + PW,"Linear phenomic-weather model with environment, weather, PE, and PW",P + W,KW,CV1,3,CS11_WS,0.7897538414152521,5,124.2973682403564
11,Eta11,Weather single-source,Phenomic pathway,Linear,With W,Phenomic linear + W,E + W + P + PE + PW,"Linear phenomic-weather model with environment, weather, PE, and PW",P + W,KW,CV1,3,CS11_WW,0.7641342103648032,5,124.2973682403564
11,Eta11,Weather single-source,Phenomic pathway,Linear,With W,Phenomic linear + W,E + W + P + PE + PW,"Linear phenomic-weather model with environment, weather, PE, and PW",P + W,KW,CV1,3,CS12_WS,0.7813383158133151,5,124.2973682403564
11,Eta11,Weather single-source,Phenomic pathway,Linear,With W,Phenomic linear + W,E + W + P + PE + PW,"Linear phenomic-weather model with environment, weather, PE, and PW",P + W,KW,CV1,3,CS12_WW,0.7214603345905308,5,124.2973682403564
11,Eta11,Weather single-source,Phenomic pathway,Linear,With W,Phenomic linear + W,E + W + P + PE + PW,"Linear phenomic-weather model with environment, weather, PE, and PW",P + W,KW,CV1,4,CS11_WS,0.7917778703773386,5,124.652869129181
11,Eta11,Weather single-source,Phenomic pathway,Linear,With W,Phenomic linear + W,E + W + P + PE + PW,"Linear phenomic-weather model with environment, weather, PE, and PW",P + W,KW,CV1,4,CS11_WW,0.7687039714638778,5,124.652869129181
11,Eta11,Weather single-source,Phenomic pathway,Linear,With W,Phenomic linear + W,E + W + P + PE + PW,"Linear phenomic-weather model with environment, weather, PE, and PW",P + W,KW,CV1,4,CS12_WS,0.783866392431688,5,124.652869129181
11,Eta11,Weather single-source,Phenomic pathway,Linear,With W,Phenomic linear + W,E + W + P + PE + PW,"Linear phenomic-weather model with environment, weather, PE, and PW",P + W,KW,CV1,4,CS12_WW,0.7467144402383536,5,124.652869129181
11,Eta11,Weather single-source,Phenomic pathway,Linear,With W,Phenomic linear + W,E + W + P + PE + PW,"Linear phenomic-weather model with environment, weather, PE, and PW",P + W,KW,CV1,5,CS11_WS,0.7558609247700177,5,124.876203584671
11,Eta11,Weather single-source,Phenomic pathway,Linear,With W,Phenomic linear + W,E + W + P + PE + PW,"Linear phenomic-weather model with environment, weather, PE, and PW",P + W,KW,CV1,5,CS11_WW,0.7508530496348188,5,124.876203584671
11,Eta11,Weather single-source,Phenomic pathway,Linear,With W,Phenomic linear + W,E + W + P + PE + PW,"Linear phenomic-weather model with environment, weather, PE, and PW",P + W,KW,CV1,5,CS12_WS,0.7843895275539093,5,124.876203584671
11,Eta11,Weather single-source,Phenomic pathway,Linear,With W,Phenomic linear + W,E + W + P + PE + PW,"Linear phenomic-weather model with environment, weather, PE, and PW",P + W,KW,CV1,5,CS12_WW,0.7397889109892117,5,124.876203584671
11,Eta11,Weather single-source,Phenomic pathway,Linear,With W,Phenomic linear + W,E + W + P + PE + PW,"Linear phenomic-weather model with environment, weather, PE, and PW",P + W,KW,CV1,6,CS11_WS,0.7850688308426148,5,125.8426814079284
11,Eta11,Weather single-source,Phenomic pathway,Linear,With W,Phenomic linear + W,E + W + P + PE + PW,"Linear phenomic-weather model with environment, weather, PE, and PW",P + W,KW,CV1,6,CS11_WW,0.7558781467048484,5,125.8426814079284
11,Eta11,Weather single-source,Phenomic pathway,Linear,With W,Phenomic linear + W,E + W + P + PE + PW,"Linear phenomic-weather model with environment, weather, PE, and PW",P + W,KW,CV1,6,CS12_WS,0.7653791148549024,5,125.8426814079284
11,Eta11,Weather single-source,Phenomic pathway,Linear,With W,Phenomic linear + W,E + W + P + PE + PW,"Linear phenomic-weather model with environment, weather, PE, and PW",P + W,KW,CV1,6,CS12_WW,0.7246975519703295,5,125.8426814079284
11,Eta11,Weather single-source,Phenomic pathway,Linear,With W,Phenomic linear + W,E + W + P + PE + PW,"Linear phenomic-weather model with environment, weather, PE, and PW",P + W,KW,CV1,7,CS11_WS,0.7732130520685405,5,123.1956288337706
11,Eta11,Weather single-source,Phenomic pathway,Linear,With W,Phenomic linear + W,E + W + P + PE + PW,"Linear phenomic-weather model with environment, weather, PE, and PW",P + W,KW,CV1,7,CS11_WW,0.7657882772623281,5,123.1956288337706
11,Eta11,Weather single-source,Phenomic pathway,Linear,With W,Phenomic linear + W,E + W + P + PE + PW,"Linear phenomic-weather model with environment, weather, PE, and PW",P + W,KW,CV1,7,CS12_WS,0.780799857475194,5,123.1956288337706
11,Eta11,Weather single-source,Phenomic pathway,Linear,With W,Phenomic linear + W,E + W + P + PE + PW,"Linear phenomic-weather model with environment, weather, PE, and PW",P + W,KW,CV1,7,CS12_WW,0.752266112118656,5,123.1956288337706
11,Eta11,Weather single-source,Phenomic pathway,Linear,With W,Phenomic linear + W,E + W + P + PE + PW,"Linear phenomic-weather model with environment, weather, PE, and PW",P + W,KW,CV1,8,CS11_WS,0.7718882421844209,5,123.5329116821286
11,Eta11,Weather single-source,Phenomic pathway,Linear,With W,Phenomic linear + W,E + W + P + PE + PW,"Linear phenomic-weather model with environment, weather, PE, and PW",P + W,KW,CV1,8,CS11_WW,0.7667545356395826,5,123.5329116821286
11,Eta11,Weather single-source,Phenomic pathway,Linear,With W,Phenomic linear + W,E + W + P + PE + PW,"Linear phenomic-weather model with environment, weather, PE, and PW",P + W,KW,CV1,8,CS12_WS,0.7746320857866689,5,123.5329116821286
11,Eta11,Weather single-source,Phenomic pathway,Linear,With W,Phenomic linear + W,E + W + P + PE + PW,"Linear phenomic-weather model with environment, weather, PE, and PW",P + W,KW,CV1,8,CS12_WW,0.7275824954057206,5,123.5329116821286
11,Eta11,Weather single-source,Phenomic pathway,Linear,With W,Phenomic linear + W,E + W + P + PE + PW,"Linear phenomic-weather model with environment, weather, PE, and PW",P + W,KW,CV1,9,CS11_WS,0.7606129311192429,5,148.0440108299256
11,Eta11,Weather single-source,Phenomic pathway,Linear,With W,Phenomic linear + W,E + W + P + PE + PW,"Linear phenomic-weather model with environment, weather, PE, and PW",P + W,KW,CV1,9,CS11_WW,0.7687024875630678,5,148.0440108299256
11,Eta11,Weather single-source,Phenomic pathway,Linear,With W,Phenomic linear + W,E + W + P + PE + PW,"Linear phenomic-weather model with environment, weather, PE, and PW",P + W,KW,CV1,9,CS12_WS,0.7712662514109466,5,148.0440108299256
11,Eta11,Weather single-source,Phenomic pathway,Linear,With W,Phenomic linear + W,E + W + P + PE + PW,"Linear phenomic-weather model with environment, weather, PE, and PW",P + W,KW,CV1,9,CS12_WW,0.7244466090309019,5,148.0440108299256
11,Eta11,Weather single-source,Phenomic pathway,Linear,With W,Phenomic linear + W,E + W + P + PE + PW,"Linear phenomic-weather model with environment, weather, PE, and PW",P + W,KW,CV1,10,CS11_WS,0.7764532921863918,5,108.02632899284374
11,Eta11,Weather single-source,Phenomic pathway,Linear,With W,Phenomic linear + W,E + W + P + PE + PW,"Linear phenomic-weather model with environment, weather, PE, and PW",P + W,KW,CV1,10,CS11_WW,0.7556375480064348,5,108.02632899284374
11,Eta11,Weather single-source,Phenomic pathway,Linear,With W,Phenomic linear + W,E + W + P + PE + PW,"Linear phenomic-weather model with environment, weather, PE, and PW",P + W,KW,CV1,10,CS12_WS,0.7663373564122086,5,108.02632899284374
11,Eta11,Weather single-source,Phenomic pathway,Linear,With W,Phenomic linear + W,E + W + P + PE + PW,"Linear phenomic-weather model with environment, weather, PE, and PW",P + W,KW,CV1,10,CS12_WW,0.7426464673944537,5,108.02632899284374
11,Eta11,Weather single-source,Phenomic pathway,Linear,With W,Phenomic linear + W,E + W + P + PE + PW,"Linear phenomic-weather model with environment, weather, PE, and PW",P + W,KW,CV2,1,CS11_WS,0.9803479814229968,5,146.182476425171
11,Eta11,Weather single-source,Phenomic pathway,Linear,With W,Phenomic linear + W,E + W + P + PE + PW,"Linear phenomic-weather model with environment, weather, PE, and PW",P + W,KW,CV2,1,CS11_WW,0.9804738696863462,5,146.182476425171
11,Eta11,Weather single-source,Phenomic pathway,Linear,With W,Phenomic linear + W,E + W + P + PE + PW,"Linear phenomic-weather model with environment, weather, PE, and PW",P + W,KW,CV2,1,CS12_WS,0.981682565529956,5,146.182476425171
11,Eta11,Weather single-source,Phenomic pathway,Linear,With W,Phenomic linear + W,E + W + P + PE + PW,"Linear phenomic-weather model with environment, weather, PE, and PW",P + W,KW,CV2,1,CS12_WW,0.9812190940929918,5,146.182476425171
11,Eta11,Weather single-source,Phenomic pathway,Linear,With W,Phenomic linear + W,E + W + P + PE + PW,"Linear phenomic-weather model with environment, weather, PE, and PW",P + W,KW,CV2,2,CS11_WS,0.9894876841732273,5,124.3834180355074
11,Eta11,Weather single-source,Phenomic pathway,Linear,With W,Phenomic linear + W,E + W + P + PE + PW,"Linear phenomic-weather model with environment, weather, PE, and PW",P + W,KW,CV2,2,CS11_WW,0.9896897634329006,5,124.3834180355074
11,Eta11,Weather single-source,Phenomic pathway,Linear,With W,Phenomic linear + W,E + W + P + PE + PW,"Linear phenomic-weather model with environment, weather, PE, and PW",P + W,KW,CV2,2,CS12_WS,0.9909938333311377,5,124.3834180355074
11,Eta11,Weather single-source,Phenomic pathway,Linear,With W,Phenomic linear + W,E + W + P + PE + PW,"Linear phenomic-weather model with environment, weather, PE, and PW",P + W,KW,CV2,2,CS12_WW,0.9900299120907841,5,124.3834180355074
11,Eta11,Weather single-source,Phenomic pathway,Linear,With W,Phenomic linear + W,E + W + P + PE + PW,"Linear phenomic-weather model with environment, weather, PE, and PW",P + W,KW,CV2,3,CS11_WS,0.9886943163202264,5,124.2973682403564
11,Eta11,Weather single-source,Phenomic pathway,Linear,With W,Phenomic linear + W,E + W + P + PE + PW,"Linear phenomic-weather model with environment, weather, PE, and PW",P + W,KW,CV2,3,CS11_WW,0.9888333471116943,5,124.2973682403564
11,Eta11,Weather single-source,Phenomic pathway,Linear,With W,Phenomic linear + W,E + W + P + PE + PW,"Linear phenomic-weather model with environment, weather, PE, and PW",P + W,KW,CV2,3,CS12_WS,0.989780085823775,5,124.2973682403564
11,Eta11,Weather single-source,Phenomic pathway,Linear,With W,Phenomic linear + W,E + W + P + PE + PW,"Linear phenomic-weather model with environment, weather, PE, and PW",P + W,KW,CV2,3,CS12_WW,0.9890721774643463,5,124.2973682403564
11,Eta11,Weather single-source,Phenomic pathway,Linear,With W,Phenomic linear + W,E + W + P + PE + PW,"Linear phenomic-weather model with environment, weather, PE, and PW",P + W,KW,CV2,4,CS11_WS,0.9854282119596574,5,124.652869129181
11,Eta11,Weather single-source,Phenomic pathway,Linear,With W,Phenomic linear + W,E + W + P + PE + PW,"Linear phenomic-weather model with environment, weather, PE, and PW",P + W,KW,CV2,4,CS11_WW,0.9850628635964751,5,124.652869129181
11,Eta11,Weather single-source,Phenomic pathway,Linear,With W,Phenomic linear + W,E + W + P + PE + PW,"Linear phenomic-weather model with environment, weather, PE, and PW",P + W,KW,CV2,4,CS12_WS,0.9860891215038864,5,124.652869129181
11,Eta11,Weather single-source,Phenomic pathway,Linear,With W,Phenomic linear + W,E + W + P + PE + PW,"Linear phenomic-weather model with environment, weather, PE, and PW",P + W,KW,CV2,4,CS12_WW,0.985911506678965,5,124.652869129181
11,Eta11,Weather single-source,Phenomic pathway,Linear,With W,Phenomic linear + W,E + W + P + PE + PW,"Linear phenomic-weather model with environment, weather, PE, and PW",P + W,KW,CV2,5,CS11_WS,0.9867743359370774,5,124.876203584671
11,Eta11,Weather single-source,Phenomic pathway,Linear,With W,Phenomic linear + W,E + W + P + PE + PW,"Linear phenomic-weather model with environment, weather, PE, and PW",P + W,KW,CV2,5,CS11_WW,0.9867256161538892,5,124.876203584671
11,Eta11,Weather single-source,Phenomic pathway,Linear,With W,Phenomic linear + W,E + W + P + PE + PW,"Linear phenomic-weather model with environment, weather, PE, and PW",P + W,KW,CV2,5,CS12_WS,0.9878540577167609,5,124.876203584671
11,Eta11,Weather single-source,Phenomic pathway,Linear,With W,Phenomic linear + W,E + W + P + PE + PW,"Linear phenomic-weather model with environment, weather, PE, and PW",P + W,KW,CV2,5,CS12_WW,0.9874343455847867,5,124.876203584671
11,Eta11,Weather single-source,Phenomic pathway,Linear,With W,Phenomic linear + W,E + W + P + PE + PW,"Linear phenomic-weather model with environment, weather, PE, and PW",P + W,KW,CV2,6,CS11_WS,0.988705914306679,5,125.8426814079284
11,Eta11,Weather single-source,Phenomic pathway,Linear,With W,Phenomic linear + W,E + W + P + PE + PW,"Linear phenomic-weather model with environment, weather, PE, and PW",P + W,KW,CV2,6,CS11_WW,0.9889642383442208,5,125.8426814079284
11,Eta11,Weather single-source,Phenomic pathway,Linear,With W,Phenomic linear + W,E + W + P + PE + PW,"Linear phenomic-weather model with environment, weather, PE, and PW",P + W,KW,CV2,6,CS12_WS,0.989845816066641,5,125.8426814079284
11,Eta11,Weather single-source,Phenomic pathway,Linear,With W,Phenomic linear + W,E + W + P + PE + PW,"Linear phenomic-weather model with environment, weather, PE, and PW",P + W,KW,CV2,6,CS12_WW,0.9890711169348195,5,125.8426814079284
11,Eta11,Weather single-source,Phenomic pathway,Linear,With W,Phenomic linear + W,E + W + P + PE + PW,"Linear phenomic-weather model with environment, weather, PE, and PW",P + W,KW,CV2,7,CS11_WS,0.9850368835659193,5,123.1956288337706
11,Eta11,Weather single-source,Phenomic pathway,Linear,With W,Phenomic linear + W,E + W + P + PE + PW,"Linear phenomic-weather model with environment, weather, PE, and PW",P + W,KW,CV2,7,CS11_WW,0.9839868968744883,5,123.1956288337706
11,Eta11,Weather single-source,Phenomic pathway,Linear,With W,Phenomic linear + W,E + W + P + PE + PW,"Linear phenomic-weather model with environment, weather, PE, and PW",P + W,KW,CV2,7,CS12_WS,0.9853467207673153,5,123.1956288337706
11,Eta11,Weather single-source,Phenomic pathway,Linear,With W,Phenomic linear + W,E + W + P + PE + PW,"Linear phenomic-weather model with environment, weather, PE, and PW",P + W,KW,CV2,7,CS12_WW,0.984748977875976,5,123.1956288337706
11,Eta11,Weather single-source,Phenomic pathway,Linear,With W,Phenomic linear + W,E + W + P + PE + PW,"Linear phenomic-weather model with environment, weather, PE, and PW",P + W,KW,CV2,8,CS11_WS,0.9895059079795949,5,123.5329116821286
11,Eta11,Weather single-source,Phenomic pathway,Linear,With W,Phenomic linear + W,E + W + P + PE + PW,"Linear phenomic-weather model with environment, weather, PE, and PW",P + W,KW,CV2,8,CS11_WW,0.989813222344025,5,123.5329116821286
11,Eta11,Weather single-source,Phenomic pathway,Linear,With W,Phenomic linear + W,E + W + P + PE + PW,"Linear phenomic-weather model with environment, weather, PE, and PW",P + W,KW,CV2,8,CS12_WS,0.9908847071729102,5,123.5329116821286
11,Eta11,Weather single-source,Phenomic pathway,Linear,With W,Phenomic linear + W,E + W + P + PE + PW,"Linear phenomic-weather model with environment, weather, PE, and PW",P + W,KW,CV2,8,CS12_WW,0.9902472640474542,5,123.5329116821286
11,Eta11,Weather single-source,Phenomic pathway,Linear,With W,Phenomic linear + W,E + W + P + PE + PW,"Linear phenomic-weather model with environment, weather, PE, and PW",P + W,KW,CV2,9,CS11_WS,0.9869876532370171,5,148.0440108299256
11,Eta11,Weather single-source,Phenomic pathway,Linear,With W,Phenomic linear + W,E + W + P + PE + PW,"Linear phenomic-weather model with environment, weather, PE, and PW",P + W,KW,CV2,9,CS11_WW,0.9865956779468654,5,148.0440108299256
11,Eta11,Weather single-source,Phenomic pathway,Linear,With W,Phenomic linear + W,E + W + P + PE + PW,"Linear phenomic-weather model with environment, weather, PE, and PW",P + W,KW,CV2,9,CS12_WS,0.9873309845258399,5,148.0440108299256
11,Eta11,Weather single-source,Phenomic pathway,Linear,With W,Phenomic linear + W,E + W + P + PE + PW,"Linear phenomic-weather model with environment, weather, PE, and PW",P + W,KW,CV2,9,CS12_WW,0.9871250652247602,5,148.0440108299256
11,Eta11,Weather single-source,Phenomic pathway,Linear,With W,Phenomic linear + W,E + W + P + PE + PW,"Linear phenomic-weather model with environment, weather, PE, and PW",P + W,KW,CV2,10,CS11_WS,0.9773708546755099,5,108.02632899284374
11,Eta11,Weather single-source,Phenomic pathway,Linear,With W,Phenomic linear + W,E + W + P + PE + PW,"Linear phenomic-weather model with environment, weather, PE, and PW",P + W,KW,CV2,10,CS11_WW,0.975615622187069,5,108.02632899284374
11,Eta11,Weather single-source,Phenomic pathway,Linear,With W,Phenomic linear + W,E + W + P + PE + PW,"Linear phenomic-weather model with environment, weather, PE, and PW",P + W,KW,CV2,10,CS12_WS,0.9769815058176254,5,108.02632899284374
11,Eta11,Weather single-source,Phenomic pathway,Linear,With W,Phenomic linear + W,E + W + P + PE + PW,"Linear phenomic-weather model with environment, weather, PE, and PW",P + W,KW,CV2,10,CS12_WW,0.9775023945107725,5,108.02632899284374
12,Eta12,Weather combined,Combined G + P pathway,Linear,With W,Combined linear + W,E + W + G + P + GE + PE + GW + PW,"Linear combined genomic + phenomic + weather model with GE, PE, GW, and PW",G+P + W,GY,CV1,1,CS11_WS,0.7058541939530774,5,243.3107791900638
12,Eta12,Weather combined,Combined G + P pathway,Linear,With W,Combined linear + W,E + W + G + P + GE + PE + GW + PW,"Linear combined genomic + phenomic + weather model with GE, PE, GW, and PW",G+P + W,GY,CV1,1,CS11_WW,0.7169801283104975,5,243.3107791900638
12,Eta12,Weather combined,Combined G + P pathway,Linear,With W,Combined linear + W,E + W + G + P + GE + PE + GW + PW,"Linear combined genomic + phenomic + weather model with GE, PE, GW, and PW",G+P + W,GY,CV1,1,CS12_WS,0.7042992333109338,5,243.3107791900638
12,Eta12,Weather combined,Combined G + P pathway,Linear,With W,Combined linear + W,E + W + G + P + GE + PE + GW + PW,"Linear combined genomic + phenomic + weather model with GE, PE, GW, and PW",G+P + W,GY,CV1,1,CS12_WW,0.6938733743866394,5,243.3107791900638
12,Eta12,Weather combined,Combined G + P pathway,Linear,With W,Combined linear + W,E + W + G + P + GE + PE + GW + PW,"Linear combined genomic + phenomic + weather model with GE, PE, GW, and PW",G+P + W,GY,CV1,2,CS11_WS,0.7063887731310282,5,282.01520819664
12,Eta12,Weather combined,Combined G + P pathway,Linear,With W,Combined linear + W,E + W + G + P + GE + PE + GW + PW,"Linear combined genomic + phenomic + weather model with GE, PE, GW, and PW",G+P + W,GY,CV1,2,CS11_WW,0.7473369127886066,5,282.01520819664
12,Eta12,Weather combined,Combined G + P pathway,Linear,With W,Combined linear + W,E + W + G + P + GE + PE + GW + PW,"Linear combined genomic + phenomic + weather model with GE, PE, GW, and PW",G+P + W,GY,CV1,2,CS12_WS,0.7305381636964527,5,282.01520819664
12,Eta12,Weather combined,Combined G + P pathway,Linear,With W,Combined linear + W,E + W + G + P + GE + PE + GW + PW,"Linear combined genomic + phenomic + weather model with GE, PE, GW, and PW",G+P + W,GY,CV1,2,CS12_WW,0.7258626773493901,5,282.01520819664
12,Eta12,Weather combined,Combined G + P pathway,Linear,With W,Combined linear + W,E + W + G + P + GE + PE + GW + PW,"Linear combined genomic + phenomic + weather model with GE, PE, GW, and PW",G+P + W,GY,CV1,3,CS11_WS,0.7312535618706374,5,241.647658586502
12,Eta12,Weather combined,Combined G + P pathway,Linear,With W,Combined linear + W,E + W + G + P + GE + PE + GW + PW,"Linear combined genomic + phenomic + weather model with GE, PE, GW, and PW",G+P + W,GY,CV1,3,CS11_WW,0.7641629300672248,5,241.647658586502
12,Eta12,Weather combined,Combined G + P pathway,Linear,With W,Combined linear + W,E + W + G + P + GE + PE + GW + PW,"Linear combined genomic + phenomic + weather model with GE, PE, GW, and PW",G+P + W,GY,CV1,3,CS12_WS,0.7422507851649648,5,241.647658586502
12,Eta12,Weather combined,Combined G + P pathway,Linear,With W,Combined linear + W,E + W + G + P + GE + PE + GW + PW,"Linear combined genomic + phenomic + weather model with GE, PE, GW, and PW",G+P + W,GY,CV1,3,CS12_WW,0.714958183776964,5,241.647658586502
12,Eta12,Weather combined,Combined G + P pathway,Linear,With W,Combined linear + W,E + W + G + P + GE + PE + GW + PW,"Linear combined genomic + phenomic + weather model with GE, PE, GW, and PW",G+P + W,GY,CV1,4,CS11_WS,0.7103494811284919,5,240.223431777954
12,Eta12,Weather combined,Combined G + P pathway,Linear,With W,Combined linear + W,E + W + G + P + GE + PE + GW + PW,"Linear combined genomic + phenomic + weather model with GE, PE, GW, and PW",G+P + W,GY,CV1,4,CS11_WW,0.7310288334074355,5,240.223431777954
12,Eta12,Weather combined,Combined G + P pathway,Linear,With W,Combined linear + W,E + W + G + P + GE + PE + GW + PW,"Linear combined genomic + phenomic + weather model with GE, PE, GW, and PW",G+P + W,GY,CV1,4,CS12_WS,0.7192765038279868,5,240.223431777954
12,Eta12,Weather combined,Combined G + P pathway,Linear,With W,Combined linear + W,E + W + G + P + GE + PE + GW + PW,"Linear combined genomic + phenomic + weather model with GE, PE, GW, and PW",G+P + W,GY,CV1,4,CS12_WW,0.6995187671526653,5,240.223431777954
12,Eta12,Weather combined,Combined G + P pathway,Linear,With W,Combined linear + W,E + W + G + P + GE + PE + GW + PW,"Linear combined genomic + phenomic + weather model with GE, PE, GW, and PW",G+P + W,GY,CV1,5,CS11_WS,0.6838527334259619,5,280.9927899837492
12,Eta12,Weather combined,Combined G + P pathway,Linear,With W,Combined linear + W,E + W + G + P + GE + PE + GW + PW,"Linear combined genomic + phenomic + weather model with GE, PE, GW, and PW",G+P + W,GY,CV1,5,CS11_WW,0.7364895851058197,5,280.9927899837492
12,Eta12,Weather combined,Combined G + P pathway,Linear,With W,Combined linear + W,E + W + G + P + GE + PE + GW + PW,"Linear combined genomic + phenomic + weather model with GE, PE, GW, and PW",G+P + W,GY,CV1,5,CS12_WS,0.6947543916262686,5,280.9927899837492
12,Eta12,Weather combined,Combined G + P pathway,Linear,With W,Combined linear + W,E + W + G + P + GE + PE + GW + PW,"Linear combined genomic + phenomic + weather model with GE, PE, GW, and PW",G+P + W,GY,CV1,5,CS12_WW,0.6865137556965515,5,280.9927899837492
12,Eta12,Weather combined,Combined G + P pathway,Linear,With W,Combined linear + W,E + W + G + P + GE + PE + GW + PW,"Linear combined genomic + phenomic + weather model with GE, PE, GW, and PW",G+P + W,GY,CV1,6,CS11_WS,0.7149383316752316,5,281.85498919487
12,Eta12,Weather combined,Combined G + P pathway,Linear,With W,Combined linear + W,E + W + G + P + GE + PE + GW + PW,"Linear combined genomic + phenomic + weather model with GE, PE, GW, and PW",G+P + W,GY,CV1,6,CS11_WW,0.7434689266778196,5,281.85498919487
12,Eta12,Weather combined,Combined G + P pathway,Linear,With W,Combined linear + W,E + W + G + P + GE + PE + GW + PW,"Linear combined genomic + phenomic + weather model with GE, PE, GW, and PW",G+P + W,GY,CV1,6,CS12_WS,0.7310967342155422,5,281.85498919487
12,Eta12,Weather combined,Combined G + P pathway,Linear,With W,Combined linear + W,E + W + G + P + GE + PE + GW + PW,"Linear combined genomic + phenomic + weather model with GE, PE, GW, and PW",G+P + W,GY,CV1,6,CS12_WW,0.7258754917123654,5,281.85498919487
12,Eta12,Weather combined,Combined G + P pathway,Linear,With W,Combined linear + W,E + W + G + P + GE + PE + GW + PW,"Linear combined genomic + phenomic + weather model with GE, PE, GW, and PW",G+P + W,GY,CV1,7,CS11_WS,0.7049432801308527,5,281.072744846344
12,Eta12,Weather combined,Combined G + P pathway,Linear,With W,Combined linear + W,E + W + G + P + GE + PE + GW + PW,"Linear combined genomic + phenomic + weather model with GE, PE, GW, and PW",G+P + W,GY,CV1,7,CS11_WW,0.7413751567590674,5,281.072744846344
12,Eta12,Weather combined,Combined G + P pathway,Linear,With W,Combined linear + W,E + W + G + P + GE + PE + GW + PW,"Linear combined genomic + phenomic + weather model with GE, PE, GW, and PW",G+P + W,GY,CV1,7,CS12_WS,0.719495279215106,5,281.072744846344
12,Eta12,Weather combined,Combined G + P pathway,Linear,With W,Combined linear + W,E + W + G + P + GE + PE + GW + PW,"Linear combined genomic + phenomic + weather model with GE, PE, GW, and PW",G+P + W,GY,CV1,7,CS12_WW,0.7069700546018265,5,281.072744846344
12,Eta12,Weather combined,Combined G + P pathway,Linear,With W,Combined linear + W,E + W + G + P + GE + PE + GW + PW,"Linear combined genomic + phenomic + weather model with GE, PE, GW, and PW",G+P + W,GY,CV1,8,CS11_WS,0.6978000788603306,5,240.924451780319
12,Eta12,Weather combined,Combined G + P pathway,Linear,With W,Combined linear + W,E + W + G + P + GE + PE + GW + PW,"Linear combined genomic + phenomic + weather model with GE, PE, GW, and PW",G+P + W,GY,CV1,8,CS11_WW,0.7301260769621811,5,240.924451780319
12,Eta12,Weather combined,Combined G + P pathway,Linear,With W,Combined linear + W,E + W + G + P + GE + PE + GW + PW,"Linear combined genomic + phenomic + weather model with GE, PE, GW, and PW",G+P + W,GY,CV1,8,CS12_WS,0.7102271780957186,5,240.924451780319
12,Eta12,Weather combined,Combined G + P pathway,Linear,With W,Combined linear + W,E + W + G + P + GE + PE + GW + PW,"Linear combined genomic + phenomic + weather model with GE, PE, GW, and PW",G+P + W,GY,CV1,8,CS12_WW,0.7013824964304974,5,240.924451780319
12,Eta12,Weather combined,Combined G + P pathway,Linear,With W,Combined linear + W,E + W + G + P + GE + PE + GW + PW,"Linear combined genomic + phenomic + weather model with GE, PE, GW, and PW",G+P + W,GY,CV1,9,CS11_WS,0.7134433796939198,5,241.1958846092226
12,Eta12,Weather combined,Combined G + P pathway,Linear,With W,Combined linear + W,E + W + G + P + GE + PE + GW + PW,"Linear combined genomic + phenomic + weather model with GE, PE, GW, and PW",G+P + W,GY,CV1,9,CS11_WW,0.7252391515881789,5,241.1958846092226
12,Eta12,Weather combined,Combined G + P pathway,Linear,With W,Combined linear + W,E + W + G + P + GE + PE + GW + PW,"Linear combined genomic + phenomic + weather model with GE, PE, GW, and PW",G+P + W,GY,CV1,9,CS12_WS,0.7156094724848582,5,241.1958846092226
12,Eta12,Weather combined,Combined G + P pathway,Linear,With W,Combined linear + W,E + W + G + P + GE + PE + GW + PW,"Linear combined genomic + phenomic + weather model with GE, PE, GW, and PW",G+P + W,GY,CV1,9,CS12_WW,0.6949429785696208,5,241.1958846092226
12,Eta12,Weather combined,Combined G + P pathway,Linear,With W,Combined linear + W,E + W + G + P + GE + PE + GW + PW,"Linear combined genomic + phenomic + weather model with GE, PE, GW, and PW",G+P + W,GY,CV1,10,CS11_WS,0.7032747463007002,5,279.9928159236908
12,Eta12,Weather combined,Combined G + P pathway,Linear,With W,Combined linear + W,E + W + G + P + GE + PE + GW + PW,"Linear combined genomic + phenomic + weather model with GE, PE, GW, and PW",G+P + W,GY,CV1,10,CS11_WW,0.7546616885468416,5,279.9928159236908
12,Eta12,Weather combined,Combined G + P pathway,Linear,With W,Combined linear + W,E + W + G + P + GE + PE + GW + PW,"Linear combined genomic + phenomic + weather model with GE, PE, GW, and PW",G+P + W,GY,CV1,10,CS12_WS,0.7307000937635444,5,279.9928159236908
12,Eta12,Weather combined,Combined G + P pathway,Linear,With W,Combined linear + W,E + W + G + P + GE + PE + GW + PW,"Linear combined genomic + phenomic + weather model with GE, PE, GW, and PW",G+P + W,GY,CV1,10,CS12_WW,0.7407667178542058,5,279.9928159236908
12,Eta12,Weather combined,Combined G + P pathway,Linear,With W,Combined linear + W,E + W + G + P + GE + PE + GW + PW,"Linear combined genomic + phenomic + weather model with GE, PE, GW, and PW",G+P + W,GY,CV2,1,CS11_WS,0.9782981488824104,5,243.3107791900638
12,Eta12,Weather combined,Combined G + P pathway,Linear,With W,Combined linear + W,E + W + G + P + GE + PE + GW + PW,"Linear combined genomic + phenomic + weather model with GE, PE, GW, and PW",G+P + W,GY,CV2,1,CS11_WW,0.9822351711007791,5,243.3107791900638
12,Eta12,Weather combined,Combined G + P pathway,Linear,With W,Combined linear + W,E + W + G + P + GE + PE + GW + PW,"Linear combined genomic + phenomic + weather model with GE, PE, GW, and PW",G+P + W,GY,CV2,1,CS12_WS,0.9860663023260466,5,243.3107791900638
12,Eta12,Weather combined,Combined G + P pathway,Linear,With W,Combined linear + W,E + W + G + P + GE + PE + GW + PW,"Linear combined genomic + phenomic + weather model with GE, PE, GW, and PW",G+P + W,GY,CV2,1,CS12_WW,0.9831127123921609,5,243.3107791900638
12,Eta12,Weather combined,Combined G + P pathway,Linear,With W,Combined linear + W,E + W + G + P + GE + PE + GW + PW,"Linear combined genomic + phenomic + weather model with GE, PE, GW, and PW",G+P + W,GY,CV2,2,CS11_WS,0.9784664155909082,5,282.01520819664
12,Eta12,Weather combined,Combined G + P pathway,Linear,With W,Combined linear + W,E + W + G + P + GE + PE + GW + PW,"Linear combined genomic + phenomic + weather model with GE, PE, GW, and PW",G+P + W,GY,CV2,2,CS11_WW,0.9820589039024432,5,282.01520819664
12,Eta12,Weather combined,Combined G + P pathway,Linear,With W,Combined linear + W,E + W + G + P + GE + PE + GW + PW,"Linear combined genomic + phenomic + weather model with GE, PE, GW, and PW",G+P + W,GY,CV2,2,CS12_WS,0.9858096029811569,5,282.01520819664
12,Eta12,Weather combined,Combined G + P pathway,Linear,With W,Combined linear + W,E + W + G + P + GE + PE + GW + PW,"Linear combined genomic + phenomic + weather model with GE, PE, GW, and PW",G+P + W,GY,CV2,2,CS12_WW,0.9827097252441984,5,282.01520819664
12,Eta12,Weather combined,Combined G + P pathway,Linear,With W,Combined linear + W,E + W + G + P + GE + PE + GW + PW,"Linear combined genomic + phenomic + weather model with GE, PE, GW, and PW",G+P + W,GY,CV2,3,CS11_WS,0.9783404108904212,5,241.647658586502
12,Eta12,Weather combined,Combined G + P pathway,Linear,With W,Combined linear + W,E + W + G + P + GE + PE + GW + PW,"Linear combined genomic + phenomic + weather model with GE, PE, GW, and PW",G+P + W,GY,CV2,3,CS11_WW,0.9822580196971341,5,241.647658586502
12,Eta12,Weather combined,Combined G + P pathway,Linear,With W,Combined linear + W,E + W + G + P + GE + PE + GW + PW,"Linear combined genomic + phenomic + weather model with GE, PE, GW, and PW",G+P + W,GY,CV2,3,CS12_WS,0.9857046234433658,5,241.647658586502
12,Eta12,Weather combined,Combined G + P pathway,Linear,With W,Combined linear + W,E + W + G + P + GE + PE + GW + PW,"Linear combined genomic + phenomic + weather model with GE, PE, GW, and PW",G+P + W,GY,CV2,3,CS12_WW,0.9832502991403581,5,241.647658586502
12,Eta12,Weather combined,Combined G + P pathway,Linear,With W,Combined linear + W,E + W + G + P + GE + PE + GW + PW,"Linear combined genomic + phenomic + weather model with GE, PE, GW, and PW",G+P + W,GY,CV2,4,CS11_WS,0.9785429697388416,5,240.223431777954
12,Eta12,Weather combined,Combined G + P pathway,Linear,With W,Combined linear + W,E + W + G + P + GE + PE + GW + PW,"Linear combined genomic + phenomic + weather model with GE, PE, GW, and PW",G+P + W,GY,CV2,4,CS11_WW,0.9824284269795645,5,240.223431777954
12,Eta12,Weather combined,Combined G + P pathway,Linear,With W,Combined linear + W,E + W + G + P + GE + PE + GW + PW,"Linear combined genomic + phenomic + weather model with GE, PE, GW, and PW",G+P + W,GY,CV2,4,CS12_WS,0.9860510181065655,5,240.223431777954
12,Eta12,Weather combined,Combined G + P pathway,Linear,With W,Combined linear + W,E + W + G + P + GE + PE + GW + PW,"Linear combined genomic + phenomic + weather model with GE, PE, GW, and PW",G+P + W,GY,CV2,4,CS12_WW,0.9829968967265648,5,240.223431777954
12,Eta12,Weather combined,Combined G + P pathway,Linear,With W,Combined linear + W,E + W + G + P + GE + PE + GW + PW,"Linear combined genomic + phenomic + weather model with GE, PE, GW, and PW",G+P + W,GY,CV2,5,CS11_WS,0.9785625123502673,5,280.9927899837492
12,Eta12,Weather combined,Combined G + P pathway,Linear,With W,Combined linear + W,E + W + G + P + GE + PE + GW + PW,"Linear combined genomic + phenomic + weather model with GE, PE, GW, and PW",G+P + W,GY,CV2,5,CS11_WW,0.9824184495278875,5,280.9927899837492
12,Eta12,Weather combined,Combined G + P pathway,Linear,With W,Combined linear + W,E + W + G + P + GE + PE + GW + PW,"Linear combined genomic + phenomic + weather model with GE, PE, GW, and PW",G+P + W,GY,CV2,5,CS12_WS,0.9861285563426456,5,280.9927899837492
12,Eta12,Weather combined,Combined G + P pathway,Linear,With W,Combined linear + W,E + W + G + P + GE + PE + GW + PW,"Linear combined genomic + phenomic + weather model with GE, PE, GW, and PW",G+P + W,GY,CV2,5,CS12_WW,0.9831074434983806,5,280.9927899837492
12,Eta12,Weather combined,Combined G + P pathway,Linear,With W,Combined linear + W,E + W + G + P + GE + PE + GW + PW,"Linear combined genomic + phenomic + weather model with GE, PE, GW, and PW",G+P + W,GY,CV2,6,CS11_WS,0.9782370203091351,5,281.85498919487
12,Eta12,Weather combined,Combined G + P pathway,Linear,With W,Combined linear + W,E + W + G + P + GE + PE + GW + PW,"Linear combined genomic + phenomic + weather model with GE, PE, GW, and PW",G+P + W,GY,CV2,6,CS11_WW,0.9824519999855512,5,281.85498919487
12,Eta12,Weather combined,Combined G + P pathway,Linear,With W,Combined linear + W,E + W + G + P + GE + PE + GW + PW,"Linear combined genomic + phenomic + weather model with GE, PE, GW, and PW",G+P + W,GY,CV2,6,CS12_WS,0.9854678627060982,5,281.85498919487
12,Eta12,Weather combined,Combined G + P pathway,Linear,With W,Combined linear + W,E + W + G + P + GE + PE + GW + PW,"Linear combined genomic + phenomic + weather model with GE, PE, GW, and PW",G+P + W,GY,CV2,6,CS12_WW,0.9828821789575566,5,281.85498919487
12,Eta12,Weather combined,Combined G + P pathway,Linear,With W,Combined linear + W,E + W + G + P + GE + PE + GW + PW,"Linear combined genomic + phenomic + weather model with GE, PE, GW, and PW",G+P + W,GY,CV2,7,CS11_WS,0.9784680010221927,5,281.072744846344
12,Eta12,Weather combined,Combined G + P pathway,Linear,With W,Combined linear + W,E + W + G + P + GE + PE + GW + PW,"Linear combined genomic + phenomic + weather model with GE, PE, GW, and PW",G+P + W,GY,CV2,7,CS11_WW,0.9828417444159998,5,281.072744846344
12,Eta12,Weather combined,Combined G + P pathway,Linear,With W,Combined linear + W,E + W + G + P + GE + PE + GW + PW,"Linear combined genomic + phenomic + weather model with GE, PE, GW, and PW",G+P + W,GY,CV2,7,CS12_WS,0.9859556052285523,5,281.072744846344
12,Eta12,Weather combined,Combined G + P pathway,Linear,With W,Combined linear + W,E + W + G + P + GE + PE + GW + PW,"Linear combined genomic + phenomic + weather model with GE, PE, GW, and PW",G+P + W,GY,CV2,7,CS12_WW,0.9829846628132645,5,281.072744846344
12,Eta12,Weather combined,Combined G + P pathway,Linear,With W,Combined linear + W,E + W + G + P + GE + PE + GW + PW,"Linear combined genomic + phenomic + weather model with GE, PE, GW, and PW",G+P + W,GY,CV2,8,CS11_WS,0.9785258982265994,5,240.924451780319
12,Eta12,Weather combined,Combined G + P pathway,Linear,With W,Combined linear + W,E + W + G + P + GE + PE + GW + PW,"Linear combined genomic + phenomic + weather model with GE, PE, GW, and PW",G+P + W,GY,CV2,8,CS11_WW,0.9822210092374275,5,240.924451780319
12,Eta12,Weather combined,Combined G + P pathway,Linear,With W,Combined linear + W,E + W + G + P + GE + PE + GW + PW,"Linear combined genomic + phenomic + weather model with GE, PE, GW, and PW",G+P + W,GY,CV2,8,CS12_WS,0.9859826493784747,5,240.924451780319
12,Eta12,Weather combined,Combined G + P pathway,Linear,With W,Combined linear + W,E + W + G + P + GE + PE + GW + PW,"Linear combined genomic + phenomic + weather model with GE, PE, GW, and PW",G+P + W,GY,CV2,8,CS12_WW,0.9831386304341185,5,240.924451780319
12,Eta12,Weather combined,Combined G + P pathway,Linear,With W,Combined linear + W,E + W + G + P + GE + PE + GW + PW,"Linear combined genomic + phenomic + weather model with GE, PE, GW, and PW",G+P + W,GY,CV2,9,CS11_WS,0.978432202961471,5,241.1958846092226
12,Eta12,Weather combined,Combined G + P pathway,Linear,With W,Combined linear + W,E + W + G + P + GE + PE + GW + PW,"Linear combined genomic + phenomic + weather model with GE, PE, GW, and PW",G+P + W,GY,CV2,9,CS11_WW,0.9826992426543046,5,241.1958846092226
12,Eta12,Weather combined,Combined G + P pathway,Linear,With W,Combined linear + W,E + W + G + P + GE + PE + GW + PW,"Linear combined genomic + phenomic + weather model with GE, PE, GW, and PW",G+P + W,GY,CV2,9,CS12_WS,0.9860397692039735,5,241.1958846092226
12,Eta12,Weather combined,Combined G + P pathway,Linear,With W,Combined linear + W,E + W + G + P + GE + PE + GW + PW,"Linear combined genomic + phenomic + weather model with GE, PE, GW, and PW",G+P + W,GY,CV2,9,CS12_WW,0.9831932664979458,5,241.1958846092226
12,Eta12,Weather combined,Combined G + P pathway,Linear,With W,Combined linear + W,E + W + G + P + GE + PE + GW + PW,"Linear combined genomic + phenomic + weather model with GE, PE, GW, and PW",G+P + W,GY,CV2,10,CS11_WS,0.9784820169922288,5,279.9928159236908
12,Eta12,Weather combined,Combined G + P pathway,Linear,With W,Combined linear + W,E + W + G + P + GE + PE + GW + PW,"Linear combined genomic + phenomic + weather model with GE, PE, GW, and PW",G+P + W,GY,CV2,10,CS11_WW,0.9824775048964451,5,279.9928159236908
12,Eta12,Weather combined,Combined G + P pathway,Linear,With W,Combined linear + W,E + W + G + P + GE + PE + GW + PW,"Linear combined genomic + phenomic + weather model with GE, PE, GW, and PW",G+P + W,GY,CV2,10,CS12_WS,0.9861178618296889,5,279.9928159236908
12,Eta12,Weather combined,Combined G + P pathway,Linear,With W,Combined linear + W,E + W + G + P + GE + PE + GW + PW,"Linear combined genomic + phenomic + weather model with GE, PE, GW, and PW",G+P + W,GY,CV2,10,CS12_WW,0.9829963538502163,5,279.9928159236908
12,Eta12,Weather combined,Combined G + P pathway,Linear,With W,Combined linear + W,E + W + G + P + GE + PE + GW + PW,"Linear combined genomic + phenomic + weather model with GE, PE, GW, and PW",G+P + W,KW,CV1,1,CS11_WS,0.7158228473004242,5,240.1600437641144
12,Eta12,Weather combined,Combined G + P pathway,Linear,With W,Combined linear + W,E + W + G + P + GE + PE + GW + PW,"Linear combined genomic + phenomic + weather model with GE, PE, GW, and PW",G+P + W,KW,CV1,1,CS11_WW,0.7339669201171841,5,240.1600437641144
12,Eta12,Weather combined,Combined G + P pathway,Linear,With W,Combined linear + W,E + W + G + P + GE + PE + GW + PW,"Linear combined genomic + phenomic + weather model with GE, PE, GW, and PW",G+P + W,KW,CV1,1,CS12_WS,0.7366533389891954,5,240.1600437641144
12,Eta12,Weather combined,Combined G + P pathway,Linear,With W,Combined linear + W,E + W + G + P + GE + PE + GW + PW,"Linear combined genomic + phenomic + weather model with GE, PE, GW, and PW",G+P + W,KW,CV1,1,CS12_WW,0.686675240066233,5,240.1600437641144
12,Eta12,Weather combined,Combined G + P pathway,Linear,With W,Combined linear + W,E + W + G + P + GE + PE + GW + PW,"Linear combined genomic + phenomic + weather model with GE, PE, GW, and PW",G+P + W,KW,CV1,2,CS11_WS,0.6771036961631818,5,239.5237698554994
12,Eta12,Weather combined,Combined G + P pathway,Linear,With W,Combined linear + W,E + W + G + P + GE + PE + GW + PW,"Linear combined genomic + phenomic + weather model with GE, PE, GW, and PW",G+P + W,KW,CV1,2,CS11_WW,0.7085267356042204,5,239.5237698554994
12,Eta12,Weather combined,Combined G + P pathway,Linear,With W,Combined linear + W,E + W + G + P + GE + PE + GW + PW,"Linear combined genomic + phenomic + weather model with GE, PE, GW, and PW",G+P + W,KW,CV1,2,CS12_WS,0.7248328816447098,5,239.5237698554994
12,Eta12,Weather combined,Combined G + P pathway,Linear,With W,Combined linear + W,E + W + G + P + GE + PE + GW + PW,"Linear combined genomic + phenomic + weather model with GE, PE, GW, and PW",G+P + W,KW,CV1,2,CS12_WW,0.658829963465541,5,239.5237698554994
12,Eta12,Weather combined,Combined G + P pathway,Linear,With W,Combined linear + W,E + W + G + P + GE + PE + GW + PW,"Linear combined genomic + phenomic + weather model with GE, PE, GW, and PW",G+P + W,KW,CV1,3,CS11_WS,0.7104464290769357,5,238.4677567005156
12,Eta12,Weather combined,Combined G + P pathway,Linear,With W,Combined linear + W,E + W + G + P + GE + PE + GW + PW,"Linear combined genomic + phenomic + weather model with GE, PE, GW, and PW",G+P + W,KW,CV1,3,CS11_WW,0.716062546043432,5,238.4677567005156
12,Eta12,Weather combined,Combined G + P pathway,Linear,With W,Combined linear + W,E + W + G + P + GE + PE + GW + PW,"Linear combined genomic + phenomic + weather model with GE, PE, GW, and PW",G+P + W,KW,CV1,3,CS12_WS,0.7421972333273003,5,238.4677567005156
12,Eta12,Weather combined,Combined G + P pathway,Linear,With W,Combined linear + W,E + W + G + P + GE + PE + GW + PW,"Linear combined genomic + phenomic + weather model with GE, PE, GW, and PW",G+P + W,KW,CV1,3,CS12_WW,0.6805972571687422,5,238.4677567005156
12,Eta12,Weather combined,Combined G + P pathway,Linear,With W,Combined linear + W,E + W + G + P + GE + PE + GW + PW,"Linear combined genomic + phenomic + weather model with GE, PE, GW, and PW",G+P + W,KW,CV1,4,CS11_WS,0.6554718614876445,5,280.0766858100892
12,Eta12,Weather combined,Combined G + P pathway,Linear,With W,Combined linear + W,E + W + G + P + GE + PE + GW + PW,"Linear combined genomic + phenomic + weather model with GE, PE, GW, and PW",G+P + W,KW,CV1,4,CS11_WW,0.6745323049712393,5,280.0766858100892
12,Eta12,Weather combined,Combined G + P pathway,Linear,With W,Combined linear + W,E + W + G + P + GE + PE + GW + PW,"Linear combined genomic + phenomic + weather model with GE, PE, GW, and PW",G+P + W,KW,CV1,4,CS12_WS,0.7120988209138438,5,280.0766858100892
12,Eta12,Weather combined,Combined G + P pathway,Linear,With W,Combined linear + W,E + W + G + P + GE + PE + GW + PW,"Linear combined genomic + phenomic + weather model with GE, PE, GW, and PW",G+P + W,KW,CV1,4,CS12_WW,0.6758020286768114,5,280.0766858100892
12,Eta12,Weather combined,Combined G + P pathway,Linear,With W,Combined linear + W,E + W + G + P + GE + PE + GW + PW,"Linear combined genomic + phenomic + weather model with GE, PE, GW, and PW",G+P + W,KW,CV1,5,CS11_WS,0.6935876945765038,5,277.5121190547942
12,Eta12,Weather combined,Combined G + P pathway,Linear,With W,Combined linear + W,E + W + G + P + GE + PE + GW + PW,"Linear combined genomic + phenomic + weather model with GE, PE, GW, and PW",G+P + W,KW,CV1,5,CS11_WW,0.7269384675234309,5,277.5121190547942
12,Eta12,Weather combined,Combined G + P pathway,Linear,With W,Combined linear + W,E + W + G + P + GE + PE + GW + PW,"Linear combined genomic + phenomic + weather model with GE, PE, GW, and PW",G+P + W,KW,CV1,5,CS12_WS,0.7496165334416076,5,277.5121190547942
12,Eta12,Weather combined,Combined G + P pathway,Linear,With W,Combined linear + W,E + W + G + P + GE + PE + GW + PW,"Linear combined genomic + phenomic + weather model with GE, PE, GW, and PW",G+P + W,KW,CV1,5,CS12_WW,0.6820760840337325,5,277.5121190547942
12,Eta12,Weather combined,Combined G + P pathway,Linear,With W,Combined linear + W,E + W + G + P + GE + PE + GW + PW,"Linear combined genomic + phenomic + weather model with GE, PE, GW, and PW",G+P + W,KW,CV1,6,CS11_WS,0.711792042443235,5,283.152910232544
12,Eta12,Weather combined,Combined G + P pathway,Linear,With W,Combined linear + W,E + W + G + P + GE + PE + GW + PW,"Linear combined genomic + phenomic + weather model with GE, PE, GW, and PW",G+P + W,KW,CV1,6,CS11_WW,0.6944932304832994,5,283.152910232544
12,Eta12,Weather combined,Combined G + P pathway,Linear,With W,Combined linear + W,E + W + G + P + GE + PE + GW + PW,"Linear combined genomic + phenomic + weather model with GE, PE, GW, and PW",G+P + W,KW,CV1,6,CS12_WS,0.7156386519632963,5,283.152910232544
12,Eta12,Weather combined,Combined G + P pathway,Linear,With W,Combined linear + W,E + W + G + P + GE + PE + GW + PW,"Linear combined genomic + phenomic + weather model with GE, PE, GW, and PW",G+P + W,KW,CV1,6,CS12_WW,0.6701212055058888,5,283.152910232544
12,Eta12,Weather combined,Combined G + P pathway,Linear,With W,Combined linear + W,E + W + G + P + GE + PE + GW + PW,"Linear combined genomic + phenomic + weather model with GE, PE, GW, and PW",G+P + W,KW,CV1,7,CS11_WS,0.7079257460417822,5,238.368747806549
12,Eta12,Weather combined,Combined G + P pathway,Linear,With W,Combined linear + W,E + W + G + P + GE + PE + GW + PW,"Linear combined genomic + phenomic + weather model with GE, PE, GW, and PW",G+P + W,KW,CV1,7,CS11_WW,0.7131597674529702,5,238.368747806549
12,Eta12,Weather combined,Combined G + P pathway,Linear,With W,Combined linear + W,E + W + G + P + GE + PE + GW + PW,"Linear combined genomic + phenomic + weather model with GE, PE, GW, and PW",G+P + W,KW,CV1,7,CS12_WS,0.7379647038437716,5,238.368747806549
12,Eta12,Weather combined,Combined G + P pathway,Linear,With W,Combined linear + W,E + W + G + P + GE + PE + GW + PW,"Linear combined genomic + phenomic + weather model with GE, PE, GW, and PW",G+P + W,KW,CV1,7,CS12_WW,0.6841903204416742,5,238.368747806549
12,Eta12,Weather combined,Combined G + P pathway,Linear,With W,Combined linear + W,E + W + G + P + GE + PE + GW + PW,"Linear combined genomic + phenomic + weather model with GE, PE, GW, and PW",G+P + W,KW,CV1,8,CS11_WS,0.6990757870127601,5,239.5577383995058
12,Eta12,Weather combined,Combined G + P pathway,Linear,With W,Combined linear + W,E + W + G + P + GE + PE + GW + PW,"Linear combined genomic + phenomic + weather model with GE, PE, GW, and PW",G+P + W,KW,CV1,8,CS11_WW,0.718829860346802,5,239.5577383995058
12,Eta12,Weather combined,Combined G + P pathway,Linear,With W,Combined linear + W,E + W + G + P + GE + PE + GW + PW,"Linear combined genomic + phenomic + weather model with GE, PE, GW, and PW",G+P + W,KW,CV1,8,CS12_WS,0.7302936066523562,5,239.5577383995058
12,Eta12,Weather combined,Combined G + P pathway,Linear,With W,Combined linear + W,E + W + G + P + GE + PE + GW + PW,"Linear combined genomic + phenomic + weather model with GE, PE, GW, and PW",G+P + W,KW,CV1,8,CS12_WW,0.6677817792057462,5,239.5577383995058
12,Eta12,Weather combined,Combined G + P pathway,Linear,With W,Combined linear + W,E + W + G + P + GE + PE + GW + PW,"Linear combined genomic + phenomic + weather model with GE, PE, GW, and PW",G+P + W,KW,CV1,9,CS11_WS,0.7294995396493338,5,223.5329275608064
12,Eta12,Weather combined,Combined G + P pathway,Linear,With W,Combined linear + W,E + W + G + P + GE + PE + GW + PW,"Linear combined genomic + phenomic + weather model with GE, PE, GW, and PW",G+P + W,KW,CV1,9,CS11_WW,0.7280337157262056,5,223.5329275608064
12,Eta12,Weather combined,Combined G + P pathway,Linear,With W,Combined linear + W,E + W + G + P + GE + PE + GW + PW,"Linear combined genomic + phenomic + weather model with GE, PE, GW, and PW",G+P + W,KW,CV1,9,CS12_WS,0.7376766455804383,5,223.5329275608064
12,Eta12,Weather combined,Combined G + P pathway,Linear,With W,Combined linear + W,E + W + G + P + GE + PE + GW + PW,"Linear combined genomic + phenomic + weather model with GE, PE, GW, and PW",G+P + W,KW,CV1,9,CS12_WW,0.7015240331236299,5,223.5329275608064
12,Eta12,Weather combined,Combined G + P pathway,Linear,With W,Combined linear + W,E + W + G + P + GE + PE + GW + PW,"Linear combined genomic + phenomic + weather model with GE, PE, GW, and PW",G+P + W,KW,CV1,10,CS11_WS,0.7205353423910232,5,148.24369597435003
12,Eta12,Weather combined,Combined G + P pathway,Linear,With W,Combined linear + W,E + W + G + P + GE + PE + GW + PW,"Linear combined genomic + phenomic + weather model with GE, PE, GW, and PW",G+P + W,KW,CV1,10,CS11_WW,0.737800111963736,5,148.24369597435003
12,Eta12,Weather combined,Combined G + P pathway,Linear,With W,Combined linear + W,E + W + G + P + GE + PE + GW + PW,"Linear combined genomic + phenomic + weather model with GE, PE, GW, and PW",G+P + W,KW,CV1,10,CS12_WS,0.754788325879735,5,148.24369597435003
12,Eta12,Weather combined,Combined G + P pathway,Linear,With W,Combined linear + W,E + W + G + P + GE + PE + GW + PW,"Linear combined genomic + phenomic + weather model with GE, PE, GW, and PW",G+P + W,KW,CV1,10,CS12_WW,0.702636598399489,5,148.24369597435003
12,Eta12,Weather combined,Combined G + P pathway,Linear,With W,Combined linear + W,E + W + G + P + GE + PE + GW + PW,"Linear combined genomic + phenomic + weather model with GE, PE, GW, and PW",G+P + W,KW,CV2,1,CS11_WS,0.9944962315441608,5,240.1600437641144
12,Eta12,Weather combined,Combined G + P pathway,Linear,With W,Combined linear + W,E + W + G + P + GE + PE + GW + PW,"Linear combined genomic + phenomic + weather model with GE, PE, GW, and PW",G+P + W,KW,CV2,1,CS11_WW,0.9923256801519749,5,240.1600437641144
12,Eta12,Weather combined,Combined G + P pathway,Linear,With W,Combined linear + W,E + W + G + P + GE + PE + GW + PW,"Linear combined genomic + phenomic + weather model with GE, PE, GW, and PW",G+P + W,KW,CV2,1,CS12_WS,0.994877800824459,5,240.1600437641144
12,Eta12,Weather combined,Combined G + P pathway,Linear,With W,Combined linear + W,E + W + G + P + GE + PE + GW + PW,"Linear combined genomic + phenomic + weather model with GE, PE, GW, and PW",G+P + W,KW,CV2,1,CS12_WW,0.993984704093335,5,240.1600437641144
12,Eta12,Weather combined,Combined G + P pathway,Linear,With W,Combined linear + W,E + W + G + P + GE + PE + GW + PW,"Linear combined genomic + phenomic + weather model with GE, PE, GW, and PW",G+P + W,KW,CV2,2,CS11_WS,0.9948667600839552,5,239.5237698554994
12,Eta12,Weather combined,Combined G + P pathway,Linear,With W,Combined linear + W,E + W + G + P + GE + PE + GW + PW,"Linear combined genomic + phenomic + weather model with GE, PE, GW, and PW",G+P + W,KW,CV2,2,CS11_WW,0.9928967342007,5,239.5237698554994
12,Eta12,Weather combined,Combined G + P pathway,Linear,With W,Combined linear + W,E + W + G + P + GE + PE + GW + PW,"Linear combined genomic + phenomic + weather model with GE, PE, GW, and PW",G+P + W,KW,CV2,2,CS12_WS,0.9952584774861858,5,239.5237698554994
12,Eta12,Weather combined,Combined G + P pathway,Linear,With W,Combined linear + W,E + W + G + P + GE + PE + GW + PW,"Linear combined genomic + phenomic + weather model with GE, PE, GW, and PW",G+P + W,KW,CV2,2,CS12_WW,0.9944848723884565,5,239.5237698554994
12,Eta12,Weather combined,Combined G + P pathway,Linear,With W,Combined linear + W,E + W + G + P + GE + PE + GW + PW,"Linear combined genomic + phenomic + weather model with GE, PE, GW, and PW",G+P + W,KW,CV2,3,CS11_WS,0.9948867375593544,5,238.4677567005156
12,Eta12,Weather combined,Combined G + P pathway,Linear,With W,Combined linear + W,E + W + G + P + GE + PE + GW + PW,"Linear combined genomic + phenomic + weather model with GE, PE, GW, and PW",G+P + W,KW,CV2,3,CS11_WW,0.993024448990886,5,238.4677567005156
12,Eta12,Weather combined,Combined G + P pathway,Linear,With W,Combined linear + W,E + W + G + P + GE + PE + GW + PW,"Linear combined genomic + phenomic + weather model with GE, PE, GW, and PW",G+P + W,KW,CV2,3,CS12_WS,0.9953665552789175,5,238.4677567005156
12,Eta12,Weather combined,Combined G + P pathway,Linear,With W,Combined linear + W,E + W + G + P + GE + PE + GW + PW,"Linear combined genomic + phenomic + weather model with GE, PE, GW, and PW",G+P + W,KW,CV2,3,CS12_WW,0.9944177537532009,5,238.4677567005156
12,Eta12,Weather combined,Combined G + P pathway,Linear,With W,Combined linear + W,E + W + G + P + GE + PE + GW + PW,"Linear combined genomic + phenomic + weather model with GE, PE, GW, and PW",G+P + W,KW,CV2,4,CS11_WS,0.9937826694406912,5,280.0766858100892
12,Eta12,Weather combined,Combined G + P pathway,Linear,With W,Combined linear + W,E + W + G + P + GE + PE + GW + PW,"Linear combined genomic + phenomic + weather model with GE, PE, GW, and PW",G+P + W,KW,CV2,4,CS11_WW,0.9910469964238237,5,280.0766858100892
12,Eta12,Weather combined,Combined G + P pathway,Linear,With W,Combined linear + W,E + W + G + P + GE + PE + GW + PW,"Linear combined genomic + phenomic + weather model with GE, PE, GW, and PW",G+P + W,KW,CV2,4,CS12_WS,0.993950960896119,5,280.0766858100892
12,Eta12,Weather combined,Combined G + P pathway,Linear,With W,Combined linear + W,E + W + G + P + GE + PE + GW + PW,"Linear combined genomic + phenomic + weather model with GE, PE, GW, and PW",G+P + W,KW,CV2,4,CS12_WW,0.9933294901668466,5,280.0766858100892
12,Eta12,Weather combined,Combined G + P pathway,Linear,With W,Combined linear + W,E + W + G + P + GE + PE + GW + PW,"Linear combined genomic + phenomic + weather model with GE, PE, GW, and PW",G+P + W,KW,CV2,5,CS11_WS,0.9950883123826658,5,277.5121190547942
12,Eta12,Weather combined,Combined G + P pathway,Linear,With W,Combined linear + W,E + W + G + P + GE + PE + GW + PW,"Linear combined genomic + phenomic + weather model with GE, PE, GW, and PW",G+P + W,KW,CV2,5,CS11_WW,0.9932756127111926,5,277.5121190547942
12,Eta12,Weather combined,Combined G + P pathway,Linear,With W,Combined linear + W,E + W + G + P + GE + PE + GW + PW,"Linear combined genomic + phenomic + weather model with GE, PE, GW, and PW",G+P + W,KW,CV2,5,CS12_WS,0.9954325413082558,5,277.5121190547942
12,Eta12,Weather combined,Combined G + P pathway,Linear,With W,Combined linear + W,E + W + G + P + GE + PE + GW + PW,"Linear combined genomic + phenomic + weather model with GE, PE, GW, and PW",G+P + W,KW,CV2,5,CS12_WW,0.9946292081509226,5,277.5121190547942
12,Eta12,Weather combined,Combined G + P pathway,Linear,With W,Combined linear + W,E + W + G + P + GE + PE + GW + PW,"Linear combined genomic + phenomic + weather model with GE, PE, GW, and PW",G+P + W,KW,CV2,6,CS11_WS,0.9947337235282253,5,283.152910232544
12,Eta12,Weather combined,Combined G + P pathway,Linear,With W,Combined linear + W,E + W + G + P + GE + PE + GW + PW,"Linear combined genomic + phenomic + weather model with GE, PE, GW, and PW",G+P + W,KW,CV2,6,CS11_WW,0.9926830442504999,5,283.152910232544
12,Eta12,Weather combined,Combined G + P pathway,Linear,With W,Combined linear + W,E + W + G + P + GE + PE + GW + PW,"Linear combined genomic + phenomic + weather model with GE, PE, GW, and PW",G+P + W,KW,CV2,6,CS12_WS,0.9949322914483814,5,283.152910232544
12,Eta12,Weather combined,Combined G + P pathway,Linear,With W,Combined linear + W,E + W + G + P + GE + PE + GW + PW,"Linear combined genomic + phenomic + weather model with GE, PE, GW, and PW",G+P + W,KW,CV2,6,CS12_WW,0.9941287009609938,5,283.152910232544
12,Eta12,Weather combined,Combined G + P pathway,Linear,With W,Combined linear + W,E + W + G + P + GE + PE + GW + PW,"Linear combined genomic + phenomic + weather model with GE, PE, GW, and PW",G+P + W,KW,CV2,7,CS11_WS,0.9949313746778803,5,238.368747806549
12,Eta12,Weather combined,Combined G + P pathway,Linear,With W,Combined linear + W,E + W + G + P + GE + PE + GW + PW,"Linear combined genomic + phenomic + weather model with GE, PE, GW, and PW",G+P + W,KW,CV2,7,CS11_WW,0.9928609022868249,5,238.368747806549
12,Eta12,Weather combined,Combined G + P pathway,Linear,With W,Combined linear + W,E + W + G + P + GE + PE + GW + PW,"Linear combined genomic + phenomic + weather model with GE, PE, GW, and PW",G+P + W,KW,CV2,7,CS12_WS,0.9951444710951817,5,238.368747806549
12,Eta12,Weather combined,Combined G + P pathway,Linear,With W,Combined linear + W,E + W + G + P + GE + PE + GW + PW,"Linear combined genomic + phenomic + weather model with GE, PE, GW, and PW",G+P + W,KW,CV2,7,CS12_WW,0.9943763004315335,5,238.368747806549
12,Eta12,Weather combined,Combined G + P pathway,Linear,With W,Combined linear + W,E + W + G + P + GE + PE + GW + PW,"Linear combined genomic + phenomic + weather model with GE, PE, GW, and PW",G+P + W,KW,CV2,8,CS11_WS,0.9948162217355204,5,239.5577383995058
12,Eta12,Weather combined,Combined G + P pathway,Linear,With W,Combined linear + W,E + W + G + P + GE + PE + GW + PW,"Linear combined genomic + phenomic + weather model with GE, PE, GW, and PW",G+P + W,KW,CV2,8,CS11_WW,0.9928393891328348,5,239.5577383995058
12,Eta12,Weather combined,Combined G + P pathway,Linear,With W,Combined linear + W,E + W + G + P + GE + PE + GW + PW,"Linear combined genomic + phenomic + weather model with GE, PE, GW, and PW",G+P + W,KW,CV2,8,CS12_WS,0.9951368419494182,5,239.5577383995058
12,Eta12,Weather combined,Combined G + P pathway,Linear,With W,Combined linear + W,E + W + G + P + GE + PE + GW + PW,"Linear combined genomic + phenomic + weather model with GE, PE, GW, and PW",G+P + W,KW,CV2,8,CS12_WW,0.9942461172478142,5,239.5577383995058
12,Eta12,Weather combined,Combined G + P pathway,Linear,With W,Combined linear + W,E + W + G + P + GE + PE + GW + PW,"Linear combined genomic + phenomic + weather model with GE, PE, GW, and PW",G+P + W,KW,CV2,9,CS11_WS,0.9946487840270184,5,223.5329275608064
12,Eta12,Weather combined,Combined G + P pathway,Linear,With W,Combined linear + W,E + W + G + P + GE + PE + GW + PW,"Linear combined genomic + phenomic + weather model with GE, PE, GW, and PW",G+P + W,KW,CV2,9,CS11_WW,0.9924121214926853,5,223.5329275608064
12,Eta12,Weather combined,Combined G + P pathway,Linear,With W,Combined linear + W,E + W + G + P + GE + PE + GW + PW,"Linear combined genomic + phenomic + weather model with GE, PE, GW, and PW",G+P + W,KW,CV2,9,CS12_WS,0.9949451307560653,5,223.5329275608064
12,Eta12,Weather combined,Combined G + P pathway,Linear,With W,Combined linear + W,E + W + G + P + GE + PE + GW + PW,"Linear combined genomic + phenomic + weather model with GE, PE, GW, and PW",G+P + W,KW,CV2,9,CS12_WW,0.9941792118528985,5,223.5329275608064
12,Eta12,Weather combined,Combined G + P pathway,Linear,With W,Combined linear + W,E + W + G + P + GE + PE + GW + PW,"Linear combined genomic + phenomic + weather model with GE, PE, GW, and PW",G+P + W,KW,CV2,10,CS11_WS,0.995357282577177,5,148.24369597435003
12,Eta12,Weather combined,Combined G + P pathway,Linear,With W,Combined linear + W,E + W + G + P + GE + PE + GW + PW,"Linear combined genomic + phenomic + weather model with GE, PE, GW, and PW",G+P + W,KW,CV2,10,CS11_WW,0.9937521069690952,5,148.24369597435003
12,Eta12,Weather combined,Combined G + P pathway,Linear,With W,Combined linear + W,E + W + G + P + GE + PE + GW + PW,"Linear combined genomic + phenomic + weather model with GE, PE, GW, and PW",G+P + W,KW,CV2,10,CS12_WS,0.9957827627771094,5,148.24369597435003
12,Eta12,Weather combined,Combined G + P pathway,Linear,With W,Combined linear + W,E + W + G + P + GE + PE + GW + PW,"Linear combined genomic + phenomic + weather model with GE, PE, GW, and PW",G+P + W,KW,CV2,10,CS12_WW,0.9947647204856471,5,148.24369597435003
13,Eta13,Weather single-source,Genomic pathway,Gaussian,With W,Genomic Gaussian + W,E + W + GGK + GGKE + GGKW,"Gaussian genomic-weather model with environment, weather, GGKE, and GGKW",GGK + W,GY,CV1,1,CS11_WS,0.73344434135585,5,104.7594094276428
13,Eta13,Weather single-source,Genomic pathway,Gaussian,With W,Genomic Gaussian + W,E + W + GGK + GGKE + GGKW,"Gaussian genomic-weather model with environment, weather, GGKE, and GGKW",GGK + W,GY,CV1,1,CS11_WW,0.7597335607015461,5,104.7594094276428
13,Eta13,Weather single-source,Genomic pathway,Gaussian,With W,Genomic Gaussian + W,E + W + GGK + GGKE + GGKW,"Gaussian genomic-weather model with environment, weather, GGKE, and GGKW",GGK + W,GY,CV1,1,CS12_WS,0.7548767611322493,5,104.7594094276428
13,Eta13,Weather single-source,Genomic pathway,Gaussian,With W,Genomic Gaussian + W,E + W + GGK + GGKE + GGKW,"Gaussian genomic-weather model with environment, weather, GGKE, and GGKW",GGK + W,GY,CV1,1,CS12_WW,0.7314540096371086,5,104.7594094276428
13,Eta13,Weather single-source,Genomic pathway,Gaussian,With W,Genomic Gaussian + W,E + W + GGK + GGKE + GGKW,"Gaussian genomic-weather model with environment, weather, GGKE, and GGKW",GGK + W,GY,CV1,2,CS11_WS,0.6707808559002316,5,99.4207358360291
13,Eta13,Weather single-source,Genomic pathway,Gaussian,With W,Genomic Gaussian + W,E + W + GGK + GGKE + GGKW,"Gaussian genomic-weather model with environment, weather, GGKE, and GGKW",GGK + W,GY,CV1,2,CS11_WW,0.7481216489406137,5,99.4207358360291
13,Eta13,Weather single-source,Genomic pathway,Gaussian,With W,Genomic Gaussian + W,E + W + GGK + GGKE + GGKW,"Gaussian genomic-weather model with environment, weather, GGKE, and GGKW",GGK + W,GY,CV1,2,CS12_WS,0.7241817945441531,5,99.4207358360291
13,Eta13,Weather single-source,Genomic pathway,Gaussian,With W,Genomic Gaussian + W,E + W + GGK + GGKE + GGKW,"Gaussian genomic-weather model with environment, weather, GGKE, and GGKW",GGK + W,GY,CV1,2,CS12_WW,0.7144009923970535,5,99.4207358360291
13,Eta13,Weather single-source,Genomic pathway,Gaussian,With W,Genomic Gaussian + W,E + W + GGK + GGKE + GGKW,"Gaussian genomic-weather model with environment, weather, GGKE, and GGKW",GGK + W,GY,CV1,3,CS11_WS,0.7522801954324856,5,86.15962109565737
13,Eta13,Weather single-source,Genomic pathway,Gaussian,With W,Genomic Gaussian + W,E + W + GGK + GGKE + GGKW,"Gaussian genomic-weather model with environment, weather, GGKE, and GGKW",GGK + W,GY,CV1,3,CS11_WW,0.7624648601217953,5,86.15962109565737
13,Eta13,Weather single-source,Genomic pathway,Gaussian,With W,Genomic Gaussian + W,E + W + GGK + GGKE + GGKW,"Gaussian genomic-weather model with environment, weather, GGKE, and GGKW",GGK + W,GY,CV1,3,CS12_WS,0.7357246569310794,5,86.15962109565737
13,Eta13,Weather single-source,Genomic pathway,Gaussian,With W,Genomic Gaussian + W,E + W + GGK + GGKE + GGKW,"Gaussian genomic-weather model with environment, weather, GGKE, and GGKW",GGK + W,GY,CV1,3,CS12_WW,0.7141499625701618,5,86.15962109565737
13,Eta13,Weather single-source,Genomic pathway,Gaussian,With W,Genomic Gaussian + W,E + W + GGK + GGKE + GGKW,"Gaussian genomic-weather model with environment, weather, GGKE, and GGKW",GGK + W,GY,CV1,4,CS11_WS,0.6994477518101578,5,99.12286348342894
13,Eta13,Weather single-source,Genomic pathway,Gaussian,With W,Genomic Gaussian + W,E + W + GGK + GGKE + GGKW,"Gaussian genomic-weather model with environment, weather, GGKE, and GGKW",GGK + W,GY,CV1,4,CS11_WW,0.733674620391214,5,99.12286348342894
13,Eta13,Weather single-source,Genomic pathway,Gaussian,With W,Genomic Gaussian + W,E + W + GGK + GGKE + GGKW,"Gaussian genomic-weather model with environment, weather, GGKE, and GGKW",GGK + W,GY,CV1,4,CS12_WS,0.7320817388747509,5,99.12286348342894
13,Eta13,Weather single-source,Genomic pathway,Gaussian,With W,Genomic Gaussian + W,E + W + GGK + GGKE + GGKW,"Gaussian genomic-weather model with environment, weather, GGKE, and GGKW",GGK + W,GY,CV1,4,CS12_WW,0.7255447804054178,5,99.12286348342894
13,Eta13,Weather single-source,Genomic pathway,Gaussian,With W,Genomic Gaussian + W,E + W + GGK + GGKE + GGKW,"Gaussian genomic-weather model with environment, weather, GGKE, and GGKW",GGK + W,GY,CV1,5,CS11_WS,0.7085890078910662,5,85.69369001388552
13,Eta13,Weather single-source,Genomic pathway,Gaussian,With W,Genomic Gaussian + W,E + W + GGK + GGKE + GGKW,"Gaussian genomic-weather model with environment, weather, GGKE, and GGKW",GGK + W,GY,CV1,5,CS11_WW,0.7397008672030998,5,85.69369001388552
13,Eta13,Weather single-source,Genomic pathway,Gaussian,With W,Genomic Gaussian + W,E + W + GGK + GGKE + GGKW,"Gaussian genomic-weather model with environment, weather, GGKE, and GGKW",GGK + W,GY,CV1,5,CS12_WS,0.7302630076742986,5,85.69369001388552
13,Eta13,Weather single-source,Genomic pathway,Gaussian,With W,Genomic Gaussian + W,E + W + GGK + GGKE + GGKW,"Gaussian genomic-weather model with environment, weather, GGKE, and GGKW",GGK + W,GY,CV1,5,CS12_WW,0.723040785123811,5,85.69369001388552
13,Eta13,Weather single-source,Genomic pathway,Gaussian,With W,Genomic Gaussian + W,E + W + GGK + GGKE + GGKW,"Gaussian genomic-weather model with environment, weather, GGKE, and GGKW",GGK + W,GY,CV1,6,CS11_WS,0.7325594166024858,5,98.5698721885681
13,Eta13,Weather single-source,Genomic pathway,Gaussian,With W,Genomic Gaussian + W,E + W + GGK + GGKE + GGKW,"Gaussian genomic-weather model with environment, weather, GGKE, and GGKW",GGK + W,GY,CV1,6,CS11_WW,0.7573155467289847,5,98.5698721885681
13,Eta13,Weather single-source,Genomic pathway,Gaussian,With W,Genomic Gaussian + W,E + W + GGK + GGKE + GGKW,"Gaussian genomic-weather model with environment, weather, GGKE, and GGKW",GGK + W,GY,CV1,6,CS12_WS,0.7432246268920598,5,98.5698721885681
13,Eta13,Weather single-source,Genomic pathway,Gaussian,With W,Genomic Gaussian + W,E + W + GGK + GGKE + GGKW,"Gaussian genomic-weather model with environment, weather, GGKE, and GGKW",GGK + W,GY,CV1,6,CS12_WW,0.7306262866181994,5,98.5698721885681
13,Eta13,Weather single-source,Genomic pathway,Gaussian,With W,Genomic Gaussian + W,E + W + GGK + GGKE + GGKW,"Gaussian genomic-weather model with environment, weather, GGKE, and GGKW",GGK + W,GY,CV1,7,CS11_WS,0.7303322581062698,5,85.51722421646117
13,Eta13,Weather single-source,Genomic pathway,Gaussian,With W,Genomic Gaussian + W,E + W + GGK + GGKE + GGKW,"Gaussian genomic-weather model with environment, weather, GGKE, and GGKW",GGK + W,GY,CV1,7,CS11_WW,0.7477585221347113,5,85.51722421646117
13,Eta13,Weather single-source,Genomic pathway,Gaussian,With W,Genomic Gaussian + W,E + W + GGK + GGKE + GGKW,"Gaussian genomic-weather model with environment, weather, GGKE, and GGKW",GGK + W,GY,CV1,7,CS12_WS,0.7207493952639535,5,85.51722421646117
13,Eta13,Weather single-source,Genomic pathway,Gaussian,With W,Genomic Gaussian + W,E + W + GGK + GGKE + GGKW,"Gaussian genomic-weather model with environment, weather, GGKE, and GGKW",GGK + W,GY,CV1,7,CS12_WW,0.7268714037874695,5,85.51722421646117
13,Eta13,Weather single-source,Genomic pathway,Gaussian,With W,Genomic Gaussian + W,E + W + GGK + GGKE + GGKW,"Gaussian genomic-weather model with environment, weather, GGKE, and GGKW",GGK + W,GY,CV1,8,CS11_WS,0.6813999414743686,5,100.60897560119624
13,Eta13,Weather single-source,Genomic pathway,Gaussian,With W,Genomic Gaussian + W,E + W + GGK + GGKE + GGKW,"Gaussian genomic-weather model with environment, weather, GGKE, and GGKW",GGK + W,GY,CV1,8,CS11_WW,0.7202893412834401,5,100.60897560119624
13,Eta13,Weather single-source,Genomic pathway,Gaussian,With W,Genomic Gaussian + W,E + W + GGK + GGKE + GGKW,"Gaussian genomic-weather model with environment, weather, GGKE, and GGKW",GGK + W,GY,CV1,8,CS12_WS,0.723442189432797,5,100.60897560119624
13,Eta13,Weather single-source,Genomic pathway,Gaussian,With W,Genomic Gaussian + W,E + W + GGK + GGKE + GGKW,"Gaussian genomic-weather model with environment, weather, GGKE, and GGKW",GGK + W,GY,CV1,8,CS12_WW,0.7199635226277457,5,100.60897560119624
13,Eta13,Weather single-source,Genomic pathway,Gaussian,With W,Genomic Gaussian + W,E + W + GGK + GGKE + GGKW,"Gaussian genomic-weather model with environment, weather, GGKE, and GGKW",GGK + W,GY,CV1,9,CS11_WS,0.6809119027380183,5,97.01299395561217
13,Eta13,Weather single-source,Genomic pathway,Gaussian,With W,Genomic Gaussian + W,E + W + GGK + GGKE + GGKW,"Gaussian genomic-weather model with environment, weather, GGKE, and GGKW",GGK + W,GY,CV1,9,CS11_WW,0.7386021109174994,5,97.01299395561217
13,Eta13,Weather single-source,Genomic pathway,Gaussian,With W,Genomic Gaussian + W,E + W + GGK + GGKE + GGKW,"Gaussian genomic-weather model with environment, weather, GGKE, and GGKW",GGK + W,GY,CV1,9,CS12_WS,0.7363436002309678,5,97.01299395561217
13,Eta13,Weather single-source,Genomic pathway,Gaussian,With W,Genomic Gaussian + W,E + W + GGK + GGKE + GGKW,"Gaussian genomic-weather model with environment, weather, GGKE, and GGKW",GGK + W,GY,CV1,9,CS12_WW,0.7054037812567194,5,97.01299395561217
13,Eta13,Weather single-source,Genomic pathway,Gaussian,With W,Genomic Gaussian + W,E + W + GGK + GGKE + GGKW,"Gaussian genomic-weather model with environment, weather, GGKE, and GGKW",GGK + W,GY,CV1,10,CS11_WS,0.7098295814125132,5,84.83527846336366
13,Eta13,Weather single-source,Genomic pathway,Gaussian,With W,Genomic Gaussian + W,E + W + GGK + GGKE + GGKW,"Gaussian genomic-weather model with environment, weather, GGKE, and GGKW",GGK + W,GY,CV1,10,CS11_WW,0.7482115634685412,5,84.83527846336366
13,Eta13,Weather single-source,Genomic pathway,Gaussian,With W,Genomic Gaussian + W,E + W + GGK + GGKE + GGKW,"Gaussian genomic-weather model with environment, weather, GGKE, and GGKW",GGK + W,GY,CV1,10,CS12_WS,0.724896382924623,5,84.83527846336366
13,Eta13,Weather single-source,Genomic pathway,Gaussian,With W,Genomic Gaussian + W,E + W + GGK + GGKE + GGKW,"Gaussian genomic-weather model with environment, weather, GGKE, and GGKW",GGK + W,GY,CV1,10,CS12_WW,0.710745985293772,5,84.83527846336366
13,Eta13,Weather single-source,Genomic pathway,Gaussian,With W,Genomic Gaussian + W,E + W + GGK + GGKE + GGKW,"Gaussian genomic-weather model with environment, weather, GGKE, and GGKW",GGK + W,GY,CV2,1,CS11_WS,0.9691128291693426,5,104.7594094276428
13,Eta13,Weather single-source,Genomic pathway,Gaussian,With W,Genomic Gaussian + W,E + W + GGK + GGKE + GGKW,"Gaussian genomic-weather model with environment, weather, GGKE, and GGKW",GGK + W,GY,CV2,1,CS11_WW,0.9719855347599449,5,104.7594094276428
13,Eta13,Weather single-source,Genomic pathway,Gaussian,With W,Genomic Gaussian + W,E + W + GGK + GGKE + GGKW,"Gaussian genomic-weather model with environment, weather, GGKE, and GGKW",GGK + W,GY,CV2,1,CS12_WS,0.9817863094930063,5,104.7594094276428
13,Eta13,Weather single-source,Genomic pathway,Gaussian,With W,Genomic Gaussian + W,E + W + GGK + GGKE + GGKW,"Gaussian genomic-weather model with environment, weather, GGKE, and GGKW",GGK + W,GY,CV2,1,CS12_WW,0.9739655802108566,5,104.7594094276428
13,Eta13,Weather single-source,Genomic pathway,Gaussian,With W,Genomic Gaussian + W,E + W + GGK + GGKE + GGKW,"Gaussian genomic-weather model with environment, weather, GGKE, and GGKW",GGK + W,GY,CV2,2,CS11_WS,0.96841685009768,5,99.4207358360291
13,Eta13,Weather single-source,Genomic pathway,Gaussian,With W,Genomic Gaussian + W,E + W + GGK + GGKE + GGKW,"Gaussian genomic-weather model with environment, weather, GGKE, and GGKW",GGK + W,GY,CV2,2,CS11_WW,0.971592838589719,5,99.4207358360291
13,Eta13,Weather single-source,Genomic pathway,Gaussian,With W,Genomic Gaussian + W,E + W + GGK + GGKE + GGKW,"Gaussian genomic-weather model with environment, weather, GGKE, and GGKW",GGK + W,GY,CV2,2,CS12_WS,0.9819167535782223,5,99.4207358360291
13,Eta13,Weather single-source,Genomic pathway,Gaussian,With W,Genomic Gaussian + W,E + W + GGK + GGKE + GGKW,"Gaussian genomic-weather model with environment, weather, GGKE, and GGKW",GGK + W,GY,CV2,2,CS12_WW,0.9740946600856197,5,99.4207358360291
13,Eta13,Weather single-source,Genomic pathway,Gaussian,With W,Genomic Gaussian + W,E + W + GGK + GGKE + GGKW,"Gaussian genomic-weather model with environment, weather, GGKE, and GGKW",GGK + W,GY,CV2,3,CS11_WS,0.968834534119714,5,86.15962109565737
13,Eta13,Weather single-source,Genomic pathway,Gaussian,With W,Genomic Gaussian + W,E + W + GGK + GGKE + GGKW,"Gaussian genomic-weather model with environment, weather, GGKE, and GGKW",GGK + W,GY,CV2,3,CS11_WW,0.972144555851048,5,86.15962109565737
13,Eta13,Weather single-source,Genomic pathway,Gaussian,With W,Genomic Gaussian + W,E + W + GGK + GGKE + GGKW,"Gaussian genomic-weather model with environment, weather, GGKE, and GGKW",GGK + W,GY,CV2,3,CS12_WS,0.981757313369186,5,86.15962109565737
13,Eta13,Weather single-source,Genomic pathway,Gaussian,With W,Genomic Gaussian + W,E + W + GGK + GGKE + GGKW,"Gaussian genomic-weather model with environment, weather, GGKE, and GGKW",GGK + W,GY,CV2,3,CS12_WW,0.9737995985302014,5,86.15962109565737
13,Eta13,Weather single-source,Genomic pathway,Gaussian,With W,Genomic Gaussian + W,E + W + GGK + GGKE + GGKW,"Gaussian genomic-weather model with environment, weather, GGKE, and GGKW",GGK + W,GY,CV2,4,CS11_WS,0.9688687556380208,5,99.12286348342894
13,Eta13,Weather single-source,Genomic pathway,Gaussian,With W,Genomic Gaussian + W,E + W + GGK + GGKE + GGKW,"Gaussian genomic-weather model with environment, weather, GGKE, and GGKW",GGK + W,GY,CV2,4,CS11_WW,0.972027165220355,5,99.12286348342894
13,Eta13,Weather single-source,Genomic pathway,Gaussian,With W,Genomic Gaussian + W,E + W + GGK + GGKE + GGKW,"Gaussian genomic-weather model with environment, weather, GGKE, and GGKW",GGK + W,GY,CV2,4,CS12_WS,0.9816829982740399,5,99.12286348342894
13,Eta13,Weather single-source,Genomic pathway,Gaussian,With W,Genomic Gaussian + W,E + W + GGK + GGKE + GGKW,"Gaussian genomic-weather model with environment, weather, GGKE, and GGKW",GGK + W,GY,CV2,4,CS12_WW,0.9742166998495103,5,99.12286348342894
13,Eta13,Weather single-source,Genomic pathway,Gaussian,With W,Genomic Gaussian + W,E + W + GGK + GGKE + GGKW,"Gaussian genomic-weather model with environment, weather, GGKE, and GGKW",GGK + W,GY,CV2,5,CS11_WS,0.9687550726921706,5,85.69369001388552
13,Eta13,Weather single-source,Genomic pathway,Gaussian,With W,Genomic Gaussian + W,E + W + GGK + GGKE + GGKW,"Gaussian genomic-weather model with environment, weather, GGKE, and GGKW",GGK + W,GY,CV2,5,CS11_WW,0.9715555795551867,5,85.69369001388552
13,Eta13,Weather single-source,Genomic pathway,Gaussian,With W,Genomic Gaussian + W,E + W + GGK + GGKE + GGKW,"Gaussian genomic-weather model with environment, weather, GGKE, and GGKW",GGK + W,GY,CV2,5,CS12_WS,0.9819089825838144,5,85.69369001388552
13,Eta13,Weather single-source,Genomic pathway,Gaussian,With W,Genomic Gaussian + W,E + W + GGK + GGKE + GGKW,"Gaussian genomic-weather model with environment, weather, GGKE, and GGKW",GGK + W,GY,CV2,5,CS12_WW,0.9739681988011373,5,85.69369001388552
13,Eta13,Weather single-source,Genomic pathway,Gaussian,With W,Genomic Gaussian + W,E + W + GGK + GGKE + GGKW,"Gaussian genomic-weather model with environment, weather, GGKE, and GGKW",GGK + W,GY,CV2,6,CS11_WS,0.9688954196655581,5,98.5698721885681
13,Eta13,Weather single-source,Genomic pathway,Gaussian,With W,Genomic Gaussian + W,E + W + GGK + GGKE + GGKW,"Gaussian genomic-weather model with environment, weather, GGKE, and GGKW",GGK + W,GY,CV2,6,CS11_WW,0.9721144255390897,5,98.5698721885681
13,Eta13,Weather single-source,Genomic pathway,Gaussian,With W,Genomic Gaussian + W,E + W + GGK + GGKE + GGKW,"Gaussian genomic-weather model with environment, weather, GGKE, and GGKW",GGK + W,GY,CV2,6,CS12_WS,0.9815952193654939,5,98.5698721885681
13,Eta13,Weather single-source,Genomic pathway,Gaussian,With W,Genomic Gaussian + W,E + W + GGK + GGKE + GGKW,"Gaussian genomic-weather model with environment, weather, GGKE, and GGKW",GGK + W,GY,CV2,6,CS12_WW,0.9742243357132206,5,98.5698721885681
13,Eta13,Weather single-source,Genomic pathway,Gaussian,With W,Genomic Gaussian + W,E + W + GGK + GGKE + GGKW,"Gaussian genomic-weather model with environment, weather, GGKE, and GGKW",GGK + W,GY,CV2,7,CS11_WS,0.9688185287880013,5,85.51722421646117
13,Eta13,Weather single-source,Genomic pathway,Gaussian,With W,Genomic Gaussian + W,E + W + GGK + GGKE + GGKW,"Gaussian genomic-weather model with environment, weather, GGKE, and GGKW",GGK + W,GY,CV2,7,CS11_WW,0.9719176123828885,5,85.51722421646117
13,Eta13,Weather single-source,Genomic pathway,Gaussian,With W,Genomic Gaussian + W,E + W + GGK + GGKE + GGKW,"Gaussian genomic-weather model with environment, weather, GGKE, and GGKW",GGK + W,GY,CV2,7,CS12_WS,0.9815964631573095,5,85.51722421646117
13,Eta13,Weather single-source,Genomic pathway,Gaussian,With W,Genomic Gaussian + W,E + W + GGK + GGKE + GGKW,"Gaussian genomic-weather model with environment, weather, GGKE, and GGKW",GGK + W,GY,CV2,7,CS12_WW,0.9742401647341676,5,85.51722421646117
13,Eta13,Weather single-source,Genomic pathway,Gaussian,With W,Genomic Gaussian + W,E + W + GGK + GGKE + GGKW,"Gaussian genomic-weather model with environment, weather, GGKE, and GGKW",GGK + W,GY,CV2,8,CS11_WS,0.9691534524263808,5,100.60897560119624
13,Eta13,Weather single-source,Genomic pathway,Gaussian,With W,Genomic Gaussian + W,E + W + GGK + GGKE + GGKW,"Gaussian genomic-weather model with environment, weather, GGKE, and GGKW",GGK + W,GY,CV2,8,CS11_WW,0.9722696189888558,5,100.60897560119624
13,Eta13,Weather single-source,Genomic pathway,Gaussian,With W,Genomic Gaussian + W,E + W + GGK + GGKE + GGKW,"Gaussian genomic-weather model with environment, weather, GGKE, and GGKW",GGK + W,GY,CV2,8,CS12_WS,0.9818797137984486,5,100.60897560119624
13,Eta13,Weather single-source,Genomic pathway,Gaussian,With W,Genomic Gaussian + W,E + W + GGK + GGKE + GGKW,"Gaussian genomic-weather model with environment, weather, GGKE, and GGKW",GGK + W,GY,CV2,8,CS12_WW,0.9742873447450314,5,100.60897560119624
13,Eta13,Weather single-source,Genomic pathway,Gaussian,With W,Genomic Gaussian + W,E + W + GGK + GGKE + GGKW,"Gaussian genomic-weather model with environment, weather, GGKE, and GGKW",GGK + W,GY,CV2,9,CS11_WS,0.9688305189095467,5,97.01299395561217
13,Eta13,Weather single-source,Genomic pathway,Gaussian,With W,Genomic Gaussian + W,E + W + GGK + GGKE + GGKW,"Gaussian genomic-weather model with environment, weather, GGKE, and GGKW",GGK + W,GY,CV2,9,CS11_WW,0.971552030659747,5,97.01299395561217
13,Eta13,Weather single-source,Genomic pathway,Gaussian,With W,Genomic Gaussian + W,E + W + GGK + GGKE + GGKW,"Gaussian genomic-weather model with environment, weather, GGKE, and GGKW",GGK + W,GY,CV2,9,CS12_WS,0.9815310234468673,5,97.01299395561217
13,Eta13,Weather single-source,Genomic pathway,Gaussian,With W,Genomic Gaussian + W,E + W + GGK + GGKE + GGKW,"Gaussian genomic-weather model with environment, weather, GGKE, and GGKW",GGK + W,GY,CV2,9,CS12_WW,0.9739515080671094,5,97.01299395561217
13,Eta13,Weather single-source,Genomic pathway,Gaussian,With W,Genomic Gaussian + W,E + W + GGK + GGKE + GGKW,"Gaussian genomic-weather model with environment, weather, GGKE, and GGKW",GGK + W,GY,CV2,10,CS11_WS,0.9689934149086701,5,84.83527846336366
13,Eta13,Weather single-source,Genomic pathway,Gaussian,With W,Genomic Gaussian + W,E + W + GGK + GGKE + GGKW,"Gaussian genomic-weather model with environment, weather, GGKE, and GGKW",GGK + W,GY,CV2,10,CS11_WW,0.9720805570779973,5,84.83527846336366
13,Eta13,Weather single-source,Genomic pathway,Gaussian,With W,Genomic Gaussian + W,E + W + GGK + GGKE + GGKW,"Gaussian genomic-weather model with environment, weather, GGKE, and GGKW",GGK + W,GY,CV2,10,CS12_WS,0.9819055924010168,5,84.83527846336366
13,Eta13,Weather single-source,Genomic pathway,Gaussian,With W,Genomic Gaussian + W,E + W + GGK + GGKE + GGKW,"Gaussian genomic-weather model with environment, weather, GGKE, and GGKW",GGK + W,GY,CV2,10,CS12_WW,0.9741397944383028,5,84.83527846336366
13,Eta13,Weather single-source,Genomic pathway,Gaussian,With W,Genomic Gaussian + W,E + W + GGK + GGKE + GGKW,"Gaussian genomic-weather model with environment, weather, GGKE, and GGKW",GGK + W,KW,CV1,1,CS11_WS,0.5720787218577196,5,85.87845764160156
13,Eta13,Weather single-source,Genomic pathway,Gaussian,With W,Genomic Gaussian + W,E + W + GGK + GGKE + GGKW,"Gaussian genomic-weather model with environment, weather, GGKE, and GGKW",GGK + W,KW,CV1,1,CS11_WW,0.575796606115628,5,85.87845764160156
13,Eta13,Weather single-source,Genomic pathway,Gaussian,With W,Genomic Gaussian + W,E + W + GGK + GGKE + GGKW,"Gaussian genomic-weather model with environment, weather, GGKE, and GGKW",GGK + W,KW,CV1,1,CS12_WS,0.6233143700932231,5,85.87845764160156
13,Eta13,Weather single-source,Genomic pathway,Gaussian,With W,Genomic Gaussian + W,E + W + GGK + GGKE + GGKW,"Gaussian genomic-weather model with environment, weather, GGKE, and GGKW",GGK + W,KW,CV1,1,CS12_WW,0.6159725911988939,5,85.87845764160156
13,Eta13,Weather single-source,Genomic pathway,Gaussian,With W,Genomic Gaussian + W,E + W + GGK + GGKE + GGKW,"Gaussian genomic-weather model with environment, weather, GGKE, and GGKW",GGK + W,KW,CV1,2,CS11_WS,0.546729745550321,5,85.2595853805542
13,Eta13,Weather single-source,Genomic pathway,Gaussian,With W,Genomic Gaussian + W,E + W + GGK + GGKE + GGKW,"Gaussian genomic-weather model with environment, weather, GGKE, and GGKW",GGK + W,KW,CV1,2,CS11_WW,0.5523625102101757,5,85.2595853805542
13,Eta13,Weather single-source,Genomic pathway,Gaussian,With W,Genomic Gaussian + W,E + W + GGK + GGKE + GGKW,"Gaussian genomic-weather model with environment, weather, GGKE, and GGKW",GGK + W,KW,CV1,2,CS12_WS,0.5824505308458364,5,85.2595853805542
13,Eta13,Weather single-source,Genomic pathway,Gaussian,With W,Genomic Gaussian + W,E + W + GGK + GGKE + GGKW,"Gaussian genomic-weather model with environment, weather, GGKE, and GGKW",GGK + W,KW,CV1,2,CS12_WW,0.6158435892082866,5,85.2595853805542
13,Eta13,Weather single-source,Genomic pathway,Gaussian,With W,Genomic Gaussian + W,E + W + GGK + GGKE + GGKW,"Gaussian genomic-weather model with environment, weather, GGKE, and GGKW",GGK + W,KW,CV1,3,CS11_WS,0.5706938725286104,5,85.02089743614198
13,Eta13,Weather single-source,Genomic pathway,Gaussian,With W,Genomic Gaussian + W,E + W + GGK + GGKE + GGKW,"Gaussian genomic-weather model with environment, weather, GGKE, and GGKW",GGK + W,KW,CV1,3,CS11_WW,0.5668619696187311,5,85.02089743614198
13,Eta13,Weather single-source,Genomic pathway,Gaussian,With W,Genomic Gaussian + W,E + W + GGK + GGKE + GGKW,"Gaussian genomic-weather model with environment, weather, GGKE, and GGKW",GGK + W,KW,CV1,3,CS12_WS,0.6118715185673754,5,85.02089743614198
13,Eta13,Weather single-source,Genomic pathway,Gaussian,With W,Genomic Gaussian + W,E + W + GGK + GGKE + GGKW,"Gaussian genomic-weather model with environment, weather, GGKE, and GGKW",GGK + W,KW,CV1,3,CS12_WW,0.6069465522289204,5,85.02089743614198
13,Eta13,Weather single-source,Genomic pathway,Gaussian,With W,Genomic Gaussian + W,E + W + GGK + GGKE + GGKW,"Gaussian genomic-weather model with environment, weather, GGKE, and GGKW",GGK + W,KW,CV1,4,CS11_WS,0.5852001471194928,5,85.17793226242064
13,Eta13,Weather single-source,Genomic pathway,Gaussian,With W,Genomic Gaussian + W,E + W + GGK + GGKE + GGKW,"Gaussian genomic-weather model with environment, weather, GGKE, and GGKW",GGK + W,KW,CV1,4,CS11_WW,0.5717295264410451,5,85.17793226242064
13,Eta13,Weather single-source,Genomic pathway,Gaussian,With W,Genomic Gaussian + W,E + W + GGK + GGKE + GGKW,"Gaussian genomic-weather model with environment, weather, GGKE, and GGKW",GGK + W,KW,CV1,4,CS12_WS,0.6076409130885012,5,85.17793226242064
13,Eta13,Weather single-source,Genomic pathway,Gaussian,With W,Genomic Gaussian + W,E + W + GGK + GGKE + GGKW,"Gaussian genomic-weather model with environment, weather, GGKE, and GGKW",GGK + W,KW,CV1,4,CS12_WW,0.5958983391914634,5,85.17793226242064
13,Eta13,Weather single-source,Genomic pathway,Gaussian,With W,Genomic Gaussian + W,E + W + GGK + GGKE + GGKW,"Gaussian genomic-weather model with environment, weather, GGKE, and GGKW",GGK + W,KW,CV1,5,CS11_WS,0.5668229326067746,5,84.92748861312866
13,Eta13,Weather single-source,Genomic pathway,Gaussian,With W,Genomic Gaussian + W,E + W + GGK + GGKE + GGKW,"Gaussian genomic-weather model with environment, weather, GGKE, and GGKW",GGK + W,KW,CV1,5,CS11_WW,0.576138318468729,5,84.92748861312866
13,Eta13,Weather single-source,Genomic pathway,Gaussian,With W,Genomic Gaussian + W,E + W + GGK + GGKE + GGKW,"Gaussian genomic-weather model with environment, weather, GGKE, and GGKW",GGK + W,KW,CV1,5,CS12_WS,0.6311907565500432,5,84.92748861312866
13,Eta13,Weather single-source,Genomic pathway,Gaussian,With W,Genomic Gaussian + W,E + W + GGK + GGKE + GGKW,"Gaussian genomic-weather model with environment, weather, GGKE, and GGKW",GGK + W,KW,CV1,5,CS12_WW,0.6398294420166708,5,84.92748861312866
13,Eta13,Weather single-source,Genomic pathway,Gaussian,With W,Genomic Gaussian + W,E + W + GGK + GGKE + GGKW,"Gaussian genomic-weather model with environment, weather, GGKE, and GGKW",GGK + W,KW,CV1,6,CS11_WS,0.5962790018190243,5,99.60195341110214
13,Eta13,Weather single-source,Genomic pathway,Gaussian,With W,Genomic Gaussian + W,E + W + GGK + GGKE + GGKW,"Gaussian genomic-weather model with environment, weather, GGKE, and GGKW",GGK + W,KW,CV1,6,CS11_WW,0.5961684521359467,5,99.60195341110214
13,Eta13,Weather single-source,Genomic pathway,Gaussian,With W,Genomic Gaussian + W,E + W + GGK + GGKE + GGKW,"Gaussian genomic-weather model with environment, weather, GGKE, and GGKW",GGK + W,KW,CV1,6,CS12_WS,0.6402051285088964,5,99.60195341110214
13,Eta13,Weather single-source,Genomic pathway,Gaussian,With W,Genomic Gaussian + W,E + W + GGK + GGKE + GGKW,"Gaussian genomic-weather model with environment, weather, GGKE, and GGKW",GGK + W,KW,CV1,6,CS12_WW,0.6410327769510571,5,99.60195341110214
13,Eta13,Weather single-source,Genomic pathway,Gaussian,With W,Genomic Gaussian + W,E + W + GGK + GGKE + GGKW,"Gaussian genomic-weather model with environment, weather, GGKE, and GGKW",GGK + W,KW,CV1,7,CS11_WS,0.5691614965647525,5,84.3302191734314
13,Eta13,Weather single-source,Genomic pathway,Gaussian,With W,Genomic Gaussian + W,E + W + GGK + GGKE + GGKW,"Gaussian genomic-weather model with environment, weather, GGKE, and GGKW",GGK + W,KW,CV1,7,CS11_WW,0.5989327795104552,5,84.3302191734314
13,Eta13,Weather single-source,Genomic pathway,Gaussian,With W,Genomic Gaussian + W,E + W + GGK + GGKE + GGKW,"Gaussian genomic-weather model with environment, weather, GGKE, and GGKW",GGK + W,KW,CV1,7,CS12_WS,0.6118549573917242,5,84.3302191734314
13,Eta13,Weather single-source,Genomic pathway,Gaussian,With W,Genomic Gaussian + W,E + W + GGK + GGKE + GGKW,"Gaussian genomic-weather model with environment, weather, GGKE, and GGKW",GGK + W,KW,CV1,7,CS12_WW,0.6051551414435437,5,84.3302191734314
13,Eta13,Weather single-source,Genomic pathway,Gaussian,With W,Genomic Gaussian + W,E + W + GGK + GGKE + GGKW,"Gaussian genomic-weather model with environment, weather, GGKE, and GGKW",GGK + W,KW,CV1,8,CS11_WS,0.5997875774435444,5,84.85261774063112
13,Eta13,Weather single-source,Genomic pathway,Gaussian,With W,Genomic Gaussian + W,E + W + GGK + GGKE + GGKW,"Gaussian genomic-weather model with environment, weather, GGKE, and GGKW",GGK + W,KW,CV1,8,CS11_WW,0.6001146377475142,5,84.85261774063112
13,Eta13,Weather single-source,Genomic pathway,Gaussian,With W,Genomic Gaussian + W,E + W + GGK + GGKE + GGKW,"Gaussian genomic-weather model with environment, weather, GGKE, and GGKW",GGK + W,KW,CV1,8,CS12_WS,0.6222398908637776,5,84.85261774063112
13,Eta13,Weather single-source,Genomic pathway,Gaussian,With W,Genomic Gaussian + W,E + W + GGK + GGKE + GGKW,"Gaussian genomic-weather model with environment, weather, GGKE, and GGKW",GGK + W,KW,CV1,8,CS12_WW,0.6458428150651718,5,84.85261774063112
13,Eta13,Weather single-source,Genomic pathway,Gaussian,With W,Genomic Gaussian + W,E + W + GGK + GGKE + GGKW,"Gaussian genomic-weather model with environment, weather, GGKE, and GGKW",GGK + W,KW,CV1,9,CS11_WS,0.5564734309526236,5,98.66544961929314
13,Eta13,Weather single-source,Genomic pathway,Gaussian,With W,Genomic Gaussian + W,E + W + GGK + GGKE + GGKW,"Gaussian genomic-weather model with environment, weather, GGKE, and GGKW",GGK + W,KW,CV1,9,CS11_WW,0.5583371332255977,5,98.66544961929314
13,Eta13,Weather single-source,Genomic pathway,Gaussian,With W,Genomic Gaussian + W,E + W + GGK + GGKE + GGKW,"Gaussian genomic-weather model with environment, weather, GGKE, and GGKW",GGK + W,KW,CV1,9,CS12_WS,0.6018722967074578,5,98.66544961929314
13,Eta13,Weather single-source,Genomic pathway,Gaussian,With W,Genomic Gaussian + W,E + W + GGK + GGKE + GGKW,"Gaussian genomic-weather model with environment, weather, GGKE, and GGKW",GGK + W,KW,CV1,9,CS12_WW,0.58058620380116,5,98.66544961929314
13,Eta13,Weather single-source,Genomic pathway,Gaussian,With W,Genomic Gaussian + W,E + W + GGK + GGKE + GGKW,"Gaussian genomic-weather model with environment, weather, GGKE, and GGKW",GGK + W,KW,CV1,10,CS11_WS,0.5638011738750623,5,76.46152501106263
13,Eta13,Weather single-source,Genomic pathway,Gaussian,With W,Genomic Gaussian + W,E + W + GGK + GGKE + GGKW,"Gaussian genomic-weather model with environment, weather, GGKE, and GGKW",GGK + W,KW,CV1,10,CS11_WW,0.568198931208848,5,76.46152501106263
13,Eta13,Weather single-source,Genomic pathway,Gaussian,With W,Genomic Gaussian + W,E + W + GGK + GGKE + GGKW,"Gaussian genomic-weather model with environment, weather, GGKE, and GGKW",GGK + W,KW,CV1,10,CS12_WS,0.6288505038156591,5,76.46152501106263
13,Eta13,Weather single-source,Genomic pathway,Gaussian,With W,Genomic Gaussian + W,E + W + GGK + GGKE + GGKW,"Gaussian genomic-weather model with environment, weather, GGKE, and GGKW",GGK + W,KW,CV1,10,CS12_WW,0.6130185255964135,5,76.46152501106263
13,Eta13,Weather single-source,Genomic pathway,Gaussian,With W,Genomic Gaussian + W,E + W + GGK + GGKE + GGKW,"Gaussian genomic-weather model with environment, weather, GGKE, and GGKW",GGK + W,KW,CV2,1,CS11_WS,0.9856457034964616,5,85.87845764160156
13,Eta13,Weather single-source,Genomic pathway,Gaussian,With W,Genomic Gaussian + W,E + W + GGK + GGKE + GGKW,"Gaussian genomic-weather model with environment, weather, GGKE, and GGKW",GGK + W,KW,CV2,1,CS11_WW,0.9746380904036596,5,85.87845764160156
13,Eta13,Weather single-source,Genomic pathway,Gaussian,With W,Genomic Gaussian + W,E + W + GGK + GGKE + GGKW,"Gaussian genomic-weather model with environment, weather, GGKE, and GGKW",GGK + W,KW,CV2,1,CS12_WS,0.9858950237379303,5,85.87845764160156
13,Eta13,Weather single-source,Genomic pathway,Gaussian,With W,Genomic Gaussian + W,E + W + GGK + GGKE + GGKW,"Gaussian genomic-weather model with environment, weather, GGKE, and GGKW",GGK + W,KW,CV2,1,CS12_WW,0.9853360616291125,5,85.87845764160156
13,Eta13,Weather single-source,Genomic pathway,Gaussian,With W,Genomic Gaussian + W,E + W + GGK + GGKE + GGKW,"Gaussian genomic-weather model with environment, weather, GGKE, and GGKW",GGK + W,KW,CV2,2,CS11_WS,0.9859049746100783,5,85.2595853805542
13,Eta13,Weather single-source,Genomic pathway,Gaussian,With W,Genomic Gaussian + W,E + W + GGK + GGKE + GGKW,"Gaussian genomic-weather model with environment, weather, GGKE, and GGKW",GGK + W,KW,CV2,2,CS11_WW,0.9750879613914349,5,85.2595853805542
13,Eta13,Weather single-source,Genomic pathway,Gaussian,With W,Genomic Gaussian + W,E + W + GGK + GGKE + GGKW,"Gaussian genomic-weather model with environment, weather, GGKE, and GGKW",GGK + W,KW,CV2,2,CS12_WS,0.9861244561422826,5,85.2595853805542
13,Eta13,Weather single-source,Genomic pathway,Gaussian,With W,Genomic Gaussian + W,E + W + GGK + GGKE + GGKW,"Gaussian genomic-weather model with environment, weather, GGKE, and GGKW",GGK + W,KW,CV2,2,CS12_WW,0.9854804920035285,5,85.2595853805542
13,Eta13,Weather single-source,Genomic pathway,Gaussian,With W,Genomic Gaussian + W,E + W + GGK + GGKE + GGKW,"Gaussian genomic-weather model with environment, weather, GGKE, and GGKW",GGK + W,KW,CV2,3,CS11_WS,0.9856315953317552,5,85.02089743614198
13,Eta13,Weather single-source,Genomic pathway,Gaussian,With W,Genomic Gaussian + W,E + W + GGK + GGKE + GGKW,"Gaussian genomic-weather model with environment, weather, GGKE, and GGKW",GGK + W,KW,CV2,3,CS11_WW,0.974621689483269,5,85.02089743614198
13,Eta13,Weather single-source,Genomic pathway,Gaussian,With W,Genomic Gaussian + W,E + W + GGK + GGKE + GGKW,"Gaussian genomic-weather model with environment, weather, GGKE, and GGKW",GGK + W,KW,CV2,3,CS12_WS,0.9857538202934023,5,85.02089743614198
13,Eta13,Weather single-source,Genomic pathway,Gaussian,With W,Genomic Gaussian + W,E + W + GGK + GGKE + GGKW,"Gaussian genomic-weather model with environment, weather, GGKE, and GGKW",GGK + W,KW,CV2,3,CS12_WW,0.9853803346360979,5,85.02089743614198
13,Eta13,Weather single-source,Genomic pathway,Gaussian,With W,Genomic Gaussian + W,E + W + GGK + GGKE + GGKW,"Gaussian genomic-weather model with environment, weather, GGKE, and GGKW",GGK + W,KW,CV2,4,CS11_WS,0.9857937282374,5,85.17793226242064
13,Eta13,Weather single-source,Genomic pathway,Gaussian,With W,Genomic Gaussian + W,E + W + GGK + GGKE + GGKW,"Gaussian genomic-weather model with environment, weather, GGKE, and GGKW",GGK + W,KW,CV2,4,CS11_WW,0.9747057781192427,5,85.17793226242064
13,Eta13,Weather single-source,Genomic pathway,Gaussian,With W,Genomic Gaussian + W,E + W + GGK + GGKE + GGKW,"Gaussian genomic-weather model with environment, weather, GGKE, and GGKW",GGK + W,KW,CV2,4,CS12_WS,0.9860109839397563,5,85.17793226242064
13,Eta13,Weather single-source,Genomic pathway,Gaussian,With W,Genomic Gaussian + W,E + W + GGK + GGKE + GGKW,"Gaussian genomic-weather model with environment, weather, GGKE, and GGKW",GGK + W,KW,CV2,4,CS12_WW,0.9853995908381453,5,85.17793226242064
13,Eta13,Weather single-source,Genomic pathway,Gaussian,With W,Genomic Gaussian + W,E + W + GGK + GGKE + GGKW,"Gaussian genomic-weather model with environment, weather, GGKE, and GGKW",GGK + W,KW,CV2,5,CS11_WS,0.9855655683097935,5,84.92748861312866
13,Eta13,Weather single-source,Genomic pathway,Gaussian,With W,Genomic Gaussian + W,E + W + GGK + GGKE + GGKW,"Gaussian genomic-weather model with environment, weather, GGKE, and GGKW",GGK + W,KW,CV2,5,CS11_WW,0.9747454717513062,5,84.92748861312866
13,Eta13,Weather single-source,Genomic pathway,Gaussian,With W,Genomic Gaussian + W,E + W + GGK + GGKE + GGKW,"Gaussian genomic-weather model with environment, weather, GGKE, and GGKW",GGK + W,KW,CV2,5,CS12_WS,0.9858128456639935,5,84.92748861312866
13,Eta13,Weather single-source,Genomic pathway,Gaussian,With W,Genomic Gaussian + W,E + W + GGK + GGKE + GGKW,"Gaussian genomic-weather model with environment, weather, GGKE, and GGKW",GGK + W,KW,CV2,5,CS12_WW,0.9853881748663478,5,84.92748861312866
13,Eta13,Weather single-source,Genomic pathway,Gaussian,With W,Genomic Gaussian + W,E + W + GGK + GGKE + GGKW,"Gaussian genomic-weather model with environment, weather, GGKE, and GGKW",GGK + W,KW,CV2,6,CS11_WS,0.9858485657656748,5,99.60195341110214
13,Eta13,Weather single-source,Genomic pathway,Gaussian,With W,Genomic Gaussian + W,E + W + GGK + GGKE + GGKW,"Gaussian genomic-weather model with environment, weather, GGKE, and GGKW",GGK + W,KW,CV2,6,CS11_WW,0.9746056842859012,5,99.60195341110214
13,Eta13,Weather single-source,Genomic pathway,Gaussian,With W,Genomic Gaussian + W,E + W + GGK + GGKE + GGKW,"Gaussian genomic-weather model with environment, weather, GGKE, and GGKW",GGK + W,KW,CV2,6,CS12_WS,0.985862899656834,5,99.60195341110214
13,Eta13,Weather single-source,Genomic pathway,Gaussian,With W,Genomic Gaussian + W,E + W + GGK + GGKE + GGKW,"Gaussian genomic-weather model with environment, weather, GGKE, and GGKW",GGK + W,KW,CV2,6,CS12_WW,0.9854702625285163,5,99.60195341110214
13,Eta13,Weather single-source,Genomic pathway,Gaussian,With W,Genomic Gaussian + W,E + W + GGK + GGKE + GGKW,"Gaussian genomic-weather model with environment, weather, GGKE, and GGKW",GGK + W,KW,CV2,7,CS11_WS,0.9856713146052514,5,84.3302191734314
13,Eta13,Weather single-source,Genomic pathway,Gaussian,With W,Genomic Gaussian + W,E + W + GGK + GGKE + GGKW,"Gaussian genomic-weather model with environment, weather, GGKE, and GGKW",GGK + W,KW,CV2,7,CS11_WW,0.9748159198465085,5,84.3302191734314
13,Eta13,Weather single-source,Genomic pathway,Gaussian,With W,Genomic Gaussian + W,E + W + GGK + GGKE + GGKW,"Gaussian genomic-weather model with environment, weather, GGKE, and GGKW",GGK + W,KW,CV2,7,CS12_WS,0.9858345767898997,5,84.3302191734314
13,Eta13,Weather single-source,Genomic pathway,Gaussian,With W,Genomic Gaussian + W,E + W + GGK + GGKE + GGKW,"Gaussian genomic-weather model with environment, weather, GGKE, and GGKW",GGK + W,KW,CV2,7,CS12_WW,0.985323351205003,5,84.3302191734314
13,Eta13,Weather single-source,Genomic pathway,Gaussian,With W,Genomic Gaussian + W,E + W + GGK + GGKE + GGKW,"Gaussian genomic-weather model with environment, weather, GGKE, and GGKW",GGK + W,KW,CV2,8,CS11_WS,0.9857696800515386,5,84.85261774063112
13,Eta13,Weather single-source,Genomic pathway,Gaussian,With W,Genomic Gaussian + W,E + W + GGK + GGKE + GGKW,"Gaussian genomic-weather model with environment, weather, GGKE, and GGKW",GGK + W,KW,CV2,8,CS11_WW,0.9749423957676233,5,84.85261774063112
13,Eta13,Weather single-source,Genomic pathway,Gaussian,With W,Genomic Gaussian + W,E + W + GGK + GGKE + GGKW,"Gaussian genomic-weather model with environment, weather, GGKE, and GGKW",GGK + W,KW,CV2,8,CS12_WS,0.9859434636617534,5,84.85261774063112
13,Eta13,Weather single-source,Genomic pathway,Gaussian,With W,Genomic Gaussian + W,E + W + GGK + GGKE + GGKW,"Gaussian genomic-weather model with environment, weather, GGKE, and GGKW",GGK + W,KW,CV2,8,CS12_WW,0.9855104343770984,5,84.85261774063112
13,Eta13,Weather single-source,Genomic pathway,Gaussian,With W,Genomic Gaussian + W,E + W + GGK + GGKE + GGKW,"Gaussian genomic-weather model with environment, weather, GGKE, and GGKW",GGK + W,KW,CV2,9,CS11_WS,0.985620178861385,5,98.66544961929314
13,Eta13,Weather single-source,Genomic pathway,Gaussian,With W,Genomic Gaussian + W,E + W + GGK + GGKE + GGKW,"Gaussian genomic-weather model with environment, weather, GGKE, and GGKW",GGK + W,KW,CV2,9,CS11_WW,0.974287339950328,5,98.66544961929314
13,Eta13,Weather single-source,Genomic pathway,Gaussian,With W,Genomic Gaussian + W,E + W + GGK + GGKE + GGKW,"Gaussian genomic-weather model with environment, weather, GGKE, and GGKW",GGK + W,KW,CV2,9,CS12_WS,0.9856597386773611,5,98.66544961929314
13,Eta13,Weather single-source,Genomic pathway,Gaussian,With W,Genomic Gaussian + W,E + W + GGK + GGKE + GGKW,"Gaussian genomic-weather model with environment, weather, GGKE, and GGKW",GGK + W,KW,CV2,9,CS12_WW,0.9852829202946791,5,98.66544961929314
13,Eta13,Weather single-source,Genomic pathway,Gaussian,With W,Genomic Gaussian + W,E + W + GGK + GGKE + GGKW,"Gaussian genomic-weather model with environment, weather, GGKE, and GGKW",GGK + W,KW,CV2,10,CS11_WS,0.9856477499226021,5,76.46152501106263
13,Eta13,Weather single-source,Genomic pathway,Gaussian,With W,Genomic Gaussian + W,E + W + GGK + GGKE + GGKW,"Gaussian genomic-weather model with environment, weather, GGKE, and GGKW",GGK + W,KW,CV2,10,CS11_WW,0.9747804642827109,5,76.46152501106263
13,Eta13,Weather single-source,Genomic pathway,Gaussian,With W,Genomic Gaussian + W,E + W + GGK + GGKE + GGKW,"Gaussian genomic-weather model with environment, weather, GGKE, and GGKW",GGK + W,KW,CV2,10,CS12_WS,0.9860172138348668,5,76.46152501106263
13,Eta13,Weather single-source,Genomic pathway,Gaussian,With W,Genomic Gaussian + W,E + W + GGK + GGKE + GGKW,"Gaussian genomic-weather model with environment, weather, GGKE, and GGKW",GGK + W,KW,CV2,10,CS12_WW,0.9853354004891631,5,76.46152501106263
14,Eta14,Weather single-source,Phenomic pathway,Gaussian,With W,Phenomic Gaussian + W,E + W + PGK + PGKE + PGKW,"Gaussian phenomic-weather model with environment, weather, PGKE, and PGKW",PGK + W,GY,CV1,1,CS11_WS,0.143152521497565,5,128.728603744507
14,Eta14,Weather single-source,Phenomic pathway,Gaussian,With W,Phenomic Gaussian + W,E + W + PGK + PGKE + PGKW,"Gaussian phenomic-weather model with environment, weather, PGKE, and PGKW",PGK + W,GY,CV1,1,CS11_WW,0.10459341207243496,5,128.728603744507
14,Eta14,Weather single-source,Phenomic pathway,Gaussian,With W,Phenomic Gaussian + W,E + W + PGK + PGKE + PGKW,"Gaussian phenomic-weather model with environment, weather, PGKE, and PGKW",PGK + W,GY,CV1,1,CS12_WS,0.07372409129766319,5,128.728603744507
14,Eta14,Weather single-source,Phenomic pathway,Gaussian,With W,Phenomic Gaussian + W,E + W + PGK + PGKE + PGKW,"Gaussian phenomic-weather model with environment, weather, PGKE, and PGKW",PGK + W,GY,CV1,1,CS12_WW,0.13187245357195865,5,128.728603744507
14,Eta14,Weather single-source,Phenomic pathway,Gaussian,With W,Phenomic Gaussian + W,E + W + PGK + PGKE + PGKW,"Gaussian phenomic-weather model with environment, weather, PGKE, and PGKW",PGK + W,GY,CV1,2,CS11_WS,0.21919871363273574,5,146.6927837371826
14,Eta14,Weather single-source,Phenomic pathway,Gaussian,With W,Phenomic Gaussian + W,E + W + PGK + PGKE + PGKW,"Gaussian phenomic-weather model with environment, weather, PGKE, and PGKW",PGK + W,GY,CV1,2,CS11_WW,0.19750495449933364,5,146.6927837371826
14,Eta14,Weather single-source,Phenomic pathway,Gaussian,With W,Phenomic Gaussian + W,E + W + PGK + PGKE + PGKW,"Gaussian phenomic-weather model with environment, weather, PGKE, and PGKW",PGK + W,GY,CV1,2,CS12_WS,0.063505908309756,5,146.6927837371826
14,Eta14,Weather single-source,Phenomic pathway,Gaussian,With W,Phenomic Gaussian + W,E + W + PGK + PGKE + PGKW,"Gaussian phenomic-weather model with environment, weather, PGKE, and PGKW",PGK + W,GY,CV1,2,CS12_WW,0.1383747663777231,5,146.6927837371826
14,Eta14,Weather single-source,Phenomic pathway,Gaussian,With W,Phenomic Gaussian + W,E + W + PGK + PGKE + PGKW,"Gaussian phenomic-weather model with environment, weather, PGKE, and PGKW",PGK + W,GY,CV1,3,CS11_WS,0.28843698762680836,5,147.766743516922
14,Eta14,Weather single-source,Phenomic pathway,Gaussian,With W,Phenomic Gaussian + W,E + W + PGK + PGKE + PGKW,"Gaussian phenomic-weather model with environment, weather, PGKE, and PGKW",PGK + W,GY,CV1,3,CS11_WW,0.2661639253531266,5,147.766743516922
14,Eta14,Weather single-source,Phenomic pathway,Gaussian,With W,Phenomic Gaussian + W,E + W + PGK + PGKE + PGKW,"Gaussian phenomic-weather model with environment, weather, PGKE, and PGKW",PGK + W,GY,CV1,3,CS12_WS,0.07667306872588994,5,147.766743516922
14,Eta14,Weather single-source,Phenomic pathway,Gaussian,With W,Phenomic Gaussian + W,E + W + PGK + PGKE + PGKW,"Gaussian phenomic-weather model with environment, weather, PGKE, and PGKW",PGK + W,GY,CV1,3,CS12_WW,0.08699105671439879,5,147.766743516922
14,Eta14,Weather single-source,Phenomic pathway,Gaussian,With W,Phenomic Gaussian + W,E + W + PGK + PGKE + PGKW,"Gaussian phenomic-weather model with environment, weather, PGKE, and PGKW",PGK + W,GY,CV1,4,CS11_WS,0.22474267004930115,5,125.9341282367706
14,Eta14,Weather single-source,Phenomic pathway,Gaussian,With W,Phenomic Gaussian + W,E + W + PGK + PGKE + PGKW,"Gaussian phenomic-weather model with environment, weather, PGKE, and PGKW",PGK + W,GY,CV1,4,CS11_WW,0.21326018328348462,5,125.9341282367706
14,Eta14,Weather single-source,Phenomic pathway,Gaussian,With W,Phenomic Gaussian + W,E + W + PGK + PGKE + PGKW,"Gaussian phenomic-weather model with environment, weather, PGKE, and PGKW",PGK + W,GY,CV1,4,CS12_WS,0.023277001805766,5,125.9341282367706
14,Eta14,Weather single-source,Phenomic pathway,Gaussian,With W,Phenomic Gaussian + W,E + W + PGK + PGKE + PGKW,"Gaussian phenomic-weather model with environment, weather, PGKE, and PGKW",PGK + W,GY,CV1,4,CS12_WW,0.08446104061765053,5,125.9341282367706
14,Eta14,Weather single-source,Phenomic pathway,Gaussian,With W,Phenomic Gaussian + W,E + W + PGK + PGKE + PGKW,"Gaussian phenomic-weather model with environment, weather, PGKE, and PGKW",PGK + W,GY,CV1,5,CS11_WS,0.2577348588693028,5,124.8350419998168
14,Eta14,Weather single-source,Phenomic pathway,Gaussian,With W,Phenomic Gaussian + W,E + W + PGK + PGKE + PGKW,"Gaussian phenomic-weather model with environment, weather, PGKE, and PGKW",PGK + W,GY,CV1,5,CS11_WW,0.25935356401063187,5,124.8350419998168
14,Eta14,Weather single-source,Phenomic pathway,Gaussian,With W,Phenomic Gaussian + W,E + W + PGK + PGKE + PGKW,"Gaussian phenomic-weather model with environment, weather, PGKE, and PGKW",PGK + W,GY,CV1,5,CS12_WS,0.09187539069857155,5,124.8350419998168
14,Eta14,Weather single-source,Phenomic pathway,Gaussian,With W,Phenomic Gaussian + W,E + W + PGK + PGKE + PGKW,"Gaussian phenomic-weather model with environment, weather, PGKE, and PGKW",PGK + W,GY,CV1,5,CS12_WW,0.07731729760041953,5,124.8350419998168
14,Eta14,Weather single-source,Phenomic pathway,Gaussian,With W,Phenomic Gaussian + W,E + W + PGK + PGKE + PGKW,"Gaussian phenomic-weather model with environment, weather, PGKE, and PGKW",PGK + W,GY,CV1,6,CS11_WS,0.18300155716967,5,124.9286219596862
14,Eta14,Weather single-source,Phenomic pathway,Gaussian,With W,Phenomic Gaussian + W,E + W + PGK + PGKE + PGKW,"Gaussian phenomic-weather model with environment, weather, PGKE, and PGKW",PGK + W,GY,CV1,6,CS11_WW,0.2282186587514207,5,124.9286219596862
14,Eta14,Weather single-source,Phenomic pathway,Gaussian,With W,Phenomic Gaussian + W,E + W + PGK + PGKE + PGKW,"Gaussian phenomic-weather model with environment, weather, PGKE, and PGKW",PGK + W,GY,CV1,6,CS12_WS,0.04804032486959257,5,124.9286219596862
14,Eta14,Weather single-source,Phenomic pathway,Gaussian,With W,Phenomic Gaussian + W,E + W + PGK + PGKE + PGKW,"Gaussian phenomic-weather model with environment, weather, PGKE, and PGKW",PGK + W,GY,CV1,6,CS12_WW,0.07608427086506975,5,124.9286219596862
14,Eta14,Weather single-source,Phenomic pathway,Gaussian,With W,Phenomic Gaussian + W,E + W + PGK + PGKE + PGKW,"Gaussian phenomic-weather model with environment, weather, PGKE, and PGKW",PGK + W,GY,CV1,7,CS11_WS,0.21749707122621936,5,125.3349659919738
14,Eta14,Weather single-source,Phenomic pathway,Gaussian,With W,Phenomic Gaussian + W,E + W + PGK + PGKE + PGKW,"Gaussian phenomic-weather model with environment, weather, PGKE, and PGKW",PGK + W,GY,CV1,7,CS11_WW,0.198175417737823,5,125.3349659919738
14,Eta14,Weather single-source,Phenomic pathway,Gaussian,With W,Phenomic Gaussian + W,E + W + PGK + PGKE + PGKW,"Gaussian phenomic-weather model with environment, weather, PGKE, and PGKW",PGK + W,GY,CV1,7,CS12_WS,0.06491866901822052,5,125.3349659919738
14,Eta14,Weather single-source,Phenomic pathway,Gaussian,With W,Phenomic Gaussian + W,E + W + PGK + PGKE + PGKW,"Gaussian phenomic-weather model with environment, weather, PGKE, and PGKW",PGK + W,GY,CV1,7,CS12_WW,0.07188302166151697,5,125.3349659919738
14,Eta14,Weather single-source,Phenomic pathway,Gaussian,With W,Phenomic Gaussian + W,E + W + PGK + PGKE + PGKW,"Gaussian phenomic-weather model with environment, weather, PGKE, and PGKW",PGK + W,GY,CV1,8,CS11_WS,0.24801703272658432,5,127.0177049636842
14,Eta14,Weather single-source,Phenomic pathway,Gaussian,With W,Phenomic Gaussian + W,E + W + PGK + PGKE + PGKW,"Gaussian phenomic-weather model with environment, weather, PGKE, and PGKW",PGK + W,GY,CV1,8,CS11_WW,0.22990742742637474,5,127.0177049636842
14,Eta14,Weather single-source,Phenomic pathway,Gaussian,With W,Phenomic Gaussian + W,E + W + PGK + PGKE + PGKW,"Gaussian phenomic-weather model with environment, weather, PGKE, and PGKW",PGK + W,GY,CV1,8,CS12_WS,0.03214546951704086,5,127.0177049636842
14,Eta14,Weather single-source,Phenomic pathway,Gaussian,With W,Phenomic Gaussian + W,E + W + PGK + PGKE + PGKW,"Gaussian phenomic-weather model with environment, weather, PGKE, and PGKW",PGK + W,GY,CV1,8,CS12_WW,0.061348784551418775,5,127.0177049636842
14,Eta14,Weather single-source,Phenomic pathway,Gaussian,With W,Phenomic Gaussian + W,E + W + PGK + PGKE + PGKW,"Gaussian phenomic-weather model with environment, weather, PGKE, and PGKW",PGK + W,GY,CV1,9,CS11_WS,0.2425970792208148,5,125.6266571521758
14,Eta14,Weather single-source,Phenomic pathway,Gaussian,With W,Phenomic Gaussian + W,E + W + PGK + PGKE + PGKW,"Gaussian phenomic-weather model with environment, weather, PGKE, and PGKW",PGK + W,GY,CV1,9,CS11_WW,0.14037851639826543,5,125.6266571521758
14,Eta14,Weather single-source,Phenomic pathway,Gaussian,With W,Phenomic Gaussian + W,E + W + PGK + PGKE + PGKW,"Gaussian phenomic-weather model with environment, weather, PGKE, and PGKW",PGK + W,GY,CV1,9,CS12_WS,0.09515455408797782,5,125.6266571521758
14,Eta14,Weather single-source,Phenomic pathway,Gaussian,With W,Phenomic Gaussian + W,E + W + PGK + PGKE + PGKW,"Gaussian phenomic-weather model with environment, weather, PGKE, and PGKW",PGK + W,GY,CV1,9,CS12_WW,0.1397874791242981,5,125.6266571521758
14,Eta14,Weather single-source,Phenomic pathway,Gaussian,With W,Phenomic Gaussian + W,E + W + PGK + PGKE + PGKW,"Gaussian phenomic-weather model with environment, weather, PGKE, and PGKW",PGK + W,GY,CV1,10,CS11_WS,0.21612318111907736,5,124.9162616252898
14,Eta14,Weather single-source,Phenomic pathway,Gaussian,With W,Phenomic Gaussian + W,E + W + PGK + PGKE + PGKW,"Gaussian phenomic-weather model with environment, weather, PGKE, and PGKW",PGK + W,GY,CV1,10,CS11_WW,0.2220495145357378,5,124.9162616252898
14,Eta14,Weather single-source,Phenomic pathway,Gaussian,With W,Phenomic Gaussian + W,E + W + PGK + PGKE + PGKW,"Gaussian phenomic-weather model with environment, weather, PGKE, and PGKW",PGK + W,GY,CV1,10,CS12_WS,0.048898470575258215,5,124.9162616252898
14,Eta14,Weather single-source,Phenomic pathway,Gaussian,With W,Phenomic Gaussian + W,E + W + PGK + PGKE + PGKW,"Gaussian phenomic-weather model with environment, weather, PGKE, and PGKW",PGK + W,GY,CV1,10,CS12_WW,0.0988005121367143,5,124.9162616252898
14,Eta14,Weather single-source,Phenomic pathway,Gaussian,With W,Phenomic Gaussian + W,E + W + PGK + PGKE + PGKW,"Gaussian phenomic-weather model with environment, weather, PGKE, and PGKW",PGK + W,GY,CV2,1,CS11_WS,0.9299909158170998,5,128.728603744507
14,Eta14,Weather single-source,Phenomic pathway,Gaussian,With W,Phenomic Gaussian + W,E + W + PGK + PGKE + PGKW,"Gaussian phenomic-weather model with environment, weather, PGKE, and PGKW",PGK + W,GY,CV2,1,CS11_WW,0.9559522102806828,5,128.728603744507
14,Eta14,Weather single-source,Phenomic pathway,Gaussian,With W,Phenomic Gaussian + W,E + W + PGK + PGKE + PGKW,"Gaussian phenomic-weather model with environment, weather, PGKE, and PGKW",PGK + W,GY,CV2,1,CS12_WS,0.9493274149942982,5,128.728603744507
14,Eta14,Weather single-source,Phenomic pathway,Gaussian,With W,Phenomic Gaussian + W,E + W + PGK + PGKE + PGKW,"Gaussian phenomic-weather model with environment, weather, PGKE, and PGKW",PGK + W,GY,CV2,1,CS12_WW,0.9583403574216989,5,128.728603744507
14,Eta14,Weather single-source,Phenomic pathway,Gaussian,With W,Phenomic Gaussian + W,E + W + PGK + PGKE + PGKW,"Gaussian phenomic-weather model with environment, weather, PGKE, and PGKW",PGK + W,GY,CV2,2,CS11_WS,0.9318208263471484,5,146.6927837371826
14,Eta14,Weather single-source,Phenomic pathway,Gaussian,With W,Phenomic Gaussian + W,E + W + PGK + PGKE + PGKW,"Gaussian phenomic-weather model with environment, weather, PGKE, and PGKW",PGK + W,GY,CV2,2,CS11_WW,0.9553993081925031,5,146.6927837371826
14,Eta14,Weather single-source,Phenomic pathway,Gaussian,With W,Phenomic Gaussian + W,E + W + PGK + PGKE + PGKW,"Gaussian phenomic-weather model with environment, weather, PGKE, and PGKW",PGK + W,GY,CV2,2,CS12_WS,0.9487726087566098,5,146.6927837371826
14,Eta14,Weather single-source,Phenomic pathway,Gaussian,With W,Phenomic Gaussian + W,E + W + PGK + PGKE + PGKW,"Gaussian phenomic-weather model with environment, weather, PGKE, and PGKW",PGK + W,GY,CV2,2,CS12_WW,0.9591211007921929,5,146.6927837371826
14,Eta14,Weather single-source,Phenomic pathway,Gaussian,With W,Phenomic Gaussian + W,E + W + PGK + PGKE + PGKW,"Gaussian phenomic-weather model with environment, weather, PGKE, and PGKW",PGK + W,GY,CV2,3,CS11_WS,0.9292021807088691,5,147.766743516922
14,Eta14,Weather single-source,Phenomic pathway,Gaussian,With W,Phenomic Gaussian + W,E + W + PGK + PGKE + PGKW,"Gaussian phenomic-weather model with environment, weather, PGKE, and PGKW",PGK + W,GY,CV2,3,CS11_WW,0.953140237691431,5,147.766743516922
14,Eta14,Weather single-source,Phenomic pathway,Gaussian,With W,Phenomic Gaussian + W,E + W + PGK + PGKE + PGKW,"Gaussian phenomic-weather model with environment, weather, PGKE, and PGKW",PGK + W,GY,CV2,3,CS12_WS,0.9491761282701001,5,147.766743516922
14,Eta14,Weather single-source,Phenomic pathway,Gaussian,With W,Phenomic Gaussian + W,E + W + PGK + PGKE + PGKW,"Gaussian phenomic-weather model with environment, weather, PGKE, and PGKW",PGK + W,GY,CV2,3,CS12_WW,0.9577811853354088,5,147.766743516922
14,Eta14,Weather single-source,Phenomic pathway,Gaussian,With W,Phenomic Gaussian + W,E + W + PGK + PGKE + PGKW,"Gaussian phenomic-weather model with environment, weather, PGKE, and PGKW",PGK + W,GY,CV2,4,CS11_WS,0.9337397899741997,5,125.9341282367706
14,Eta14,Weather single-source,Phenomic pathway,Gaussian,With W,Phenomic Gaussian + W,E + W + PGK + PGKE + PGKW,"Gaussian phenomic-weather model with environment, weather, PGKE, and PGKW",PGK + W,GY,CV2,4,CS11_WW,0.9566390180599846,5,125.9341282367706
14,Eta14,Weather single-source,Phenomic pathway,Gaussian,With W,Phenomic Gaussian + W,E + W + PGK + PGKE + PGKW,"Gaussian phenomic-weather model with environment, weather, PGKE, and PGKW",PGK + W,GY,CV2,4,CS12_WS,0.9530259869031283,5,125.9341282367706
14,Eta14,Weather single-source,Phenomic pathway,Gaussian,With W,Phenomic Gaussian + W,E + W + PGK + PGKE + PGKW,"Gaussian phenomic-weather model with environment, weather, PGKE, and PGKW",PGK + W,GY,CV2,4,CS12_WW,0.9602515253324679,5,125.9341282367706
14,Eta14,Weather single-source,Phenomic pathway,Gaussian,With W,Phenomic Gaussian + W,E + W + PGK + PGKE + PGKW,"Gaussian phenomic-weather model with environment, weather, PGKE, and PGKW",PGK + W,GY,CV2,5,CS11_WS,0.9299899783179546,5,124.8350419998168
14,Eta14,Weather single-source,Phenomic pathway,Gaussian,With W,Phenomic Gaussian + W,E + W + PGK + PGKE + PGKW,"Gaussian phenomic-weather model with environment, weather, PGKE, and PGKW",PGK + W,GY,CV2,5,CS11_WW,0.9540712836553917,5,124.8350419998168
14,Eta14,Weather single-source,Phenomic pathway,Gaussian,With W,Phenomic Gaussian + W,E + W + PGK + PGKE + PGKW,"Gaussian phenomic-weather model with environment, weather, PGKE, and PGKW",PGK + W,GY,CV2,5,CS12_WS,0.9499101707897957,5,124.8350419998168
14,Eta14,Weather single-source,Phenomic pathway,Gaussian,With W,Phenomic Gaussian + W,E + W + PGK + PGKE + PGKW,"Gaussian phenomic-weather model with environment, weather, PGKE, and PGKW",PGK + W,GY,CV2,5,CS12_WW,0.9591833431046635,5,124.8350419998168
14,Eta14,Weather single-source,Phenomic pathway,Gaussian,With W,Phenomic Gaussian + W,E + W + PGK + PGKE + PGKW,"Gaussian phenomic-weather model with environment, weather, PGKE, and PGKW",PGK + W,GY,CV2,6,CS11_WS,0.9309549574508195,5,124.9286219596862
14,Eta14,Weather single-source,Phenomic pathway,Gaussian,With W,Phenomic Gaussian + W,E + W + PGK + PGKE + PGKW,"Gaussian phenomic-weather model with environment, weather, PGKE, and PGKW",PGK + W,GY,CV2,6,CS11_WW,0.9543489830405566,5,124.9286219596862
14,Eta14,Weather single-source,Phenomic pathway,Gaussian,With W,Phenomic Gaussian + W,E + W + PGK + PGKE + PGKW,"Gaussian phenomic-weather model with environment, weather, PGKE, and PGKW",PGK + W,GY,CV2,6,CS12_WS,0.9508978401137067,5,124.9286219596862
14,Eta14,Weather single-source,Phenomic pathway,Gaussian,With W,Phenomic Gaussian + W,E + W + PGK + PGKE + PGKW,"Gaussian phenomic-weather model with environment, weather, PGKE, and PGKW",PGK + W,GY,CV2,6,CS12_WW,0.9580897026096394,5,124.9286219596862
14,Eta14,Weather single-source,Phenomic pathway,Gaussian,With W,Phenomic Gaussian + W,E + W + PGK + PGKE + PGKW,"Gaussian phenomic-weather model with environment, weather, PGKE, and PGKW",PGK + W,GY,CV2,7,CS11_WS,0.9317845818741421,5,125.3349659919738
14,Eta14,Weather single-source,Phenomic pathway,Gaussian,With W,Phenomic Gaussian + W,E + W + PGK + PGKE + PGKW,"Gaussian phenomic-weather model with environment, weather, PGKE, and PGKW",PGK + W,GY,CV2,7,CS11_WW,0.9545463408365753,5,125.3349659919738
14,Eta14,Weather single-source,Phenomic pathway,Gaussian,With W,Phenomic Gaussian + W,E + W + PGK + PGKE + PGKW,"Gaussian phenomic-weather model with environment, weather, PGKE, and PGKW",PGK + W,GY,CV2,7,CS12_WS,0.950346625168522,5,125.3349659919738
14,Eta14,Weather single-source,Phenomic pathway,Gaussian,With W,Phenomic Gaussian + W,E + W + PGK + PGKE + PGKW,"Gaussian phenomic-weather model with environment, weather, PGKE, and PGKW",PGK + W,GY,CV2,7,CS12_WW,0.9593576149981011,5,125.3349659919738
14,Eta14,Weather single-source,Phenomic pathway,Gaussian,With W,Phenomic Gaussian + W,E + W + PGK + PGKE + PGKW,"Gaussian phenomic-weather model with environment, weather, PGKE, and PGKW",PGK + W,GY,CV2,8,CS11_WS,0.9333387111961956,5,127.0177049636842
14,Eta14,Weather single-source,Phenomic pathway,Gaussian,With W,Phenomic Gaussian + W,E + W + PGK + PGKE + PGKW,"Gaussian phenomic-weather model with environment, weather, PGKE, and PGKW",PGK + W,GY,CV2,8,CS11_WW,0.9553240375323233,5,127.0177049636842
14,Eta14,Weather single-source,Phenomic pathway,Gaussian,With W,Phenomic Gaussian + W,E + W + PGK + PGKE + PGKW,"Gaussian phenomic-weather model with environment, weather, PGKE, and PGKW",PGK + W,GY,CV2,8,CS12_WS,0.9504644154367066,5,127.0177049636842
14,Eta14,Weather single-source,Phenomic pathway,Gaussian,With W,Phenomic Gaussian + W,E + W + PGK + PGKE + PGKW,"Gaussian phenomic-weather model with environment, weather, PGKE, and PGKW",PGK + W,GY,CV2,8,CS12_WW,0.9611607901751716,5,127.0177049636842
14,Eta14,Weather single-source,Phenomic pathway,Gaussian,With W,Phenomic Gaussian + W,E + W + PGK + PGKE + PGKW,"Gaussian phenomic-weather model with environment, weather, PGKE, and PGKW",PGK + W,GY,CV2,9,CS11_WS,0.9295474002637618,5,125.6266571521758
14,Eta14,Weather single-source,Phenomic pathway,Gaussian,With W,Phenomic Gaussian + W,E + W + PGK + PGKE + PGKW,"Gaussian phenomic-weather model with environment, weather, PGKE, and PGKW",PGK + W,GY,CV2,9,CS11_WW,0.95397354938816,5,125.6266571521758
14,Eta14,Weather single-source,Phenomic pathway,Gaussian,With W,Phenomic Gaussian + W,E + W + PGK + PGKE + PGKW,"Gaussian phenomic-weather model with environment, weather, PGKE, and PGKW",PGK + W,GY,CV2,9,CS12_WS,0.9493032902035099,5,125.6266571521758
14,Eta14,Weather single-source,Phenomic pathway,Gaussian,With W,Phenomic Gaussian + W,E + W + PGK + PGKE + PGKW,"Gaussian phenomic-weather model with environment, weather, PGKE, and PGKW",PGK + W,GY,CV2,9,CS12_WW,0.9579976306927216,5,125.6266571521758
14,Eta14,Weather single-source,Phenomic pathway,Gaussian,With W,Phenomic Gaussian + W,E + W + PGK + PGKE + PGKW,"Gaussian phenomic-weather model with environment, weather, PGKE, and PGKW",PGK + W,GY,CV2,10,CS11_WS,0.9331168547472712,5,124.9162616252898
14,Eta14,Weather single-source,Phenomic pathway,Gaussian,With W,Phenomic Gaussian + W,E + W + PGK + PGKE + PGKW,"Gaussian phenomic-weather model with environment, weather, PGKE, and PGKW",PGK + W,GY,CV2,10,CS11_WW,0.9572145202891864,5,124.9162616252898
14,Eta14,Weather single-source,Phenomic pathway,Gaussian,With W,Phenomic Gaussian + W,E + W + PGK + PGKE + PGKW,"Gaussian phenomic-weather model with environment, weather, PGKE, and PGKW",PGK + W,GY,CV2,10,CS12_WS,0.9522868883831356,5,124.9162616252898
14,Eta14,Weather single-source,Phenomic pathway,Gaussian,With W,Phenomic Gaussian + W,E + W + PGK + PGKE + PGKW,"Gaussian phenomic-weather model with environment, weather, PGKE, and PGKW",PGK + W,GY,CV2,10,CS12_WW,0.9605297380976114,5,124.9162616252898
14,Eta14,Weather single-source,Phenomic pathway,Gaussian,With W,Phenomic Gaussian + W,E + W + PGK + PGKE + PGKW,"Gaussian phenomic-weather model with environment, weather, PGKE, and PGKW",PGK + W,KW,CV1,1,CS11_WS,0.2572628727615264,5,124.8313829898832
14,Eta14,Weather single-source,Phenomic pathway,Gaussian,With W,Phenomic Gaussian + W,E + W + PGK + PGKE + PGKW,"Gaussian phenomic-weather model with environment, weather, PGKE, and PGKW",PGK + W,KW,CV1,1,CS11_WW,0.1907831015651679,5,124.8313829898832
14,Eta14,Weather single-source,Phenomic pathway,Gaussian,With W,Phenomic Gaussian + W,E + W + PGK + PGKE + PGKW,"Gaussian phenomic-weather model with environment, weather, PGKE, and PGKW",PGK + W,KW,CV1,1,CS12_WS,0.16139199465745924,5,124.8313829898832
14,Eta14,Weather single-source,Phenomic pathway,Gaussian,With W,Phenomic Gaussian + W,E + W + PGK + PGKE + PGKW,"Gaussian phenomic-weather model with environment, weather, PGKE, and PGKW",PGK + W,KW,CV1,1,CS12_WW,0.18602831377338264,5,124.8313829898832
14,Eta14,Weather single-source,Phenomic pathway,Gaussian,With W,Phenomic Gaussian + W,E + W + PGK + PGKE + PGKW,"Gaussian phenomic-weather model with environment, weather, PGKE, and PGKW",PGK + W,KW,CV1,2,CS11_WS,0.244083307719629,5,144.9630231857302
14,Eta14,Weather single-source,Phenomic pathway,Gaussian,With W,Phenomic Gaussian + W,E + W + PGK + PGKE + PGKW,"Gaussian phenomic-weather model with environment, weather, PGKE, and PGKW",PGK + W,KW,CV1,2,CS11_WW,0.18797988894659434,5,144.9630231857302
14,Eta14,Weather single-source,Phenomic pathway,Gaussian,With W,Phenomic Gaussian + W,E + W + PGK + PGKE + PGKW,"Gaussian phenomic-weather model with environment, weather, PGKE, and PGKW",PGK + W,KW,CV1,2,CS12_WS,0.2001918229417518,5,144.9630231857302
14,Eta14,Weather single-source,Phenomic pathway,Gaussian,With W,Phenomic Gaussian + W,E + W + PGK + PGKE + PGKW,"Gaussian phenomic-weather model with environment, weather, PGKE, and PGKW",PGK + W,KW,CV1,2,CS12_WW,0.1544333234809203,5,144.9630231857302
14,Eta14,Weather single-source,Phenomic pathway,Gaussian,With W,Phenomic Gaussian + W,E + W + PGK + PGKE + PGKW,"Gaussian phenomic-weather model with environment, weather, PGKE, and PGKW",PGK + W,KW,CV1,3,CS11_WS,0.2542662235494721,5,124.7330269813538
14,Eta14,Weather single-source,Phenomic pathway,Gaussian,With W,Phenomic Gaussian + W,E + W + PGK + PGKE + PGKW,"Gaussian phenomic-weather model with environment, weather, PGKE, and PGKW",PGK + W,KW,CV1,3,CS11_WW,0.21483957252456265,5,124.7330269813538
14,Eta14,Weather single-source,Phenomic pathway,Gaussian,With W,Phenomic Gaussian + W,E + W + PGK + PGKE + PGKW,"Gaussian phenomic-weather model with environment, weather, PGKE, and PGKW",PGK + W,KW,CV1,3,CS12_WS,0.16953434472979895,5,124.7330269813538
14,Eta14,Weather single-source,Phenomic pathway,Gaussian,With W,Phenomic Gaussian + W,E + W + PGK + PGKE + PGKW,"Gaussian phenomic-weather model with environment, weather, PGKE, and PGKW",PGK + W,KW,CV1,3,CS12_WW,0.1666105152439339,5,124.7330269813538
14,Eta14,Weather single-source,Phenomic pathway,Gaussian,With W,Phenomic Gaussian + W,E + W + PGK + PGKE + PGKW,"Gaussian phenomic-weather model with environment, weather, PGKE, and PGKW",PGK + W,KW,CV1,4,CS11_WS,0.25476452106659797,5,124.2736252307892
14,Eta14,Weather single-source,Phenomic pathway,Gaussian,With W,Phenomic Gaussian + W,E + W + PGK + PGKE + PGKW,"Gaussian phenomic-weather model with environment, weather, PGKE, and PGKW",PGK + W,KW,CV1,4,CS11_WW,0.20350233186341601,5,124.2736252307892
14,Eta14,Weather single-source,Phenomic pathway,Gaussian,With W,Phenomic Gaussian + W,E + W + PGK + PGKE + PGKW,"Gaussian phenomic-weather model with environment, weather, PGKE, and PGKW",PGK + W,KW,CV1,4,CS12_WS,0.1964291077627416,5,124.2736252307892
14,Eta14,Weather single-source,Phenomic pathway,Gaussian,With W,Phenomic Gaussian + W,E + W + PGK + PGKE + PGKW,"Gaussian phenomic-weather model with environment, weather, PGKE, and PGKW",PGK + W,KW,CV1,4,CS12_WW,0.17648567483317817,5,124.2736252307892
14,Eta14,Weather single-source,Phenomic pathway,Gaussian,With W,Phenomic Gaussian + W,E + W + PGK + PGKE + PGKW,"Gaussian phenomic-weather model with environment, weather, PGKE, and PGKW",PGK + W,KW,CV1,5,CS11_WS,0.21982718821535624,5,123.849580812454
14,Eta14,Weather single-source,Phenomic pathway,Gaussian,With W,Phenomic Gaussian + W,E + W + PGK + PGKE + PGKW,"Gaussian phenomic-weather model with environment, weather, PGKE, and PGKW",PGK + W,KW,CV1,5,CS11_WW,0.18473828876002749,5,123.849580812454
14,Eta14,Weather single-source,Phenomic pathway,Gaussian,With W,Phenomic Gaussian + W,E + W + PGK + PGKE + PGKW,"Gaussian phenomic-weather model with environment, weather, PGKE, and PGKW",PGK + W,KW,CV1,5,CS12_WS,0.1669991123439724,5,123.849580812454
14,Eta14,Weather single-source,Phenomic pathway,Gaussian,With W,Phenomic Gaussian + W,E + W + PGK + PGKE + PGKW,"Gaussian phenomic-weather model with environment, weather, PGKE, and PGKW",PGK + W,KW,CV1,5,CS12_WW,0.2245727951294262,5,123.849580812454
14,Eta14,Weather single-source,Phenomic pathway,Gaussian,With W,Phenomic Gaussian + W,E + W + PGK + PGKE + PGKW,"Gaussian phenomic-weather model with environment, weather, PGKE, and PGKW",PGK + W,KW,CV1,6,CS11_WS,0.25641192145614566,5,126.1799102306368
14,Eta14,Weather single-source,Phenomic pathway,Gaussian,With W,Phenomic Gaussian + W,E + W + PGK + PGKE + PGKW,"Gaussian phenomic-weather model with environment, weather, PGKE, and PGKW",PGK + W,KW,CV1,6,CS11_WW,0.1891432605759439,5,126.1799102306368
14,Eta14,Weather single-source,Phenomic pathway,Gaussian,With W,Phenomic Gaussian + W,E + W + PGK + PGKE + PGKW,"Gaussian phenomic-weather model with environment, weather, PGKE, and PGKW",PGK + W,KW,CV1,6,CS12_WS,0.2201044987798148,5,126.1799102306368
14,Eta14,Weather single-source,Phenomic pathway,Gaussian,With W,Phenomic Gaussian + W,E + W + PGK + PGKE + PGKW,"Gaussian phenomic-weather model with environment, weather, PGKE, and PGKW",PGK + W,KW,CV1,6,CS12_WW,0.2043622648428231,5,126.1799102306368
14,Eta14,Weather single-source,Phenomic pathway,Gaussian,With W,Phenomic Gaussian + W,E + W + PGK + PGKE + PGKW,"Gaussian phenomic-weather model with environment, weather, PGKE, and PGKW",PGK + W,KW,CV1,7,CS11_WS,0.26333857649827674,5,146.1513936519622
14,Eta14,Weather single-source,Phenomic pathway,Gaussian,With W,Phenomic Gaussian + W,E + W + PGK + PGKE + PGKW,"Gaussian phenomic-weather model with environment, weather, PGKE, and PGKW",PGK + W,KW,CV1,7,CS11_WW,0.21308243223571538,5,146.1513936519622
14,Eta14,Weather single-source,Phenomic pathway,Gaussian,With W,Phenomic Gaussian + W,E + W + PGK + PGKE + PGKW,"Gaussian phenomic-weather model with environment, weather, PGKE, and PGKW",PGK + W,KW,CV1,7,CS12_WS,0.18535677662946703,5,146.1513936519622
14,Eta14,Weather single-source,Phenomic pathway,Gaussian,With W,Phenomic Gaussian + W,E + W + PGK + PGKE + PGKW,"Gaussian phenomic-weather model with environment, weather, PGKE, and PGKW",PGK + W,KW,CV1,7,CS12_WW,0.19268260651971786,5,146.1513936519622
14,Eta14,Weather single-source,Phenomic pathway,Gaussian,With W,Phenomic Gaussian + W,E + W + PGK + PGKE + PGKW,"Gaussian phenomic-weather model with environment, weather, PGKE, and PGKW",PGK + W,KW,CV1,8,CS11_WS,0.16794844473115736,5,147.4412997722624
14,Eta14,Weather single-source,Phenomic pathway,Gaussian,With W,Phenomic Gaussian + W,E + W + PGK + PGKE + PGKW,"Gaussian phenomic-weather model with environment, weather, PGKE, and PGKW",PGK + W,KW,CV1,8,CS11_WW,0.18333137624619217,5,147.4412997722624
14,Eta14,Weather single-source,Phenomic pathway,Gaussian,With W,Phenomic Gaussian + W,E + W + PGK + PGKE + PGKW,"Gaussian phenomic-weather model with environment, weather, PGKE, and PGKW",PGK + W,KW,CV1,8,CS12_WS,0.18614084866611907,5,147.4412997722624
14,Eta14,Weather single-source,Phenomic pathway,Gaussian,With W,Phenomic Gaussian + W,E + W + PGK + PGKE + PGKW,"Gaussian phenomic-weather model with environment, weather, PGKE, and PGKW",PGK + W,KW,CV1,8,CS12_WW,0.14217445759653052,5,147.4412997722624
14,Eta14,Weather single-source,Phenomic pathway,Gaussian,With W,Phenomic Gaussian + W,E + W + PGK + PGKE + PGKW,"Gaussian phenomic-weather model with environment, weather, PGKE, and PGKW",PGK + W,KW,CV1,9,CS11_WS,0.1610875517682488,5,123.28071298599279
14,Eta14,Weather single-source,Phenomic pathway,Gaussian,With W,Phenomic Gaussian + W,E + W + PGK + PGKE + PGKW,"Gaussian phenomic-weather model with environment, weather, PGKE, and PGKW",PGK + W,KW,CV1,9,CS11_WW,0.18247101879997238,5,123.28071298599279
14,Eta14,Weather single-source,Phenomic pathway,Gaussian,With W,Phenomic Gaussian + W,E + W + PGK + PGKE + PGKW,"Gaussian phenomic-weather model with environment, weather, PGKE, and PGKW",PGK + W,KW,CV1,9,CS12_WS,0.1797282843576118,5,123.28071298599279
14,Eta14,Weather single-source,Phenomic pathway,Gaussian,With W,Phenomic Gaussian + W,E + W + PGK + PGKE + PGKW,"Gaussian phenomic-weather model with environment, weather, PGKE, and PGKW",PGK + W,KW,CV1,9,CS12_WW,0.1974123340698062,5,123.28071298599279
14,Eta14,Weather single-source,Phenomic pathway,Gaussian,With W,Phenomic Gaussian + W,E + W + PGK + PGKE + PGKW,"Gaussian phenomic-weather model with environment, weather, PGKE, and PGKW",PGK + W,KW,CV1,10,CS11_WS,0.28006397813113376,5,108.37525296211246
14,Eta14,Weather single-source,Phenomic pathway,Gaussian,With W,Phenomic Gaussian + W,E + W + PGK + PGKE + PGKW,"Gaussian phenomic-weather model with environment, weather, PGKE, and PGKW",PGK + W,KW,CV1,10,CS11_WW,0.2689300572276212,5,108.37525296211246
14,Eta14,Weather single-source,Phenomic pathway,Gaussian,With W,Phenomic Gaussian + W,E + W + PGK + PGKE + PGKW,"Gaussian phenomic-weather model with environment, weather, PGKE, and PGKW",PGK + W,KW,CV1,10,CS12_WS,0.2386984844938965,5,108.37525296211246
14,Eta14,Weather single-source,Phenomic pathway,Gaussian,With W,Phenomic Gaussian + W,E + W + PGK + PGKE + PGKW,"Gaussian phenomic-weather model with environment, weather, PGKE, and PGKW",PGK + W,KW,CV1,10,CS12_WW,0.1893342934417359,5,108.37525296211246
14,Eta14,Weather single-source,Phenomic pathway,Gaussian,With W,Phenomic Gaussian + W,E + W + PGK + PGKE + PGKW,"Gaussian phenomic-weather model with environment, weather, PGKE, and PGKW",PGK + W,KW,CV2,1,CS11_WS,0.9579633239461076,5,124.8313829898832
14,Eta14,Weather single-source,Phenomic pathway,Gaussian,With W,Phenomic Gaussian + W,E + W + PGK + PGKE + PGKW,"Gaussian phenomic-weather model with environment, weather, PGKE, and PGKW",PGK + W,KW,CV2,1,CS11_WW,0.9559199988164352,5,124.8313829898832
14,Eta14,Weather single-source,Phenomic pathway,Gaussian,With W,Phenomic Gaussian + W,E + W + PGK + PGKE + PGKW,"Gaussian phenomic-weather model with environment, weather, PGKE, and PGKW",PGK + W,KW,CV2,1,CS12_WS,0.9671556399832106,5,124.8313829898832
14,Eta14,Weather single-source,Phenomic pathway,Gaussian,With W,Phenomic Gaussian + W,E + W + PGK + PGKE + PGKW,"Gaussian phenomic-weather model with environment, weather, PGKE, and PGKW",PGK + W,KW,CV2,1,CS12_WW,0.9591359793506669,5,124.8313829898832
14,Eta14,Weather single-source,Phenomic pathway,Gaussian,With W,Phenomic Gaussian + W,E + W + PGK + PGKE + PGKW,"Gaussian phenomic-weather model with environment, weather, PGKE, and PGKW",PGK + W,KW,CV2,2,CS11_WS,0.9572632286939919,5,144.9630231857302
14,Eta14,Weather single-source,Phenomic pathway,Gaussian,With W,Phenomic Gaussian + W,E + W + PGK + PGKE + PGKW,"Gaussian phenomic-weather model with environment, weather, PGKE, and PGKW",PGK + W,KW,CV2,2,CS11_WW,0.9551208450950364,5,144.9630231857302
14,Eta14,Weather single-source,Phenomic pathway,Gaussian,With W,Phenomic Gaussian + W,E + W + PGK + PGKE + PGKW,"Gaussian phenomic-weather model with environment, weather, PGKE, and PGKW",PGK + W,KW,CV2,2,CS12_WS,0.9665072990609129,5,144.9630231857302
14,Eta14,Weather single-source,Phenomic pathway,Gaussian,With W,Phenomic Gaussian + W,E + W + PGK + PGKE + PGKW,"Gaussian phenomic-weather model with environment, weather, PGKE, and PGKW",PGK + W,KW,CV2,2,CS12_WW,0.9582817510604997,5,144.9630231857302
14,Eta14,Weather single-source,Phenomic pathway,Gaussian,With W,Phenomic Gaussian + W,E + W + PGK + PGKE + PGKW,"Gaussian phenomic-weather model with environment, weather, PGKE, and PGKW",PGK + W,KW,CV2,3,CS11_WS,0.9546717210009852,5,124.7330269813538
14,Eta14,Weather single-source,Phenomic pathway,Gaussian,With W,Phenomic Gaussian + W,E + W + PGK + PGKE + PGKW,"Gaussian phenomic-weather model with environment, weather, PGKE, and PGKW",PGK + W,KW,CV2,3,CS11_WW,0.9544649591337606,5,124.7330269813538
14,Eta14,Weather single-source,Phenomic pathway,Gaussian,With W,Phenomic Gaussian + W,E + W + PGK + PGKE + PGKW,"Gaussian phenomic-weather model with environment, weather, PGKE, and PGKW",PGK + W,KW,CV2,3,CS12_WS,0.9667181031838507,5,124.7330269813538
14,Eta14,Weather single-source,Phenomic pathway,Gaussian,With W,Phenomic Gaussian + W,E + W + PGK + PGKE + PGKW,"Gaussian phenomic-weather model with environment, weather, PGKE, and PGKW",PGK + W,KW,CV2,3,CS12_WW,0.9588777357989546,5,124.7330269813538
14,Eta14,Weather single-source,Phenomic pathway,Gaussian,With W,Phenomic Gaussian + W,E + W + PGK + PGKE + PGKW,"Gaussian phenomic-weather model with environment, weather, PGKE, and PGKW",PGK + W,KW,CV2,4,CS11_WS,0.9554029169539744,5,124.2736252307892
14,Eta14,Weather single-source,Phenomic pathway,Gaussian,With W,Phenomic Gaussian + W,E + W + PGK + PGKE + PGKW,"Gaussian phenomic-weather model with environment, weather, PGKE, and PGKW",PGK + W,KW,CV2,4,CS11_WW,0.9530833623605067,5,124.2736252307892
14,Eta14,Weather single-source,Phenomic pathway,Gaussian,With W,Phenomic Gaussian + W,E + W + PGK + PGKE + PGKW,"Gaussian phenomic-weather model with environment, weather, PGKE, and PGKW",PGK + W,KW,CV2,4,CS12_WS,0.9644787774144838,5,124.2736252307892
14,Eta14,Weather single-source,Phenomic pathway,Gaussian,With W,Phenomic Gaussian + W,E + W + PGK + PGKE + PGKW,"Gaussian phenomic-weather model with environment, weather, PGKE, and PGKW",PGK + W,KW,CV2,4,CS12_WW,0.95615361128055,5,124.2736252307892
14,Eta14,Weather single-source,Phenomic pathway,Gaussian,With W,Phenomic Gaussian + W,E + W + PGK + PGKE + PGKW,"Gaussian phenomic-weather model with environment, weather, PGKE, and PGKW",PGK + W,KW,CV2,5,CS11_WS,0.9575610774920194,5,123.849580812454
14,Eta14,Weather single-source,Phenomic pathway,Gaussian,With W,Phenomic Gaussian + W,E + W + PGK + PGKE + PGKW,"Gaussian phenomic-weather model with environment, weather, PGKE, and PGKW",PGK + W,KW,CV2,5,CS11_WW,0.9533963673272101,5,123.849580812454
14,Eta14,Weather single-source,Phenomic pathway,Gaussian,With W,Phenomic Gaussian + W,E + W + PGK + PGKE + PGKW,"Gaussian phenomic-weather model with environment, weather, PGKE, and PGKW",PGK + W,KW,CV2,5,CS12_WS,0.9666951047657829,5,123.849580812454
14,Eta14,Weather single-source,Phenomic pathway,Gaussian,With W,Phenomic Gaussian + W,E + W + PGK + PGKE + PGKW,"Gaussian phenomic-weather model with environment, weather, PGKE, and PGKW",PGK + W,KW,CV2,5,CS12_WW,0.958458707139418,5,123.849580812454
14,Eta14,Weather single-source,Phenomic pathway,Gaussian,With W,Phenomic Gaussian + W,E + W + PGK + PGKE + PGKW,"Gaussian phenomic-weather model with environment, weather, PGKE, and PGKW",PGK + W,KW,CV2,6,CS11_WS,0.9548510528521718,5,126.1799102306368
14,Eta14,Weather single-source,Phenomic pathway,Gaussian,With W,Phenomic Gaussian + W,E + W + PGK + PGKE + PGKW,"Gaussian phenomic-weather model with environment, weather, PGKE, and PGKW",PGK + W,KW,CV2,6,CS11_WW,0.9536778055170675,5,126.1799102306368
14,Eta14,Weather single-source,Phenomic pathway,Gaussian,With W,Phenomic Gaussian + W,E + W + PGK + PGKE + PGKW,"Gaussian phenomic-weather model with environment, weather, PGKE, and PGKW",PGK + W,KW,CV2,6,CS12_WS,0.9650654034824312,5,126.1799102306368
14,Eta14,Weather single-source,Phenomic pathway,Gaussian,With W,Phenomic Gaussian + W,E + W + PGK + PGKE + PGKW,"Gaussian phenomic-weather model with environment, weather, PGKE, and PGKW",PGK + W,KW,CV2,6,CS12_WW,0.9563380276417014,5,126.1799102306368
14,Eta14,Weather single-source,Phenomic pathway,Gaussian,With W,Phenomic Gaussian + W,E + W + PGK + PGKE + PGKW,"Gaussian phenomic-weather model with environment, weather, PGKE, and PGKW",PGK + W,KW,CV2,7,CS11_WS,0.956668868223864,5,146.1513936519622
14,Eta14,Weather single-source,Phenomic pathway,Gaussian,With W,Phenomic Gaussian + W,E + W + PGK + PGKE + PGKW,"Gaussian phenomic-weather model with environment, weather, PGKE, and PGKW",PGK + W,KW,CV2,7,CS11_WW,0.9541209029543026,5,146.1513936519622
14,Eta14,Weather single-source,Phenomic pathway,Gaussian,With W,Phenomic Gaussian + W,E + W + PGK + PGKE + PGKW,"Gaussian phenomic-weather model with environment, weather, PGKE, and PGKW",PGK + W,KW,CV2,7,CS12_WS,0.9669895544240038,5,146.1513936519622
14,Eta14,Weather single-source,Phenomic pathway,Gaussian,With W,Phenomic Gaussian + W,E + W + PGK + PGKE + PGKW,"Gaussian phenomic-weather model with environment, weather, PGKE, and PGKW",PGK + W,KW,CV2,7,CS12_WW,0.9597089661409388,5,146.1513936519622
14,Eta14,Weather single-source,Phenomic pathway,Gaussian,With W,Phenomic Gaussian + W,E + W + PGK + PGKE + PGKW,"Gaussian phenomic-weather model with environment, weather, PGKE, and PGKW",PGK + W,KW,CV2,8,CS11_WS,0.9543367381463378,5,147.4412997722624
14,Eta14,Weather single-source,Phenomic pathway,Gaussian,With W,Phenomic Gaussian + W,E + W + PGK + PGKE + PGKW,"Gaussian phenomic-weather model with environment, weather, PGKE, and PGKW",PGK + W,KW,CV2,8,CS11_WW,0.9526881619953851,5,147.4412997722624
14,Eta14,Weather single-source,Phenomic pathway,Gaussian,With W,Phenomic Gaussian + W,E + W + PGK + PGKE + PGKW,"Gaussian phenomic-weather model with environment, weather, PGKE, and PGKW",PGK + W,KW,CV2,8,CS12_WS,0.9641639723594485,5,147.4412997722624
14,Eta14,Weather single-source,Phenomic pathway,Gaussian,With W,Phenomic Gaussian + W,E + W + PGK + PGKE + PGKW,"Gaussian phenomic-weather model with environment, weather, PGKE, and PGKW",PGK + W,KW,CV2,8,CS12_WW,0.957643528026067,5,147.4412997722624
14,Eta14,Weather single-source,Phenomic pathway,Gaussian,With W,Phenomic Gaussian + W,E + W + PGK + PGKE + PGKW,"Gaussian phenomic-weather model with environment, weather, PGKE, and PGKW",PGK + W,KW,CV2,9,CS11_WS,0.95701384294607,5,123.28071298599279
14,Eta14,Weather single-source,Phenomic pathway,Gaussian,With W,Phenomic Gaussian + W,E + W + PGK + PGKE + PGKW,"Gaussian phenomic-weather model with environment, weather, PGKE, and PGKW",PGK + W,KW,CV2,9,CS11_WW,0.9536655617787719,5,123.28071298599279
14,Eta14,Weather single-source,Phenomic pathway,Gaussian,With W,Phenomic Gaussian + W,E + W + PGK + PGKE + PGKW,"Gaussian phenomic-weather model with environment, weather, PGKE, and PGKW",PGK + W,KW,CV2,9,CS12_WS,0.9662849005218515,5,123.28071298599279
14,Eta14,Weather single-source,Phenomic pathway,Gaussian,With W,Phenomic Gaussian + W,E + W + PGK + PGKE + PGKW,"Gaussian phenomic-weather model with environment, weather, PGKE, and PGKW",PGK + W,KW,CV2,9,CS12_WW,0.9577156204515755,5,123.28071298599279
14,Eta14,Weather single-source,Phenomic pathway,Gaussian,With W,Phenomic Gaussian + W,E + W + PGK + PGKE + PGKW,"Gaussian phenomic-weather model with environment, weather, PGKE, and PGKW",PGK + W,KW,CV2,10,CS11_WS,0.9549627810535007,5,108.37525296211246
14,Eta14,Weather single-source,Phenomic pathway,Gaussian,With W,Phenomic Gaussian + W,E + W + PGK + PGKE + PGKW,"Gaussian phenomic-weather model with environment, weather, PGKE, and PGKW",PGK + W,KW,CV2,10,CS11_WW,0.9532966987613788,5,108.37525296211246
14,Eta14,Weather single-source,Phenomic pathway,Gaussian,With W,Phenomic Gaussian + W,E + W + PGK + PGKE + PGKW,"Gaussian phenomic-weather model with environment, weather, PGKE, and PGKW",PGK + W,KW,CV2,10,CS12_WS,0.9650001142659432,5,108.37525296211246
14,Eta14,Weather single-source,Phenomic pathway,Gaussian,With W,Phenomic Gaussian + W,E + W + PGK + PGKE + PGKW,"Gaussian phenomic-weather model with environment, weather, PGKE, and PGKW",PGK + W,KW,CV2,10,CS12_WW,0.9568315123489812,5,108.37525296211246
15,Eta15,Weather combined,Combined G + P pathway,Gaussian,With W,Combined Gaussian + W,E + W + GGK + PGK + GGKE + PGKE + GGKW + PGKW,"Gaussian combined genomic + phenomic + weather model with GGKE, PGKE, GGKW, and PGKW",GGK+PGK + W,GY,CV1,1,CS11_WS,0.6668391864487324,5,238.806967973709
15,Eta15,Weather combined,Combined G + P pathway,Gaussian,With W,Combined Gaussian + W,E + W + GGK + PGK + GGKE + PGKE + GGKW + PGKW,"Gaussian combined genomic + phenomic + weather model with GGKE, PGKE, GGKW, and PGKW",GGK+PGK + W,GY,CV1,1,CS11_WW,0.7325506733489172,5,238.806967973709
15,Eta15,Weather combined,Combined G + P pathway,Gaussian,With W,Combined Gaussian + W,E + W + GGK + PGK + GGKE + PGKE + GGKW + PGKW,"Gaussian combined genomic + phenomic + weather model with GGKE, PGKE, GGKW, and PGKW",GGK+PGK + W,GY,CV1,1,CS12_WS,0.7379718422720388,5,238.806967973709
15,Eta15,Weather combined,Combined G + P pathway,Gaussian,With W,Combined Gaussian + W,E + W + GGK + PGK + GGKE + PGKE + GGKW + PGKW,"Gaussian combined genomic + phenomic + weather model with GGKE, PGKE, GGKW, and PGKW",GGK+PGK + W,GY,CV1,1,CS12_WW,0.7149890427982654,5,238.806967973709
15,Eta15,Weather combined,Combined G + P pathway,Gaussian,With W,Combined Gaussian + W,E + W + GGK + PGK + GGKE + PGKE + GGKW + PGKW,"Gaussian combined genomic + phenomic + weather model with GGKE, PGKE, GGKW, and PGKW",GGK+PGK + W,GY,CV1,2,CS11_WS,0.7095219813034512,5,202.9934102535248
15,Eta15,Weather combined,Combined G + P pathway,Gaussian,With W,Combined Gaussian + W,E + W + GGK + PGK + GGKE + PGKE + GGKW + PGKW,"Gaussian combined genomic + phenomic + weather model with GGKE, PGKE, GGKW, and PGKW",GGK+PGK + W,GY,CV1,2,CS11_WW,0.7162551678296263,5,202.9934102535248
15,Eta15,Weather combined,Combined G + P pathway,Gaussian,With W,Combined Gaussian + W,E + W + GGK + PGK + GGKE + PGKE + GGKW + PGKW,"Gaussian combined genomic + phenomic + weather model with GGKE, PGKE, GGKW, and PGKW",GGK+PGK + W,GY,CV1,2,CS12_WS,0.7262812761831909,5,202.9934102535248
15,Eta15,Weather combined,Combined G + P pathway,Gaussian,With W,Combined Gaussian + W,E + W + GGK + PGK + GGKE + PGKE + GGKW + PGKW,"Gaussian combined genomic + phenomic + weather model with GGKE, PGKE, GGKW, and PGKW",GGK+PGK + W,GY,CV1,2,CS12_WW,0.69797603518803,5,202.9934102535248
15,Eta15,Weather combined,Combined G + P pathway,Gaussian,With W,Combined Gaussian + W,E + W + GGK + PGK + GGKE + PGKE + GGKW + PGKW,"Gaussian combined genomic + phenomic + weather model with GGKE, PGKE, GGKW, and PGKW",GGK+PGK + W,GY,CV1,3,CS11_WS,0.7031035601512817,5,234.8645321846006
15,Eta15,Weather combined,Combined G + P pathway,Gaussian,With W,Combined Gaussian + W,E + W + GGK + PGK + GGKE + PGKE + GGKW + PGKW,"Gaussian combined genomic + phenomic + weather model with GGKE, PGKE, GGKW, and PGKW",GGK+PGK + W,GY,CV1,3,CS11_WW,0.7256178577504214,5,234.8645321846006
15,Eta15,Weather combined,Combined G + P pathway,Gaussian,With W,Combined Gaussian + W,E + W + GGK + PGK + GGKE + PGKE + GGKW + PGKW,"Gaussian combined genomic + phenomic + weather model with GGKE, PGKE, GGKW, and PGKW",GGK+PGK + W,GY,CV1,3,CS12_WS,0.7258792139775582,5,234.8645321846006
15,Eta15,Weather combined,Combined G + P pathway,Gaussian,With W,Combined Gaussian + W,E + W + GGK + PGK + GGKE + PGKE + GGKW + PGKW,"Gaussian combined genomic + phenomic + weather model with GGKE, PGKE, GGKW, and PGKW",GGK+PGK + W,GY,CV1,3,CS12_WW,0.7122995935318384,5,234.8645321846006
15,Eta15,Weather combined,Combined G + P pathway,Gaussian,With W,Combined Gaussian + W,E + W + GGK + PGK + GGKE + PGKE + GGKW + PGKW,"Gaussian combined genomic + phenomic + weather model with GGKE, PGKE, GGKW, and PGKW",GGK+PGK + W,GY,CV1,4,CS11_WS,0.7158800586788836,5,201.8542190551758
15,Eta15,Weather combined,Combined G + P pathway,Gaussian,With W,Combined Gaussian + W,E + W + GGK + PGK + GGKE + PGKE + GGKW + PGKW,"Gaussian combined genomic + phenomic + weather model with GGKE, PGKE, GGKW, and PGKW",GGK+PGK + W,GY,CV1,4,CS11_WW,0.7336918984298777,5,201.8542190551758
15,Eta15,Weather combined,Combined G + P pathway,Gaussian,With W,Combined Gaussian + W,E + W + GGK + PGK + GGKE + PGKE + GGKW + PGKW,"Gaussian combined genomic + phenomic + weather model with GGKE, PGKE, GGKW, and PGKW",GGK+PGK + W,GY,CV1,4,CS12_WS,0.7251004259859865,5,201.8542190551758
15,Eta15,Weather combined,Combined G + P pathway,Gaussian,With W,Combined Gaussian + W,E + W + GGK + PGK + GGKE + PGKE + GGKW + PGKW,"Gaussian combined genomic + phenomic + weather model with GGKE, PGKE, GGKW, and PGKW",GGK+PGK + W,GY,CV1,4,CS12_WW,0.7327205274251848,5,201.8542190551758
15,Eta15,Weather combined,Combined G + P pathway,Gaussian,With W,Combined Gaussian + W,E + W + GGK + PGK + GGKE + PGKE + GGKW + PGKW,"Gaussian combined genomic + phenomic + weather model with GGKE, PGKE, GGKW, and PGKW",GGK+PGK + W,GY,CV1,5,CS11_WS,0.708102207477123,5,201.9065368175506
15,Eta15,Weather combined,Combined G + P pathway,Gaussian,With W,Combined Gaussian + W,E + W + GGK + PGK + GGKE + PGKE + GGKW + PGKW,"Gaussian combined genomic + phenomic + weather model with GGKE, PGKE, GGKW, and PGKW",GGK+PGK + W,GY,CV1,5,CS11_WW,0.732353023312149,5,201.9065368175506
15,Eta15,Weather combined,Combined G + P pathway,Gaussian,With W,Combined Gaussian + W,E + W + GGK + PGK + GGKE + PGKE + GGKW + PGKW,"Gaussian combined genomic + phenomic + weather model with GGKE, PGKE, GGKW, and PGKW",GGK+PGK + W,GY,CV1,5,CS12_WS,0.7294330250147271,5,201.9065368175506
15,Eta15,Weather combined,Combined G + P pathway,Gaussian,With W,Combined Gaussian + W,E + W + GGK + PGK + GGKE + PGKE + GGKW + PGKW,"Gaussian combined genomic + phenomic + weather model with GGKE, PGKE, GGKW, and PGKW",GGK+PGK + W,GY,CV1,5,CS12_WW,0.708509245965709,5,201.9065368175506
15,Eta15,Weather combined,Combined G + P pathway,Gaussian,With W,Combined Gaussian + W,E + W + GGK + PGK + GGKE + PGKE + GGKW + PGKW,"Gaussian combined genomic + phenomic + weather model with GGKE, PGKE, GGKW, and PGKW",GGK+PGK + W,GY,CV1,6,CS11_WS,0.71628908451098,5,202.2715848445892
15,Eta15,Weather combined,Combined G + P pathway,Gaussian,With W,Combined Gaussian + W,E + W + GGK + PGK + GGKE + PGKE + GGKW + PGKW,"Gaussian combined genomic + phenomic + weather model with GGKE, PGKE, GGKW, and PGKW",GGK+PGK + W,GY,CV1,6,CS11_WW,0.7305556222982872,5,202.2715848445892
15,Eta15,Weather combined,Combined G + P pathway,Gaussian,With W,Combined Gaussian + W,E + W + GGK + PGK + GGKE + PGKE + GGKW + PGKW,"Gaussian combined genomic + phenomic + weather model with GGKE, PGKE, GGKW, and PGKW",GGK+PGK + W,GY,CV1,6,CS12_WS,0.7046866371837238,5,202.2715848445892
15,Eta15,Weather combined,Combined G + P pathway,Gaussian,With W,Combined Gaussian + W,E + W + GGK + PGK + GGKE + PGKE + GGKW + PGKW,"Gaussian combined genomic + phenomic + weather model with GGKE, PGKE, GGKW, and PGKW",GGK+PGK + W,GY,CV1,6,CS12_WW,0.700787743495529,5,202.2715848445892
15,Eta15,Weather combined,Combined G + P pathway,Gaussian,With W,Combined Gaussian + W,E + W + GGK + PGK + GGKE + PGKE + GGKW + PGKW,"Gaussian combined genomic + phenomic + weather model with GGKE, PGKE, GGKW, and PGKW",GGK+PGK + W,GY,CV1,7,CS11_WS,0.7436619326054668,5,233.291692018509
15,Eta15,Weather combined,Combined G + P pathway,Gaussian,With W,Combined Gaussian + W,E + W + GGK + PGK + GGKE + PGKE + GGKW + PGKW,"Gaussian combined genomic + phenomic + weather model with GGKE, PGKE, GGKW, and PGKW",GGK+PGK + W,GY,CV1,7,CS11_WW,0.7588504627363937,5,233.291692018509
15,Eta15,Weather combined,Combined G + P pathway,Gaussian,With W,Combined Gaussian + W,E + W + GGK + PGK + GGKE + PGKE + GGKW + PGKW,"Gaussian combined genomic + phenomic + weather model with GGKE, PGKE, GGKW, and PGKW",GGK+PGK + W,GY,CV1,7,CS12_WS,0.7455834200499676,5,233.291692018509
15,Eta15,Weather combined,Combined G + P pathway,Gaussian,With W,Combined Gaussian + W,E + W + GGK + PGK + GGKE + PGKE + GGKW + PGKW,"Gaussian combined genomic + phenomic + weather model with GGKE, PGKE, GGKW, and PGKW",GGK+PGK + W,GY,CV1,7,CS12_WW,0.7246551357328175,5,233.291692018509
15,Eta15,Weather combined,Combined G + P pathway,Gaussian,With W,Combined Gaussian + W,E + W + GGK + PGK + GGKE + PGKE + GGKW + PGKW,"Gaussian combined genomic + phenomic + weather model with GGKE, PGKE, GGKW, and PGKW",GGK+PGK + W,GY,CV1,8,CS11_WS,0.6962683507342078,5,233.3417166233062
15,Eta15,Weather combined,Combined G + P pathway,Gaussian,With W,Combined Gaussian + W,E + W + GGK + PGK + GGKE + PGKE + GGKW + PGKW,"Gaussian combined genomic + phenomic + weather model with GGKE, PGKE, GGKW, and PGKW",GGK+PGK + W,GY,CV1,8,CS11_WW,0.7328336742065027,5,233.3417166233062
15,Eta15,Weather combined,Combined G + P pathway,Gaussian,With W,Combined Gaussian + W,E + W + GGK + PGK + GGKE + PGKE + GGKW + PGKW,"Gaussian combined genomic + phenomic + weather model with GGKE, PGKE, GGKW, and PGKW",GGK+PGK + W,GY,CV1,8,CS12_WS,0.7346687350088802,5,233.3417166233062
15,Eta15,Weather combined,Combined G + P pathway,Gaussian,With W,Combined Gaussian + W,E + W + GGK + PGK + GGKE + PGKE + GGKW + PGKW,"Gaussian combined genomic + phenomic + weather model with GGKE, PGKE, GGKW, and PGKW",GGK+PGK + W,GY,CV1,8,CS12_WW,0.7132807773701384,5,233.3417166233062
15,Eta15,Weather combined,Combined G + P pathway,Gaussian,With W,Combined Gaussian + W,E + W + GGK + PGK + GGKE + PGKE + GGKW + PGKW,"Gaussian combined genomic + phenomic + weather model with GGKE, PGKE, GGKW, and PGKW",GGK+PGK + W,GY,CV1,9,CS11_WS,0.74460948207305,5,203.7928916454316
15,Eta15,Weather combined,Combined G + P pathway,Gaussian,With W,Combined Gaussian + W,E + W + GGK + PGK + GGKE + PGKE + GGKW + PGKW,"Gaussian combined genomic + phenomic + weather model with GGKE, PGKE, GGKW, and PGKW",GGK+PGK + W,GY,CV1,9,CS11_WW,0.7481867397344546,5,203.7928916454316
15,Eta15,Weather combined,Combined G + P pathway,Gaussian,With W,Combined Gaussian + W,E + W + GGK + PGK + GGKE + PGKE + GGKW + PGKW,"Gaussian combined genomic + phenomic + weather model with GGKE, PGKE, GGKW, and PGKW",GGK+PGK + W,GY,CV1,9,CS12_WS,0.7455436333562184,5,203.7928916454316
15,Eta15,Weather combined,Combined G + P pathway,Gaussian,With W,Combined Gaussian + W,E + W + GGK + PGK + GGKE + PGKE + GGKW + PGKW,"Gaussian combined genomic + phenomic + weather model with GGKE, PGKE, GGKW, and PGKW",GGK+PGK + W,GY,CV1,9,CS12_WW,0.72560667882428,5,203.7928916454316
15,Eta15,Weather combined,Combined G + P pathway,Gaussian,With W,Combined Gaussian + W,E + W + GGK + PGK + GGKE + PGKE + GGKW + PGKW,"Gaussian combined genomic + phenomic + weather model with GGKE, PGKE, GGKW, and PGKW",GGK+PGK + W,GY,CV1,10,CS11_WS,0.7192953838505209,5,201.7754910469052
15,Eta15,Weather combined,Combined G + P pathway,Gaussian,With W,Combined Gaussian + W,E + W + GGK + PGK + GGKE + PGKE + GGKW + PGKW,"Gaussian combined genomic + phenomic + weather model with GGKE, PGKE, GGKW, and PGKW",GGK+PGK + W,GY,CV1,10,CS11_WW,0.7454104806554314,5,201.7754910469052
15,Eta15,Weather combined,Combined G + P pathway,Gaussian,With W,Combined Gaussian + W,E + W + GGK + PGK + GGKE + PGKE + GGKW + PGKW,"Gaussian combined genomic + phenomic + weather model with GGKE, PGKE, GGKW, and PGKW",GGK+PGK + W,GY,CV1,10,CS12_WS,0.7262731712767001,5,201.7754910469052
15,Eta15,Weather combined,Combined G + P pathway,Gaussian,With W,Combined Gaussian + W,E + W + GGK + PGK + GGKE + PGKE + GGKW + PGKW,"Gaussian combined genomic + phenomic + weather model with GGKE, PGKE, GGKW, and PGKW",GGK+PGK + W,GY,CV1,10,CS12_WW,0.7162527818865743,5,201.7754910469052
15,Eta15,Weather combined,Combined G + P pathway,Gaussian,With W,Combined Gaussian + W,E + W + GGK + PGK + GGKE + PGKE + GGKW + PGKW,"Gaussian combined genomic + phenomic + weather model with GGKE, PGKE, GGKW, and PGKW",GGK+PGK + W,GY,CV2,1,CS11_WS,0.9877989523865859,5,238.806967973709
15,Eta15,Weather combined,Combined G + P pathway,Gaussian,With W,Combined Gaussian + W,E + W + GGK + PGK + GGKE + PGKE + GGKW + PGKW,"Gaussian combined genomic + phenomic + weather model with GGKE, PGKE, GGKW, and PGKW",GGK+PGK + W,GY,CV2,1,CS11_WW,0.9898472504176237,5,238.806967973709
15,Eta15,Weather combined,Combined G + P pathway,Gaussian,With W,Combined Gaussian + W,E + W + GGK + PGK + GGKE + PGKE + GGKW + PGKW,"Gaussian combined genomic + phenomic + weather model with GGKE, PGKE, GGKW, and PGKW",GGK+PGK + W,GY,CV2,1,CS12_WS,0.9932938886178153,5,238.806967973709
15,Eta15,Weather combined,Combined G + P pathway,Gaussian,With W,Combined Gaussian + W,E + W + GGK + PGK + GGKE + PGKE + GGKW + PGKW,"Gaussian combined genomic + phenomic + weather model with GGKE, PGKE, GGKW, and PGKW",GGK+PGK + W,GY,CV2,1,CS12_WW,0.9908353981841274,5,238.806967973709
15,Eta15,Weather combined,Combined G + P pathway,Gaussian,With W,Combined Gaussian + W,E + W + GGK + PGK + GGKE + PGKE + GGKW + PGKW,"Gaussian combined genomic + phenomic + weather model with GGKE, PGKE, GGKW, and PGKW",GGK+PGK + W,GY,CV2,2,CS11_WS,0.9879594761039714,5,202.9934102535248
15,Eta15,Weather combined,Combined G + P pathway,Gaussian,With W,Combined Gaussian + W,E + W + GGK + PGK + GGKE + PGKE + GGKW + PGKW,"Gaussian combined genomic + phenomic + weather model with GGKE, PGKE, GGKW, and PGKW",GGK+PGK + W,GY,CV2,2,CS11_WW,0.99014111003774,5,202.9934102535248
15,Eta15,Weather combined,Combined G + P pathway,Gaussian,With W,Combined Gaussian + W,E + W + GGK + PGK + GGKE + PGKE + GGKW + PGKW,"Gaussian combined genomic + phenomic + weather model with GGKE, PGKE, GGKW, and PGKW",GGK+PGK + W,GY,CV2,2,CS12_WS,0.9934322768004418,5,202.9934102535248
15,Eta15,Weather combined,Combined G + P pathway,Gaussian,With W,Combined Gaussian + W,E + W + GGK + PGK + GGKE + PGKE + GGKW + PGKW,"Gaussian combined genomic + phenomic + weather model with GGKE, PGKE, GGKW, and PGKW",GGK+PGK + W,GY,CV2,2,CS12_WW,0.9910713569590197,5,202.9934102535248
15,Eta15,Weather combined,Combined G + P pathway,Gaussian,With W,Combined Gaussian + W,E + W + GGK + PGK + GGKE + PGKE + GGKW + PGKW,"Gaussian combined genomic + phenomic + weather model with GGKE, PGKE, GGKW, and PGKW",GGK+PGK + W,GY,CV2,3,CS11_WS,0.9884274447385059,5,234.8645321846006
15,Eta15,Weather combined,Combined G + P pathway,Gaussian,With W,Combined Gaussian + W,E + W + GGK + PGK + GGKE + PGKE + GGKW + PGKW,"Gaussian combined genomic + phenomic + weather model with GGKE, PGKE, GGKW, and PGKW",GGK+PGK + W,GY,CV2,3,CS11_WW,0.9900276429983904,5,234.8645321846006
15,Eta15,Weather combined,Combined G + P pathway,Gaussian,With W,Combined Gaussian + W,E + W + GGK + PGK + GGKE + PGKE + GGKW + PGKW,"Gaussian combined genomic + phenomic + weather model with GGKE, PGKE, GGKW, and PGKW",GGK+PGK + W,GY,CV2,3,CS12_WS,0.9935198098782191,5,234.8645321846006
15,Eta15,Weather combined,Combined G + P pathway,Gaussian,With W,Combined Gaussian + W,E + W + GGK + PGK + GGKE + PGKE + GGKW + PGKW,"Gaussian combined genomic + phenomic + weather model with GGKE, PGKE, GGKW, and PGKW",GGK+PGK + W,GY,CV2,3,CS12_WW,0.9909146308548685,5,234.8645321846006
15,Eta15,Weather combined,Combined G + P pathway,Gaussian,With W,Combined Gaussian + W,E + W + GGK + PGK + GGKE + PGKE + GGKW + PGKW,"Gaussian combined genomic + phenomic + weather model with GGKE, PGKE, GGKW, and PGKW",GGK+PGK + W,GY,CV2,4,CS11_WS,0.9880781762743744,5,201.8542190551758
15,Eta15,Weather combined,Combined G + P pathway,Gaussian,With W,Combined Gaussian + W,E + W + GGK + PGK + GGKE + PGKE + GGKW + PGKW,"Gaussian combined genomic + phenomic + weather model with GGKE, PGKE, GGKW, and PGKW",GGK+PGK + W,GY,CV2,4,CS11_WW,0.9899760559951878,5,201.8542190551758
15,Eta15,Weather combined,Combined G + P pathway,Gaussian,With W,Combined Gaussian + W,E + W + GGK + PGK + GGKE + PGKE + GGKW + PGKW,"Gaussian combined genomic + phenomic + weather model with GGKE, PGKE, GGKW, and PGKW",GGK+PGK + W,GY,CV2,4,CS12_WS,0.9935254700811947,5,201.8542190551758
15,Eta15,Weather combined,Combined G + P pathway,Gaussian,With W,Combined Gaussian + W,E + W + GGK + PGK + GGKE + PGKE + GGKW + PGKW,"Gaussian combined genomic + phenomic + weather model with GGKE, PGKE, GGKW, and PGKW",GGK+PGK + W,GY,CV2,4,CS12_WW,0.9908153057536735,5,201.8542190551758
15,Eta15,Weather combined,Combined G + P pathway,Gaussian,With W,Combined Gaussian + W,E + W + GGK + PGK + GGKE + PGKE + GGKW + PGKW,"Gaussian combined genomic + phenomic + weather model with GGKE, PGKE, GGKW, and PGKW",GGK+PGK + W,GY,CV2,5,CS11_WS,0.9881152441181097,5,201.9065368175506
15,Eta15,Weather combined,Combined G + P pathway,Gaussian,With W,Combined Gaussian + W,E + W + GGK + PGK + GGKE + PGKE + GGKW + PGKW,"Gaussian combined genomic + phenomic + weather model with GGKE, PGKE, GGKW, and PGKW",GGK+PGK + W,GY,CV2,5,CS11_WW,0.9898444574916269,5,201.9065368175506
15,Eta15,Weather combined,Combined G + P pathway,Gaussian,With W,Combined Gaussian + W,E + W + GGK + PGK + GGKE + PGKE + GGKW + PGKW,"Gaussian combined genomic + phenomic + weather model with GGKE, PGKE, GGKW, and PGKW",GGK+PGK + W,GY,CV2,5,CS12_WS,0.9933586943162862,5,201.9065368175506
15,Eta15,Weather combined,Combined G + P pathway,Gaussian,With W,Combined Gaussian + W,E + W + GGK + PGK + GGKE + PGKE + GGKW + PGKW,"Gaussian combined genomic + phenomic + weather model with GGKE, PGKE, GGKW, and PGKW",GGK+PGK + W,GY,CV2,5,CS12_WW,0.9909522757487977,5,201.9065368175506
15,Eta15,Weather combined,Combined G + P pathway,Gaussian,With W,Combined Gaussian + W,E + W + GGK + PGK + GGKE + PGKE + GGKW + PGKW,"Gaussian combined genomic + phenomic + weather model with GGKE, PGKE, GGKW, and PGKW",GGK+PGK + W,GY,CV2,6,CS11_WS,0.9880811279751566,5,202.2715848445892
15,Eta15,Weather combined,Combined G + P pathway,Gaussian,With W,Combined Gaussian + W,E + W + GGK + PGK + GGKE + PGKE + GGKW + PGKW,"Gaussian combined genomic + phenomic + weather model with GGKE, PGKE, GGKW, and PGKW",GGK+PGK + W,GY,CV2,6,CS11_WW,0.9898090068731648,5,202.2715848445892
15,Eta15,Weather combined,Combined G + P pathway,Gaussian,With W,Combined Gaussian + W,E + W + GGK + PGK + GGKE + PGKE + GGKW + PGKW,"Gaussian combined genomic + phenomic + weather model with GGKE, PGKE, GGKW, and PGKW",GGK+PGK + W,GY,CV2,6,CS12_WS,0.9934116040174465,5,202.2715848445892
15,Eta15,Weather combined,Combined G + P pathway,Gaussian,With W,Combined Gaussian + W,E + W + GGK + PGK + GGKE + PGKE + GGKW + PGKW,"Gaussian combined genomic + phenomic + weather model with GGKE, PGKE, GGKW, and PGKW",GGK+PGK + W,GY,CV2,6,CS12_WW,0.990782093979432,5,202.2715848445892
15,Eta15,Weather combined,Combined G + P pathway,Gaussian,With W,Combined Gaussian + W,E + W + GGK + PGK + GGKE + PGKE + GGKW + PGKW,"Gaussian combined genomic + phenomic + weather model with GGKE, PGKE, GGKW, and PGKW",GGK+PGK + W,GY,CV2,7,CS11_WS,0.9878869395044007,5,233.291692018509
15,Eta15,Weather combined,Combined G + P pathway,Gaussian,With W,Combined Gaussian + W,E + W + GGK + PGK + GGKE + PGKE + GGKW + PGKW,"Gaussian combined genomic + phenomic + weather model with GGKE, PGKE, GGKW, and PGKW",GGK+PGK + W,GY,CV2,7,CS11_WW,0.9895567568928014,5,233.291692018509
15,Eta15,Weather combined,Combined G + P pathway,Gaussian,With W,Combined Gaussian + W,E + W + GGK + PGK + GGKE + PGKE + GGKW + PGKW,"Gaussian combined genomic + phenomic + weather model with GGKE, PGKE, GGKW, and PGKW",GGK+PGK + W,GY,CV2,7,CS12_WS,0.993479721281718,5,233.291692018509
15,Eta15,Weather combined,Combined G + P pathway,Gaussian,With W,Combined Gaussian + W,E + W + GGK + PGK + GGKE + PGKE + GGKW + PGKW,"Gaussian combined genomic + phenomic + weather model with GGKE, PGKE, GGKW, and PGKW",GGK+PGK + W,GY,CV2,7,CS12_WW,0.9906080285979044,5,233.291692018509
15,Eta15,Weather combined,Combined G + P pathway,Gaussian,With W,Combined Gaussian + W,E + W + GGK + PGK + GGKE + PGKE + GGKW + PGKW,"Gaussian combined genomic + phenomic + weather model with GGKE, PGKE, GGKW, and PGKW",GGK+PGK + W,GY,CV2,8,CS11_WS,0.9880098159727702,5,233.3417166233062
15,Eta15,Weather combined,Combined G + P pathway,Gaussian,With W,Combined Gaussian + W,E + W + GGK + PGK + GGKE + PGKE + GGKW + PGKW,"Gaussian combined genomic + phenomic + weather model with GGKE, PGKE, GGKW, and PGKW",GGK+PGK + W,GY,CV2,8,CS11_WW,0.9898874662118466,5,233.3417166233062
15,Eta15,Weather combined,Combined G + P pathway,Gaussian,With W,Combined Gaussian + W,E + W + GGK + PGK + GGKE + PGKE + GGKW + PGKW,"Gaussian combined genomic + phenomic + weather model with GGKE, PGKE, GGKW, and PGKW",GGK+PGK + W,GY,CV2,8,CS12_WS,0.993461569422314,5,233.3417166233062
15,Eta15,Weather combined,Combined G + P pathway,Gaussian,With W,Combined Gaussian + W,E + W + GGK + PGK + GGKE + PGKE + GGKW + PGKW,"Gaussian combined genomic + phenomic + weather model with GGKE, PGKE, GGKW, and PGKW",GGK+PGK + W,GY,CV2,8,CS12_WW,0.9909025376104388,5,233.3417166233062
15,Eta15,Weather combined,Combined G + P pathway,Gaussian,With W,Combined Gaussian + W,E + W + GGK + PGK + GGKE + PGKE + GGKW + PGKW,"Gaussian combined genomic + phenomic + weather model with GGKE, PGKE, GGKW, and PGKW",GGK+PGK + W,GY,CV2,9,CS11_WS,0.9880800825289088,5,203.7928916454316
15,Eta15,Weather combined,Combined G + P pathway,Gaussian,With W,Combined Gaussian + W,E + W + GGK + PGK + GGKE + PGKE + GGKW + PGKW,"Gaussian combined genomic + phenomic + weather model with GGKE, PGKE, GGKW, and PGKW",GGK+PGK + W,GY,CV2,9,CS11_WW,0.9899543067689512,5,203.7928916454316
15,Eta15,Weather combined,Combined G + P pathway,Gaussian,With W,Combined Gaussian + W,E + W + GGK + PGK + GGKE + PGKE + GGKW + PGKW,"Gaussian combined genomic + phenomic + weather model with GGKE, PGKE, GGKW, and PGKW",GGK+PGK + W,GY,CV2,9,CS12_WS,0.9933969123298972,5,203.7928916454316
15,Eta15,Weather combined,Combined G + P pathway,Gaussian,With W,Combined Gaussian + W,E + W + GGK + PGK + GGKE + PGKE + GGKW + PGKW,"Gaussian combined genomic + phenomic + weather model with GGKE, PGKE, GGKW, and PGKW",GGK+PGK + W,GY,CV2,9,CS12_WW,0.9909595639742769,5,203.7928916454316
15,Eta15,Weather combined,Combined G + P pathway,Gaussian,With W,Combined Gaussian + W,E + W + GGK + PGK + GGKE + PGKE + GGKW + PGKW,"Gaussian combined genomic + phenomic + weather model with GGKE, PGKE, GGKW, and PGKW",GGK+PGK + W,GY,CV2,10,CS11_WS,0.9880256552148173,5,201.7754910469052
15,Eta15,Weather combined,Combined G + P pathway,Gaussian,With W,Combined Gaussian + W,E + W + GGK + PGK + GGKE + PGKE + GGKW + PGKW,"Gaussian combined genomic + phenomic + weather model with GGKE, PGKE, GGKW, and PGKW",GGK+PGK + W,GY,CV2,10,CS11_WW,0.9898016089017494,5,201.7754910469052
15,Eta15,Weather combined,Combined G + P pathway,Gaussian,With W,Combined Gaussian + W,E + W + GGK + PGK + GGKE + PGKE + GGKW + PGKW,"Gaussian combined genomic + phenomic + weather model with GGKE, PGKE, GGKW, and PGKW",GGK+PGK + W,GY,CV2,10,CS12_WS,0.9933345155271276,5,201.7754910469052
15,Eta15,Weather combined,Combined G + P pathway,Gaussian,With W,Combined Gaussian + W,E + W + GGK + PGK + GGKE + PGKE + GGKW + PGKW,"Gaussian combined genomic + phenomic + weather model with GGKE, PGKE, GGKW, and PGKW",GGK+PGK + W,GY,CV2,10,CS12_WW,0.9908561237672204,5,201.7754910469052
15,Eta15,Weather combined,Combined G + P pathway,Gaussian,With W,Combined Gaussian + W,E + W + GGK + PGK + GGKE + PGKE + GGKW + PGKW,"Gaussian combined genomic + phenomic + weather model with GGKE, PGKE, GGKW, and PGKW",GGK+PGK + W,KW,CV1,1,CS11_WS,0.6004938144389932,5,233.26671900749201
15,Eta15,Weather combined,Combined G + P pathway,Gaussian,With W,Combined Gaussian + W,E + W + GGK + PGK + GGKE + PGKE + GGKW + PGKW,"Gaussian combined genomic + phenomic + weather model with GGKE, PGKE, GGKW, and PGKW",GGK+PGK + W,KW,CV1,1,CS11_WW,0.6001428284708986,5,233.26671900749201
15,Eta15,Weather combined,Combined G + P pathway,Gaussian,With W,Combined Gaussian + W,E + W + GGK + PGK + GGKE + PGKE + GGKW + PGKW,"Gaussian combined genomic + phenomic + weather model with GGKE, PGKE, GGKW, and PGKW",GGK+PGK + W,KW,CV1,1,CS12_WS,0.641384559942324,5,233.26671900749201
15,Eta15,Weather combined,Combined G + P pathway,Gaussian,With W,Combined Gaussian + W,E + W + GGK + PGK + GGKE + PGKE + GGKW + PGKW,"Gaussian combined genomic + phenomic + weather model with GGKE, PGKE, GGKW, and PGKW",GGK+PGK + W,KW,CV1,1,CS12_WW,0.6554644229389852,5,233.26671900749201
15,Eta15,Weather combined,Combined G + P pathway,Gaussian,With W,Combined Gaussian + W,E + W + GGK + PGK + GGKE + PGKE + GGKW + PGKW,"Gaussian combined genomic + phenomic + weather model with GGKE, PGKE, GGKW, and PGKW",GGK+PGK + W,KW,CV1,2,CS11_WS,0.5709295379605039,5,202.8268422603608
15,Eta15,Weather combined,Combined G + P pathway,Gaussian,With W,Combined Gaussian + W,E + W + GGK + PGK + GGKE + PGKE + GGKW + PGKW,"Gaussian combined genomic + phenomic + weather model with GGKE, PGKE, GGKW, and PGKW",GGK+PGK + W,KW,CV1,2,CS11_WW,0.5736920705496044,5,202.8268422603608
15,Eta15,Weather combined,Combined G + P pathway,Gaussian,With W,Combined Gaussian + W,E + W + GGK + PGK + GGKE + PGKE + GGKW + PGKW,"Gaussian combined genomic + phenomic + weather model with GGKE, PGKE, GGKW, and PGKW",GGK+PGK + W,KW,CV1,2,CS12_WS,0.6065036889429872,5,202.8268422603608
15,Eta15,Weather combined,Combined G + P pathway,Gaussian,With W,Combined Gaussian + W,E + W + GGK + PGK + GGKE + PGKE + GGKW + PGKW,"Gaussian combined genomic + phenomic + weather model with GGKE, PGKE, GGKW, and PGKW",GGK+PGK + W,KW,CV1,2,CS12_WW,0.6153569785310206,5,202.8268422603608
15,Eta15,Weather combined,Combined G + P pathway,Gaussian,With W,Combined Gaussian + W,E + W + GGK + PGK + GGKE + PGKE + GGKW + PGKW,"Gaussian combined genomic + phenomic + weather model with GGKE, PGKE, GGKW, and PGKW",GGK+PGK + W,KW,CV1,3,CS11_WS,0.546804344061641,5,232.8663383960724
15,Eta15,Weather combined,Combined G + P pathway,Gaussian,With W,Combined Gaussian + W,E + W + GGK + PGK + GGKE + PGKE + GGKW + PGKW,"Gaussian combined genomic + phenomic + weather model with GGKE, PGKE, GGKW, and PGKW",GGK+PGK + W,KW,CV1,3,CS11_WW,0.5615332613679269,5,232.8663383960724
15,Eta15,Weather combined,Combined G + P pathway,Gaussian,With W,Combined Gaussian + W,E + W + GGK + PGK + GGKE + PGKE + GGKW + PGKW,"Gaussian combined genomic + phenomic + weather model with GGKE, PGKE, GGKW, and PGKW",GGK+PGK + W,KW,CV1,3,CS12_WS,0.6163158358230052,5,232.8663383960724
15,Eta15,Weather combined,Combined G + P pathway,Gaussian,With W,Combined Gaussian + W,E + W + GGK + PGK + GGKE + PGKE + GGKW + PGKW,"Gaussian combined genomic + phenomic + weather model with GGKE, PGKE, GGKW, and PGKW",GGK+PGK + W,KW,CV1,3,CS12_WW,0.591968218549717,5,232.8663383960724
15,Eta15,Weather combined,Combined G + P pathway,Gaussian,With W,Combined Gaussian + W,E + W + GGK + PGK + GGKE + PGKE + GGKW + PGKW,"Gaussian combined genomic + phenomic + weather model with GGKE, PGKE, GGKW, and PGKW",GGK+PGK + W,KW,CV1,4,CS11_WS,0.550597861092759,5,237.2369287967682
15,Eta15,Weather combined,Combined G + P pathway,Gaussian,With W,Combined Gaussian + W,E + W + GGK + PGK + GGKE + PGKE + GGKW + PGKW,"Gaussian combined genomic + phenomic + weather model with GGKE, PGKE, GGKW, and PGKW",GGK+PGK + W,KW,CV1,4,CS11_WW,0.5581925208383193,5,237.2369287967682
15,Eta15,Weather combined,Combined G + P pathway,Gaussian,With W,Combined Gaussian + W,E + W + GGK + PGK + GGKE + PGKE + GGKW + PGKW,"Gaussian combined genomic + phenomic + weather model with GGKE, PGKE, GGKW, and PGKW",GGK+PGK + W,KW,CV1,4,CS12_WS,0.594701401904552,5,237.2369287967682
15,Eta15,Weather combined,Combined G + P pathway,Gaussian,With W,Combined Gaussian + W,E + W + GGK + PGK + GGKE + PGKE + GGKW + PGKW,"Gaussian combined genomic + phenomic + weather model with GGKE, PGKE, GGKW, and PGKW",GGK+PGK + W,KW,CV1,4,CS12_WW,0.6291053066795912,5,237.2369287967682
15,Eta15,Weather combined,Combined G + P pathway,Gaussian,With W,Combined Gaussian + W,E + W + GGK + PGK + GGKE + PGKE + GGKW + PGKW,"Gaussian combined genomic + phenomic + weather model with GGKE, PGKE, GGKW, and PGKW",GGK+PGK + W,KW,CV1,5,CS11_WS,0.5889246240015605,5,203.6224488735198
15,Eta15,Weather combined,Combined G + P pathway,Gaussian,With W,Combined Gaussian + W,E + W + GGK + PGK + GGKE + PGKE + GGKW + PGKW,"Gaussian combined genomic + phenomic + weather model with GGKE, PGKE, GGKW, and PGKW",GGK+PGK + W,KW,CV1,5,CS11_WW,0.5874372355010931,5,203.6224488735198
15,Eta15,Weather combined,Combined G + P pathway,Gaussian,With W,Combined Gaussian + W,E + W + GGK + PGK + GGKE + PGKE + GGKW + PGKW,"Gaussian combined genomic + phenomic + weather model with GGKE, PGKE, GGKW, and PGKW",GGK+PGK + W,KW,CV1,5,CS12_WS,0.6360432986626386,5,203.6224488735198
15,Eta15,Weather combined,Combined G + P pathway,Gaussian,With W,Combined Gaussian + W,E + W + GGK + PGK + GGKE + PGKE + GGKW + PGKW,"Gaussian combined genomic + phenomic + weather model with GGKE, PGKE, GGKW, and PGKW",GGK+PGK + W,KW,CV1,5,CS12_WW,0.6417645010313684,5,203.6224488735198
15,Eta15,Weather combined,Combined G + P pathway,Gaussian,With W,Combined Gaussian + W,E + W + GGK + PGK + GGKE + PGKE + GGKW + PGKW,"Gaussian combined genomic + phenomic + weather model with GGKE, PGKE, GGKW, and PGKW",GGK+PGK + W,KW,CV1,6,CS11_WS,0.5877246973589403,5,200.404434633255
15,Eta15,Weather combined,Combined G + P pathway,Gaussian,With W,Combined Gaussian + W,E + W + GGK + PGK + GGKE + PGKE + GGKW + PGKW,"Gaussian combined genomic + phenomic + weather model with GGKE, PGKE, GGKW, and PGKW",GGK+PGK + W,KW,CV1,6,CS11_WW,0.567629839860278,5,200.404434633255
15,Eta15,Weather combined,Combined G + P pathway,Gaussian,With W,Combined Gaussian + W,E + W + GGK + PGK + GGKE + PGKE + GGKW + PGKW,"Gaussian combined genomic + phenomic + weather model with GGKE, PGKE, GGKW, and PGKW",GGK+PGK + W,KW,CV1,6,CS12_WS,0.61020164857661785,5,200.404434633255
15,Eta15,Weather combined,Combined G + P pathway,Gaussian,With W,Combined Gaussian + W,E + W + GGK + PGK + GGKE + PGKE + GGKW + PGKW,"Gaussian combined genomic + phenomic + weather model with GGKE, PGKE, GGKW, and PGKW",GGK+PGK + W,KW,CV1,6,CS12_WW,0.644870639333717,5,200.404434633255
15,Eta15,Weather combined,Combined G + P pathway,Gaussian,With W,Combined Gaussian + W,E + W + GGK + PGK + GGKE + PGKE + GGKW + PGKW,"Gaussian combined genomic + phenomic + weather model with GGKE, PGKE, GGKW, and PGKW",GGK+PGK + W,KW,CV1,7,CS11_WS,0.5622921622675242,5,199.7368617534638
15,Eta15,Weather combined,Combined G + P pathway,Gaussian,With W,Combined Gaussian + W,E + W + GGK + PGK + GGKE + PGKE + GGKW + PGKW,"Gaussian combined genomic + phenomic + weather model with GGKE, PGKE, GGKW, and PGKW",GGK+PGK + W,KW,CV1,7,CS11_WW,0.5604194772884125,5,199.7368617534638
15,Eta15,Weather combined,Combined G + P pathway,Gaussian,With W,Combined Gaussian + W,E + W + GGK + PGK + GGKE + PGKE + GGKW + PGKW,"Gaussian combined genomic + phenomic + weather model with GGKE, PGKE, GGKW, and PGKW",GGK+PGK + W,KW,CV1,7,CS12_WS,0.6097558054150107,5,199.7368617534638
15,Eta15,Weather combined,Combined G + P pathway,Gaussian,With W,Combined Gaussian + W,E + W + GGK + PGK + GGKE + PGKE + GGKW + PGKW,"Gaussian combined genomic + phenomic + weather model with GGKE, PGKE, GGKW, and PGKW",GGK+PGK + W,KW,CV1,7,CS12_WW,0.5906236988467974,5,199.7368617534638
15,Eta15,Weather combined,Combined G + P pathway,Gaussian,With W,Combined Gaussian + W,E + W + GGK + PGK + GGKE + PGKE + GGKW + PGKW,"Gaussian combined genomic + phenomic + weather model with GGKE, PGKE, GGKW, and PGKW",GGK+PGK + W,KW,CV1,8,CS11_WS,0.5849140436165465,5,237.2415985107422
15,Eta15,Weather combined,Combined G + P pathway,Gaussian,With W,Combined Gaussian + W,E + W + GGK + PGK + GGKE + PGKE + GGKW + PGKW,"Gaussian combined genomic + phenomic + weather model with GGKE, PGKE, GGKW, and PGKW",GGK+PGK + W,KW,CV1,8,CS11_WW,0.5762562648212353,5,237.2415985107422
15,Eta15,Weather combined,Combined G + P pathway,Gaussian,With W,Combined Gaussian + W,E + W + GGK + PGK + GGKE + PGKE + GGKW + PGKW,"Gaussian combined genomic + phenomic + weather model with GGKE, PGKE, GGKW, and PGKW",GGK+PGK + W,KW,CV1,8,CS12_WS,0.6262338913249603,5,237.2415985107422
15,Eta15,Weather combined,Combined G + P pathway,Gaussian,With W,Combined Gaussian + W,E + W + GGK + PGK + GGKE + PGKE + GGKW + PGKW,"Gaussian combined genomic + phenomic + weather model with GGKE, PGKE, GGKW, and PGKW",GGK+PGK + W,KW,CV1,8,CS12_WW,0.626650374276021,5,237.2415985107422
15,Eta15,Weather combined,Combined G + P pathway,Gaussian,With W,Combined Gaussian + W,E + W + GGK + PGK + GGKE + PGKE + GGKW + PGKW,"Gaussian combined genomic + phenomic + weather model with GGKE, PGKE, GGKW, and PGKW",GGK+PGK + W,KW,CV1,9,CS11_WS,0.5862806363684668,5,192.2254017829894
15,Eta15,Weather combined,Combined G + P pathway,Gaussian,With W,Combined Gaussian + W,E + W + GGK + PGK + GGKE + PGKE + GGKW + PGKW,"Gaussian combined genomic + phenomic + weather model with GGKE, PGKE, GGKW, and PGKW",GGK+PGK + W,KW,CV1,9,CS11_WW,0.574967209719186,5,192.2254017829894
15,Eta15,Weather combined,Combined G + P pathway,Gaussian,With W,Combined Gaussian + W,E + W + GGK + PGK + GGKE + PGKE + GGKW + PGKW,"Gaussian combined genomic + phenomic + weather model with GGKE, PGKE, GGKW, and PGKW",GGK+PGK + W,KW,CV1,9,CS12_WS,0.6016275495385501,5,192.2254017829894
15,Eta15,Weather combined,Combined G + P pathway,Gaussian,With W,Combined Gaussian + W,E + W + GGK + PGK + GGKE + PGKE + GGKW + PGKW,"Gaussian combined genomic + phenomic + weather model with GGKE, PGKE, GGKW, and PGKW",GGK+PGK + W,KW,CV1,9,CS12_WW,0.5799618055961008,5,192.2254017829894
15,Eta15,Weather combined,Combined G + P pathway,Gaussian,With W,Combined Gaussian + W,E + W + GGK + PGK + GGKE + PGKE + GGKW + PGKW,"Gaussian combined genomic + phenomic + weather model with GGKE, PGKE, GGKW, and PGKW",GGK+PGK + W,KW,CV1,10,CS11_WS,0.5428311210817758,5,133.60087742805462
15,Eta15,Weather combined,Combined G + P pathway,Gaussian,With W,Combined Gaussian + W,E + W + GGK + PGK + GGKE + PGKE + GGKW + PGKW,"Gaussian combined genomic + phenomic + weather model with GGKE, PGKE, GGKW, and PGKW",GGK+PGK + W,KW,CV1,10,CS11_WW,0.5583540064356229,5,133.60087742805462
15,Eta15,Weather combined,Combined G + P pathway,Gaussian,With W,Combined Gaussian + W,E + W + GGK + PGK + GGKE + PGKE + GGKW + PGKW,"Gaussian combined genomic + phenomic + weather model with GGKE, PGKE, GGKW, and PGKW",GGK+PGK + W,KW,CV1,10,CS12_WS,0.6173848969759755,5,133.60087742805462
15,Eta15,Weather combined,Combined G + P pathway,Gaussian,With W,Combined Gaussian + W,E + W + GGK + PGK + GGKE + PGKE + GGKW + PGKW,"Gaussian combined genomic + phenomic + weather model with GGKE, PGKE, GGKW, and PGKW",GGK+PGK + W,KW,CV1,10,CS12_WW,0.6092952956263187,5,133.60087742805462
15,Eta15,Weather combined,Combined G + P pathway,Gaussian,With W,Combined Gaussian + W,E + W + GGK + PGK + GGKE + PGKE + GGKW + PGKW,"Gaussian combined genomic + phenomic + weather model with GGKE, PGKE, GGKW, and PGKW",GGK+PGK + W,KW,CV2,1,CS11_WS,0.9951483288214904,5,233.26671900749201
15,Eta15,Weather combined,Combined G + P pathway,Gaussian,With W,Combined Gaussian + W,E + W + GGK + PGK + GGKE + PGKE + GGKW + PGKW,"Gaussian combined genomic + phenomic + weather model with GGKE, PGKE, GGKW, and PGKW",GGK+PGK + W,KW,CV2,1,CS11_WW,0.9913098325527365,5,233.26671900749201
15,Eta15,Weather combined,Combined G + P pathway,Gaussian,With W,Combined Gaussian + W,E + W + GGK + PGK + GGKE + PGKE + GGKW + PGKW,"Gaussian combined genomic + phenomic + weather model with GGKE, PGKE, GGKW, and PGKW",GGK+PGK + W,KW,CV2,1,CS12_WS,0.9949974467565472,5,233.26671900749201
15,Eta15,Weather combined,Combined G + P pathway,Gaussian,With W,Combined Gaussian + W,E + W + GGK + PGK + GGKE + PGKE + GGKW + PGKW,"Gaussian combined genomic + phenomic + weather model with GGKE, PGKE, GGKW, and PGKW",GGK+PGK + W,KW,CV2,1,CS12_WW,0.9950497746907988,5,233.26671900749201
15,Eta15,Weather combined,Combined G + P pathway,Gaussian,With W,Combined Gaussian + W,E + W + GGK + PGK + GGKE + PGKE + GGKW + PGKW,"Gaussian combined genomic + phenomic + weather model with GGKE, PGKE, GGKW, and PGKW",GGK+PGK + W,KW,CV2,2,CS11_WS,0.9951301273426024,5,202.8268422603608
15,Eta15,Weather combined,Combined G + P pathway,Gaussian,With W,Combined Gaussian + W,E + W + GGK + PGK + GGKE + PGKE + GGKW + PGKW,"Gaussian combined genomic + phenomic + weather model with GGKE, PGKE, GGKW, and PGKW",GGK+PGK + W,KW,CV2,2,CS11_WW,0.9914203803112434,5,202.8268422603608
15,Eta15,Weather combined,Combined G + P pathway,Gaussian,With W,Combined Gaussian + W,E + W + GGK + PGK + GGKE + PGKE + GGKW + PGKW,"Gaussian combined genomic + phenomic + weather model with GGKE, PGKE, GGKW, and PGKW",GGK+PGK + W,KW,CV2,2,CS12_WS,0.9951105828347713,5,202.8268422603608
15,Eta15,Weather combined,Combined G + P pathway,Gaussian,With W,Combined Gaussian + W,E + W + GGK + PGK + GGKE + PGKE + GGKW + PGKW,"Gaussian combined genomic + phenomic + weather model with GGKE, PGKE, GGKW, and PGKW",GGK+PGK + W,KW,CV2,2,CS12_WW,0.9951519022950404,5,202.8268422603608
15,Eta15,Weather combined,Combined G + P pathway,Gaussian,With W,Combined Gaussian + W,E + W + GGK + PGK + GGKE + PGKE + GGKW + PGKW,"Gaussian combined genomic + phenomic + weather model with GGKE, PGKE, GGKW, and PGKW",GGK+PGK + W,KW,CV2,3,CS11_WS,0.9952038508527596,5,232.8663383960724
15,Eta15,Weather combined,Combined G + P pathway,Gaussian,With W,Combined Gaussian + W,E + W + GGK + PGK + GGKE + PGKE + GGKW + PGKW,"Gaussian combined genomic + phenomic + weather model with GGKE, PGKE, GGKW, and PGKW",GGK+PGK + W,KW,CV2,3,CS11_WW,0.9912853137174705,5,232.8663383960724
15,Eta15,Weather combined,Combined G + P pathway,Gaussian,With W,Combined Gaussian + W,E + W + GGK + PGK + GGKE + PGKE + GGKW + PGKW,"Gaussian combined genomic + phenomic + weather model with GGKE, PGKE, GGKW, and PGKW",GGK+PGK + W,KW,CV2,3,CS12_WS,0.9950909037783685,5,232.8663383960724
15,Eta15,Weather combined,Combined G + P pathway,Gaussian,With W,Combined Gaussian + W,E + W + GGK + PGK + GGKE + PGKE + GGKW + PGKW,"Gaussian combined genomic + phenomic + weather model with GGKE, PGKE, GGKW, and PGKW",GGK+PGK + W,KW,CV2,3,CS12_WW,0.995138853005835,5,232.8663383960724
15,Eta15,Weather combined,Combined G + P pathway,Gaussian,With W,Combined Gaussian + W,E + W + GGK + PGK + GGKE + PGKE + GGKW + PGKW,"Gaussian combined genomic + phenomic + weather model with GGKE, PGKE, GGKW, and PGKW",GGK+PGK + W,KW,CV2,4,CS11_WS,0.9951513127825418,5,237.2369287967682
15,Eta15,Weather combined,Combined G + P pathway,Gaussian,With W,Combined Gaussian + W,E + W + GGK + PGK + GGKE + PGKE + GGKW + PGKW,"Gaussian combined genomic + phenomic + weather model with GGKE, PGKE, GGKW, and PGKW",GGK+PGK + W,KW,CV2,4,CS11_WW,0.9912359089443573,5,237.2369287967682
15,Eta15,Weather combined,Combined G + P pathway,Gaussian,With W,Combined Gaussian + W,E + W + GGK + PGK + GGKE + PGKE + GGKW + PGKW,"Gaussian combined genomic + phenomic + weather model with GGKE, PGKE, GGKW, and PGKW",GGK+PGK + W,KW,CV2,4,CS12_WS,0.9949986381708197,5,237.2369287967682
15,Eta15,Weather combined,Combined G + P pathway,Gaussian,With W,Combined Gaussian + W,E + W + GGK + PGK + GGKE + PGKE + GGKW + PGKW,"Gaussian combined genomic + phenomic + weather model with GGKE, PGKE, GGKW, and PGKW",GGK+PGK + W,KW,CV2,4,CS12_WW,0.995085184990687,5,237.2369287967682
15,Eta15,Weather combined,Combined G + P pathway,Gaussian,With W,Combined Gaussian + W,E + W + GGK + PGK + GGKE + PGKE + GGKW + PGKW,"Gaussian combined genomic + phenomic + weather model with GGKE, PGKE, GGKW, and PGKW",GGK+PGK + W,KW,CV2,5,CS11_WS,0.9951699550175596,5,203.6224488735198
15,Eta15,Weather combined,Combined G + P pathway,Gaussian,With W,Combined Gaussian + W,E + W + GGK + PGK + GGKE + PGKE + GGKW + PGKW,"Gaussian combined genomic + phenomic + weather model with GGKE, PGKE, GGKW, and PGKW",GGK+PGK + W,KW,CV2,5,CS11_WW,0.991502925390342,5,203.6224488735198
15,Eta15,Weather combined,Combined G + P pathway,Gaussian,With W,Combined Gaussian + W,E + W + GGK + PGK + GGKE + PGKE + GGKW + PGKW,"Gaussian combined genomic + phenomic + weather model with GGKE, PGKE, GGKW, and PGKW",GGK+PGK + W,KW,CV2,5,CS12_WS,0.9950864416197837,5,203.6224488735198
15,Eta15,Weather combined,Combined G + P pathway,Gaussian,With W,Combined Gaussian + W,E + W + GGK + PGK + GGKE + PGKE + GGKW + PGKW,"Gaussian combined genomic + phenomic + weather model with GGKE, PGKE, GGKW, and PGKW",GGK+PGK + W,KW,CV2,5,CS12_WW,0.9951583025817644,5,203.6224488735198
15,Eta15,Weather combined,Combined G + P pathway,Gaussian,With W,Combined Gaussian + W,E + W + GGK + PGK + GGKE + PGKE + GGKW + PGKW,"Gaussian combined genomic + phenomic + weather model with GGKE, PGKE, GGKW, and PGKW",GGK+PGK + W,KW,CV2,6,CS11_WS,0.9951818660028111,5,200.404434633255
15,Eta15,Weather combined,Combined G + P pathway,Gaussian,With W,Combined Gaussian + W,E + W + GGK + PGK + GGKE + PGKE + GGKW + PGKW,"Gaussian combined genomic + phenomic + weather model with GGKE, PGKE, GGKW, and PGKW",GGK+PGK + W,KW,CV2,6,CS11_WW,0.9913420925351097,5,200.404434633255
15,Eta15,Weather combined,Combined G + P pathway,Gaussian,With W,Combined Gaussian + W,E + W + GGK + PGK + GGKE + PGKE + GGKW + PGKW,"Gaussian combined genomic + phenomic + weather model with GGKE, PGKE, GGKW, and PGKW",GGK+PGK + W,KW,CV2,6,CS12_WS,0.9950100164206809,5,200.404434633255
15,Eta15,Weather combined,Combined G + P pathway,Gaussian,With W,Combined Gaussian + W,E + W + GGK + PGK + GGKE + PGKE + GGKW + PGKW,"Gaussian combined genomic + phenomic + weather model with GGKE, PGKE, GGKW, and PGKW",GGK+PGK + W,KW,CV2,6,CS12_WW,0.9951665747668373,5,200.404434633255
15,Eta15,Weather combined,Combined G + P pathway,Gaussian,With W,Combined Gaussian + W,E + W + GGK + PGK + GGKE + PGKE + GGKW + PGKW,"Gaussian combined genomic + phenomic + weather model with GGKE, PGKE, GGKW, and PGKW",GGK+PGK + W,KW,CV2,7,CS11_WS,0.995211775804686,5,199.7368617534638
15,Eta15,Weather combined,Combined G + P pathway,Gaussian,With W,Combined Gaussian + W,E + W + GGK + PGK + GGKE + PGKE + GGKW + PGKW,"Gaussian combined genomic + phenomic + weather model with GGKE, PGKE, GGKW, and PGKW",GGK+PGK + W,KW,CV2,7,CS11_WW,0.991351637849248,5,199.7368617534638
15,Eta15,Weather combined,Combined G + P pathway,Gaussian,With W,Combined Gaussian + W,E + W + GGK + PGK + GGKE + PGKE + GGKW + PGKW,"Gaussian combined genomic + phenomic + weather model with GGKE, PGKE, GGKW, and PGKW",GGK+PGK + W,KW,CV2,7,CS12_WS,0.9950804232546616,5,199.7368617534638
15,Eta15,Weather combined,Combined G + P pathway,Gaussian,With W,Combined Gaussian + W,E + W + GGK + PGK + GGKE + PGKE + GGKW + PGKW,"Gaussian combined genomic + phenomic + weather model with GGKE, PGKE, GGKW, and PGKW",GGK+PGK + W,KW,CV2,7,CS12_WW,0.9950835124615953,5,199.7368617534638
15,Eta15,Weather combined,Combined G + P pathway,Gaussian,With W,Combined Gaussian + W,E + W + GGK + PGK + GGKE + PGKE + GGKW + PGKW,"Gaussian combined genomic + phenomic + weather model with GGKE, PGKE, GGKW, and PGKW",GGK+PGK + W,KW,CV2,8,CS11_WS,0.9950902589780822,5,237.2415985107422
15,Eta15,Weather combined,Combined G + P pathway,Gaussian,With W,Combined Gaussian + W,E + W + GGK + PGK + GGKE + PGKE + GGKW + PGKW,"Gaussian combined genomic + phenomic + weather model with GGKE, PGKE, GGKW, and PGKW",GGK+PGK + W,KW,CV2,8,CS11_WW,0.9914565659689492,5,237.2415985107422
15,Eta15,Weather combined,Combined G + P pathway,Gaussian,With W,Combined Gaussian + W,E + W + GGK + PGK + GGKE + PGKE + GGKW + PGKW,"Gaussian combined genomic + phenomic + weather model with GGKE, PGKE, GGKW, and PGKW",GGK+PGK + W,KW,CV2,8,CS12_WS,0.9950556616721979,5,237.2415985107422
15,Eta15,Weather combined,Combined G + P pathway,Gaussian,With W,Combined Gaussian + W,E + W + GGK + PGK + GGKE + PGKE + GGKW + PGKW,"Gaussian combined genomic + phenomic + weather model with GGKE, PGKE, GGKW, and PGKW",GGK+PGK + W,KW,CV2,8,CS12_WW,0.9951949784127969,5,237.2415985107422
15,Eta15,Weather combined,Combined G + P pathway,Gaussian,With W,Combined Gaussian + W,E + W + GGK + PGK + GGKE + PGKE + GGKW + PGKW,"Gaussian combined genomic + phenomic + weather model with GGKE, PGKE, GGKW, and PGKW",GGK+PGK + W,KW,CV2,9,CS11_WS,0.995021986216889,5,192.2254017829894
15,Eta15,Weather combined,Combined G + P pathway,Gaussian,With W,Combined Gaussian + W,E + W + GGK + PGK + GGKE + PGKE + GGKW + PGKW,"Gaussian combined genomic + phenomic + weather model with GGKE, PGKE, GGKW, and PGKW",GGK+PGK + W,KW,CV2,9,CS11_WW,0.9912888444356099,5,192.2254017829894
15,Eta15,Weather combined,Combined G + P pathway,Gaussian,With W,Combined Gaussian + W,E + W + GGK + PGK + GGKE + PGKE + GGKW + PGKW,"Gaussian combined genomic + phenomic + weather model with GGKE, PGKE, GGKW, and PGKW",GGK+PGK + W,KW,CV2,9,CS12_WS,0.995070584781495,5,192.2254017829894
15,Eta15,Weather combined,Combined G + P pathway,Gaussian,With W,Combined Gaussian + W,E + W + GGK + PGK + GGKE + PGKE + GGKW + PGKW,"Gaussian combined genomic + phenomic + weather model with GGKE, PGKE, GGKW, and PGKW",GGK+PGK + W,KW,CV2,9,CS12_WW,0.9950934679145401,5,192.2254017829894
15,Eta15,Weather combined,Combined G + P pathway,Gaussian,With W,Combined Gaussian + W,E + W + GGK + PGK + GGKE + PGKE + GGKW + PGKW,"Gaussian combined genomic + phenomic + weather model with GGKE, PGKE, GGKW, and PGKW",GGK+PGK + W,KW,CV2,10,CS11_WS,0.9951201946879754,5,133.60087742805462
15,Eta15,Weather combined,Combined G + P pathway,Gaussian,With W,Combined Gaussian + W,E + W + GGK + PGK + GGKE + PGKE + GGKW + PGKW,"Gaussian combined genomic + phenomic + weather model with GGKE, PGKE, GGKW, and PGKW",GGK+PGK + W,KW,CV2,10,CS11_WW,0.9913192138200071,5,133.60087742805462
15,Eta15,Weather combined,Combined G + P pathway,Gaussian,With W,Combined Gaussian + W,E + W + GGK + PGK + GGKE + PGKE + GGKW + PGKW,"Gaussian combined genomic + phenomic + weather model with GGKE, PGKE, GGKW, and PGKW",GGK+PGK + W,KW,CV2,10,CS12_WS,0.9949933802558771,5,133.60087742805462
15,Eta15,Weather combined,Combined G + P pathway,Gaussian,With W,Combined Gaussian + W,E + W + GGK + PGK + GGKE + PGKE + GGKW + PGKW,"Gaussian combined genomic + phenomic + weather model with GGKE, PGKE, GGKW, and PGKW",GGK+PGK + W,KW,CV2,10,CS12_WW,0.9951531597004099,5,133.60087742805462
16,Eta16,Weather single-source,Genomic pathway,Arc-cosine,With W,Genomic arc-cosine + W,E + W + GAK + GAKE + GAKW,"Arc-cosine genomic-weather model with environment, weather, GAKE, and GAKW",GAK + W,GY,CV1,1,CS11_WS,0.7113802941126363,5,89.3500012397766
16,Eta16,Weather single-source,Genomic pathway,Arc-cosine,With W,Genomic arc-cosine + W,E + W + GAK + GAKE + GAKW,"Arc-cosine genomic-weather model with environment, weather, GAKE, and GAKW",GAK + W,GY,CV1,1,CS11_WW,0.7008182686241416,5,89.3500012397766
16,Eta16,Weather single-source,Genomic pathway,Arc-cosine,With W,Genomic arc-cosine + W,E + W + GAK + GAKE + GAKW,"Arc-cosine genomic-weather model with environment, weather, GAKE, and GAKW",GAK + W,GY,CV1,1,CS12_WS,0.6912905071275051,5,89.3500012397766
16,Eta16,Weather single-source,Genomic pathway,Arc-cosine,With W,Genomic arc-cosine + W,E + W + GAK + GAKE + GAKW,"Arc-cosine genomic-weather model with environment, weather, GAKE, and GAKW",GAK + W,GY,CV1,1,CS12_WW,0.6818582092446386,5,89.3500012397766
16,Eta16,Weather single-source,Genomic pathway,Arc-cosine,With W,Genomic arc-cosine + W,E + W + GAK + GAKE + GAKW,"Arc-cosine genomic-weather model with environment, weather, GAKE, and GAKW",GAK + W,GY,CV1,2,CS11_WS,0.7384481024880252,5,85.59037294387818
16,Eta16,Weather single-source,Genomic pathway,Arc-cosine,With W,Genomic arc-cosine + W,E + W + GAK + GAKE + GAKW,"Arc-cosine genomic-weather model with environment, weather, GAKE, and GAKW",GAK + W,GY,CV1,2,CS11_WW,0.7211505479812494,5,85.59037294387818
16,Eta16,Weather single-source,Genomic pathway,Arc-cosine,With W,Genomic arc-cosine + W,E + W + GAK + GAKE + GAKW,"Arc-cosine genomic-weather model with environment, weather, GAKE, and GAKW",GAK + W,GY,CV1,2,CS12_WS,0.6915665161067368,5,85.59037294387818
16,Eta16,Weather single-source,Genomic pathway,Arc-cosine,With W,Genomic arc-cosine + W,E + W + GAK + GAKE + GAKW,"Arc-cosine genomic-weather model with environment, weather, GAKE, and GAKW",GAK + W,GY,CV1,2,CS12_WW,0.6905602710311428,5,85.59037294387818
16,Eta16,Weather single-source,Genomic pathway,Arc-cosine,With W,Genomic arc-cosine + W,E + W + GAK + GAKE + GAKW,"Arc-cosine genomic-weather model with environment, weather, GAKE, and GAKW",GAK + W,GY,CV1,3,CS11_WS,0.728935425144348,5,85.96584615707395
16,Eta16,Weather single-source,Genomic pathway,Arc-cosine,With W,Genomic arc-cosine + W,E + W + GAK + GAKE + GAKW,"Arc-cosine genomic-weather model with environment, weather, GAKE, and GAKW",GAK + W,GY,CV1,3,CS11_WW,0.7452364688571151,5,85.96584615707395
16,Eta16,Weather single-source,Genomic pathway,Arc-cosine,With W,Genomic arc-cosine + W,E + W + GAK + GAKE + GAKW,"Arc-cosine genomic-weather model with environment, weather, GAKE, and GAKW",GAK + W,GY,CV1,3,CS12_WS,0.6989331163924806,5,85.96584615707395
16,Eta16,Weather single-source,Genomic pathway,Arc-cosine,With W,Genomic arc-cosine + W,E + W + GAK + GAKE + GAKW,"Arc-cosine genomic-weather model with environment, weather, GAKE, and GAKW",GAK + W,GY,CV1,3,CS12_WW,0.6998120778274466,5,85.96584615707395
16,Eta16,Weather single-source,Genomic pathway,Arc-cosine,With W,Genomic arc-cosine + W,E + W + GAK + GAKE + GAKW,"Arc-cosine genomic-weather model with environment, weather, GAKE, and GAKW",GAK + W,GY,CV1,4,CS11_WS,0.7498147727151856,5,98.55178341865542
16,Eta16,Weather single-source,Genomic pathway,Arc-cosine,With W,Genomic arc-cosine + W,E + W + GAK + GAKE + GAKW,"Arc-cosine genomic-weather model with environment, weather, GAKE, and GAKW",GAK + W,GY,CV1,4,CS11_WW,0.736614119705418,5,98.55178341865542
16,Eta16,Weather single-source,Genomic pathway,Arc-cosine,With W,Genomic arc-cosine + W,E + W + GAK + GAKE + GAKW,"Arc-cosine genomic-weather model with environment, weather, GAKE, and GAKW",GAK + W,GY,CV1,4,CS12_WS,0.7132944843080552,5,98.55178341865542
16,Eta16,Weather single-source,Genomic pathway,Arc-cosine,With W,Genomic arc-cosine + W,E + W + GAK + GAKE + GAKW,"Arc-cosine genomic-weather model with environment, weather, GAKE, and GAKW",GAK + W,GY,CV1,4,CS12_WW,0.6961982708346082,5,98.55178341865542
16,Eta16,Weather single-source,Genomic pathway,Arc-cosine,With W,Genomic arc-cosine + W,E + W + GAK + GAKE + GAKW,"Arc-cosine genomic-weather model with environment, weather, GAKE, and GAKW",GAK + W,GY,CV1,5,CS11_WS,0.7413356672087498,5,86.0189236164093
16,Eta16,Weather single-source,Genomic pathway,Arc-cosine,With W,Genomic arc-cosine + W,E + W + GAK + GAKE + GAKW,"Arc-cosine genomic-weather model with environment, weather, GAKE, and GAKW",GAK + W,GY,CV1,5,CS11_WW,0.7220955522121066,5,86.0189236164093
16,Eta16,Weather single-source,Genomic pathway,Arc-cosine,With W,Genomic arc-cosine + W,E + W + GAK + GAKE + GAKW,"Arc-cosine genomic-weather model with environment, weather, GAKE, and GAKW",GAK + W,GY,CV1,5,CS12_WS,0.7030419565538054,5,86.0189236164093
16,Eta16,Weather single-source,Genomic pathway,Arc-cosine,With W,Genomic arc-cosine + W,E + W + GAK + GAKE + GAKW,"Arc-cosine genomic-weather model with environment, weather, GAKE, and GAKW",GAK + W,GY,CV1,5,CS12_WW,0.7055038542439688,5,86.0189236164093
16,Eta16,Weather single-source,Genomic pathway,Arc-cosine,With W,Genomic arc-cosine + W,E + W + GAK + GAKE + GAKW,"Arc-cosine genomic-weather model with environment, weather, GAKE, and GAKW",GAK + W,GY,CV1,6,CS11_WS,0.7360492267128438,5,98.79722776412956
16,Eta16,Weather single-source,Genomic pathway,Arc-cosine,With W,Genomic arc-cosine + W,E + W + GAK + GAKE + GAKW,"Arc-cosine genomic-weather model with environment, weather, GAKE, and GAKW",GAK + W,GY,CV1,6,CS11_WW,0.7165998134026148,5,98.79722776412956
16,Eta16,Weather single-source,Genomic pathway,Arc-cosine,With W,Genomic arc-cosine + W,E + W + GAK + GAKE + GAKW,"Arc-cosine genomic-weather model with environment, weather, GAKE, and GAKW",GAK + W,GY,CV1,6,CS12_WS,0.6846682331530944,5,98.79722776412956
16,Eta16,Weather single-source,Genomic pathway,Arc-cosine,With W,Genomic arc-cosine + W,E + W + GAK + GAKE + GAKW,"Arc-cosine genomic-weather model with environment, weather, GAKE, and GAKW",GAK + W,GY,CV1,6,CS12_WW,0.689622465679393,5,98.79722776412956
16,Eta16,Weather single-source,Genomic pathway,Arc-cosine,With W,Genomic arc-cosine + W,E + W + GAK + GAKE + GAKW,"Arc-cosine genomic-weather model with environment, weather, GAKE, and GAKW",GAK + W,GY,CV1,7,CS11_WS,0.7417534433312161,5,86.37397541999816
16,Eta16,Weather single-source,Genomic pathway,Arc-cosine,With W,Genomic arc-cosine + W,E + W + GAK + GAKE + GAKW,"Arc-cosine genomic-weather model with environment, weather, GAKE, and GAKW",GAK + W,GY,CV1,7,CS11_WW,0.7305635350143331,5,86.37397541999816
16,Eta16,Weather single-source,Genomic pathway,Arc-cosine,With W,Genomic arc-cosine + W,E + W + GAK + GAKE + GAKW,"Arc-cosine genomic-weather model with environment, weather, GAKE, and GAKW",GAK + W,GY,CV1,7,CS12_WS,0.7090749974375216,5,86.37397541999816
16,Eta16,Weather single-source,Genomic pathway,Arc-cosine,With W,Genomic arc-cosine + W,E + W + GAK + GAKE + GAKW,"Arc-cosine genomic-weather model with environment, weather, GAKE, and GAKW",GAK + W,GY,CV1,7,CS12_WW,0.6931706246453186,5,86.37397541999816
16,Eta16,Weather single-source,Genomic pathway,Arc-cosine,With W,Genomic arc-cosine + W,E + W + GAK + GAKE + GAKW,"Arc-cosine genomic-weather model with environment, weather, GAKE, and GAKW",GAK + W,GY,CV1,8,CS11_WS,0.7376227957750412,5,85.95643057823182
16,Eta16,Weather single-source,Genomic pathway,Arc-cosine,With W,Genomic arc-cosine + W,E + W + GAK + GAKE + GAKW,"Arc-cosine genomic-weather model with environment, weather, GAKE, and GAKW",GAK + W,GY,CV1,8,CS11_WW,0.7367144716522713,5,85.95643057823182
16,Eta16,Weather single-source,Genomic pathway,Arc-cosine,With W,Genomic arc-cosine + W,E + W + GAK + GAKE + GAKW,"Arc-cosine genomic-weather model with environment, weather, GAKE, and GAKW",GAK + W,GY,CV1,8,CS12_WS,0.7048241157044046,5,85.95643057823182
16,Eta16,Weather single-source,Genomic pathway,Arc-cosine,With W,Genomic arc-cosine + W,E + W + GAK + GAKE + GAKW,"Arc-cosine genomic-weather model with environment, weather, GAKE, and GAKW",GAK + W,GY,CV1,8,CS12_WW,0.692114267888859,5,85.95643057823182
16,Eta16,Weather single-source,Genomic pathway,Arc-cosine,With W,Genomic arc-cosine + W,E + W + GAK + GAKE + GAKW,"Arc-cosine genomic-weather model with environment, weather, GAKE, and GAKW",GAK + W,GY,CV1,9,CS11_WS,0.7359313414032856,5,85.43296494483948
16,Eta16,Weather single-source,Genomic pathway,Arc-cosine,With W,Genomic arc-cosine + W,E + W + GAK + GAKE + GAKW,"Arc-cosine genomic-weather model with environment, weather, GAKE, and GAKW",GAK + W,GY,CV1,9,CS11_WW,0.7188561834706526,5,85.43296494483948
16,Eta16,Weather single-source,Genomic pathway,Arc-cosine,With W,Genomic arc-cosine + W,E + W + GAK + GAKE + GAKW,"Arc-cosine genomic-weather model with environment, weather, GAKE, and GAKW",GAK + W,GY,CV1,9,CS12_WS,0.6921255560336725,5,85.43296494483948
16,Eta16,Weather single-source,Genomic pathway,Arc-cosine,With W,Genomic arc-cosine + W,E + W + GAK + GAKE + GAKW,"Arc-cosine genomic-weather model with environment, weather, GAKE, and GAKW",GAK + W,GY,CV1,9,CS12_WW,0.6784267137749174,5,85.43296494483948
16,Eta16,Weather single-source,Genomic pathway,Arc-cosine,With W,Genomic arc-cosine + W,E + W + GAK + GAKE + GAKW,"Arc-cosine genomic-weather model with environment, weather, GAKE, and GAKW",GAK + W,GY,CV1,10,CS11_WS,0.7448413656157058,5,85.69504942893983
16,Eta16,Weather single-source,Genomic pathway,Arc-cosine,With W,Genomic arc-cosine + W,E + W + GAK + GAKE + GAKW,"Arc-cosine genomic-weather model with environment, weather, GAKE, and GAKW",GAK + W,GY,CV1,10,CS11_WW,0.7374641438331362,5,85.69504942893983
16,Eta16,Weather single-source,Genomic pathway,Arc-cosine,With W,Genomic arc-cosine + W,E + W + GAK + GAKE + GAKW,"Arc-cosine genomic-weather model with environment, weather, GAKE, and GAKW",GAK + W,GY,CV1,10,CS12_WS,0.7103223703285704,5,85.69504942893983
16,Eta16,Weather single-source,Genomic pathway,Arc-cosine,With W,Genomic arc-cosine + W,E + W + GAK + GAKE + GAKW,"Arc-cosine genomic-weather model with environment, weather, GAKE, and GAKW",GAK + W,GY,CV1,10,CS12_WW,0.6827209890050744,5,85.69504942893983
16,Eta16,Weather single-source,Genomic pathway,Arc-cosine,With W,Genomic arc-cosine + W,E + W + GAK + GAKE + GAKW,"Arc-cosine genomic-weather model with environment, weather, GAKE, and GAKW",GAK + W,GY,CV2,1,CS11_WS,0.9600367207381041,5,89.3500012397766
16,Eta16,Weather single-source,Genomic pathway,Arc-cosine,With W,Genomic arc-cosine + W,E + W + GAK + GAKE + GAKW,"Arc-cosine genomic-weather model with environment, weather, GAKE, and GAKW",GAK + W,GY,CV2,1,CS11_WW,0.9611626419016132,5,89.3500012397766
16,Eta16,Weather single-source,Genomic pathway,Arc-cosine,With W,Genomic arc-cosine + W,E + W + GAK + GAKE + GAKW,"Arc-cosine genomic-weather model with environment, weather, GAKE, and GAKW",GAK + W,GY,CV2,1,CS12_WS,0.9829035303144215,5,89.3500012397766
16,Eta16,Weather single-source,Genomic pathway,Arc-cosine,With W,Genomic arc-cosine + W,E + W + GAK + GAKE + GAKW,"Arc-cosine genomic-weather model with environment, weather, GAKE, and GAKW",GAK + W,GY,CV2,1,CS12_WW,0.9654671076149386,5,89.3500012397766
16,Eta16,Weather single-source,Genomic pathway,Arc-cosine,With W,Genomic arc-cosine + W,E + W + GAK + GAKE + GAKW,"Arc-cosine genomic-weather model with environment, weather, GAKE, and GAKW",GAK + W,GY,CV2,2,CS11_WS,0.9609629111757838,5,85.59037294387818
16,Eta16,Weather single-source,Genomic pathway,Arc-cosine,With W,Genomic arc-cosine + W,E + W + GAK + GAKE + GAKW,"Arc-cosine genomic-weather model with environment, weather, GAKE, and GAKW",GAK + W,GY,CV2,2,CS11_WW,0.9614258849730695,5,85.59037294387818
16,Eta16,Weather single-source,Genomic pathway,Arc-cosine,With W,Genomic arc-cosine + W,E + W + GAK + GAKE + GAKW,"Arc-cosine genomic-weather model with environment, weather, GAKE, and GAKW",GAK + W,GY,CV2,2,CS12_WS,0.9831319385699484,5,85.59037294387818
16,Eta16,Weather single-source,Genomic pathway,Arc-cosine,With W,Genomic arc-cosine + W,E + W + GAK + GAKE + GAKW,"Arc-cosine genomic-weather model with environment, weather, GAKE, and GAKW",GAK + W,GY,CV2,2,CS12_WW,0.9659418463026913,5,85.59037294387818
16,Eta16,Weather single-source,Genomic pathway,Arc-cosine,With W,Genomic arc-cosine + W,E + W + GAK + GAKE + GAKW,"Arc-cosine genomic-weather model with environment, weather, GAKE, and GAKW",GAK + W,GY,CV2,3,CS11_WS,0.9595914580516973,5,85.96584615707395
16,Eta16,Weather single-source,Genomic pathway,Arc-cosine,With W,Genomic arc-cosine + W,E + W + GAK + GAKE + GAKW,"Arc-cosine genomic-weather model with environment, weather, GAKE, and GAKW",GAK + W,GY,CV2,3,CS11_WW,0.9613426941582018,5,85.96584615707395
16,Eta16,Weather single-source,Genomic pathway,Arc-cosine,With W,Genomic arc-cosine + W,E + W + GAK + GAKE + GAKW,"Arc-cosine genomic-weather model with environment, weather, GAKE, and GAKW",GAK + W,GY,CV2,3,CS12_WS,0.9827935941238379,5,85.96584615707395
16,Eta16,Weather single-source,Genomic pathway,Arc-cosine,With W,Genomic arc-cosine + W,E + W + GAK + GAKE + GAKW,"Arc-cosine genomic-weather model with environment, weather, GAKE, and GAKW",GAK + W,GY,CV2,3,CS12_WW,0.9655218493227199,5,85.96584615707395
16,Eta16,Weather single-source,Genomic pathway,Arc-cosine,With W,Genomic arc-cosine + W,E + W + GAK + GAKE + GAKW,"Arc-cosine genomic-weather model with environment, weather, GAKE, and GAKW",GAK + W,GY,CV2,4,CS11_WS,0.960839155620872,5,98.55178341865542
16,Eta16,Weather single-source,Genomic pathway,Arc-cosine,With W,Genomic arc-cosine + W,E + W + GAK + GAKE + GAKW,"Arc-cosine genomic-weather model with environment, weather, GAKE, and GAKW",GAK + W,GY,CV2,4,CS11_WW,0.9618257650222187,5,98.55178341865542
16,Eta16,Weather single-source,Genomic pathway,Arc-cosine,With W,Genomic arc-cosine + W,E + W + GAK + GAKE + GAKW,"Arc-cosine genomic-weather model with environment, weather, GAKE, and GAKW",GAK + W,GY,CV2,4,CS12_WS,0.9831708277503447,5,98.55178341865542
16,Eta16,Weather single-source,Genomic pathway,Arc-cosine,With W,Genomic arc-cosine + W,E + W + GAK + GAKE + GAKW,"Arc-cosine genomic-weather model with environment, weather, GAKE, and GAKW",GAK + W,GY,CV2,4,CS12_WW,0.9663082827358684,5,98.55178341865542
16,Eta16,Weather single-source,Genomic pathway,Arc-cosine,With W,Genomic arc-cosine + W,E + W + GAK + GAKE + GAKW,"Arc-cosine genomic-weather model with environment, weather, GAKE, and GAKW",GAK + W,GY,CV2,5,CS11_WS,0.9603447804286228,5,86.0189236164093
16,Eta16,Weather single-source,Genomic pathway,Arc-cosine,With W,Genomic arc-cosine + W,E + W + GAK + GAKE + GAKW,"Arc-cosine genomic-weather model with environment, weather, GAKE, and GAKW",GAK + W,GY,CV2,5,CS11_WW,0.9603770331776553,5,86.0189236164093
16,Eta16,Weather single-source,Genomic pathway,Arc-cosine,With W,Genomic arc-cosine + W,E + W + GAK + GAKE + GAKW,"Arc-cosine genomic-weather model with environment, weather, GAKE, and GAKW",GAK + W,GY,CV2,5,CS12_WS,0.9827196210209266,5,86.0189236164093
16,Eta16,Weather single-source,Genomic pathway,Arc-cosine,With W,Genomic arc-cosine + W,E + W + GAK + GAKE + GAKW,"Arc-cosine genomic-weather model with environment, weather, GAKE, and GAKW",GAK + W,GY,CV2,5,CS12_WW,0.965431750965015,5,86.0189236164093
16,Eta16,Weather single-source,Genomic pathway,Arc-cosine,With W,Genomic arc-cosine + W,E + W + GAK + GAKE + GAKW,"Arc-cosine genomic-weather model with environment, weather, GAKE, and GAKW",GAK + W,GY,CV2,6,CS11_WS,0.960419060347754,5,98.79722776412956
16,Eta16,Weather single-source,Genomic pathway,Arc-cosine,With W,Genomic arc-cosine + W,E + W + GAK + GAKE + GAKW,"Arc-cosine genomic-weather model with environment, weather, GAKE, and GAKW",GAK + W,GY,CV2,6,CS11_WW,0.9617082930280614,5,98.79722776412956
16,Eta16,Weather single-source,Genomic pathway,Arc-cosine,With W,Genomic arc-cosine + W,E + W + GAK + GAKE + GAKW,"Arc-cosine genomic-weather model with environment, weather, GAKE, and GAKW",GAK + W,GY,CV2,6,CS12_WS,0.9831198175244596,5,98.79722776412956
16,Eta16,Weather single-source,Genomic pathway,Arc-cosine,With W,Genomic arc-cosine + W,E + W + GAK + GAKE + GAKW,"Arc-cosine genomic-weather model with environment, weather, GAKE, and GAKW",GAK + W,GY,CV2,6,CS12_WW,0.9661446981655939,5,98.79722776412956
16,Eta16,Weather single-source,Genomic pathway,Arc-cosine,With W,Genomic arc-cosine + W,E + W + GAK + GAKE + GAKW,"Arc-cosine genomic-weather model with environment, weather, GAKE, and GAKW",GAK + W,GY,CV2,7,CS11_WS,0.9603161150131676,5,86.37397541999816
16,Eta16,Weather single-source,Genomic pathway,Arc-cosine,With W,Genomic arc-cosine + W,E + W + GAK + GAKE + GAKW,"Arc-cosine genomic-weather model with environment, weather, GAKE, and GAKW",GAK + W,GY,CV2,7,CS11_WW,0.9610158725207099,5,86.37397541999816
16,Eta16,Weather single-source,Genomic pathway,Arc-cosine,With W,Genomic arc-cosine + W,E + W + GAK + GAKE + GAKW,"Arc-cosine genomic-weather model with environment, weather, GAKE, and GAKW",GAK + W,GY,CV2,7,CS12_WS,0.9829482888388327,5,86.37397541999816
16,Eta16,Weather single-source,Genomic pathway,Arc-cosine,With W,Genomic arc-cosine + W,E + W + GAK + GAKE + GAKW,"Arc-cosine genomic-weather model with environment, weather, GAKE, and GAKW",GAK + W,GY,CV2,7,CS12_WW,0.9654250922512503,5,86.37397541999816
16,Eta16,Weather single-source,Genomic pathway,Arc-cosine,With W,Genomic arc-cosine + W,E + W + GAK + GAKE + GAKW,"Arc-cosine genomic-weather model with environment, weather, GAKE, and GAKW",GAK + W,GY,CV2,8,CS11_WS,0.9610681568154913,5,85.95643057823182
16,Eta16,Weather single-source,Genomic pathway,Arc-cosine,With W,Genomic arc-cosine + W,E + W + GAK + GAKE + GAKW,"Arc-cosine genomic-weather model with environment, weather, GAKE, and GAKW",GAK + W,GY,CV2,8,CS11_WW,0.9627976651637692,5,85.95643057823182
16,Eta16,Weather single-source,Genomic pathway,Arc-cosine,With W,Genomic arc-cosine + W,E + W + GAK + GAKE + GAKW,"Arc-cosine genomic-weather model with environment, weather, GAKE, and GAKW",GAK + W,GY,CV2,8,CS12_WS,0.9832537434101187,5,85.95643057823182
16,Eta16,Weather single-source,Genomic pathway,Arc-cosine,With W,Genomic arc-cosine + W,E + W + GAK + GAKE + GAKW,"Arc-cosine genomic-weather model with environment, weather, GAKE, and GAKW",GAK + W,GY,CV2,8,CS12_WW,0.9664298130869893,5,85.95643057823182
16,Eta16,Weather single-source,Genomic pathway,Arc-cosine,With W,Genomic arc-cosine + W,E + W + GAK + GAKE + GAKW,"Arc-cosine genomic-weather model with environment, weather, GAKE, and GAKW",GAK + W,GY,CV2,9,CS11_WS,0.9609305768769607,5,85.43296494483948
16,Eta16,Weather single-source,Genomic pathway,Arc-cosine,With W,Genomic arc-cosine + W,E + W + GAK + GAKE + GAKW,"Arc-cosine genomic-weather model with environment, weather, GAKE, and GAKW",GAK + W,GY,CV2,9,CS11_WW,0.9618773031477609,5,85.43296494483948
16,Eta16,Weather single-source,Genomic pathway,Arc-cosine,With W,Genomic arc-cosine + W,E + W + GAK + GAKE + GAKW,"Arc-cosine genomic-weather model with environment, weather, GAKE, and GAKW",GAK + W,GY,CV2,9,CS12_WS,0.9831201961575419,5,85.43296494483948
16,Eta16,Weather single-source,Genomic pathway,Arc-cosine,With W,Genomic arc-cosine + W,E + W + GAK + GAKE + GAKW,"Arc-cosine genomic-weather model with environment, weather, GAKE, and GAKW",GAK + W,GY,CV2,9,CS12_WW,0.9661657504903698,5,85.43296494483948
16,Eta16,Weather single-source,Genomic pathway,Arc-cosine,With W,Genomic arc-cosine + W,E + W + GAK + GAKE + GAKW,"Arc-cosine genomic-weather model with environment, weather, GAKE, and GAKW",GAK + W,GY,CV2,10,CS11_WS,0.960358525148308,5,85.69504942893983
16,Eta16,Weather single-source,Genomic pathway,Arc-cosine,With W,Genomic arc-cosine + W,E + W + GAK + GAKE + GAKW,"Arc-cosine genomic-weather model with environment, weather, GAKE, and GAKW",GAK + W,GY,CV2,10,CS11_WW,0.9606561746697272,5,85.69504942893983
16,Eta16,Weather single-source,Genomic pathway,Arc-cosine,With W,Genomic arc-cosine + W,E + W + GAK + GAKE + GAKW,"Arc-cosine genomic-weather model with environment, weather, GAKE, and GAKW",GAK + W,GY,CV2,10,CS12_WS,0.9829431886397219,5,85.69504942893983
16,Eta16,Weather single-source,Genomic pathway,Arc-cosine,With W,Genomic arc-cosine + W,E + W + GAK + GAKE + GAKW,"Arc-cosine genomic-weather model with environment, weather, GAKE, and GAKW",GAK + W,GY,CV2,10,CS12_WW,0.9653795003494249,5,85.69504942893983
16,Eta16,Weather single-source,Genomic pathway,Arc-cosine,With W,Genomic arc-cosine + W,E + W + GAK + GAKE + GAKW,"Arc-cosine genomic-weather model with environment, weather, GAKE, and GAKW",GAK + W,KW,CV1,1,CS11_WS,0.5420072643081284,5,98.9683219432832
16,Eta16,Weather single-source,Genomic pathway,Arc-cosine,With W,Genomic arc-cosine + W,E + W + GAK + GAKE + GAKW,"Arc-cosine genomic-weather model with environment, weather, GAKE, and GAKW",GAK + W,KW,CV1,1,CS11_WW,0.537357237042214,5,98.9683219432832
16,Eta16,Weather single-source,Genomic pathway,Arc-cosine,With W,Genomic arc-cosine + W,E + W + GAK + GAKE + GAKW,"Arc-cosine genomic-weather model with environment, weather, GAKE, and GAKW",GAK + W,KW,CV1,1,CS12_WS,0.576956603621909,5,98.9683219432832
16,Eta16,Weather single-source,Genomic pathway,Arc-cosine,With W,Genomic arc-cosine + W,E + W + GAK + GAKE + GAKW,"Arc-cosine genomic-weather model with environment, weather, GAKE, and GAKW",GAK + W,KW,CV1,1,CS12_WW,0.5909338888314446,5,98.9683219432832
16,Eta16,Weather single-source,Genomic pathway,Arc-cosine,With W,Genomic arc-cosine + W,E + W + GAK + GAKE + GAKW,"Arc-cosine genomic-weather model with environment, weather, GAKE, and GAKW",GAK + W,KW,CV1,2,CS11_WS,0.49920845198187547,5,98.48752918243405
16,Eta16,Weather single-source,Genomic pathway,Arc-cosine,With W,Genomic arc-cosine + W,E + W + GAK + GAKE + GAKW,"Arc-cosine genomic-weather model with environment, weather, GAKE, and GAKW",GAK + W,KW,CV1,2,CS11_WW,0.474348773414619,5,98.48752918243405
16,Eta16,Weather single-source,Genomic pathway,Arc-cosine,With W,Genomic arc-cosine + W,E + W + GAK + GAKE + GAKW,"Arc-cosine genomic-weather model with environment, weather, GAKE, and GAKW",GAK + W,KW,CV1,2,CS12_WS,0.5490019488574494,5,98.48752918243405
16,Eta16,Weather single-source,Genomic pathway,Arc-cosine,With W,Genomic arc-cosine + W,E + W + GAK + GAKE + GAKW,"Arc-cosine genomic-weather model with environment, weather, GAKE, and GAKW",GAK + W,KW,CV1,2,CS12_WW,0.5328162658689444,5,98.48752918243405
16,Eta16,Weather single-source,Genomic pathway,Arc-cosine,With W,Genomic arc-cosine + W,E + W + GAK + GAKE + GAKW,"Arc-cosine genomic-weather model with environment, weather, GAKE, and GAKW",GAK + W,KW,CV1,3,CS11_WS,0.552290516347436,5,86.21155285835263
16,Eta16,Weather single-source,Genomic pathway,Arc-cosine,With W,Genomic arc-cosine + W,E + W + GAK + GAKE + GAKW,"Arc-cosine genomic-weather model with environment, weather, GAKE, and GAKW",GAK + W,KW,CV1,3,CS11_WW,0.5315021402950173,5,86.21155285835263
16,Eta16,Weather single-source,Genomic pathway,Arc-cosine,With W,Genomic arc-cosine + W,E + W + GAK + GAKE + GAKW,"Arc-cosine genomic-weather model with environment, weather, GAKE, and GAKW",GAK + W,KW,CV1,3,CS12_WS,0.5794810956833646,5,86.21155285835263
16,Eta16,Weather single-source,Genomic pathway,Arc-cosine,With W,Genomic arc-cosine + W,E + W + GAK + GAKE + GAKW,"Arc-cosine genomic-weather model with environment, weather, GAKE, and GAKW",GAK + W,KW,CV1,3,CS12_WW,0.588178403673464,5,86.21155285835263
16,Eta16,Weather single-source,Genomic pathway,Arc-cosine,With W,Genomic arc-cosine + W,E + W + GAK + GAKE + GAKW,"Arc-cosine genomic-weather model with environment, weather, GAKE, and GAKW",GAK + W,KW,CV1,4,CS11_WS,0.5340353336539574,5,100.51414189338682
16,Eta16,Weather single-source,Genomic pathway,Arc-cosine,With W,Genomic arc-cosine + W,E + W + GAK + GAKE + GAKW,"Arc-cosine genomic-weather model with environment, weather, GAKE, and GAKW",GAK + W,KW,CV1,4,CS11_WW,0.5373206491814356,5,100.51414189338682
16,Eta16,Weather single-source,Genomic pathway,Arc-cosine,With W,Genomic arc-cosine + W,E + W + GAK + GAKE + GAKW,"Arc-cosine genomic-weather model with environment, weather, GAKE, and GAKW",GAK + W,KW,CV1,4,CS12_WS,0.5650097612203856,5,100.51414189338682
16,Eta16,Weather single-source,Genomic pathway,Arc-cosine,With W,Genomic arc-cosine + W,E + W + GAK + GAKE + GAKW,"Arc-cosine genomic-weather model with environment, weather, GAKE, and GAKW",GAK + W,KW,CV1,4,CS12_WW,0.5857363282491754,5,100.51414189338682
16,Eta16,Weather single-source,Genomic pathway,Arc-cosine,With W,Genomic arc-cosine + W,E + W + GAK + GAKE + GAKW,"Arc-cosine genomic-weather model with environment, weather, GAKE, and GAKW",GAK + W,KW,CV1,5,CS11_WS,0.5549268008270472,5,85.25189819335938
16,Eta16,Weather single-source,Genomic pathway,Arc-cosine,With W,Genomic arc-cosine + W,E + W + GAK + GAKE + GAKW,"Arc-cosine genomic-weather model with environment, weather, GAKE, and GAKW",GAK + W,KW,CV1,5,CS11_WW,0.5123312941332718,5,85.25189819335938
16,Eta16,Weather single-source,Genomic pathway,Arc-cosine,With W,Genomic arc-cosine + W,E + W + GAK + GAKE + GAKW,"Arc-cosine genomic-weather model with environment, weather, GAKE, and GAKW",GAK + W,KW,CV1,5,CS12_WS,0.5675023330532134,5,85.25189819335938
16,Eta16,Weather single-source,Genomic pathway,Arc-cosine,With W,Genomic arc-cosine + W,E + W + GAK + GAKE + GAKW,"Arc-cosine genomic-weather model with environment, weather, GAKE, and GAKW",GAK + W,KW,CV1,5,CS12_WW,0.5944178309180156,5,85.25189819335938
16,Eta16,Weather single-source,Genomic pathway,Arc-cosine,With W,Genomic arc-cosine + W,E + W + GAK + GAKE + GAKW,"Arc-cosine genomic-weather model with environment, weather, GAKE, and GAKW",GAK + W,KW,CV1,6,CS11_WS,0.56357914035940615,5,85.91099123954773
16,Eta16,Weather single-source,Genomic pathway,Arc-cosine,With W,Genomic arc-cosine + W,E + W + GAK + GAKE + GAKW,"Arc-cosine genomic-weather model with environment, weather, GAKE, and GAKW",GAK + W,KW,CV1,6,CS11_WW,0.5310220699768374,5,85.91099123954773
16,Eta16,Weather single-source,Genomic pathway,Arc-cosine,With W,Genomic arc-cosine + W,E + W + GAK + GAKE + GAKW,"Arc-cosine genomic-weather model with environment, weather, GAKE, and GAKW",GAK + W,KW,CV1,6,CS12_WS,0.56371373851877,5,85.91099123954773
16,Eta16,Weather single-source,Genomic pathway,Arc-cosine,With W,Genomic arc-cosine + W,E + W + GAK + GAKE + GAKW,"Arc-cosine genomic-weather model with environment, weather, GAKE, and GAKW",GAK + W,KW,CV1,6,CS12_WW,0.5948024576278133,5,85.91099123954773
16,Eta16,Weather single-source,Genomic pathway,Arc-cosine,With W,Genomic arc-cosine + W,E + W + GAK + GAKE + GAKW,"Arc-cosine genomic-weather model with environment, weather, GAKE, and GAKW",GAK + W,KW,CV1,7,CS11_WS,0.5175849859022544,5,84.42383460998536
16,Eta16,Weather single-source,Genomic pathway,Arc-cosine,With W,Genomic arc-cosine + W,E + W + GAK + GAKE + GAKW,"Arc-cosine genomic-weather model with environment, weather, GAKE, and GAKW",GAK + W,KW,CV1,7,CS11_WW,0.503075329696423,5,84.42383460998536
16,Eta16,Weather single-source,Genomic pathway,Arc-cosine,With W,Genomic arc-cosine + W,E + W + GAK + GAKE + GAKW,"Arc-cosine genomic-weather model with environment, weather, GAKE, and GAKW",GAK + W,KW,CV1,7,CS12_WS,0.5725100634865644,5,84.42383460998536
16,Eta16,Weather single-source,Genomic pathway,Arc-cosine,With W,Genomic arc-cosine + W,E + W + GAK + GAKE + GAKW,"Arc-cosine genomic-weather model with environment, weather, GAKE, and GAKW",GAK + W,KW,CV1,7,CS12_WW,0.5939765683667371,5,84.42383460998536
16,Eta16,Weather single-source,Genomic pathway,Arc-cosine,With W,Genomic arc-cosine + W,E + W + GAK + GAKE + GAKW,"Arc-cosine genomic-weather model with environment, weather, GAKE, and GAKW",GAK + W,KW,CV1,8,CS11_WS,0.5678973655508778,5,100.44245619773872
16,Eta16,Weather single-source,Genomic pathway,Arc-cosine,With W,Genomic arc-cosine + W,E + W + GAK + GAKE + GAKW,"Arc-cosine genomic-weather model with environment, weather, GAKE, and GAKW",GAK + W,KW,CV1,8,CS11_WW,0.5429227074532674,5,100.44245619773872
16,Eta16,Weather single-source,Genomic pathway,Arc-cosine,With W,Genomic arc-cosine + W,E + W + GAK + GAKE + GAKW,"Arc-cosine genomic-weather model with environment, weather, GAKE, and GAKW",GAK + W,KW,CV1,8,CS12_WS,0.593946714826654,5,100.44245619773872
16,Eta16,Weather single-source,Genomic pathway,Arc-cosine,With W,Genomic arc-cosine + W,E + W + GAK + GAKE + GAKW,"Arc-cosine genomic-weather model with environment, weather, GAKE, and GAKW",GAK + W,KW,CV1,8,CS12_WW,0.6108243209744284,5,100.44245619773872
16,Eta16,Weather single-source,Genomic pathway,Arc-cosine,With W,Genomic arc-cosine + W,E + W + GAK + GAKE + GAKW,"Arc-cosine genomic-weather model with environment, weather, GAKE, and GAKW",GAK + W,KW,CV1,9,CS11_WS,0.5426272374508299,5,84.58726034164428
16,Eta16,Weather single-source,Genomic pathway,Arc-cosine,With W,Genomic arc-cosine + W,E + W + GAK + GAKE + GAKW,"Arc-cosine genomic-weather model with environment, weather, GAKE, and GAKW",GAK + W,KW,CV1,9,CS11_WW,0.5275488229479098,5,84.58726034164428
16,Eta16,Weather single-source,Genomic pathway,Arc-cosine,With W,Genomic arc-cosine + W,E + W + GAK + GAKE + GAKW,"Arc-cosine genomic-weather model with environment, weather, GAKE, and GAKW",GAK + W,KW,CV1,9,CS12_WS,0.5605902192587676,5,84.58726034164428
16,Eta16,Weather single-source,Genomic pathway,Arc-cosine,With W,Genomic arc-cosine + W,E + W + GAK + GAKE + GAKW,"Arc-cosine genomic-weather model with environment, weather, GAKE, and GAKW",GAK + W,KW,CV1,9,CS12_WW,0.5836832569447064,5,84.58726034164428
16,Eta16,Weather single-source,Genomic pathway,Arc-cosine,With W,Genomic arc-cosine + W,E + W + GAK + GAKE + GAKW,"Arc-cosine genomic-weather model with environment, weather, GAKE, and GAKW",GAK + W,KW,CV1,10,CS11_WS,0.5614742498379834,5,75.22994499206544
16,Eta16,Weather single-source,Genomic pathway,Arc-cosine,With W,Genomic arc-cosine + W,E + W + GAK + GAKE + GAKW,"Arc-cosine genomic-weather model with environment, weather, GAKE, and GAKW",GAK + W,KW,CV1,10,CS11_WW,0.5260025456839063,5,75.22994499206544
16,Eta16,Weather single-source,Genomic pathway,Arc-cosine,With W,Genomic arc-cosine + W,E + W + GAK + GAKE + GAKW,"Arc-cosine genomic-weather model with environment, weather, GAKE, and GAKW",GAK + W,KW,CV1,10,CS12_WS,0.5628472050622648,5,75.22994499206544
16,Eta16,Weather single-source,Genomic pathway,Arc-cosine,With W,Genomic arc-cosine + W,E + W + GAK + GAKE + GAKW,"Arc-cosine genomic-weather model with environment, weather, GAKE, and GAKW",GAK + W,KW,CV1,10,CS12_WW,0.592052885202144,5,75.22994499206544
16,Eta16,Weather single-source,Genomic pathway,Arc-cosine,With W,Genomic arc-cosine + W,E + W + GAK + GAKE + GAKW,"Arc-cosine genomic-weather model with environment, weather, GAKE, and GAKW",GAK + W,KW,CV2,1,CS11_WS,0.9808210487997033,5,98.9683219432832
16,Eta16,Weather single-source,Genomic pathway,Arc-cosine,With W,Genomic arc-cosine + W,E + W + GAK + GAKE + GAKW,"Arc-cosine genomic-weather model with environment, weather, GAKE, and GAKW",GAK + W,KW,CV2,1,CS11_WW,0.9597706334620341,5,98.9683219432832
16,Eta16,Weather single-source,Genomic pathway,Arc-cosine,With W,Genomic arc-cosine + W,E + W + GAK + GAKE + GAKW,"Arc-cosine genomic-weather model with environment, weather, GAKE, and GAKW",GAK + W,KW,CV2,1,CS12_WS,0.9798424335837088,5,98.9683219432832
16,Eta16,Weather single-source,Genomic pathway,Arc-cosine,With W,Genomic arc-cosine + W,E + W + GAK + GAKE + GAKW,"Arc-cosine genomic-weather model with environment, weather, GAKE, and GAKW",GAK + W,KW,CV2,1,CS12_WW,0.9785765884030673,5,98.9683219432832
16,Eta16,Weather single-source,Genomic pathway,Arc-cosine,With W,Genomic arc-cosine + W,E + W + GAK + GAKE + GAKW,"Arc-cosine genomic-weather model with environment, weather, GAKE, and GAKW",GAK + W,KW,CV2,2,CS11_WS,0.980606959593279,5,98.48752918243405
16,Eta16,Weather single-source,Genomic pathway,Arc-cosine,With W,Genomic arc-cosine + W,E + W + GAK + GAKE + GAKW,"Arc-cosine genomic-weather model with environment, weather, GAKE, and GAKW",GAK + W,KW,CV2,2,CS11_WW,0.9591571999310731,5,98.48752918243405
16,Eta16,Weather single-source,Genomic pathway,Arc-cosine,With W,Genomic arc-cosine + W,E + W + GAK + GAKE + GAKW,"Arc-cosine genomic-weather model with environment, weather, GAKE, and GAKW",GAK + W,KW,CV2,2,CS12_WS,0.9798700736608241,5,98.48752918243405
16,Eta16,Weather single-source,Genomic pathway,Arc-cosine,With W,Genomic arc-cosine + W,E + W + GAK + GAKE + GAKW,"Arc-cosine genomic-weather model with environment, weather, GAKE, and GAKW",GAK + W,KW,CV2,2,CS12_WW,0.9783023802420555,5,98.48752918243405
16,Eta16,Weather single-source,Genomic pathway,Arc-cosine,With W,Genomic arc-cosine + W,E + W + GAK + GAKE + GAKW,"Arc-cosine genomic-weather model with environment, weather, GAKE, and GAKW",GAK + W,KW,CV2,3,CS11_WS,0.9809675207286992,5,86.21155285835263
16,Eta16,Weather single-source,Genomic pathway,Arc-cosine,With W,Genomic arc-cosine + W,E + W + GAK + GAKE + GAKW,"Arc-cosine genomic-weather model with environment, weather, GAKE, and GAKW",GAK + W,KW,CV2,3,CS11_WW,0.9608885402912138,5,86.21155285835263
16,Eta16,Weather single-source,Genomic pathway,Arc-cosine,With W,Genomic arc-cosine + W,E + W + GAK + GAKE + GAKW,"Arc-cosine genomic-weather model with environment, weather, GAKE, and GAKW",GAK + W,KW,CV2,3,CS12_WS,0.98050554073417,5,86.21155285835263
16,Eta16,Weather single-source,Genomic pathway,Arc-cosine,With W,Genomic arc-cosine + W,E + W + GAK + GAKE + GAKW,"Arc-cosine genomic-weather model with environment, weather, GAKE, and GAKW",GAK + W,KW,CV2,3,CS12_WW,0.9788522145318153,5,86.21155285835263
16,Eta16,Weather single-source,Genomic pathway,Arc-cosine,With W,Genomic arc-cosine + W,E + W + GAK + GAKE + GAKW,"Arc-cosine genomic-weather model with environment, weather, GAKE, and GAKW",GAK + W,KW,CV2,4,CS11_WS,0.9809362235908086,5,100.51414189338682
16,Eta16,Weather single-source,Genomic pathway,Arc-cosine,With W,Genomic arc-cosine + W,E + W + GAK + GAKE + GAKW,"Arc-cosine genomic-weather model with environment, weather, GAKE, and GAKW",GAK + W,KW,CV2,4,CS11_WW,0.9603423959644826,5,100.51414189338682
16,Eta16,Weather single-source,Genomic pathway,Arc-cosine,With W,Genomic arc-cosine + W,E + W + GAK + GAKE + GAKW,"Arc-cosine genomic-weather model with environment, weather, GAKE, and GAKW",GAK + W,KW,CV2,4,CS12_WS,0.9802821993109173,5,100.51414189338682
16,Eta16,Weather single-source,Genomic pathway,Arc-cosine,With W,Genomic arc-cosine + W,E + W + GAK + GAKE + GAKW,"Arc-cosine genomic-weather model with environment, weather, GAKE, and GAKW",GAK + W,KW,CV2,4,CS12_WW,0.9786521073691323,5,100.51414189338682
16,Eta16,Weather single-source,Genomic pathway,Arc-cosine,With W,Genomic arc-cosine + W,E + W + GAK + GAKE + GAKW,"Arc-cosine genomic-weather model with environment, weather, GAKE, and GAKW",GAK + W,KW,CV2,5,CS11_WS,0.9806076066737799,5,85.25189819335938
16,Eta16,Weather single-source,Genomic pathway,Arc-cosine,With W,Genomic arc-cosine + W,E + W + GAK + GAKE + GAKW,"Arc-cosine genomic-weather model with environment, weather, GAKE, and GAKW",GAK + W,KW,CV2,5,CS11_WW,0.9588354846815873,5,85.25189819335938
16,Eta16,Weather single-source,Genomic pathway,Arc-cosine,With W,Genomic arc-cosine + W,E + W + GAK + GAKE + GAKW,"Arc-cosine genomic-weather model with environment, weather, GAKE, and GAKW",GAK + W,KW,CV2,5,CS12_WS,0.9794961174967083,5,85.25189819335938
16,Eta16,Weather single-source,Genomic pathway,Arc-cosine,With W,Genomic arc-cosine + W,E + W + GAK + GAKE + GAKW,"Arc-cosine genomic-weather model with environment, weather, GAKE, and GAKW",GAK + W,KW,CV2,5,CS12_WW,0.9779131170593309,5,85.25189819335938
16,Eta16,Weather single-source,Genomic pathway,Arc-cosine,With W,Genomic arc-cosine + W,E + W + GAK + GAKE + GAKW,"Arc-cosine genomic-weather model with environment, weather, GAKE, and GAKW",GAK + W,KW,CV2,6,CS11_WS,0.980643421546125,5,85.91099123954773
16,Eta16,Weather single-source,Genomic pathway,Arc-cosine,With W,Genomic arc-cosine + W,E + W + GAK + GAKE + GAKW,"Arc-cosine genomic-weather model with environment, weather, GAKE, and GAKW",GAK + W,KW,CV2,6,CS11_WW,0.9598893247914042,5,85.91099123954773
16,Eta16,Weather single-source,Genomic pathway,Arc-cosine,With W,Genomic arc-cosine + W,E + W + GAK + GAKE + GAKW,"Arc-cosine genomic-weather model with environment, weather, GAKE, and GAKW",GAK + W,KW,CV2,6,CS12_WS,0.9801937876599993,5,85.91099123954773
16,Eta16,Weather single-source,Genomic pathway,Arc-cosine,With W,Genomic arc-cosine + W,E + W + GAK + GAKE + GAKW,"Arc-cosine genomic-weather model with environment, weather, GAKE, and GAKW",GAK + W,KW,CV2,6,CS12_WW,0.9785203163419686,5,85.91099123954773
16,Eta16,Weather single-source,Genomic pathway,Arc-cosine,With W,Genomic arc-cosine + W,E + W + GAK + GAKE + GAKW,"Arc-cosine genomic-weather model with environment, weather, GAKE, and GAKW",GAK + W,KW,CV2,7,CS11_WS,0.9808186487735824,5,84.42383460998536
16,Eta16,Weather single-source,Genomic pathway,Arc-cosine,With W,Genomic arc-cosine + W,E + W + GAK + GAKE + GAKW,"Arc-cosine genomic-weather model with environment, weather, GAKE, and GAKW",GAK + W,KW,CV2,7,CS11_WW,0.9605081271292656,5,84.42383460998536
16,Eta16,Weather single-source,Genomic pathway,Arc-cosine,With W,Genomic arc-cosine + W,E + W + GAK + GAKE + GAKW,"Arc-cosine genomic-weather model with environment, weather, GAKE, and GAKW",GAK + W,KW,CV2,7,CS12_WS,0.9804220764579277,5,84.42383460998536
16,Eta16,Weather single-source,Genomic pathway,Arc-cosine,With W,Genomic arc-cosine + W,E + W + GAK + GAKE + GAKW,"Arc-cosine genomic-weather model with environment, weather, GAKE, and GAKW",GAK + W,KW,CV2,7,CS12_WW,0.9788174678008087,5,84.42383460998536
16,Eta16,Weather single-source,Genomic pathway,Arc-cosine,With W,Genomic arc-cosine + W,E + W + GAK + GAKE + GAKW,"Arc-cosine genomic-weather model with environment, weather, GAKE, and GAKW",GAK + W,KW,CV2,8,CS11_WS,0.9806969028184909,5,100.44245619773872
16,Eta16,Weather single-source,Genomic pathway,Arc-cosine,With W,Genomic arc-cosine + W,E + W + GAK + GAKE + GAKW,"Arc-cosine genomic-weather model with environment, weather, GAKE, and GAKW",GAK + W,KW,CV2,8,CS11_WW,0.9596069436610009,5,100.44245619773872
16,Eta16,Weather single-source,Genomic pathway,Arc-cosine,With W,Genomic arc-cosine + W,E + W + GAK + GAKE + GAKW,"Arc-cosine genomic-weather model with environment, weather, GAKE, and GAKW",GAK + W,KW,CV2,8,CS12_WS,0.9799092507687324,5,100.44245619773872
16,Eta16,Weather single-source,Genomic pathway,Arc-cosine,With W,Genomic arc-cosine + W,E + W + GAK + GAKE + GAKW,"Arc-cosine genomic-weather model with environment, weather, GAKE, and GAKW",GAK + W,KW,CV2,8,CS12_WW,0.9785772209759557,5,100.44245619773872
16,Eta16,Weather single-source,Genomic pathway,Arc-cosine,With W,Genomic arc-cosine + W,E + W + GAK + GAKE + GAKW,"Arc-cosine genomic-weather model with environment, weather, GAKE, and GAKW",GAK + W,KW,CV2,9,CS11_WS,0.9809928397355169,5,84.58726034164428
16,Eta16,Weather single-source,Genomic pathway,Arc-cosine,With W,Genomic arc-cosine + W,E + W + GAK + GAKE + GAKW,"Arc-cosine genomic-weather model with environment, weather, GAKE, and GAKW",GAK + W,KW,CV2,9,CS11_WW,0.960495809013994,5,84.58726034164428
16,Eta16,Weather single-source,Genomic pathway,Arc-cosine,With W,Genomic arc-cosine + W,E + W + GAK + GAKE + GAKW,"Arc-cosine genomic-weather model with environment, weather, GAKE, and GAKW",GAK + W,KW,CV2,9,CS12_WS,0.9805095006410023,5,84.58726034164428
16,Eta16,Weather single-source,Genomic pathway,Arc-cosine,With W,Genomic arc-cosine + W,E + W + GAK + GAKE + GAKW,"Arc-cosine genomic-weather model with environment, weather, GAKE, and GAKW",GAK + W,KW,CV2,9,CS12_WW,0.9788886364172338,5,84.58726034164428
16,Eta16,Weather single-source,Genomic pathway,Arc-cosine,With W,Genomic arc-cosine + W,E + W + GAK + GAKE + GAKW,"Arc-cosine genomic-weather model with environment, weather, GAKE, and GAKW",GAK + W,KW,CV2,10,CS11_WS,0.980790320435388,5,75.22994499206544
16,Eta16,Weather single-source,Genomic pathway,Arc-cosine,With W,Genomic arc-cosine + W,E + W + GAK + GAKE + GAKW,"Arc-cosine genomic-weather model with environment, weather, GAKE, and GAKW",GAK + W,KW,CV2,10,CS11_WW,0.9600283054393148,5,75.22994499206544
16,Eta16,Weather single-source,Genomic pathway,Arc-cosine,With W,Genomic arc-cosine + W,E + W + GAK + GAKE + GAKW,"Arc-cosine genomic-weather model with environment, weather, GAKE, and GAKW",GAK + W,KW,CV2,10,CS12_WS,0.9802309075449868,5,75.22994499206544
16,Eta16,Weather single-source,Genomic pathway,Arc-cosine,With W,Genomic arc-cosine + W,E + W + GAK + GAKE + GAKW,"Arc-cosine genomic-weather model with environment, weather, GAKE, and GAKW",GAK + W,KW,CV2,10,CS12_WW,0.9785342221510204,5,75.22994499206544
17,Eta17,Weather single-source,Phenomic pathway,Arc-cosine,With W,Phenomic arc-cosine + W,E + W + PAK + PAKE + PAKW,"Arc-cosine phenomic-weather model with environment, weather, PAKE, and PAKW",PAK + W,GY,CV1,1,CS11_WS,0.24006042759357218,5,152.6808289527892
17,Eta17,Weather single-source,Phenomic pathway,Arc-cosine,With W,Phenomic arc-cosine + W,E + W + PAK + PAKE + PAKW,"Arc-cosine phenomic-weather model with environment, weather, PAKE, and PAKW",PAK + W,GY,CV1,1,CS11_WW,0.2080136415004028,5,152.6808289527892
17,Eta17,Weather single-source,Phenomic pathway,Arc-cosine,With W,Phenomic arc-cosine + W,E + W + PAK + PAKE + PAKW,"Arc-cosine phenomic-weather model with environment, weather, PAKE, and PAKW",PAK + W,GY,CV1,1,CS12_WS,0.1975541112308883,5,152.6808289527892
17,Eta17,Weather single-source,Phenomic pathway,Arc-cosine,With W,Phenomic arc-cosine + W,E + W + PAK + PAKE + PAKW,"Arc-cosine phenomic-weather model with environment, weather, PAKE, and PAKW",PAK + W,GY,CV1,1,CS12_WW,0.12339198288153183,5,152.6808289527892
17,Eta17,Weather single-source,Phenomic pathway,Arc-cosine,With W,Phenomic arc-cosine + W,E + W + PAK + PAKE + PAKW,"Arc-cosine phenomic-weather model with environment, weather, PAKE, and PAKW",PAK + W,GY,CV1,2,CS11_WS,0.2625476994163404,5,125.4220767974856
17,Eta17,Weather single-source,Phenomic pathway,Arc-cosine,With W,Phenomic arc-cosine + W,E + W + PAK + PAKE + PAKW,"Arc-cosine phenomic-weather model with environment, weather, PAKE, and PAKW",PAK + W,GY,CV1,2,CS11_WW,0.254844424474381,5,125.4220767974856
17,Eta17,Weather single-source,Phenomic pathway,Arc-cosine,With W,Phenomic arc-cosine + W,E + W + PAK + PAKE + PAKW,"Arc-cosine phenomic-weather model with environment, weather, PAKE, and PAKW",PAK + W,GY,CV1,2,CS12_WS,0.20535922512920327,5,125.4220767974856
17,Eta17,Weather single-source,Phenomic pathway,Arc-cosine,With W,Phenomic arc-cosine + W,E + W + PAK + PAKE + PAKW,"Arc-cosine phenomic-weather model with environment, weather, PAKE, and PAKW",PAK + W,GY,CV1,2,CS12_WW,0.17560968510487482,5,125.4220767974856
17,Eta17,Weather single-source,Phenomic pathway,Arc-cosine,With W,Phenomic arc-cosine + W,E + W + PAK + PAKE + PAKW,"Arc-cosine phenomic-weather model with environment, weather, PAKE, and PAKW",PAK + W,GY,CV1,3,CS11_WS,0.20459927864150235,5,147.828196668625
17,Eta17,Weather single-source,Phenomic pathway,Arc-cosine,With W,Phenomic arc-cosine + W,E + W + PAK + PAKE + PAKW,"Arc-cosine phenomic-weather model with environment, weather, PAKE, and PAKW",PAK + W,GY,CV1,3,CS11_WW,0.17331229813194615,5,147.828196668625
17,Eta17,Weather single-source,Phenomic pathway,Arc-cosine,With W,Phenomic arc-cosine + W,E + W + PAK + PAKE + PAKW,"Arc-cosine phenomic-weather model with environment, weather, PAKE, and PAKW",PAK + W,GY,CV1,3,CS12_WS,0.16930941132267102,5,147.828196668625
17,Eta17,Weather single-source,Phenomic pathway,Arc-cosine,With W,Phenomic arc-cosine + W,E + W + PAK + PAKE + PAKW,"Arc-cosine phenomic-weather model with environment, weather, PAKE, and PAKW",PAK + W,GY,CV1,3,CS12_WW,0.1298968578504355,5,147.828196668625
17,Eta17,Weather single-source,Phenomic pathway,Arc-cosine,With W,Phenomic arc-cosine + W,E + W + PAK + PAKE + PAKW,"Arc-cosine phenomic-weather model with environment, weather, PAKE, and PAKW",PAK + W,GY,CV1,4,CS11_WS,0.20027407929119662,5,146.210901784897
17,Eta17,Weather single-source,Phenomic pathway,Arc-cosine,With W,Phenomic arc-cosine + W,E + W + PAK + PAKE + PAKW,"Arc-cosine phenomic-weather model with environment, weather, PAKE, and PAKW",PAK + W,GY,CV1,4,CS11_WW,0.20810392040018888,5,146.210901784897
17,Eta17,Weather single-source,Phenomic pathway,Arc-cosine,With W,Phenomic arc-cosine + W,E + W + PAK + PAKE + PAKW,"Arc-cosine phenomic-weather model with environment, weather, PAKE, and PAKW",PAK + W,GY,CV1,4,CS12_WS,0.1128071638760334,5,146.210901784897
17,Eta17,Weather single-source,Phenomic pathway,Arc-cosine,With W,Phenomic arc-cosine + W,E + W + PAK + PAKE + PAKW,"Arc-cosine phenomic-weather model with environment, weather, PAKE, and PAKW",PAK + W,GY,CV1,4,CS12_WW,0.11349224468642138,5,146.210901784897
17,Eta17,Weather single-source,Phenomic pathway,Arc-cosine,With W,Phenomic arc-cosine + W,E + W + PAK + PAKE + PAKW,"Arc-cosine phenomic-weather model with environment, weather, PAKE, and PAKW",PAK + W,GY,CV1,5,CS11_WS,0.2532816493198674,5,145.3681280612946
17,Eta17,Weather single-source,Phenomic pathway,Arc-cosine,With W,Phenomic arc-cosine + W,E + W + PAK + PAKE + PAKW,"Arc-cosine phenomic-weather model with environment, weather, PAKE, and PAKW",PAK + W,GY,CV1,5,CS11_WW,0.1766683280686155,5,145.3681280612946
17,Eta17,Weather single-source,Phenomic pathway,Arc-cosine,With W,Phenomic arc-cosine + W,E + W + PAK + PAKE + PAKW,"Arc-cosine phenomic-weather model with environment, weather, PAKE, and PAKW",PAK + W,GY,CV1,5,CS12_WS,0.1802479938802454,5,145.3681280612946
17,Eta17,Weather single-source,Phenomic pathway,Arc-cosine,With W,Phenomic arc-cosine + W,E + W + PAK + PAKE + PAKW,"Arc-cosine phenomic-weather model with environment, weather, PAKE, and PAKW",PAK + W,GY,CV1,5,CS12_WW,0.1410073529390829,5,145.3681280612946
17,Eta17,Weather single-source,Phenomic pathway,Arc-cosine,With W,Phenomic arc-cosine + W,E + W + PAK + PAKE + PAKW,"Arc-cosine phenomic-weather model with environment, weather, PAKE, and PAKW",PAK + W,GY,CV1,6,CS11_WS,0.32885566645182485,5,123.9302720069886
17,Eta17,Weather single-source,Phenomic pathway,Arc-cosine,With W,Phenomic arc-cosine + W,E + W + PAK + PAKE + PAKW,"Arc-cosine phenomic-weather model with environment, weather, PAKE, and PAKW",PAK + W,GY,CV1,6,CS11_WW,0.25127992777013736,5,123.9302720069886
17,Eta17,Weather single-source,Phenomic pathway,Arc-cosine,With W,Phenomic arc-cosine + W,E + W + PAK + PAKE + PAKW,"Arc-cosine phenomic-weather model with environment, weather, PAKE, and PAKW",PAK + W,GY,CV1,6,CS12_WS,0.1924526996544516,5,123.9302720069886
17,Eta17,Weather single-source,Phenomic pathway,Arc-cosine,With W,Phenomic arc-cosine + W,E + W + PAK + PAKE + PAKW,"Arc-cosine phenomic-weather model with environment, weather, PAKE, and PAKW",PAK + W,GY,CV1,6,CS12_WW,0.18712341610730032,5,123.9302720069886
17,Eta17,Weather single-source,Phenomic pathway,Arc-cosine,With W,Phenomic arc-cosine + W,E + W + PAK + PAKE + PAKW,"Arc-cosine phenomic-weather model with environment, weather, PAKE, and PAKW",PAK + W,GY,CV1,7,CS11_WS,0.19966182988790399,5,149.3715857982636
17,Eta17,Weather single-source,Phenomic pathway,Arc-cosine,With W,Phenomic arc-cosine + W,E + W + PAK + PAKE + PAKW,"Arc-cosine phenomic-weather model with environment, weather, PAKE, and PAKW",PAK + W,GY,CV1,7,CS11_WW,0.1688158107448784,5,149.3715857982636
17,Eta17,Weather single-source,Phenomic pathway,Arc-cosine,With W,Phenomic arc-cosine + W,E + W + PAK + PAKE + PAKW,"Arc-cosine phenomic-weather model with environment, weather, PAKE, and PAKW",PAK + W,GY,CV1,7,CS12_WS,0.1502674339857012,5,149.3715857982636
17,Eta17,Weather single-source,Phenomic pathway,Arc-cosine,With W,Phenomic arc-cosine + W,E + W + PAK + PAKE + PAKW,"Arc-cosine phenomic-weather model with environment, weather, PAKE, and PAKW",PAK + W,GY,CV1,7,CS12_WW,0.06623985237646478,5,149.3715857982636
17,Eta17,Weather single-source,Phenomic pathway,Arc-cosine,With W,Phenomic arc-cosine + W,E + W + PAK + PAKE + PAKW,"Arc-cosine phenomic-weather model with environment, weather, PAKE, and PAKW",PAK + W,GY,CV1,8,CS11_WS,0.180875899805493,5,146.73747382164
17,Eta17,Weather single-source,Phenomic pathway,Arc-cosine,With W,Phenomic arc-cosine + W,E + W + PAK + PAKE + PAKW,"Arc-cosine phenomic-weather model with environment, weather, PAKE, and PAKW",PAK + W,GY,CV1,8,CS11_WW,0.11654054582658639,5,146.73747382164
17,Eta17,Weather single-source,Phenomic pathway,Arc-cosine,With W,Phenomic arc-cosine + W,E + W + PAK + PAKE + PAKW,"Arc-cosine phenomic-weather model with environment, weather, PAKE, and PAKW",PAK + W,GY,CV1,8,CS12_WS,0.11704482878316329,5,146.73747382164
17,Eta17,Weather single-source,Phenomic pathway,Arc-cosine,With W,Phenomic arc-cosine + W,E + W + PAK + PAKE + PAKW,"Arc-cosine phenomic-weather model with environment, weather, PAKE, and PAKW",PAK + W,GY,CV1,8,CS12_WW,0.06475156390696601,5,146.73747382164
17,Eta17,Weather single-source,Phenomic pathway,Arc-cosine,With W,Phenomic arc-cosine + W,E + W + PAK + PAKE + PAKW,"Arc-cosine phenomic-weather model with environment, weather, PAKE, and PAKW",PAK + W,GY,CV1,9,CS11_WS,0.28240447495367577,5,147.8278978347778
17,Eta17,Weather single-source,Phenomic pathway,Arc-cosine,With W,Phenomic arc-cosine + W,E + W + PAK + PAKE + PAKW,"Arc-cosine phenomic-weather model with environment, weather, PAKE, and PAKW",PAK + W,GY,CV1,9,CS11_WW,0.18704533341879462,5,147.8278978347778
17,Eta17,Weather single-source,Phenomic pathway,Arc-cosine,With W,Phenomic arc-cosine + W,E + W + PAK + PAKE + PAKW,"Arc-cosine phenomic-weather model with environment, weather, PAKE, and PAKW",PAK + W,GY,CV1,9,CS12_WS,0.14211353211360594,5,147.8278978347778
17,Eta17,Weather single-source,Phenomic pathway,Arc-cosine,With W,Phenomic arc-cosine + W,E + W + PAK + PAKE + PAKW,"Arc-cosine phenomic-weather model with environment, weather, PAKE, and PAKW",PAK + W,GY,CV1,9,CS12_WW,0.15670342052387312,5,147.8278978347778
17,Eta17,Weather single-source,Phenomic pathway,Arc-cosine,With W,Phenomic arc-cosine + W,E + W + PAK + PAKE + PAKW,"Arc-cosine phenomic-weather model with environment, weather, PAKE, and PAKW",PAK + W,GY,CV1,10,CS11_WS,0.2358543700247961,5,145.9563106060028
17,Eta17,Weather single-source,Phenomic pathway,Arc-cosine,With W,Phenomic arc-cosine + W,E + W + PAK + PAKE + PAKW,"Arc-cosine phenomic-weather model with environment, weather, PAKE, and PAKW",PAK + W,GY,CV1,10,CS11_WW,0.1723717360428629,5,145.9563106060028
17,Eta17,Weather single-source,Phenomic pathway,Arc-cosine,With W,Phenomic arc-cosine + W,E + W + PAK + PAKE + PAKW,"Arc-cosine phenomic-weather model with environment, weather, PAKE, and PAKW",PAK + W,GY,CV1,10,CS12_WS,0.0921402722284199,5,145.9563106060028
17,Eta17,Weather single-source,Phenomic pathway,Arc-cosine,With W,Phenomic arc-cosine + W,E + W + PAK + PAKE + PAKW,"Arc-cosine phenomic-weather model with environment, weather, PAKE, and PAKW",PAK + W,GY,CV1,10,CS12_WW,0.04655780860627275,5,145.9563106060028
17,Eta17,Weather single-source,Phenomic pathway,Arc-cosine,With W,Phenomic arc-cosine + W,E + W + PAK + PAKE + PAKW,"Arc-cosine phenomic-weather model with environment, weather, PAKE, and PAKW",PAK + W,GY,CV2,1,CS11_WS,0.7037199459538188,5,152.6808289527892
17,Eta17,Weather single-source,Phenomic pathway,Arc-cosine,With W,Phenomic arc-cosine + W,E + W + PAK + PAKE + PAKW,"Arc-cosine phenomic-weather model with environment, weather, PAKE, and PAKW",PAK + W,GY,CV2,1,CS11_WW,0.6918197858589725,5,152.6808289527892
17,Eta17,Weather single-source,Phenomic pathway,Arc-cosine,With W,Phenomic arc-cosine + W,E + W + PAK + PAKE + PAKW,"Arc-cosine phenomic-weather model with environment, weather, PAKE, and PAKW",PAK + W,GY,CV2,1,CS12_WS,0.68631950011235765,5,152.6808289527892
17,Eta17,Weather single-source,Phenomic pathway,Arc-cosine,With W,Phenomic arc-cosine + W,E + W + PAK + PAKE + PAKW,"Arc-cosine phenomic-weather model with environment, weather, PAKE, and PAKW",PAK + W,GY,CV2,1,CS12_WW,0.676256470186354,5,152.6808289527892
17,Eta17,Weather single-source,Phenomic pathway,Arc-cosine,With W,Phenomic arc-cosine + W,E + W + PAK + PAKE + PAKW,"Arc-cosine phenomic-weather model with environment, weather, PAKE, and PAKW",PAK + W,GY,CV2,2,CS11_WS,0.6968933991087334,5,125.4220767974856
17,Eta17,Weather single-source,Phenomic pathway,Arc-cosine,With W,Phenomic arc-cosine + W,E + W + PAK + PAKE + PAKW,"Arc-cosine phenomic-weather model with environment, weather, PAKE, and PAKW",PAK + W,GY,CV2,2,CS11_WW,0.6858123059790576,5,125.4220767974856
17,Eta17,Weather single-source,Phenomic pathway,Arc-cosine,With W,Phenomic arc-cosine + W,E + W + PAK + PAKE + PAKW,"Arc-cosine phenomic-weather model with environment, weather, PAKE, and PAKW",PAK + W,GY,CV2,2,CS12_WS,0.6829537313440082,5,125.4220767974856
17,Eta17,Weather single-source,Phenomic pathway,Arc-cosine,With W,Phenomic arc-cosine + W,E + W + PAK + PAKE + PAKW,"Arc-cosine phenomic-weather model with environment, weather, PAKE, and PAKW",PAK + W,GY,CV2,2,CS12_WW,0.6715212611131663,5,125.4220767974856
17,Eta17,Weather single-source,Phenomic pathway,Arc-cosine,With W,Phenomic arc-cosine + W,E + W + PAK + PAKE + PAKW,"Arc-cosine phenomic-weather model with environment, weather, PAKE, and PAKW",PAK + W,GY,CV2,3,CS11_WS,0.7025251550535929,5,147.828196668625
17,Eta17,Weather single-source,Phenomic pathway,Arc-cosine,With W,Phenomic arc-cosine + W,E + W + PAK + PAKE + PAKW,"Arc-cosine phenomic-weather model with environment, weather, PAKE, and PAKW",PAK + W,GY,CV2,3,CS11_WW,0.686611742616594,5,147.828196668625
17,Eta17,Weather single-source,Phenomic pathway,Arc-cosine,With W,Phenomic arc-cosine + W,E + W + PAK + PAKE + PAKW,"Arc-cosine phenomic-weather model with environment, weather, PAKE, and PAKW",PAK + W,GY,CV2,3,CS12_WS,0.6842817988974806,5,147.828196668625
17,Eta17,Weather single-source,Phenomic pathway,Arc-cosine,With W,Phenomic arc-cosine + W,E + W + PAK + PAKE + PAKW,"Arc-cosine phenomic-weather model with environment, weather, PAKE, and PAKW",PAK + W,GY,CV2,3,CS12_WW,0.6717223360141744,5,147.828196668625
17,Eta17,Weather single-source,Phenomic pathway,Arc-cosine,With W,Phenomic arc-cosine + W,E + W + PAK + PAKE + PAKW,"Arc-cosine phenomic-weather model with environment, weather, PAKE, and PAKW",PAK + W,GY,CV2,4,CS11_WS,0.715145139705302,5,146.210901784897
17,Eta17,Weather single-source,Phenomic pathway,Arc-cosine,With W,Phenomic arc-cosine + W,E + W + PAK + PAKE + PAKW,"Arc-cosine phenomic-weather model with environment, weather, PAKE, and PAKW",PAK + W,GY,CV2,4,CS11_WW,0.697548672745806,5,146.210901784897
17,Eta17,Weather single-source,Phenomic pathway,Arc-cosine,With W,Phenomic arc-cosine + W,E + W + PAK + PAKE + PAKW,"Arc-cosine phenomic-weather model with environment, weather, PAKE, and PAKW",PAK + W,GY,CV2,4,CS12_WS,0.6970824071316827,5,146.210901784897
17,Eta17,Weather single-source,Phenomic pathway,Arc-cosine,With W,Phenomic arc-cosine + W,E + W + PAK + PAKE + PAKW,"Arc-cosine phenomic-weather model with environment, weather, PAKE, and PAKW",PAK + W,GY,CV2,4,CS12_WW,0.6869192027294476,5,146.210901784897
17,Eta17,Weather single-source,Phenomic pathway,Arc-cosine,With W,Phenomic arc-cosine + W,E + W + PAK + PAKE + PAKW,"Arc-cosine phenomic-weather model with environment, weather, PAKE, and PAKW",PAK + W,GY,CV2,5,CS11_WS,0.6709601846061279,5,145.3681280612946
17,Eta17,Weather single-source,Phenomic pathway,Arc-cosine,With W,Phenomic arc-cosine + W,E + W + PAK + PAKE + PAKW,"Arc-cosine phenomic-weather model with environment, weather, PAKE, and PAKW",PAK + W,GY,CV2,5,CS11_WW,0.6676528061006015,5,145.3681280612946
17,Eta17,Weather single-source,Phenomic pathway,Arc-cosine,With W,Phenomic arc-cosine + W,E + W + PAK + PAKE + PAKW,"Arc-cosine phenomic-weather model with environment, weather, PAKE, and PAKW",PAK + W,GY,CV2,5,CS12_WS,0.6538920376522104,5,145.3681280612946
17,Eta17,Weather single-source,Phenomic pathway,Arc-cosine,With W,Phenomic arc-cosine + W,E + W + PAK + PAKE + PAKW,"Arc-cosine phenomic-weather model with environment, weather, PAKE, and PAKW",PAK + W,GY,CV2,5,CS12_WW,0.6450679872746667,5,145.3681280612946
17,Eta17,Weather single-source,Phenomic pathway,Arc-cosine,With W,Phenomic arc-cosine + W,E + W + PAK + PAKE + PAKW,"Arc-cosine phenomic-weather model with environment, weather, PAKE, and PAKW",PAK + W,GY,CV2,6,CS11_WS,0.7197583927328359,5,123.9302720069886
17,Eta17,Weather single-source,Phenomic pathway,Arc-cosine,With W,Phenomic arc-cosine + W,E + W + PAK + PAKE + PAKW,"Arc-cosine phenomic-weather model with environment, weather, PAKE, and PAKW",PAK + W,GY,CV2,6,CS11_WW,0.7035354870632868,5,123.9302720069886
17,Eta17,Weather single-source,Phenomic pathway,Arc-cosine,With W,Phenomic arc-cosine + W,E + W + PAK + PAKE + PAKW,"Arc-cosine phenomic-weather model with environment, weather, PAKE, and PAKW",PAK + W,GY,CV2,6,CS12_WS,0.700499667236178,5,123.9302720069886
17,Eta17,Weather single-source,Phenomic pathway,Arc-cosine,With W,Phenomic arc-cosine + W,E + W + PAK + PAKE + PAKW,"Arc-cosine phenomic-weather model with environment, weather, PAKE, and PAKW",PAK + W,GY,CV2,6,CS12_WW,0.6875504796356756,5,123.9302720069886
17,Eta17,Weather single-source,Phenomic pathway,Arc-cosine,With W,Phenomic arc-cosine + W,E + W + PAK + PAKE + PAKW,"Arc-cosine phenomic-weather model with environment, weather, PAKE, and PAKW",PAK + W,GY,CV2,7,CS11_WS,0.7179744813230644,5,149.3715857982636
17,Eta17,Weather single-source,Phenomic pathway,Arc-cosine,With W,Phenomic arc-cosine + W,E + W + PAK + PAKE + PAKW,"Arc-cosine phenomic-weather model with environment, weather, PAKE, and PAKW",PAK + W,GY,CV2,7,CS11_WW,0.7029175688641164,5,149.3715857982636
17,Eta17,Weather single-source,Phenomic pathway,Arc-cosine,With W,Phenomic arc-cosine + W,E + W + PAK + PAKE + PAKW,"Arc-cosine phenomic-weather model with environment, weather, PAKE, and PAKW",PAK + W,GY,CV2,7,CS12_WS,0.7004302542045077,5,149.3715857982636
17,Eta17,Weather single-source,Phenomic pathway,Arc-cosine,With W,Phenomic arc-cosine + W,E + W + PAK + PAKE + PAKW,"Arc-cosine phenomic-weather model with environment, weather, PAKE, and PAKW",PAK + W,GY,CV2,7,CS12_WW,0.6918633027617296,5,149.3715857982636
17,Eta17,Weather single-source,Phenomic pathway,Arc-cosine,With W,Phenomic arc-cosine + W,E + W + PAK + PAKE + PAKW,"Arc-cosine phenomic-weather model with environment, weather, PAKE, and PAKW",PAK + W,GY,CV2,8,CS11_WS,0.7022062192229969,5,146.73747382164
17,Eta17,Weather single-source,Phenomic pathway,Arc-cosine,With W,Phenomic arc-cosine + W,E + W + PAK + PAKE + PAKW,"Arc-cosine phenomic-weather model with environment, weather, PAKE, and PAKW",PAK + W,GY,CV2,8,CS11_WW,0.6977223392988828,5,146.73747382164
17,Eta17,Weather single-source,Phenomic pathway,Arc-cosine,With W,Phenomic arc-cosine + W,E + W + PAK + PAKE + PAKW,"Arc-cosine phenomic-weather model with environment, weather, PAKE, and PAKW",PAK + W,GY,CV2,8,CS12_WS,0.690101546505641,5,146.73747382164
17,Eta17,Weather single-source,Phenomic pathway,Arc-cosine,With W,Phenomic arc-cosine + W,E + W + PAK + PAKE + PAKW,"Arc-cosine phenomic-weather model with environment, weather, PAKE, and PAKW",PAK + W,GY,CV2,8,CS12_WW,0.6850589588290704,5,146.73747382164
17,Eta17,Weather single-source,Phenomic pathway,Arc-cosine,With W,Phenomic arc-cosine + W,E + W + PAK + PAKE + PAKW,"Arc-cosine phenomic-weather model with environment, weather, PAKE, and PAKW",PAK + W,GY,CV2,9,CS11_WS,0.7137839564218696,5,147.8278978347778
17,Eta17,Weather single-source,Phenomic pathway,Arc-cosine,With W,Phenomic arc-cosine + W,E + W + PAK + PAKE + PAKW,"Arc-cosine phenomic-weather model with environment, weather, PAKE, and PAKW",PAK + W,GY,CV2,9,CS11_WW,0.7054877484109531,5,147.8278978347778
17,Eta17,Weather single-source,Phenomic pathway,Arc-cosine,With W,Phenomic arc-cosine + W,E + W + PAK + PAKE + PAKW,"Arc-cosine phenomic-weather model with environment, weather, PAKE, and PAKW",PAK + W,GY,CV2,9,CS12_WS,0.7036477109849606,5,147.8278978347778
17,Eta17,Weather single-source,Phenomic pathway,Arc-cosine,With W,Phenomic arc-cosine + W,E + W + PAK + PAKE + PAKW,"Arc-cosine phenomic-weather model with environment, weather, PAKE, and PAKW",PAK + W,GY,CV2,9,CS12_WW,0.6889800812708458,5,147.8278978347778
17,Eta17,Weather single-source,Phenomic pathway,Arc-cosine,With W,Phenomic arc-cosine + W,E + W + PAK + PAKE + PAKW,"Arc-cosine phenomic-weather model with environment, weather, PAKE, and PAKW",PAK + W,GY,CV2,10,CS11_WS,0.7174213190224412,5,145.9563106060028
17,Eta17,Weather single-source,Phenomic pathway,Arc-cosine,With W,Phenomic arc-cosine + W,E + W + PAK + PAKE + PAKW,"Arc-cosine phenomic-weather model with environment, weather, PAKE, and PAKW",PAK + W,GY,CV2,10,CS11_WW,0.7031430331088414,5,145.9563106060028
17,Eta17,Weather single-source,Phenomic pathway,Arc-cosine,With W,Phenomic arc-cosine + W,E + W + PAK + PAKE + PAKW,"Arc-cosine phenomic-weather model with environment, weather, PAKE, and PAKW",PAK + W,GY,CV2,10,CS12_WS,0.7004754949841838,5,145.9563106060028
17,Eta17,Weather single-source,Phenomic pathway,Arc-cosine,With W,Phenomic arc-cosine + W,E + W + PAK + PAKE + PAKW,"Arc-cosine phenomic-weather model with environment, weather, PAKE, and PAKW",PAK + W,GY,CV2,10,CS12_WW,0.690669843743974,5,145.9563106060028
17,Eta17,Weather single-source,Phenomic pathway,Arc-cosine,With W,Phenomic arc-cosine + W,E + W + PAK + PAKE + PAKW,"Arc-cosine phenomic-weather model with environment, weather, PAKE, and PAKW",PAK + W,KW,CV1,1,CS11_WS,0.34055625327642025,5,125.4462401866912
17,Eta17,Weather single-source,Phenomic pathway,Arc-cosine,With W,Phenomic arc-cosine + W,E + W + PAK + PAKE + PAKW,"Arc-cosine phenomic-weather model with environment, weather, PAKE, and PAKW",PAK + W,KW,CV1,1,CS11_WW,0.25452962062978524,5,125.4462401866912
17,Eta17,Weather single-source,Phenomic pathway,Arc-cosine,With W,Phenomic arc-cosine + W,E + W + PAK + PAKE + PAKW,"Arc-cosine phenomic-weather model with environment, weather, PAKE, and PAKW",PAK + W,KW,CV1,1,CS12_WS,0.29286716102454935,5,125.4462401866912
17,Eta17,Weather single-source,Phenomic pathway,Arc-cosine,With W,Phenomic arc-cosine + W,E + W + PAK + PAKE + PAKW,"Arc-cosine phenomic-weather model with environment, weather, PAKE, and PAKW",PAK + W,KW,CV1,1,CS12_WW,0.2547872011552962,5,125.4462401866912
17,Eta17,Weather single-source,Phenomic pathway,Arc-cosine,With W,Phenomic arc-cosine + W,E + W + PAK + PAKE + PAKW,"Arc-cosine phenomic-weather model with environment, weather, PAKE, and PAKW",PAK + W,KW,CV1,2,CS11_WS,0.2950669057869122,5,146.1563629150392
17,Eta17,Weather single-source,Phenomic pathway,Arc-cosine,With W,Phenomic arc-cosine + W,E + W + PAK + PAKE + PAKW,"Arc-cosine phenomic-weather model with environment, weather, PAKE, and PAKW",PAK + W,KW,CV1,2,CS11_WW,0.22788287155320663,5,146.1563629150392
17,Eta17,Weather single-source,Phenomic pathway,Arc-cosine,With W,Phenomic arc-cosine + W,E + W + PAK + PAKE + PAKW,"Arc-cosine phenomic-weather model with environment, weather, PAKE, and PAKW",PAK + W,KW,CV1,2,CS12_WS,0.19414778629306262,5,146.1563629150392
17,Eta17,Weather single-source,Phenomic pathway,Arc-cosine,With W,Phenomic arc-cosine + W,E + W + PAK + PAKE + PAKW,"Arc-cosine phenomic-weather model with environment, weather, PAKE, and PAKW",PAK + W,KW,CV1,2,CS12_WW,0.27590017033554426,5,146.1563629150392
17,Eta17,Weather single-source,Phenomic pathway,Arc-cosine,With W,Phenomic arc-cosine + W,E + W + PAK + PAKE + PAKW,"Arc-cosine phenomic-weather model with environment, weather, PAKE, and PAKW",PAK + W,KW,CV1,3,CS11_WS,0.35121302834958545,5,147.6176800251008
17,Eta17,Weather single-source,Phenomic pathway,Arc-cosine,With W,Phenomic arc-cosine + W,E + W + PAK + PAKE + PAKW,"Arc-cosine phenomic-weather model with environment, weather, PAKE, and PAKW",PAK + W,KW,CV1,3,CS11_WW,0.23575778337431502,5,147.6176800251008
17,Eta17,Weather single-source,Phenomic pathway,Arc-cosine,With W,Phenomic arc-cosine + W,E + W + PAK + PAKE + PAKW,"Arc-cosine phenomic-weather model with environment, weather, PAKE, and PAKW",PAK + W,KW,CV1,3,CS12_WS,0.2094293090312263,5,147.6176800251008
17,Eta17,Weather single-source,Phenomic pathway,Arc-cosine,With W,Phenomic arc-cosine + W,E + W + PAK + PAKE + PAKW,"Arc-cosine phenomic-weather model with environment, weather, PAKE, and PAKW",PAK + W,KW,CV1,3,CS12_WW,0.24308867922279723,5,147.6176800251008
17,Eta17,Weather single-source,Phenomic pathway,Arc-cosine,With W,Phenomic arc-cosine + W,E + W + PAK + PAKE + PAKW,"Arc-cosine phenomic-weather model with environment, weather, PAKE, and PAKW",PAK + W,KW,CV1,4,CS11_WS,0.2785258182159934,5,124.277859401703
17,Eta17,Weather single-source,Phenomic pathway,Arc-cosine,With W,Phenomic arc-cosine + W,E + W + PAK + PAKE + PAKW,"Arc-cosine phenomic-weather model with environment, weather, PAKE, and PAKW",PAK + W,KW,CV1,4,CS11_WW,0.16378323840390138,5,124.277859401703
17,Eta17,Weather single-source,Phenomic pathway,Arc-cosine,With W,Phenomic arc-cosine + W,E + W + PAK + PAKE + PAKW,"Arc-cosine phenomic-weather model with environment, weather, PAKE, and PAKW",PAK + W,KW,CV1,4,CS12_WS,0.2555691200543172,5,124.277859401703
17,Eta17,Weather single-source,Phenomic pathway,Arc-cosine,With W,Phenomic arc-cosine + W,E + W + PAK + PAKE + PAKW,"Arc-cosine phenomic-weather model with environment, weather, PAKE, and PAKW",PAK + W,KW,CV1,4,CS12_WW,0.24612219354337692,5,124.277859401703
17,Eta17,Weather single-source,Phenomic pathway,Arc-cosine,With W,Phenomic arc-cosine + W,E + W + PAK + PAKE + PAKW,"Arc-cosine phenomic-weather model with environment, weather, PAKE, and PAKW",PAK + W,KW,CV1,5,CS11_WS,0.27314149232239915,5,148.469190454483
17,Eta17,Weather single-source,Phenomic pathway,Arc-cosine,With W,Phenomic arc-cosine + W,E + W + PAK + PAKE + PAKW,"Arc-cosine phenomic-weather model with environment, weather, PAKE, and PAKW",PAK + W,KW,CV1,5,CS11_WW,0.17079332745136172,5,148.469190454483
17,Eta17,Weather single-source,Phenomic pathway,Arc-cosine,With W,Phenomic arc-cosine + W,E + W + PAK + PAKE + PAKW,"Arc-cosine phenomic-weather model with environment, weather, PAKE, and PAKW",PAK + W,KW,CV1,5,CS12_WS,0.2714069800661948,5,148.469190454483
17,Eta17,Weather single-source,Phenomic pathway,Arc-cosine,With W,Phenomic arc-cosine + W,E + W + PAK + PAKE + PAKW,"Arc-cosine phenomic-weather model with environment, weather, PAKE, and PAKW",PAK + W,KW,CV1,5,CS12_WW,0.2209143181305689,5,148.469190454483
17,Eta17,Weather single-source,Phenomic pathway,Arc-cosine,With W,Phenomic arc-cosine + W,E + W + PAK + PAKE + PAKW,"Arc-cosine phenomic-weather model with environment, weather, PAKE, and PAKW",PAK + W,KW,CV1,6,CS11_WS,0.29683256357261556,5,146.4284823894502
17,Eta17,Weather single-source,Phenomic pathway,Arc-cosine,With W,Phenomic arc-cosine + W,E + W + PAK + PAKE + PAKW,"Arc-cosine phenomic-weather model with environment, weather, PAKE, and PAKW",PAK + W,KW,CV1,6,CS11_WW,0.1928660664250216,5,146.4284823894502
17,Eta17,Weather single-source,Phenomic pathway,Arc-cosine,With W,Phenomic arc-cosine + W,E + W + PAK + PAKE + PAKW,"Arc-cosine phenomic-weather model with environment, weather, PAKE, and PAKW",PAK + W,KW,CV1,6,CS12_WS,0.2574767498073324,5,146.4284823894502
17,Eta17,Weather single-source,Phenomic pathway,Arc-cosine,With W,Phenomic arc-cosine + W,E + W + PAK + PAKE + PAKW,"Arc-cosine phenomic-weather model with environment, weather, PAKE, and PAKW",PAK + W,KW,CV1,6,CS12_WW,0.28624049620532377,5,146.4284823894502
17,Eta17,Weather single-source,Phenomic pathway,Arc-cosine,With W,Phenomic arc-cosine + W,E + W + PAK + PAKE + PAKW,"Arc-cosine phenomic-weather model with environment, weather, PAKE, and PAKW",PAK + W,KW,CV1,7,CS11_WS,0.3093089016126598,5,147.8012887954714
17,Eta17,Weather single-source,Phenomic pathway,Arc-cosine,With W,Phenomic arc-cosine + W,E + W + PAK + PAKE + PAKW,"Arc-cosine phenomic-weather model with environment, weather, PAKE, and PAKW",PAK + W,KW,CV1,7,CS11_WW,0.21391605131313005,5,147.8012887954714
17,Eta17,Weather single-source,Phenomic pathway,Arc-cosine,With W,Phenomic arc-cosine + W,E + W + PAK + PAKE + PAKW,"Arc-cosine phenomic-weather model with environment, weather, PAKE, and PAKW",PAK + W,KW,CV1,7,CS12_WS,0.2189576061617066,5,147.8012887954714
17,Eta17,Weather single-source,Phenomic pathway,Arc-cosine,With W,Phenomic arc-cosine + W,E + W + PAK + PAKE + PAKW,"Arc-cosine phenomic-weather model with environment, weather, PAKE, and PAKW",PAK + W,KW,CV1,7,CS12_WW,0.25229675158769505,5,147.8012887954714
17,Eta17,Weather single-source,Phenomic pathway,Arc-cosine,With W,Phenomic arc-cosine + W,E + W + PAK + PAKE + PAKW,"Arc-cosine phenomic-weather model with environment, weather, PAKE, and PAKW",PAK + W,KW,CV1,8,CS11_WS,0.21191340051372848,5,148.71984739303582
17,Eta17,Weather single-source,Phenomic pathway,Arc-cosine,With W,Phenomic arc-cosine + W,E + W + PAK + PAKE + PAKW,"Arc-cosine phenomic-weather model with environment, weather, PAKE, and PAKW",PAK + W,KW,CV1,8,CS11_WW,0.16413786767138372,5,148.71984739303582
17,Eta17,Weather single-source,Phenomic pathway,Arc-cosine,With W,Phenomic arc-cosine + W,E + W + PAK + PAKE + PAKW,"Arc-cosine phenomic-weather model with environment, weather, PAKE, and PAKW",PAK + W,KW,CV1,8,CS12_WS,0.1790167302005544,5,148.71984739303582
17,Eta17,Weather single-source,Phenomic pathway,Arc-cosine,With W,Phenomic arc-cosine + W,E + W + PAK + PAKE + PAKW,"Arc-cosine phenomic-weather model with environment, weather, PAKE, and PAKW",PAK + W,KW,CV1,8,CS12_WW,0.15182621996359574,5,148.71984739303582
17,Eta17,Weather single-source,Phenomic pathway,Arc-cosine,With W,Phenomic arc-cosine + W,E + W + PAK + PAKE + PAKW,"Arc-cosine phenomic-weather model with environment, weather, PAKE, and PAKW",PAK + W,KW,CV1,9,CS11_WS,0.2884152282715557,5,124.4383093357086
17,Eta17,Weather single-source,Phenomic pathway,Arc-cosine,With W,Phenomic arc-cosine + W,E + W + PAK + PAKE + PAKW,"Arc-cosine phenomic-weather model with environment, weather, PAKE, and PAKW",PAK + W,KW,CV1,9,CS11_WW,0.2402308646949622,5,124.4383093357086
17,Eta17,Weather single-source,Phenomic pathway,Arc-cosine,With W,Phenomic arc-cosine + W,E + W + PAK + PAKE + PAKW,"Arc-cosine phenomic-weather model with environment, weather, PAKE, and PAKW",PAK + W,KW,CV1,9,CS12_WS,0.2596553205695124,5,124.4383093357086
17,Eta17,Weather single-source,Phenomic pathway,Arc-cosine,With W,Phenomic arc-cosine + W,E + W + PAK + PAKE + PAKW,"Arc-cosine phenomic-weather model with environment, weather, PAKE, and PAKW",PAK + W,KW,CV1,9,CS12_WW,0.22731602818343594,5,124.4383093357086
17,Eta17,Weather single-source,Phenomic pathway,Arc-cosine,With W,Phenomic arc-cosine + W,E + W + PAK + PAKE + PAKW,"Arc-cosine phenomic-weather model with environment, weather, PAKE, and PAKW",PAK + W,KW,CV1,10,CS11_WS,0.30010282430469704,5,100.8502821445466
17,Eta17,Weather single-source,Phenomic pathway,Arc-cosine,With W,Phenomic arc-cosine + W,E + W + PAK + PAKE + PAKW,"Arc-cosine phenomic-weather model with environment, weather, PAKE, and PAKW",PAK + W,KW,CV1,10,CS11_WW,0.24035899026184443,5,100.8502821445466
17,Eta17,Weather single-source,Phenomic pathway,Arc-cosine,With W,Phenomic arc-cosine + W,E + W + PAK + PAKE + PAKW,"Arc-cosine phenomic-weather model with environment, weather, PAKE, and PAKW",PAK + W,KW,CV1,10,CS12_WS,0.1854372721110072,5,100.8502821445466
17,Eta17,Weather single-source,Phenomic pathway,Arc-cosine,With W,Phenomic arc-cosine + W,E + W + PAK + PAKE + PAKW,"Arc-cosine phenomic-weather model with environment, weather, PAKE, and PAKW",PAK + W,KW,CV1,10,CS12_WW,0.17887302366690755,5,100.8502821445466
17,Eta17,Weather single-source,Phenomic pathway,Arc-cosine,With W,Phenomic arc-cosine + W,E + W + PAK + PAKE + PAKW,"Arc-cosine phenomic-weather model with environment, weather, PAKE, and PAKW",PAK + W,KW,CV2,1,CS11_WS,0.801987767963704,5,125.4462401866912
17,Eta17,Weather single-source,Phenomic pathway,Arc-cosine,With W,Phenomic arc-cosine + W,E + W + PAK + PAKE + PAKW,"Arc-cosine phenomic-weather model with environment, weather, PAKE, and PAKW",PAK + W,KW,CV2,1,CS11_WW,0.7653871049923817,5,125.4462401866912
17,Eta17,Weather single-source,Phenomic pathway,Arc-cosine,With W,Phenomic arc-cosine + W,E + W + PAK + PAKE + PAKW,"Arc-cosine phenomic-weather model with environment, weather, PAKE, and PAKW",PAK + W,KW,CV2,1,CS12_WS,0.7535310408159657,5,125.4462401866912
17,Eta17,Weather single-source,Phenomic pathway,Arc-cosine,With W,Phenomic arc-cosine + W,E + W + PAK + PAKE + PAKW,"Arc-cosine phenomic-weather model with environment, weather, PAKE, and PAKW",PAK + W,KW,CV2,1,CS12_WW,0.7465535822328085,5,125.4462401866912
17,Eta17,Weather single-source,Phenomic pathway,Arc-cosine,With W,Phenomic arc-cosine + W,E + W + PAK + PAKE + PAKW,"Arc-cosine phenomic-weather model with environment, weather, PAKE, and PAKW",PAK + W,KW,CV2,2,CS11_WS,0.7960768662289619,5,146.1563629150392
17,Eta17,Weather single-source,Phenomic pathway,Arc-cosine,With W,Phenomic arc-cosine + W,E + W + PAK + PAKE + PAKW,"Arc-cosine phenomic-weather model with environment, weather, PAKE, and PAKW",PAK + W,KW,CV2,2,CS11_WW,0.7626918020067366,5,146.1563629150392
17,Eta17,Weather single-source,Phenomic pathway,Arc-cosine,With W,Phenomic arc-cosine + W,E + W + PAK + PAKE + PAKW,"Arc-cosine phenomic-weather model with environment, weather, PAKE, and PAKW",PAK + W,KW,CV2,2,CS12_WS,0.7567126296354444,5,146.1563629150392
17,Eta17,Weather single-source,Phenomic pathway,Arc-cosine,With W,Phenomic arc-cosine + W,E + W + PAK + PAKE + PAKW,"Arc-cosine phenomic-weather model with environment, weather, PAKE, and PAKW",PAK + W,KW,CV2,2,CS12_WW,0.7432685158406396,5,146.1563629150392
17,Eta17,Weather single-source,Phenomic pathway,Arc-cosine,With W,Phenomic arc-cosine + W,E + W + PAK + PAKE + PAKW,"Arc-cosine phenomic-weather model with environment, weather, PAKE, and PAKW",PAK + W,KW,CV2,3,CS11_WS,0.7858167843255756,5,147.6176800251008
17,Eta17,Weather single-source,Phenomic pathway,Arc-cosine,With W,Phenomic arc-cosine + W,E + W + PAK + PAKE + PAKW,"Arc-cosine phenomic-weather model with environment, weather, PAKE, and PAKW",PAK + W,KW,CV2,3,CS11_WW,0.750987190676751,5,147.6176800251008
17,Eta17,Weather single-source,Phenomic pathway,Arc-cosine,With W,Phenomic arc-cosine + W,E + W + PAK + PAKE + PAKW,"Arc-cosine phenomic-weather model with environment, weather, PAKE, and PAKW",PAK + W,KW,CV2,3,CS12_WS,0.7404876874209376,5,147.6176800251008
17,Eta17,Weather single-source,Phenomic pathway,Arc-cosine,With W,Phenomic arc-cosine + W,E + W + PAK + PAKE + PAKW,"Arc-cosine phenomic-weather model with environment, weather, PAKE, and PAKW",PAK + W,KW,CV2,3,CS12_WW,0.7303849957926534,5,147.6176800251008
17,Eta17,Weather single-source,Phenomic pathway,Arc-cosine,With W,Phenomic arc-cosine + W,E + W + PAK + PAKE + PAKW,"Arc-cosine phenomic-weather model with environment, weather, PAKE, and PAKW",PAK + W,KW,CV2,4,CS11_WS,0.8060569117978655,5,124.277859401703
17,Eta17,Weather single-source,Phenomic pathway,Arc-cosine,With W,Phenomic arc-cosine + W,E + W + PAK + PAKE + PAKW,"Arc-cosine phenomic-weather model with environment, weather, PAKE, and PAKW",PAK + W,KW,CV2,4,CS11_WW,0.7730970332322028,5,124.277859401703
17,Eta17,Weather single-source,Phenomic pathway,Arc-cosine,With W,Phenomic arc-cosine + W,E + W + PAK + PAKE + PAKW,"Arc-cosine phenomic-weather model with environment, weather, PAKE, and PAKW",PAK + W,KW,CV2,4,CS12_WS,0.7669298283086906,5,124.277859401703
17,Eta17,Weather single-source,Phenomic pathway,Arc-cosine,With W,Phenomic arc-cosine + W,E + W + PAK + PAKE + PAKW,"Arc-cosine phenomic-weather model with environment, weather, PAKE, and PAKW",PAK + W,KW,CV2,4,CS12_WW,0.7592883229667814,5,124.277859401703
17,Eta17,Weather single-source,Phenomic pathway,Arc-cosine,With W,Phenomic arc-cosine + W,E + W + PAK + PAKE + PAKW,"Arc-cosine phenomic-weather model with environment, weather, PAKE, and PAKW",PAK + W,KW,CV2,5,CS11_WS,0.8062607272815143,5,148.469190454483
17,Eta17,Weather single-source,Phenomic pathway,Arc-cosine,With W,Phenomic arc-cosine + W,E + W + PAK + PAKE + PAKW,"Arc-cosine phenomic-weather model with environment, weather, PAKE, and PAKW",PAK + W,KW,CV2,5,CS11_WW,0.7714804688376093,5,148.469190454483
17,Eta17,Weather single-source,Phenomic pathway,Arc-cosine,With W,Phenomic arc-cosine + W,E + W + PAK + PAKE + PAKW,"Arc-cosine phenomic-weather model with environment, weather, PAKE, and PAKW",PAK + W,KW,CV2,5,CS12_WS,0.766110081314776,5,148.469190454483
17,Eta17,Weather single-source,Phenomic pathway,Arc-cosine,With W,Phenomic arc-cosine + W,E + W + PAK + PAKE + PAKW,"Arc-cosine phenomic-weather model with environment, weather, PAKE, and PAKW",PAK + W,KW,CV2,5,CS12_WW,0.7567625854165752,5,148.469190454483
17,Eta17,Weather single-source,Phenomic pathway,Arc-cosine,With W,Phenomic arc-cosine + W,E + W + PAK + PAKE + PAKW,"Arc-cosine phenomic-weather model with environment, weather, PAKE, and PAKW",PAK + W,KW,CV2,6,CS11_WS,0.8091907657368026,5,146.4284823894502
17,Eta17,Weather single-source,Phenomic pathway,Arc-cosine,With W,Phenomic arc-cosine + W,E + W + PAK + PAKE + PAKW,"Arc-cosine phenomic-weather model with environment, weather, PAKE, and PAKW",PAK + W,KW,CV2,6,CS11_WW,0.7722572765384198,5,146.4284823894502
17,Eta17,Weather single-source,Phenomic pathway,Arc-cosine,With W,Phenomic arc-cosine + W,E + W + PAK + PAKE + PAKW,"Arc-cosine phenomic-weather model with environment, weather, PAKE, and PAKW",PAK + W,KW,CV2,6,CS12_WS,0.7682114951277279,5,146.4284823894502
17,Eta17,Weather single-source,Phenomic pathway,Arc-cosine,With W,Phenomic arc-cosine + W,E + W + PAK + PAKE + PAKW,"Arc-cosine phenomic-weather model with environment, weather, PAKE, and PAKW",PAK + W,KW,CV2,6,CS12_WW,0.7571806910914866,5,146.4284823894502
17,Eta17,Weather single-source,Phenomic pathway,Arc-cosine,With W,Phenomic arc-cosine + W,E + W + PAK + PAKE + PAKW,"Arc-cosine phenomic-weather model with environment, weather, PAKE, and PAKW",PAK + W,KW,CV2,7,CS11_WS,0.8060894676185686,5,147.8012887954714
17,Eta17,Weather single-source,Phenomic pathway,Arc-cosine,With W,Phenomic arc-cosine + W,E + W + PAK + PAKE + PAKW,"Arc-cosine phenomic-weather model with environment, weather, PAKE, and PAKW",PAK + W,KW,CV2,7,CS11_WW,0.7713020573962345,5,147.8012887954714
17,Eta17,Weather single-source,Phenomic pathway,Arc-cosine,With W,Phenomic arc-cosine + W,E + W + PAK + PAKE + PAKW,"Arc-cosine phenomic-weather model with environment, weather, PAKE, and PAKW",PAK + W,KW,CV2,7,CS12_WS,0.7658497206573434,5,147.8012887954714
17,Eta17,Weather single-source,Phenomic pathway,Arc-cosine,With W,Phenomic arc-cosine + W,E + W + PAK + PAKE + PAKW,"Arc-cosine phenomic-weather model with environment, weather, PAKE, and PAKW",PAK + W,KW,CV2,7,CS12_WW,0.7602048291804828,5,147.8012887954714
17,Eta17,Weather single-source,Phenomic pathway,Arc-cosine,With W,Phenomic arc-cosine + W,E + W + PAK + PAKE + PAKW,"Arc-cosine phenomic-weather model with environment, weather, PAKE, and PAKW",PAK + W,KW,CV2,8,CS11_WS,0.803332545745091,5,148.71984739303582
17,Eta17,Weather single-source,Phenomic pathway,Arc-cosine,With W,Phenomic arc-cosine + W,E + W + PAK + PAKE + PAKW,"Arc-cosine phenomic-weather model with environment, weather, PAKE, and PAKW",PAK + W,KW,CV2,8,CS11_WW,0.7653777772682465,5,148.71984739303582
17,Eta17,Weather single-source,Phenomic pathway,Arc-cosine,With W,Phenomic arc-cosine + W,E + W + PAK + PAKE + PAKW,"Arc-cosine phenomic-weather model with environment, weather, PAKE, and PAKW",PAK + W,KW,CV2,8,CS12_WS,0.7608999346295304,5,148.71984739303582
17,Eta17,Weather single-source,Phenomic pathway,Arc-cosine,With W,Phenomic arc-cosine + W,E + W + PAK + PAKE + PAKW,"Arc-cosine phenomic-weather model with environment, weather, PAKE, and PAKW",PAK + W,KW,CV2,8,CS12_WW,0.7545623231604032,5,148.71984739303582
17,Eta17,Weather single-source,Phenomic pathway,Arc-cosine,With W,Phenomic arc-cosine + W,E + W + PAK + PAKE + PAKW,"Arc-cosine phenomic-weather model with environment, weather, PAKE, and PAKW",PAK + W,KW,CV2,9,CS11_WS,0.807692914802032,5,124.4383093357086
17,Eta17,Weather single-source,Phenomic pathway,Arc-cosine,With W,Phenomic arc-cosine + W,E + W + PAK + PAKE + PAKW,"Arc-cosine phenomic-weather model with environment, weather, PAKE, and PAKW",PAK + W,KW,CV2,9,CS11_WW,0.7680443284287876,5,124.4383093357086
17,Eta17,Weather single-source,Phenomic pathway,Arc-cosine,With W,Phenomic arc-cosine + W,E + W + PAK + PAKE + PAKW,"Arc-cosine phenomic-weather model with environment, weather, PAKE, and PAKW",PAK + W,KW,CV2,9,CS12_WS,0.7672782588330236,5,124.4383093357086
17,Eta17,Weather single-source,Phenomic pathway,Arc-cosine,With W,Phenomic arc-cosine + W,E + W + PAK + PAKE + PAKW,"Arc-cosine phenomic-weather model with environment, weather, PAKE, and PAKW",PAK + W,KW,CV2,9,CS12_WW,0.7571481432807554,5,124.4383093357086
17,Eta17,Weather single-source,Phenomic pathway,Arc-cosine,With W,Phenomic arc-cosine + W,E + W + PAK + PAKE + PAKW,"Arc-cosine phenomic-weather model with environment, weather, PAKE, and PAKW",PAK + W,KW,CV2,10,CS11_WS,0.8077969440555526,5,100.8502821445466
17,Eta17,Weather single-source,Phenomic pathway,Arc-cosine,With W,Phenomic arc-cosine + W,E + W + PAK + PAKE + PAKW,"Arc-cosine phenomic-weather model with environment, weather, PAKE, and PAKW",PAK + W,KW,CV2,10,CS11_WW,0.7710525756652935,5,100.8502821445466
17,Eta17,Weather single-source,Phenomic pathway,Arc-cosine,With W,Phenomic arc-cosine + W,E + W + PAK + PAKE + PAKW,"Arc-cosine phenomic-weather model with environment, weather, PAKE, and PAKW",PAK + W,KW,CV2,10,CS12_WS,0.7677107398210072,5,100.8502821445466
17,Eta17,Weather single-source,Phenomic pathway,Arc-cosine,With W,Phenomic arc-cosine + W,E + W + PAK + PAKE + PAKW,"Arc-cosine phenomic-weather model with environment, weather, PAKE, and PAKW",PAK + W,KW,CV2,10,CS12_WW,0.7587626821928994,5,100.8502821445466
18,Eta18,Weather combined,Combined G + P pathway,Arc-cosine,With W,Combined arc-cosine + W,E + W + GAK + PAK + GAKE + PAKE + GAKW + PAKW,"Arc-cosine combined genomic + phenomic + weather model with GAKE, PAKE, GAKW, and PAKW",GAK+PAK + W,GY,CV1,1,CS11_WS,0.7117801615447277,5,206.4595183849336
18,Eta18,Weather combined,Combined G + P pathway,Arc-cosine,With W,Combined arc-cosine + W,E + W + GAK + PAK + GAKE + PAKE + GAKW + PAKW,"Arc-cosine combined genomic + phenomic + weather model with GAKE, PAKE, GAKW, and PAKW",GAK+PAK + W,GY,CV1,1,CS11_WW,0.706180459416921,5,206.4595183849336
18,Eta18,Weather combined,Combined G + P pathway,Arc-cosine,With W,Combined arc-cosine + W,E + W + GAK + PAK + GAKE + PAKE + GAKW + PAKW,"Arc-cosine combined genomic + phenomic + weather model with GAKE, PAKE, GAKW, and PAKW",GAK+PAK + W,GY,CV1,1,CS12_WS,0.688805851144485,5,206.4595183849336
18,Eta18,Weather combined,Combined G + P pathway,Arc-cosine,With W,Combined arc-cosine + W,E + W + GAK + PAK + GAKE + PAKE + GAKW + PAKW,"Arc-cosine combined genomic + phenomic + weather model with GAKE, PAKE, GAKW, and PAKW",GAK+PAK + W,GY,CV1,1,CS12_WW,0.6534393580728282,5,206.4595183849336
18,Eta18,Weather combined,Combined G + P pathway,Arc-cosine,With W,Combined arc-cosine + W,E + W + GAK + PAK + GAKE + PAKE + GAKW + PAKW,"Arc-cosine combined genomic + phenomic + weather model with GAKE, PAKE, GAKW, and PAKW",GAK+PAK + W,GY,CV1,2,CS11_WS,0.7490208148644996,5,234.9838973999024
18,Eta18,Weather combined,Combined G + P pathway,Arc-cosine,With W,Combined arc-cosine + W,E + W + GAK + PAK + GAKE + PAKE + GAKW + PAKW,"Arc-cosine combined genomic + phenomic + weather model with GAKE, PAKE, GAKW, and PAKW",GAK+PAK + W,GY,CV1,2,CS11_WW,0.7011297815470796,5,234.9838973999024
18,Eta18,Weather combined,Combined G + P pathway,Arc-cosine,With W,Combined arc-cosine + W,E + W + GAK + PAK + GAKE + PAKE + GAKW + PAKW,"Arc-cosine combined genomic + phenomic + weather model with GAKE, PAKE, GAKW, and PAKW",GAK+PAK + W,GY,CV1,2,CS12_WS,0.6852655719856666,5,234.9838973999024
18,Eta18,Weather combined,Combined G + P pathway,Arc-cosine,With W,Combined arc-cosine + W,E + W + GAK + PAK + GAKE + PAKE + GAKW + PAKW,"Arc-cosine combined genomic + phenomic + weather model with GAKE, PAKE, GAKW, and PAKW",GAK+PAK + W,GY,CV1,2,CS12_WW,0.6850032862233588,5,234.9838973999024
18,Eta18,Weather combined,Combined G + P pathway,Arc-cosine,With W,Combined arc-cosine + W,E + W + GAK + PAK + GAKE + PAKE + GAKW + PAKW,"Arc-cosine combined genomic + phenomic + weather model with GAKE, PAKE, GAKW, and PAKW",GAK+PAK + W,GY,CV1,3,CS11_WS,0.7661736871873657,5,202.3021634101868
18,Eta18,Weather combined,Combined G + P pathway,Arc-cosine,With W,Combined arc-cosine + W,E + W + GAK + PAK + GAKE + PAKE + GAKW + PAKW,"Arc-cosine combined genomic + phenomic + weather model with GAKE, PAKE, GAKW, and PAKW",GAK+PAK + W,GY,CV1,3,CS11_WW,0.7317393077577694,5,202.3021634101868
18,Eta18,Weather combined,Combined G + P pathway,Arc-cosine,With W,Combined arc-cosine + W,E + W + GAK + PAK + GAKE + PAKE + GAKW + PAKW,"Arc-cosine combined genomic + phenomic + weather model with GAKE, PAKE, GAKW, and PAKW",GAK+PAK + W,GY,CV1,3,CS12_WS,0.6983548527598752,5,202.3021634101868
18,Eta18,Weather combined,Combined G + P pathway,Arc-cosine,With W,Combined arc-cosine + W,E + W + GAK + PAK + GAKE + PAKE + GAKW + PAKW,"Arc-cosine combined genomic + phenomic + weather model with GAKE, PAKE, GAKW, and PAKW",GAK+PAK + W,GY,CV1,3,CS12_WW,0.6957545827213748,5,202.3021634101868
18,Eta18,Weather combined,Combined G + P pathway,Arc-cosine,With W,Combined arc-cosine + W,E + W + GAK + PAK + GAKE + PAKE + GAKW + PAKW,"Arc-cosine combined genomic + phenomic + weather model with GAKE, PAKE, GAKW, and PAKW",GAK+PAK + W,GY,CV1,4,CS11_WS,0.7452060347765108,5,203.4409742355344
18,Eta18,Weather combined,Combined G + P pathway,Arc-cosine,With W,Combined arc-cosine + W,E + W + GAK + PAK + GAKE + PAKE + GAKW + PAKW,"Arc-cosine combined genomic + phenomic + weather model with GAKE, PAKE, GAKW, and PAKW",GAK+PAK + W,GY,CV1,4,CS11_WW,0.7142299763301402,5,203.4409742355344
18,Eta18,Weather combined,Combined G + P pathway,Arc-cosine,With W,Combined arc-cosine + W,E + W + GAK + PAK + GAKE + PAKE + GAKW + PAKW,"Arc-cosine combined genomic + phenomic + weather model with GAKE, PAKE, GAKW, and PAKW",GAK+PAK + W,GY,CV1,4,CS12_WS,0.6974066016367236,5,203.4409742355344
18,Eta18,Weather combined,Combined G + P pathway,Arc-cosine,With W,Combined arc-cosine + W,E + W + GAK + PAK + GAKE + PAKE + GAKW + PAKW,"Arc-cosine combined genomic + phenomic + weather model with GAKE, PAKE, GAKW, and PAKW",GAK+PAK + W,GY,CV1,4,CS12_WW,0.680327415020085,5,203.4409742355344
18,Eta18,Weather combined,Combined G + P pathway,Arc-cosine,With W,Combined arc-cosine + W,E + W + GAK + PAK + GAKE + PAKE + GAKW + PAKW,"Arc-cosine combined genomic + phenomic + weather model with GAKE, PAKE, GAKW, and PAKW",GAK+PAK + W,GY,CV1,5,CS11_WS,0.7388603196708747,5,203.0830858230592
18,Eta18,Weather combined,Combined G + P pathway,Arc-cosine,With W,Combined arc-cosine + W,E + W + GAK + PAK + GAKE + PAKE + GAKW + PAKW,"Arc-cosine combined genomic + phenomic + weather model with GAKE, PAKE, GAKW, and PAKW",GAK+PAK + W,GY,CV1,5,CS11_WW,0.7194210405029656,5,203.0830858230592
18,Eta18,Weather combined,Combined G + P pathway,Arc-cosine,With W,Combined arc-cosine + W,E + W + GAK + PAK + GAKE + PAKE + GAKW + PAKW,"Arc-cosine combined genomic + phenomic + weather model with GAKE, PAKE, GAKW, and PAKW",GAK+PAK + W,GY,CV1,5,CS12_WS,0.6945206600136535,5,203.0830858230592
18,Eta18,Weather combined,Combined G + P pathway,Arc-cosine,With W,Combined arc-cosine + W,E + W + GAK + PAK + GAKE + PAKE + GAKW + PAKW,"Arc-cosine combined genomic + phenomic + weather model with GAKE, PAKE, GAKW, and PAKW",GAK+PAK + W,GY,CV1,5,CS12_WW,0.6806526434851033,5,203.0830858230592
18,Eta18,Weather combined,Combined G + P pathway,Arc-cosine,With W,Combined arc-cosine + W,E + W + GAK + PAK + GAKE + PAKE + GAKW + PAKW,"Arc-cosine combined genomic + phenomic + weather model with GAKE, PAKE, GAKW, and PAKW",GAK+PAK + W,GY,CV1,6,CS11_WS,0.7175984760370304,5,236.47403001785278
18,Eta18,Weather combined,Combined G + P pathway,Arc-cosine,With W,Combined arc-cosine + W,E + W + GAK + PAK + GAKE + PAKE + GAKW + PAKW,"Arc-cosine combined genomic + phenomic + weather model with GAKE, PAKE, GAKW, and PAKW",GAK+PAK + W,GY,CV1,6,CS11_WW,0.7217982271700369,5,236.47403001785278
18,Eta18,Weather combined,Combined G + P pathway,Arc-cosine,With W,Combined arc-cosine + W,E + W + GAK + PAK + GAKE + PAKE + GAKW + PAKW,"Arc-cosine combined genomic + phenomic + weather model with GAKE, PAKE, GAKW, and PAKW",GAK+PAK + W,GY,CV1,6,CS12_WS,0.6819736218135682,5,236.47403001785278
18,Eta18,Weather combined,Combined G + P pathway,Arc-cosine,With W,Combined arc-cosine + W,E + W + GAK + PAK + GAKE + PAKE + GAKW + PAKW,"Arc-cosine combined genomic + phenomic + weather model with GAKE, PAKE, GAKW, and PAKW",GAK+PAK + W,GY,CV1,6,CS12_WW,0.7037809670887138,5,236.47403001785278
18,Eta18,Weather combined,Combined G + P pathway,Arc-cosine,With W,Combined arc-cosine + W,E + W + GAK + PAK + GAKE + PAKE + GAKW + PAKW,"Arc-cosine combined genomic + phenomic + weather model with GAKE, PAKE, GAKW, and PAKW",GAK+PAK + W,GY,CV1,7,CS11_WS,0.7466174604998982,5,202.0120645999908
18,Eta18,Weather combined,Combined G + P pathway,Arc-cosine,With W,Combined arc-cosine + W,E + W + GAK + PAK + GAKE + PAKE + GAKW + PAKW,"Arc-cosine combined genomic + phenomic + weather model with GAKE, PAKE, GAKW, and PAKW",GAK+PAK + W,GY,CV1,7,CS11_WW,0.7049326296670442,5,202.0120645999908
18,Eta18,Weather combined,Combined G + P pathway,Arc-cosine,With W,Combined arc-cosine + W,E + W + GAK + PAK + GAKE + PAKE + GAKW + PAKW,"Arc-cosine combined genomic + phenomic + weather model with GAKE, PAKE, GAKW, and PAKW",GAK+PAK + W,GY,CV1,7,CS12_WS,0.6859421007315953,5,202.0120645999908
18,Eta18,Weather combined,Combined G + P pathway,Arc-cosine,With W,Combined arc-cosine + W,E + W + GAK + PAK + GAKE + PAKE + GAKW + PAKW,"Arc-cosine combined genomic + phenomic + weather model with GAKE, PAKE, GAKW, and PAKW",GAK+PAK + W,GY,CV1,7,CS12_WW,0.6548456261931198,5,202.0120645999908
18,Eta18,Weather combined,Combined G + P pathway,Arc-cosine,With W,Combined arc-cosine + W,E + W + GAK + PAK + GAKE + PAKE + GAKW + PAKW,"Arc-cosine combined genomic + phenomic + weather model with GAKE, PAKE, GAKW, and PAKW",GAK+PAK + W,GY,CV1,8,CS11_WS,0.7314025860260702,5,234.424712562561
18,Eta18,Weather combined,Combined G + P pathway,Arc-cosine,With W,Combined arc-cosine + W,E + W + GAK + PAK + GAKE + PAKE + GAKW + PAKW,"Arc-cosine combined genomic + phenomic + weather model with GAKE, PAKE, GAKW, and PAKW",GAK+PAK + W,GY,CV1,8,CS11_WW,0.7169250988147958,5,234.424712562561
18,Eta18,Weather combined,Combined G + P pathway,Arc-cosine,With W,Combined arc-cosine + W,E + W + GAK + PAK + GAKE + PAKE + GAKW + PAKW,"Arc-cosine combined genomic + phenomic + weather model with GAKE, PAKE, GAKW, and PAKW",GAK+PAK + W,GY,CV1,8,CS12_WS,0.6958834597322824,5,234.424712562561
18,Eta18,Weather combined,Combined G + P pathway,Arc-cosine,With W,Combined arc-cosine + W,E + W + GAK + PAK + GAKE + PAKE + GAKW + PAKW,"Arc-cosine combined genomic + phenomic + weather model with GAKE, PAKE, GAKW, and PAKW",GAK+PAK + W,GY,CV1,8,CS12_WW,0.6865780196166228,5,234.424712562561
18,Eta18,Weather combined,Combined G + P pathway,Arc-cosine,With W,Combined arc-cosine + W,E + W + GAK + PAK + GAKE + PAKE + GAKW + PAKW,"Arc-cosine combined genomic + phenomic + weather model with GAKE, PAKE, GAKW, and PAKW",GAK+PAK + W,GY,CV1,9,CS11_WS,0.7077500304631666,5,235.51448421478258
18,Eta18,Weather combined,Combined G + P pathway,Arc-cosine,With W,Combined arc-cosine + W,E + W + GAK + PAK + GAKE + PAKE + GAKW + PAKW,"Arc-cosine combined genomic + phenomic + weather model with GAKE, PAKE, GAKW, and PAKW",GAK+PAK + W,GY,CV1,9,CS11_WW,0.7201478270863684,5,235.51448421478258
18,Eta18,Weather combined,Combined G + P pathway,Arc-cosine,With W,Combined arc-cosine + W,E + W + GAK + PAK + GAKE + PAKE + GAKW + PAKW,"Arc-cosine combined genomic + phenomic + weather model with GAKE, PAKE, GAKW, and PAKW",GAK+PAK + W,GY,CV1,9,CS12_WS,0.6944229276214562,5,235.51448421478258
18,Eta18,Weather combined,Combined G + P pathway,Arc-cosine,With W,Combined arc-cosine + W,E + W + GAK + PAK + GAKE + PAKE + GAKW + PAKW,"Arc-cosine combined genomic + phenomic + weather model with GAKE, PAKE, GAKW, and PAKW",GAK+PAK + W,GY,CV1,9,CS12_WW,0.6764636473061769,5,235.51448421478258
18,Eta18,Weather combined,Combined G + P pathway,Arc-cosine,With W,Combined arc-cosine + W,E + W + GAK + PAK + GAKE + PAKE + GAKW + PAKW,"Arc-cosine combined genomic + phenomic + weather model with GAKE, PAKE, GAKW, and PAKW",GAK+PAK + W,GY,CV1,10,CS11_WS,0.7460894203082796,5,232.1220872402192
18,Eta18,Weather combined,Combined G + P pathway,Arc-cosine,With W,Combined arc-cosine + W,E + W + GAK + PAK + GAKE + PAKE + GAKW + PAKW,"Arc-cosine combined genomic + phenomic + weather model with GAKE, PAKE, GAKW, and PAKW",GAK+PAK + W,GY,CV1,10,CS11_WW,0.7250610670869769,5,232.1220872402192
18,Eta18,Weather combined,Combined G + P pathway,Arc-cosine,With W,Combined arc-cosine + W,E + W + GAK + PAK + GAKE + PAKE + GAKW + PAKW,"Arc-cosine combined genomic + phenomic + weather model with GAKE, PAKE, GAKW, and PAKW",GAK+PAK + W,GY,CV1,10,CS12_WS,0.6865947668734914,5,232.1220872402192
18,Eta18,Weather combined,Combined G + P pathway,Arc-cosine,With W,Combined arc-cosine + W,E + W + GAK + PAK + GAKE + PAKE + GAKW + PAKW,"Arc-cosine combined genomic + phenomic + weather model with GAKE, PAKE, GAKW, and PAKW",GAK+PAK + W,GY,CV1,10,CS12_WW,0.6869169829263596,5,232.1220872402192
18,Eta18,Weather combined,Combined G + P pathway,Arc-cosine,With W,Combined arc-cosine + W,E + W + GAK + PAK + GAKE + PAKE + GAKW + PAKW,"Arc-cosine combined genomic + phenomic + weather model with GAKE, PAKE, GAKW, and PAKW",GAK+PAK + W,GY,CV2,1,CS11_WS,0.9626336912273402,5,206.4595183849336
18,Eta18,Weather combined,Combined G + P pathway,Arc-cosine,With W,Combined arc-cosine + W,E + W + GAK + PAK + GAKE + PAKE + GAKW + PAKW,"Arc-cosine combined genomic + phenomic + weather model with GAKE, PAKE, GAKW, and PAKW",GAK+PAK + W,GY,CV2,1,CS11_WW,0.9629582918123267,5,206.4595183849336
18,Eta18,Weather combined,Combined G + P pathway,Arc-cosine,With W,Combined arc-cosine + W,E + W + GAK + PAK + GAKE + PAKE + GAKW + PAKW,"Arc-cosine combined genomic + phenomic + weather model with GAKE, PAKE, GAKW, and PAKW",GAK+PAK + W,GY,CV2,1,CS12_WS,0.9838126035473074,5,206.4595183849336
18,Eta18,Weather combined,Combined G + P pathway,Arc-cosine,With W,Combined arc-cosine + W,E + W + GAK + PAK + GAKE + PAKE + GAKW + PAKW,"Arc-cosine combined genomic + phenomic + weather model with GAKE, PAKE, GAKW, and PAKW",GAK+PAK + W,GY,CV2,1,CS12_WW,0.9679019562586418,5,206.4595183849336
18,Eta18,Weather combined,Combined G + P pathway,Arc-cosine,With W,Combined arc-cosine + W,E + W + GAK + PAK + GAKE + PAKE + GAKW + PAKW,"Arc-cosine combined genomic + phenomic + weather model with GAKE, PAKE, GAKW, and PAKW",GAK+PAK + W,GY,CV2,2,CS11_WS,0.96335453467332,5,234.9838973999024
18,Eta18,Weather combined,Combined G + P pathway,Arc-cosine,With W,Combined arc-cosine + W,E + W + GAK + PAK + GAKE + PAKE + GAKW + PAKW,"Arc-cosine combined genomic + phenomic + weather model with GAKE, PAKE, GAKW, and PAKW",GAK+PAK + W,GY,CV2,2,CS11_WW,0.963919561411959,5,234.9838973999024
18,Eta18,Weather combined,Combined G + P pathway,Arc-cosine,With W,Combined arc-cosine + W,E + W + GAK + PAK + GAKE + PAKE + GAKW + PAKW,"Arc-cosine combined genomic + phenomic + weather model with GAKE, PAKE, GAKW, and PAKW",GAK+PAK + W,GY,CV2,2,CS12_WS,0.9840602757378516,5,234.9838973999024
18,Eta18,Weather combined,Combined G + P pathway,Arc-cosine,With W,Combined arc-cosine + W,E + W + GAK + PAK + GAKE + PAKE + GAKW + PAKW,"Arc-cosine combined genomic + phenomic + weather model with GAKE, PAKE, GAKW, and PAKW",GAK+PAK + W,GY,CV2,2,CS12_WW,0.9684716525735155,5,234.9838973999024
18,Eta18,Weather combined,Combined G + P pathway,Arc-cosine,With W,Combined arc-cosine + W,E + W + GAK + PAK + GAKE + PAKE + GAKW + PAKW,"Arc-cosine combined genomic + phenomic + weather model with GAKE, PAKE, GAKW, and PAKW",GAK+PAK + W,GY,CV2,3,CS11_WS,0.9637198483343792,5,202.3021634101868
18,Eta18,Weather combined,Combined G + P pathway,Arc-cosine,With W,Combined arc-cosine + W,E + W + GAK + PAK + GAKE + PAKE + GAKW + PAKW,"Arc-cosine combined genomic + phenomic + weather model with GAKE, PAKE, GAKW, and PAKW",GAK+PAK + W,GY,CV2,3,CS11_WW,0.9661051508339709,5,202.3021634101868
18,Eta18,Weather combined,Combined G + P pathway,Arc-cosine,With W,Combined arc-cosine + W,E + W + GAK + PAK + GAKE + PAKE + GAKW + PAKW,"Arc-cosine combined genomic + phenomic + weather model with GAKE, PAKE, GAKW, and PAKW",GAK+PAK + W,GY,CV2,3,CS12_WS,0.9843412851125242,5,202.3021634101868
18,Eta18,Weather combined,Combined G + P pathway,Arc-cosine,With W,Combined arc-cosine + W,E + W + GAK + PAK + GAKE + PAKE + GAKW + PAKW,"Arc-cosine combined genomic + phenomic + weather model with GAKE, PAKE, GAKW, and PAKW",GAK+PAK + W,GY,CV2,3,CS12_WW,0.9693757166475813,5,202.3021634101868
18,Eta18,Weather combined,Combined G + P pathway,Arc-cosine,With W,Combined arc-cosine + W,E + W + GAK + PAK + GAKE + PAKE + GAKW + PAKW,"Arc-cosine combined genomic + phenomic + weather model with GAKE, PAKE, GAKW, and PAKW",GAK+PAK + W,GY,CV2,4,CS11_WS,0.9631016329570942,5,203.4409742355344
18,Eta18,Weather combined,Combined G + P pathway,Arc-cosine,With W,Combined arc-cosine + W,E + W + GAK + PAK + GAKE + PAKE + GAKW + PAKW,"Arc-cosine combined genomic + phenomic + weather model with GAKE, PAKE, GAKW, and PAKW",GAK+PAK + W,GY,CV2,4,CS11_WW,0.9640416600062958,5,203.4409742355344
18,Eta18,Weather combined,Combined G + P pathway,Arc-cosine,With W,Combined arc-cosine + W,E + W + GAK + PAK + GAKE + PAKE + GAKW + PAKW,"Arc-cosine combined genomic + phenomic + weather model with GAKE, PAKE, GAKW, and PAKW",GAK+PAK + W,GY,CV2,4,CS12_WS,0.9839782111999383,5,203.4409742355344
18,Eta18,Weather combined,Combined G + P pathway,Arc-cosine,With W,Combined arc-cosine + W,E + W + GAK + PAK + GAKE + PAKE + GAKW + PAKW,"Arc-cosine combined genomic + phenomic + weather model with GAKE, PAKE, GAKW, and PAKW",GAK+PAK + W,GY,CV2,4,CS12_WW,0.9684006609035671,5,203.4409742355344
18,Eta18,Weather combined,Combined G + P pathway,Arc-cosine,With W,Combined arc-cosine + W,E + W + GAK + PAK + GAKE + PAKE + GAKW + PAKW,"Arc-cosine combined genomic + phenomic + weather model with GAKE, PAKE, GAKW, and PAKW",GAK+PAK + W,GY,CV2,5,CS11_WS,0.9637877604206014,5,203.0830858230592
18,Eta18,Weather combined,Combined G + P pathway,Arc-cosine,With W,Combined arc-cosine + W,E + W + GAK + PAK + GAKE + PAKE + GAKW + PAKW,"Arc-cosine combined genomic + phenomic + weather model with GAKE, PAKE, GAKW, and PAKW",GAK+PAK + W,GY,CV2,5,CS11_WW,0.9652363817231159,5,203.0830858230592
18,Eta18,Weather combined,Combined G + P pathway,Arc-cosine,With W,Combined arc-cosine + W,E + W + GAK + PAK + GAKE + PAKE + GAKW + PAKW,"Arc-cosine combined genomic + phenomic + weather model with GAKE, PAKE, GAKW, and PAKW",GAK+PAK + W,GY,CV2,5,CS12_WS,0.9845573874530237,5,203.0830858230592
18,Eta18,Weather combined,Combined G + P pathway,Arc-cosine,With W,Combined arc-cosine + W,E + W + GAK + PAK + GAKE + PAKE + GAKW + PAKW,"Arc-cosine combined genomic + phenomic + weather model with GAKE, PAKE, GAKW, and PAKW",GAK+PAK + W,GY,CV2,5,CS12_WW,0.9693694861897566,5,203.0830858230592
18,Eta18,Weather combined,Combined G + P pathway,Arc-cosine,With W,Combined arc-cosine + W,E + W + GAK + PAK + GAKE + PAKE + GAKW + PAKW,"Arc-cosine combined genomic + phenomic + weather model with GAKE, PAKE, GAKW, and PAKW",GAK+PAK + W,GY,CV2,6,CS11_WS,0.9627501510589449,5,236.47403001785278
18,Eta18,Weather combined,Combined G + P pathway,Arc-cosine,With W,Combined arc-cosine + W,E + W + GAK + PAK + GAKE + PAKE + GAKW + PAKW,"Arc-cosine combined genomic + phenomic + weather model with GAKE, PAKE, GAKW, and PAKW",GAK+PAK + W,GY,CV2,6,CS11_WW,0.9631874601405623,5,236.47403001785278
18,Eta18,Weather combined,Combined G + P pathway,Arc-cosine,With W,Combined arc-cosine + W,E + W + GAK + PAK + GAKE + PAKE + GAKW + PAKW,"Arc-cosine combined genomic + phenomic + weather model with GAKE, PAKE, GAKW, and PAKW",GAK+PAK + W,GY,CV2,6,CS12_WS,0.9837805048379916,5,236.47403001785278
18,Eta18,Weather combined,Combined G + P pathway,Arc-cosine,With W,Combined arc-cosine + W,E + W + GAK + PAK + GAKE + PAKE + GAKW + PAKW,"Arc-cosine combined genomic + phenomic + weather model with GAKE, PAKE, GAKW, and PAKW",GAK+PAK + W,GY,CV2,6,CS12_WW,0.9679421040551593,5,236.47403001785278
18,Eta18,Weather combined,Combined G + P pathway,Arc-cosine,With W,Combined arc-cosine + W,E + W + GAK + PAK + GAKE + PAKE + GAKW + PAKW,"Arc-cosine combined genomic + phenomic + weather model with GAKE, PAKE, GAKW, and PAKW",GAK+PAK + W,GY,CV2,7,CS11_WS,0.9633492537800968,5,202.0120645999908
18,Eta18,Weather combined,Combined G + P pathway,Arc-cosine,With W,Combined arc-cosine + W,E + W + GAK + PAK + GAKE + PAKE + GAKW + PAKW,"Arc-cosine combined genomic + phenomic + weather model with GAKE, PAKE, GAKW, and PAKW",GAK+PAK + W,GY,CV2,7,CS11_WW,0.9647088882717579,5,202.0120645999908
18,Eta18,Weather combined,Combined G + P pathway,Arc-cosine,With W,Combined arc-cosine + W,E + W + GAK + PAK + GAKE + PAKE + GAKW + PAKW,"Arc-cosine combined genomic + phenomic + weather model with GAKE, PAKE, GAKW, and PAKW",GAK+PAK + W,GY,CV2,7,CS12_WS,0.9843365491946182,5,202.0120645999908
18,Eta18,Weather combined,Combined G + P pathway,Arc-cosine,With W,Combined arc-cosine + W,E + W + GAK + PAK + GAKE + PAKE + GAKW + PAKW,"Arc-cosine combined genomic + phenomic + weather model with GAKE, PAKE, GAKW, and PAKW",GAK+PAK + W,GY,CV2,7,CS12_WW,0.9689036672805262,5,202.0120645999908
18,Eta18,Weather combined,Combined G + P pathway,Arc-cosine,With W,Combined arc-cosine + W,E + W + GAK + PAK + GAKE + PAKE + GAKW + PAKW,"Arc-cosine combined genomic + phenomic + weather model with GAKE, PAKE, GAKW, and PAKW",GAK+PAK + W,GY,CV2,8,CS11_WS,0.9629790884849854,5,234.424712562561
18,Eta18,Weather combined,Combined G + P pathway,Arc-cosine,With W,Combined arc-cosine + W,E + W + GAK + PAK + GAKE + PAKE + GAKW + PAKW,"Arc-cosine combined genomic + phenomic + weather model with GAKE, PAKE, GAKW, and PAKW",GAK+PAK + W,GY,CV2,8,CS11_WW,0.9641388803146909,5,234.424712562561
18,Eta18,Weather combined,Combined G + P pathway,Arc-cosine,With W,Combined arc-cosine + W,E + W + GAK + PAK + GAKE + PAKE + GAKW + PAKW,"Arc-cosine combined genomic + phenomic + weather model with GAKE, PAKE, GAKW, and PAKW",GAK+PAK + W,GY,CV2,8,CS12_WS,0.9842090077718897,5,234.424712562561
18,Eta18,Weather combined,Combined G + P pathway,Arc-cosine,With W,Combined arc-cosine + W,E + W + GAK + PAK + GAKE + PAKE + GAKW + PAKW,"Arc-cosine combined genomic + phenomic + weather model with GAKE, PAKE, GAKW, and PAKW",GAK+PAK + W,GY,CV2,8,CS12_WW,0.9682060731067896,5,234.424712562561
18,Eta18,Weather combined,Combined G + P pathway,Arc-cosine,With W,Combined arc-cosine + W,E + W + GAK + PAK + GAKE + PAKE + GAKW + PAKW,"Arc-cosine combined genomic + phenomic + weather model with GAKE, PAKE, GAKW, and PAKW",GAK+PAK + W,GY,CV2,9,CS11_WS,0.9632760891638021,5,235.51448421478258
18,Eta18,Weather combined,Combined G + P pathway,Arc-cosine,With W,Combined arc-cosine + W,E + W + GAK + PAK + GAKE + PAKE + GAKW + PAKW,"Arc-cosine combined genomic + phenomic + weather model with GAKE, PAKE, GAKW, and PAKW",GAK+PAK + W,GY,CV2,9,CS11_WW,0.9651597658134252,5,235.51448421478258
18,Eta18,Weather combined,Combined G + P pathway,Arc-cosine,With W,Combined arc-cosine + W,E + W + GAK + PAK + GAKE + PAKE + GAKW + PAKW,"Arc-cosine combined genomic + phenomic + weather model with GAKE, PAKE, GAKW, and PAKW",GAK+PAK + W,GY,CV2,9,CS12_WS,0.9842050610385138,5,235.51448421478258
18,Eta18,Weather combined,Combined G + P pathway,Arc-cosine,With W,Combined arc-cosine + W,E + W + GAK + PAK + GAKE + PAKE + GAKW + PAKW,"Arc-cosine combined genomic + phenomic + weather model with GAKE, PAKE, GAKW, and PAKW",GAK+PAK + W,GY,CV2,9,CS12_WW,0.9686178090422048,5,235.51448421478258
18,Eta18,Weather combined,Combined G + P pathway,Arc-cosine,With W,Combined arc-cosine + W,E + W + GAK + PAK + GAKE + PAKE + GAKW + PAKW,"Arc-cosine combined genomic + phenomic + weather model with GAKE, PAKE, GAKW, and PAKW",GAK+PAK + W,GY,CV2,10,CS11_WS,0.9626131062510337,5,232.1220872402192
18,Eta18,Weather combined,Combined G + P pathway,Arc-cosine,With W,Combined arc-cosine + W,E + W + GAK + PAK + GAKE + PAKE + GAKW + PAKW,"Arc-cosine combined genomic + phenomic + weather model with GAKE, PAKE, GAKW, and PAKW",GAK+PAK + W,GY,CV2,10,CS11_WW,0.9630544622332845,5,232.1220872402192
18,Eta18,Weather combined,Combined G + P pathway,Arc-cosine,With W,Combined arc-cosine + W,E + W + GAK + PAK + GAKE + PAKE + GAKW + PAKW,"Arc-cosine combined genomic + phenomic + weather model with GAKE, PAKE, GAKW, and PAKW",GAK+PAK + W,GY,CV2,10,CS12_WS,0.9838674296020429,5,232.1220872402192
18,Eta18,Weather combined,Combined G + P pathway,Arc-cosine,With W,Combined arc-cosine + W,E + W + GAK + PAK + GAKE + PAKE + GAKW + PAKW,"Arc-cosine combined genomic + phenomic + weather model with GAKE, PAKE, GAKW, and PAKW",GAK+PAK + W,GY,CV2,10,CS12_WW,0.9675309351218081,5,232.1220872402192
18,Eta18,Weather combined,Combined G + P pathway,Arc-cosine,With W,Combined arc-cosine + W,E + W + GAK + PAK + GAKE + PAKE + GAKW + PAKW,"Arc-cosine combined genomic + phenomic + weather model with GAKE, PAKE, GAKW, and PAKW",GAK+PAK + W,KW,CV1,1,CS11_WS,0.5202401345297184,5,236.53067474365218
18,Eta18,Weather combined,Combined G + P pathway,Arc-cosine,With W,Combined arc-cosine + W,E + W + GAK + PAK + GAKE + PAKE + GAKW + PAKW,"Arc-cosine combined genomic + phenomic + weather model with GAKE, PAKE, GAKW, and PAKW",GAK+PAK + W,KW,CV1,1,CS11_WW,0.5196985553969411,5,236.53067474365218
18,Eta18,Weather combined,Combined G + P pathway,Arc-cosine,With W,Combined arc-cosine + W,E + W + GAK + PAK + GAKE + PAKE + GAKW + PAKW,"Arc-cosine combined genomic + phenomic + weather model with GAKE, PAKE, GAKW, and PAKW",GAK+PAK + W,KW,CV1,1,CS12_WS,0.5795808353626156,5,236.53067474365218
18,Eta18,Weather combined,Combined G + P pathway,Arc-cosine,With W,Combined arc-cosine + W,E + W + GAK + PAK + GAKE + PAKE + GAKW + PAKW,"Arc-cosine combined genomic + phenomic + weather model with GAKE, PAKE, GAKW, and PAKW",GAK+PAK + W,KW,CV1,1,CS12_WW,0.6309686028875288,5,236.53067474365218
18,Eta18,Weather combined,Combined G + P pathway,Arc-cosine,With W,Combined arc-cosine + W,E + W + GAK + PAK + GAKE + PAKE + GAKW + PAKW,"Arc-cosine combined genomic + phenomic + weather model with GAKE, PAKE, GAKW, and PAKW",GAK+PAK + W,KW,CV1,2,CS11_WS,0.5110034235076496,5,201.4562084197996
18,Eta18,Weather combined,Combined G + P pathway,Arc-cosine,With W,Combined arc-cosine + W,E + W + GAK + PAK + GAKE + PAKE + GAKW + PAKW,"Arc-cosine combined genomic + phenomic + weather model with GAKE, PAKE, GAKW, and PAKW",GAK+PAK + W,KW,CV1,2,CS11_WW,0.5074244269073754,5,201.4562084197996
18,Eta18,Weather combined,Combined G + P pathway,Arc-cosine,With W,Combined arc-cosine + W,E + W + GAK + PAK + GAKE + PAKE + GAKW + PAKW,"Arc-cosine combined genomic + phenomic + weather model with GAKE, PAKE, GAKW, and PAKW",GAK+PAK + W,KW,CV1,2,CS12_WS,0.5934007059322162,5,201.4562084197996
18,Eta18,Weather combined,Combined G + P pathway,Arc-cosine,With W,Combined arc-cosine + W,E + W + GAK + PAK + GAKE + PAKE + GAKW + PAKW,"Arc-cosine combined genomic + phenomic + weather model with GAKE, PAKE, GAKW, and PAKW",GAK+PAK + W,KW,CV1,2,CS12_WW,0.5855219147695763,5,201.4562084197996
18,Eta18,Weather combined,Combined G + P pathway,Arc-cosine,With W,Combined arc-cosine + W,E + W + GAK + PAK + GAKE + PAKE + GAKW + PAKW,"Arc-cosine combined genomic + phenomic + weather model with GAKE, PAKE, GAKW, and PAKW",GAK+PAK + W,KW,CV1,3,CS11_WS,0.5441130609842436,5,202.0476877689364
18,Eta18,Weather combined,Combined G + P pathway,Arc-cosine,With W,Combined arc-cosine + W,E + W + GAK + PAK + GAKE + PAKE + GAKW + PAKW,"Arc-cosine combined genomic + phenomic + weather model with GAKE, PAKE, GAKW, and PAKW",GAK+PAK + W,KW,CV1,3,CS11_WW,0.5219889007971921,5,202.0476877689364
18,Eta18,Weather combined,Combined G + P pathway,Arc-cosine,With W,Combined arc-cosine + W,E + W + GAK + PAK + GAKE + PAKE + GAKW + PAKW,"Arc-cosine combined genomic + phenomic + weather model with GAKE, PAKE, GAKW, and PAKW",GAK+PAK + W,KW,CV1,3,CS12_WS,0.5887977418021544,5,202.0476877689364
18,Eta18,Weather combined,Combined G + P pathway,Arc-cosine,With W,Combined arc-cosine + W,E + W + GAK + PAK + GAKE + PAKE + GAKW + PAKW,"Arc-cosine combined genomic + phenomic + weather model with GAKE, PAKE, GAKW, and PAKW",GAK+PAK + W,KW,CV1,3,CS12_WW,0.6102067439558082,5,202.0476877689364
18,Eta18,Weather combined,Combined G + P pathway,Arc-cosine,With W,Combined arc-cosine + W,E + W + GAK + PAK + GAKE + PAKE + GAKW + PAKW,"Arc-cosine combined genomic + phenomic + weather model with GAKE, PAKE, GAKW, and PAKW",GAK+PAK + W,KW,CV1,4,CS11_WS,0.5340310480129589,5,235.0451872825622
18,Eta18,Weather combined,Combined G + P pathway,Arc-cosine,With W,Combined arc-cosine + W,E + W + GAK + PAK + GAKE + PAKE + GAKW + PAKW,"Arc-cosine combined genomic + phenomic + weather model with GAKE, PAKE, GAKW, and PAKW",GAK+PAK + W,KW,CV1,4,CS11_WW,0.5345860420509048,5,235.0451872825622
18,Eta18,Weather combined,Combined G + P pathway,Arc-cosine,With W,Combined arc-cosine + W,E + W + GAK + PAK + GAKE + PAKE + GAKW + PAKW,"Arc-cosine combined genomic + phenomic + weather model with GAKE, PAKE, GAKW, and PAKW",GAK+PAK + W,KW,CV1,4,CS12_WS,0.5848306320679002,5,235.0451872825622
18,Eta18,Weather combined,Combined G + P pathway,Arc-cosine,With W,Combined arc-cosine + W,E + W + GAK + PAK + GAKE + PAKE + GAKW + PAKW,"Arc-cosine combined genomic + phenomic + weather model with GAKE, PAKE, GAKW, and PAKW",GAK+PAK + W,KW,CV1,4,CS12_WW,0.5716019897782304,5,235.0451872825622
18,Eta18,Weather combined,Combined G + P pathway,Arc-cosine,With W,Combined arc-cosine + W,E + W + GAK + PAK + GAKE + PAKE + GAKW + PAKW,"Arc-cosine combined genomic + phenomic + weather model with GAKE, PAKE, GAKW, and PAKW",GAK+PAK + W,KW,CV1,5,CS11_WS,0.48117285697681733,5,235.0053521633148
18,Eta18,Weather combined,Combined G + P pathway,Arc-cosine,With W,Combined arc-cosine + W,E + W + GAK + PAK + GAKE + PAKE + GAKW + PAKW,"Arc-cosine combined genomic + phenomic + weather model with GAKE, PAKE, GAKW, and PAKW",GAK+PAK + W,KW,CV1,5,CS11_WW,0.5204818172674555,5,235.0053521633148
18,Eta18,Weather combined,Combined G + P pathway,Arc-cosine,With W,Combined arc-cosine + W,E + W + GAK + PAK + GAKE + PAKE + GAKW + PAKW,"Arc-cosine combined genomic + phenomic + weather model with GAKE, PAKE, GAKW, and PAKW",GAK+PAK + W,KW,CV1,5,CS12_WS,0.5970780238968867,5,235.0053521633148
18,Eta18,Weather combined,Combined G + P pathway,Arc-cosine,With W,Combined arc-cosine + W,E + W + GAK + PAK + GAKE + PAKE + GAKW + PAKW,"Arc-cosine combined genomic + phenomic + weather model with GAKE, PAKE, GAKW, and PAKW",GAK+PAK + W,KW,CV1,5,CS12_WW,0.5993306246534874,5,235.0053521633148
18,Eta18,Weather combined,Combined G + P pathway,Arc-cosine,With W,Combined arc-cosine + W,E + W + GAK + PAK + GAKE + PAKE + GAKW + PAKW,"Arc-cosine combined genomic + phenomic + weather model with GAKE, PAKE, GAKW, and PAKW",GAK+PAK + W,KW,CV1,6,CS11_WS,0.4909073846260278,5,201.9925464153292
18,Eta18,Weather combined,Combined G + P pathway,Arc-cosine,With W,Combined arc-cosine + W,E + W + GAK + PAK + GAKE + PAKE + GAKW + PAKW,"Arc-cosine combined genomic + phenomic + weather model with GAKE, PAKE, GAKW, and PAKW",GAK+PAK + W,KW,CV1,6,CS11_WW,0.5058669950364308,5,201.9925464153292
18,Eta18,Weather combined,Combined G + P pathway,Arc-cosine,With W,Combined arc-cosine + W,E + W + GAK + PAK + GAKE + PAKE + GAKW + PAKW,"Arc-cosine combined genomic + phenomic + weather model with GAKE, PAKE, GAKW, and PAKW",GAK+PAK + W,KW,CV1,6,CS12_WS,0.5726424747897395,5,201.9925464153292
18,Eta18,Weather combined,Combined G + P pathway,Arc-cosine,With W,Combined arc-cosine + W,E + W + GAK + PAK + GAKE + PAKE + GAKW + PAKW,"Arc-cosine combined genomic + phenomic + weather model with GAKE, PAKE, GAKW, and PAKW",GAK+PAK + W,KW,CV1,6,CS12_WW,0.580917643107262,5,201.9925464153292
18,Eta18,Weather combined,Combined G + P pathway,Arc-cosine,With W,Combined arc-cosine + W,E + W + GAK + PAK + GAKE + PAKE + GAKW + PAKW,"Arc-cosine combined genomic + phenomic + weather model with GAKE, PAKE, GAKW, and PAKW",GAK+PAK + W,KW,CV1,7,CS11_WS,0.4841728841166436,5,236.7538885593414
18,Eta18,Weather combined,Combined G + P pathway,Arc-cosine,With W,Combined arc-cosine + W,E + W + GAK + PAK + GAKE + PAKE + GAKW + PAKW,"Arc-cosine combined genomic + phenomic + weather model with GAKE, PAKE, GAKW, and PAKW",GAK+PAK + W,KW,CV1,7,CS11_WW,0.5091915771817676,5,236.7538885593414
18,Eta18,Weather combined,Combined G + P pathway,Arc-cosine,With W,Combined arc-cosine + W,E + W + GAK + PAK + GAKE + PAKE + GAKW + PAKW,"Arc-cosine combined genomic + phenomic + weather model with GAKE, PAKE, GAKW, and PAKW",GAK+PAK + W,KW,CV1,7,CS12_WS,0.5893170526684592,5,236.7538885593414
18,Eta18,Weather combined,Combined G + P pathway,Arc-cosine,With W,Combined arc-cosine + W,E + W + GAK + PAK + GAKE + PAKE + GAKW + PAKW,"Arc-cosine combined genomic + phenomic + weather model with GAKE, PAKE, GAKW, and PAKW",GAK+PAK + W,KW,CV1,7,CS12_WW,0.5901868269326213,5,236.7538885593414
18,Eta18,Weather combined,Combined G + P pathway,Arc-cosine,With W,Combined arc-cosine + W,E + W + GAK + PAK + GAKE + PAKE + GAKW + PAKW,"Arc-cosine combined genomic + phenomic + weather model with GAKE, PAKE, GAKW, and PAKW",GAK+PAK + W,KW,CV1,8,CS11_WS,0.48635202263096045,5,200.7189516067504
18,Eta18,Weather combined,Combined G + P pathway,Arc-cosine,With W,Combined arc-cosine + W,E + W + GAK + PAK + GAKE + PAKE + GAKW + PAKW,"Arc-cosine combined genomic + phenomic + weather model with GAKE, PAKE, GAKW, and PAKW",GAK+PAK + W,KW,CV1,8,CS11_WW,0.5153296039599926,5,200.7189516067504
18,Eta18,Weather combined,Combined G + P pathway,Arc-cosine,With W,Combined arc-cosine + W,E + W + GAK + PAK + GAKE + PAKE + GAKW + PAKW,"Arc-cosine combined genomic + phenomic + weather model with GAKE, PAKE, GAKW, and PAKW",GAK+PAK + W,KW,CV1,8,CS12_WS,0.5690780044607028,5,200.7189516067504
18,Eta18,Weather combined,Combined G + P pathway,Arc-cosine,With W,Combined arc-cosine + W,E + W + GAK + PAK + GAKE + PAKE + GAKW + PAKW,"Arc-cosine combined genomic + phenomic + weather model with GAKE, PAKE, GAKW, and PAKW",GAK+PAK + W,KW,CV1,8,CS12_WW,0.5781711403044016,5,200.7189516067504
18,Eta18,Weather combined,Combined G + P pathway,Arc-cosine,With W,Combined arc-cosine + W,E + W + GAK + PAK + GAKE + PAKE + GAKW + PAKW,"Arc-cosine combined genomic + phenomic + weather model with GAKE, PAKE, GAKW, and PAKW",GAK+PAK + W,KW,CV1,9,CS11_WS,0.5476972358306245,5,206.1612074375152
18,Eta18,Weather combined,Combined G + P pathway,Arc-cosine,With W,Combined arc-cosine + W,E + W + GAK + PAK + GAKE + PAKE + GAKW + PAKW,"Arc-cosine combined genomic + phenomic + weather model with GAKE, PAKE, GAKW, and PAKW",GAK+PAK + W,KW,CV1,9,CS11_WW,0.5110494407242274,5,206.1612074375152
18,Eta18,Weather combined,Combined G + P pathway,Arc-cosine,With W,Combined arc-cosine + W,E + W + GAK + PAK + GAKE + PAKE + GAKW + PAKW,"Arc-cosine combined genomic + phenomic + weather model with GAKE, PAKE, GAKW, and PAKW",GAK+PAK + W,KW,CV1,9,CS12_WS,0.594319778945811,5,206.1612074375152
18,Eta18,Weather combined,Combined G + P pathway,Arc-cosine,With W,Combined arc-cosine + W,E + W + GAK + PAK + GAKE + PAKE + GAKW + PAKW,"Arc-cosine combined genomic + phenomic + weather model with GAKE, PAKE, GAKW, and PAKW",GAK+PAK + W,KW,CV1,9,CS12_WW,0.6209734809717686,5,206.1612074375152
18,Eta18,Weather combined,Combined G + P pathway,Arc-cosine,With W,Combined arc-cosine + W,E + W + GAK + PAK + GAKE + PAKE + GAKW + PAKW,"Arc-cosine combined genomic + phenomic + weather model with GAKE, PAKE, GAKW, and PAKW",GAK+PAK + W,KW,CV1,10,CS11_WS,0.47467422607189513,5,128.36711997985824
18,Eta18,Weather combined,Combined G + P pathway,Arc-cosine,With W,Combined arc-cosine + W,E + W + GAK + PAK + GAKE + PAKE + GAKW + PAKW,"Arc-cosine combined genomic + phenomic + weather model with GAKE, PAKE, GAKW, and PAKW",GAK+PAK + W,KW,CV1,10,CS11_WW,0.4460306019524536,5,128.36711997985824
18,Eta18,Weather combined,Combined G + P pathway,Arc-cosine,With W,Combined arc-cosine + W,E + W + GAK + PAK + GAKE + PAKE + GAKW + PAKW,"Arc-cosine combined genomic + phenomic + weather model with GAKE, PAKE, GAKW, and PAKW",GAK+PAK + W,KW,CV1,10,CS12_WS,0.560770372981172,5,128.36711997985824
18,Eta18,Weather combined,Combined G + P pathway,Arc-cosine,With W,Combined arc-cosine + W,E + W + GAK + PAK + GAKE + PAKE + GAKW + PAKW,"Arc-cosine combined genomic + phenomic + weather model with GAKE, PAKE, GAKW, and PAKW",GAK+PAK + W,KW,CV1,10,CS12_WW,0.55898211255839,5,128.36711997985824
18,Eta18,Weather combined,Combined G + P pathway,Arc-cosine,With W,Combined arc-cosine + W,E + W + GAK + PAK + GAKE + PAKE + GAKW + PAKW,"Arc-cosine combined genomic + phenomic + weather model with GAKE, PAKE, GAKW, and PAKW",GAK+PAK + W,KW,CV2,1,CS11_WS,0.9825408204881784,5,236.53067474365218
18,Eta18,Weather combined,Combined G + P pathway,Arc-cosine,With W,Combined arc-cosine + W,E + W + GAK + PAK + GAKE + PAKE + GAKW + PAKW,"Arc-cosine combined genomic + phenomic + weather model with GAKE, PAKE, GAKW, and PAKW",GAK+PAK + W,KW,CV2,1,CS11_WW,0.9683557814603251,5,236.53067474365218
18,Eta18,Weather combined,Combined G + P pathway,Arc-cosine,With W,Combined arc-cosine + W,E + W + GAK + PAK + GAKE + PAKE + GAKW + PAKW,"Arc-cosine combined genomic + phenomic + weather model with GAKE, PAKE, GAKW, and PAKW",GAK+PAK + W,KW,CV2,1,CS12_WS,0.983184394658338,5,236.53067474365218
18,Eta18,Weather combined,Combined G + P pathway,Arc-cosine,With W,Combined arc-cosine + W,E + W + GAK + PAK + GAKE + PAKE + GAKW + PAKW,"Arc-cosine combined genomic + phenomic + weather model with GAKE, PAKE, GAKW, and PAKW",GAK+PAK + W,KW,CV2,1,CS12_WW,0.9812222498430436,5,236.53067474365218
18,Eta18,Weather combined,Combined G + P pathway,Arc-cosine,With W,Combined arc-cosine + W,E + W + GAK + PAK + GAKE + PAKE + GAKW + PAKW,"Arc-cosine combined genomic + phenomic + weather model with GAKE, PAKE, GAKW, and PAKW",GAK+PAK + W,KW,CV2,2,CS11_WS,0.9829096198566045,5,201.4562084197996
18,Eta18,Weather combined,Combined G + P pathway,Arc-cosine,With W,Combined arc-cosine + W,E + W + GAK + PAK + GAKE + PAKE + GAKW + PAKW,"Arc-cosine combined genomic + phenomic + weather model with GAKE, PAKE, GAKW, and PAKW",GAK+PAK + W,KW,CV2,2,CS11_WW,0.965233958949591,5,201.4562084197996
18,Eta18,Weather combined,Combined G + P pathway,Arc-cosine,With W,Combined arc-cosine + W,E + W + GAK + PAK + GAKE + PAKE + GAKW + PAKW,"Arc-cosine combined genomic + phenomic + weather model with GAKE, PAKE, GAKW, and PAKW",GAK+PAK + W,KW,CV2,2,CS12_WS,0.9819408140688106,5,201.4562084197996
18,Eta18,Weather combined,Combined G + P pathway,Arc-cosine,With W,Combined arc-cosine + W,E + W + GAK + PAK + GAKE + PAKE + GAKW + PAKW,"Arc-cosine combined genomic + phenomic + weather model with GAKE, PAKE, GAKW, and PAKW",GAK+PAK + W,KW,CV2,2,CS12_WW,0.9802361818015631,5,201.4562084197996
18,Eta18,Weather combined,Combined G + P pathway,Arc-cosine,With W,Combined arc-cosine + W,E + W + GAK + PAK + GAKE + PAKE + GAKW + PAKW,"Arc-cosine combined genomic + phenomic + weather model with GAKE, PAKE, GAKW, and PAKW",GAK+PAK + W,KW,CV2,3,CS11_WS,0.9826630588417029,5,202.0476877689364
18,Eta18,Weather combined,Combined G + P pathway,Arc-cosine,With W,Combined arc-cosine + W,E + W + GAK + PAK + GAKE + PAKE + GAKW + PAKW,"Arc-cosine combined genomic + phenomic + weather model with GAKE, PAKE, GAKW, and PAKW",GAK+PAK + W,KW,CV2,3,CS11_WW,0.96513886591925,5,202.0476877689364
18,Eta18,Weather combined,Combined G + P pathway,Arc-cosine,With W,Combined arc-cosine + W,E + W + GAK + PAK + GAKE + PAKE + GAKW + PAKW,"Arc-cosine combined genomic + phenomic + weather model with GAKE, PAKE, GAKW, and PAKW",GAK+PAK + W,KW,CV2,3,CS12_WS,0.9818463590764545,5,202.0476877689364
18,Eta18,Weather combined,Combined G + P pathway,Arc-cosine,With W,Combined arc-cosine + W,E + W + GAK + PAK + GAKE + PAKE + GAKW + PAKW,"Arc-cosine combined genomic + phenomic + weather model with GAKE, PAKE, GAKW, and PAKW",GAK+PAK + W,KW,CV2,3,CS12_WW,0.9801496695507957,5,202.0476877689364
18,Eta18,Weather combined,Combined G + P pathway,Arc-cosine,With W,Combined arc-cosine + W,E + W + GAK + PAK + GAKE + PAKE + GAKW + PAKW,"Arc-cosine combined genomic + phenomic + weather model with GAKE, PAKE, GAKW, and PAKW",GAK+PAK + W,KW,CV2,4,CS11_WS,0.9827034458694864,5,235.0451872825622
18,Eta18,Weather combined,Combined G + P pathway,Arc-cosine,With W,Combined arc-cosine + W,E + W + GAK + PAK + GAKE + PAKE + GAKW + PAKW,"Arc-cosine combined genomic + phenomic + weather model with GAKE, PAKE, GAKW, and PAKW",GAK+PAK + W,KW,CV2,4,CS11_WW,0.9645604790947528,5,235.0451872825622
18,Eta18,Weather combined,Combined G + P pathway,Arc-cosine,With W,Combined arc-cosine + W,E + W + GAK + PAK + GAKE + PAKE + GAKW + PAKW,"Arc-cosine combined genomic + phenomic + weather model with GAKE, PAKE, GAKW, and PAKW",GAK+PAK + W,KW,CV2,4,CS12_WS,0.9817376573856393,5,235.0451872825622
18,Eta18,Weather combined,Combined G + P pathway,Arc-cosine,With W,Combined arc-cosine + W,E + W + GAK + PAK + GAKE + PAKE + GAKW + PAKW,"Arc-cosine combined genomic + phenomic + weather model with GAKE, PAKE, GAKW, and PAKW",GAK+PAK + W,KW,CV2,4,CS12_WW,0.9800520033197454,5,235.0451872825622
18,Eta18,Weather combined,Combined G + P pathway,Arc-cosine,With W,Combined arc-cosine + W,E + W + GAK + PAK + GAKE + PAKE + GAKW + PAKW,"Arc-cosine combined genomic + phenomic + weather model with GAKE, PAKE, GAKW, and PAKW",GAK+PAK + W,KW,CV2,5,CS11_WS,0.9826118504404409,5,235.0053521633148
18,Eta18,Weather combined,Combined G + P pathway,Arc-cosine,With W,Combined arc-cosine + W,E + W + GAK + PAK + GAKE + PAKE + GAKW + PAKW,"Arc-cosine combined genomic + phenomic + weather model with GAKE, PAKE, GAKW, and PAKW",GAK+PAK + W,KW,CV2,5,CS11_WW,0.9655744173906516,5,235.0053521633148
18,Eta18,Weather combined,Combined G + P pathway,Arc-cosine,With W,Combined arc-cosine + W,E + W + GAK + PAK + GAKE + PAKE + GAKW + PAKW,"Arc-cosine combined genomic + phenomic + weather model with GAKE, PAKE, GAKW, and PAKW",GAK+PAK + W,KW,CV2,5,CS12_WS,0.981923371478383,5,235.0053521633148
18,Eta18,Weather combined,Combined G + P pathway,Arc-cosine,With W,Combined arc-cosine + W,E + W + GAK + PAK + GAKE + PAKE + GAKW + PAKW,"Arc-cosine combined genomic + phenomic + weather model with GAKE, PAKE, GAKW, and PAKW",GAK+PAK + W,KW,CV2,5,CS12_WW,0.9803824238483354,5,235.0053521633148
18,Eta18,Weather combined,Combined G + P pathway,Arc-cosine,With W,Combined arc-cosine + W,E + W + GAK + PAK + GAKE + PAKE + GAKW + PAKW,"Arc-cosine combined genomic + phenomic + weather model with GAKE, PAKE, GAKW, and PAKW",GAK+PAK + W,KW,CV2,6,CS11_WS,0.9817235324479615,5,201.9925464153292
18,Eta18,Weather combined,Combined G + P pathway,Arc-cosine,With W,Combined arc-cosine + W,E + W + GAK + PAK + GAKE + PAKE + GAKW + PAKW,"Arc-cosine combined genomic + phenomic + weather model with GAKE, PAKE, GAKW, and PAKW",GAK+PAK + W,KW,CV2,6,CS11_WW,0.9697218739485628,5,201.9925464153292
18,Eta18,Weather combined,Combined G + P pathway,Arc-cosine,With W,Combined arc-cosine + W,E + W + GAK + PAK + GAKE + PAKE + GAKW + PAKW,"Arc-cosine combined genomic + phenomic + weather model with GAKE, PAKE, GAKW, and PAKW",GAK+PAK + W,KW,CV2,6,CS12_WS,0.9837661142072992,5,201.9925464153292
18,Eta18,Weather combined,Combined G + P pathway,Arc-cosine,With W,Combined arc-cosine + W,E + W + GAK + PAK + GAKE + PAKE + GAKW + PAKW,"Arc-cosine combined genomic + phenomic + weather model with GAKE, PAKE, GAKW, and PAKW",GAK+PAK + W,KW,CV2,6,CS12_WW,0.9810235782223936,5,201.9925464153292
18,Eta18,Weather combined,Combined G + P pathway,Arc-cosine,With W,Combined arc-cosine + W,E + W + GAK + PAK + GAKE + PAKE + GAKW + PAKW,"Arc-cosine combined genomic + phenomic + weather model with GAKE, PAKE, GAKW, and PAKW",GAK+PAK + W,KW,CV2,7,CS11_WS,0.9826504895907945,5,236.7538885593414
18,Eta18,Weather combined,Combined G + P pathway,Arc-cosine,With W,Combined arc-cosine + W,E + W + GAK + PAK + GAKE + PAKE + GAKW + PAKW,"Arc-cosine combined genomic + phenomic + weather model with GAKE, PAKE, GAKW, and PAKW",GAK+PAK + W,KW,CV2,7,CS11_WW,0.9650224578984747,5,236.7538885593414
18,Eta18,Weather combined,Combined G + P pathway,Arc-cosine,With W,Combined arc-cosine + W,E + W + GAK + PAK + GAKE + PAKE + GAKW + PAKW,"Arc-cosine combined genomic + phenomic + weather model with GAKE, PAKE, GAKW, and PAKW",GAK+PAK + W,KW,CV2,7,CS12_WS,0.9815936352925931,5,236.7538885593414
18,Eta18,Weather combined,Combined G + P pathway,Arc-cosine,With W,Combined arc-cosine + W,E + W + GAK + PAK + GAKE + PAKE + GAKW + PAKW,"Arc-cosine combined genomic + phenomic + weather model with GAKE, PAKE, GAKW, and PAKW",GAK+PAK + W,KW,CV2,7,CS12_WW,0.980177578453756,5,236.7538885593414
18,Eta18,Weather combined,Combined G + P pathway,Arc-cosine,With W,Combined arc-cosine + W,E + W + GAK + PAK + GAKE + PAKE + GAKW + PAKW,"Arc-cosine combined genomic + phenomic + weather model with GAKE, PAKE, GAKW, and PAKW",GAK+PAK + W,KW,CV2,8,CS11_WS,0.9814938947815012,5,200.7189516067504
18,Eta18,Weather combined,Combined G + P pathway,Arc-cosine,With W,Combined arc-cosine + W,E + W + GAK + PAK + GAKE + PAKE + GAKW + PAKW,"Arc-cosine combined genomic + phenomic + weather model with GAKE, PAKE, GAKW, and PAKW",GAK+PAK + W,KW,CV2,8,CS11_WW,0.9708480983825301,5,200.7189516067504
18,Eta18,Weather combined,Combined G + P pathway,Arc-cosine,With W,Combined arc-cosine + W,E + W + GAK + PAK + GAKE + PAKE + GAKW + PAKW,"Arc-cosine combined genomic + phenomic + weather model with GAKE, PAKE, GAKW, and PAKW",GAK+PAK + W,KW,CV2,8,CS12_WS,0.984504345982111,5,200.7189516067504
18,Eta18,Weather combined,Combined G + P pathway,Arc-cosine,With W,Combined arc-cosine + W,E + W + GAK + PAK + GAKE + PAKE + GAKW + PAKW,"Arc-cosine combined genomic + phenomic + weather model with GAKE, PAKE, GAKW, and PAKW",GAK+PAK + W,KW,CV2,8,CS12_WW,0.9812228429099935,5,200.7189516067504
18,Eta18,Weather combined,Combined G + P pathway,Arc-cosine,With W,Combined arc-cosine + W,E + W + GAK + PAK + GAKE + PAKE + GAKW + PAKW,"Arc-cosine combined genomic + phenomic + weather model with GAKE, PAKE, GAKW, and PAKW",GAK+PAK + W,KW,CV2,9,CS11_WS,0.9821718974973909,5,206.1612074375152
18,Eta18,Weather combined,Combined G + P pathway,Arc-cosine,With W,Combined arc-cosine + W,E + W + GAK + PAK + GAKE + PAKE + GAKW + PAKW,"Arc-cosine combined genomic + phenomic + weather model with GAKE, PAKE, GAKW, and PAKW",GAK+PAK + W,KW,CV2,9,CS11_WW,0.9694531161700232,5,206.1612074375152
18,Eta18,Weather combined,Combined G + P pathway,Arc-cosine,With W,Combined arc-cosine + W,E + W + GAK + PAK + GAKE + PAKE + GAKW + PAKW,"Arc-cosine combined genomic + phenomic + weather model with GAKE, PAKE, GAKW, and PAKW",GAK+PAK + W,KW,CV2,9,CS12_WS,0.9837807161134975,5,206.1612074375152
18,Eta18,Weather combined,Combined G + P pathway,Arc-cosine,With W,Combined arc-cosine + W,E + W + GAK + PAK + GAKE + PAKE + GAKW + PAKW,"Arc-cosine combined genomic + phenomic + weather model with GAKE, PAKE, GAKW, and PAKW",GAK+PAK + W,KW,CV2,9,CS12_WW,0.9814338553188857,5,206.1612074375152
18,Eta18,Weather combined,Combined G + P pathway,Arc-cosine,With W,Combined arc-cosine + W,E + W + GAK + PAK + GAKE + PAKE + GAKW + PAKW,"Arc-cosine combined genomic + phenomic + weather model with GAKE, PAKE, GAKW, and PAKW",GAK+PAK + W,KW,CV2,10,CS11_WS,0.9828133463595161,5,128.36711997985824
18,Eta18,Weather combined,Combined G + P pathway,Arc-cosine,With W,Combined arc-cosine + W,E + W + GAK + PAK + GAKE + PAKE + GAKW + PAKW,"Arc-cosine combined genomic + phenomic + weather model with GAKE, PAKE, GAKW, and PAKW",GAK+PAK + W,KW,CV2,10,CS11_WW,0.9650866299071794,5,128.36711997985824
18,Eta18,Weather combined,Combined G + P pathway,Arc-cosine,With W,Combined arc-cosine + W,E + W + GAK + PAK + GAKE + PAKE + GAKW + PAKW,"Arc-cosine combined genomic + phenomic + weather model with GAKE, PAKE, GAKW, and PAKW",GAK+PAK + W,KW,CV2,10,CS12_WS,0.9819145983042888,5,128.36711997985824
18,Eta18,Weather combined,Combined G + P pathway,Arc-cosine,With W,Combined arc-cosine + W,E + W + GAK + PAK + GAKE + PAKE + GAKW + PAKW,"Arc-cosine combined genomic + phenomic + weather model with GAKE, PAKE, GAKW, and PAKW",GAK+PAK + W,KW,CV2,10,CS12_WW,0.9802726963643444,5,128.36711997985824
