relative_path,file_name,CV,Trait,Rep,Fold,Model
CV1/GY/rep01/fold01/CV1_GY_Eta1_rep01_fold01.csv,CV1_GY_Eta1_rep01_fold01.csv,CV1,GY,rep01,fold01,Eta1
CV1/GY/rep01/fold01/CV1_GY_Eta10_rep01_fold01.csv,CV1_GY_Eta10_rep01_fold01.csv,CV1,GY,rep01,fold01,Eta10
CV1/GY/rep01/fold01/CV1_GY_Eta11_rep01_fold01.csv,CV1_GY_Eta11_rep01_fold01.csv,CV1,GY,rep01,fold01,Eta11
CV1/GY/rep01/fold01/CV1_GY_Eta12_rep01_fold01.csv,CV1_GY_Eta12_rep01_fold01.csv,CV1,GY,rep01,fold01,Eta12
CV1/GY/rep01/fold01/CV1_GY_Eta13_rep01_fold01.csv,CV1_GY_Eta13_rep01_fold01.csv,CV1,GY,rep01,fold01,Eta13
CV1/GY/rep01/fold01/CV1_GY_Eta14_rep01_fold01.csv,CV1_GY_Eta14_rep01_fold01.csv,CV1,GY,rep01,fold01,Eta14
CV1/GY/rep01/fold01/CV1_GY_Eta15_rep01_fold01.csv,CV1_GY_Eta15_rep01_fold01.csv,CV1,GY,rep01,fold01,Eta15
CV1/GY/rep01/fold01/CV1_GY_Eta16_rep01_fold01.csv,CV1_GY_Eta16_rep01_fold01.csv,CV1,GY,rep01,fold01,Eta16
CV1/GY/rep01/fold01/CV1_GY_Eta17_rep01_fold01.csv,CV1_GY_Eta17_rep01_fold01.csv,CV1,GY,rep01,fold01,Eta17
CV1/GY/rep01/fold01/CV1_GY_Eta18_rep01_fold01.csv,CV1_GY_Eta18_rep01_fold01.csv,CV1,GY,rep01,fold01,Eta18
CV1/GY/rep01/fold01/CV1_GY_Eta2_rep01_fold01.csv,CV1_GY_Eta2_rep01_fold01.csv,CV1,GY,rep01,fold01,Eta2
CV1/GY/rep01/fold01/CV1_GY_Eta3_rep01_fold01.csv,CV1_GY_Eta3_rep01_fold01.csv,CV1,GY,rep01,fold01,Eta3
CV1/GY/rep01/fold01/CV1_GY_Eta4_rep01_fold01.csv,CV1_GY_Eta4_rep01_fold01.csv,CV1,GY,rep01,fold01,Eta4
CV1/GY/rep01/fold01/CV1_GY_Eta5_rep01_fold01.csv,CV1_GY_Eta5_rep01_fold01.csv,CV1,GY,rep01,fold01,Eta5
CV1/GY/rep01/fold01/CV1_GY_Eta6_rep01_fold01.csv,CV1_GY_Eta6_rep01_fold01.csv,CV1,GY,rep01,fold01,Eta6
CV1/GY/rep01/fold01/CV1_GY_Eta7_rep01_fold01.csv,CV1_GY_Eta7_rep01_fold01.csv,CV1,GY,rep01,fold01,Eta7
CV1/GY/rep01/fold01/CV1_GY_Eta8_rep01_fold01.csv,CV1_GY_Eta8_rep01_fold01.csv,CV1,GY,rep01,fold01,Eta8
CV1/GY/rep01/fold01/CV1_GY_Eta9_rep01_fold01.csv,CV1_GY_Eta9_rep01_fold01.csv,CV1,GY,rep01,fold01,Eta9
CV1/GY/rep01/fold02/CV1_GY_Eta1_rep01_fold02.csv,CV1_GY_Eta1_rep01_fold02.csv,CV1,GY,rep01,fold02,Eta1
CV1/GY/rep01/fold02/CV1_GY_Eta10_rep01_fold02.csv,CV1_GY_Eta10_rep01_fold02.csv,CV1,GY,rep01,fold02,Eta10
CV1/GY/rep01/fold02/CV1_GY_Eta11_rep01_fold02.csv,CV1_GY_Eta11_rep01_fold02.csv,CV1,GY,rep01,fold02,Eta11
CV1/GY/rep01/fold02/CV1_GY_Eta12_rep01_fold02.csv,CV1_GY_Eta12_rep01_fold02.csv,CV1,GY,rep01,fold02,Eta12
CV1/GY/rep01/fold02/CV1_GY_Eta13_rep01_fold02.csv,CV1_GY_Eta13_rep01_fold02.csv,CV1,GY,rep01,fold02,Eta13
CV1/GY/rep01/fold02/CV1_GY_Eta14_rep01_fold02.csv,CV1_GY_Eta14_rep01_fold02.csv,CV1,GY,rep01,fold02,Eta14
CV1/GY/rep01/fold02/CV1_GY_Eta15_rep01_fold02.csv,CV1_GY_Eta15_rep01_fold02.csv,CV1,GY,rep01,fold02,Eta15
CV1/GY/rep01/fold02/CV1_GY_Eta16_rep01_fold02.csv,CV1_GY_Eta16_rep01_fold02.csv,CV1,GY,rep01,fold02,Eta16
CV1/GY/rep01/fold02/CV1_GY_Eta17_rep01_fold02.csv,CV1_GY_Eta17_rep01_fold02.csv,CV1,GY,rep01,fold02,Eta17
CV1/GY/rep01/fold02/CV1_GY_Eta18_rep01_fold02.csv,CV1_GY_Eta18_rep01_fold02.csv,CV1,GY,rep01,fold02,Eta18
CV1/GY/rep01/fold02/CV1_GY_Eta2_rep01_fold02.csv,CV1_GY_Eta2_rep01_fold02.csv,CV1,GY,rep01,fold02,Eta2
CV1/GY/rep01/fold02/CV1_GY_Eta3_rep01_fold02.csv,CV1_GY_Eta3_rep01_fold02.csv,CV1,GY,rep01,fold02,Eta3
CV1/GY/rep01/fold02/CV1_GY_Eta4_rep01_fold02.csv,CV1_GY_Eta4_rep01_fold02.csv,CV1,GY,rep01,fold02,Eta4
CV1/GY/rep01/fold02/CV1_GY_Eta5_rep01_fold02.csv,CV1_GY_Eta5_rep01_fold02.csv,CV1,GY,rep01,fold02,Eta5
CV1/GY/rep01/fold02/CV1_GY_Eta6_rep01_fold02.csv,CV1_GY_Eta6_rep01_fold02.csv,CV1,GY,rep01,fold02,Eta6
CV1/GY/rep01/fold02/CV1_GY_Eta7_rep01_fold02.csv,CV1_GY_Eta7_rep01_fold02.csv,CV1,GY,rep01,fold02,Eta7
CV1/GY/rep01/fold02/CV1_GY_Eta8_rep01_fold02.csv,CV1_GY_Eta8_rep01_fold02.csv,CV1,GY,rep01,fold02,Eta8
CV1/GY/rep01/fold02/CV1_GY_Eta9_rep01_fold02.csv,CV1_GY_Eta9_rep01_fold02.csv,CV1,GY,rep01,fold02,Eta9
CV1/GY/rep01/fold03/CV1_GY_Eta1_rep01_fold03.csv,CV1_GY_Eta1_rep01_fold03.csv,CV1,GY,rep01,fold03,Eta1
CV1/GY/rep01/fold03/CV1_GY_Eta10_rep01_fold03.csv,CV1_GY_Eta10_rep01_fold03.csv,CV1,GY,rep01,fold03,Eta10
CV1/GY/rep01/fold03/CV1_GY_Eta11_rep01_fold03.csv,CV1_GY_Eta11_rep01_fold03.csv,CV1,GY,rep01,fold03,Eta11
CV1/GY/rep01/fold03/CV1_GY_Eta12_rep01_fold03.csv,CV1_GY_Eta12_rep01_fold03.csv,CV1,GY,rep01,fold03,Eta12
CV1/GY/rep01/fold03/CV1_GY_Eta13_rep01_fold03.csv,CV1_GY_Eta13_rep01_fold03.csv,CV1,GY,rep01,fold03,Eta13
CV1/GY/rep01/fold03/CV1_GY_Eta14_rep01_fold03.csv,CV1_GY_Eta14_rep01_fold03.csv,CV1,GY,rep01,fold03,Eta14
CV1/GY/rep01/fold03/CV1_GY_Eta15_rep01_fold03.csv,CV1_GY_Eta15_rep01_fold03.csv,CV1,GY,rep01,fold03,Eta15
CV1/GY/rep01/fold03/CV1_GY_Eta16_rep01_fold03.csv,CV1_GY_Eta16_rep01_fold03.csv,CV1,GY,rep01,fold03,Eta16
CV1/GY/rep01/fold03/CV1_GY_Eta17_rep01_fold03.csv,CV1_GY_Eta17_rep01_fold03.csv,CV1,GY,rep01,fold03,Eta17
CV1/GY/rep01/fold03/CV1_GY_Eta18_rep01_fold03.csv,CV1_GY_Eta18_rep01_fold03.csv,CV1,GY,rep01,fold03,Eta18
CV1/GY/rep01/fold03/CV1_GY_Eta2_rep01_fold03.csv,CV1_GY_Eta2_rep01_fold03.csv,CV1,GY,rep01,fold03,Eta2
CV1/GY/rep01/fold03/CV1_GY_Eta3_rep01_fold03.csv,CV1_GY_Eta3_rep01_fold03.csv,CV1,GY,rep01,fold03,Eta3
CV1/GY/rep01/fold03/CV1_GY_Eta4_rep01_fold03.csv,CV1_GY_Eta4_rep01_fold03.csv,CV1,GY,rep01,fold03,Eta4
CV1/GY/rep01/fold03/CV1_GY_Eta5_rep01_fold03.csv,CV1_GY_Eta5_rep01_fold03.csv,CV1,GY,rep01,fold03,Eta5
CV1/GY/rep01/fold03/CV1_GY_Eta6_rep01_fold03.csv,CV1_GY_Eta6_rep01_fold03.csv,CV1,GY,rep01,fold03,Eta6
CV1/GY/rep01/fold03/CV1_GY_Eta7_rep01_fold03.csv,CV1_GY_Eta7_rep01_fold03.csv,CV1,GY,rep01,fold03,Eta7
CV1/GY/rep01/fold03/CV1_GY_Eta8_rep01_fold03.csv,CV1_GY_Eta8_rep01_fold03.csv,CV1,GY,rep01,fold03,Eta8
CV1/GY/rep01/fold03/CV1_GY_Eta9_rep01_fold03.csv,CV1_GY_Eta9_rep01_fold03.csv,CV1,GY,rep01,fold03,Eta9
CV1/GY/rep01/fold04/CV1_GY_Eta1_rep01_fold04.csv,CV1_GY_Eta1_rep01_fold04.csv,CV1,GY,rep01,fold04,Eta1
CV1/GY/rep01/fold04/CV1_GY_Eta10_rep01_fold04.csv,CV1_GY_Eta10_rep01_fold04.csv,CV1,GY,rep01,fold04,Eta10
CV1/GY/rep01/fold04/CV1_GY_Eta11_rep01_fold04.csv,CV1_GY_Eta11_rep01_fold04.csv,CV1,GY,rep01,fold04,Eta11
CV1/GY/rep01/fold04/CV1_GY_Eta12_rep01_fold04.csv,CV1_GY_Eta12_rep01_fold04.csv,CV1,GY,rep01,fold04,Eta12
CV1/GY/rep01/fold04/CV1_GY_Eta13_rep01_fold04.csv,CV1_GY_Eta13_rep01_fold04.csv,CV1,GY,rep01,fold04,Eta13
CV1/GY/rep01/fold04/CV1_GY_Eta14_rep01_fold04.csv,CV1_GY_Eta14_rep01_fold04.csv,CV1,GY,rep01,fold04,Eta14
CV1/GY/rep01/fold04/CV1_GY_Eta15_rep01_fold04.csv,CV1_GY_Eta15_rep01_fold04.csv,CV1,GY,rep01,fold04,Eta15
CV1/GY/rep01/fold04/CV1_GY_Eta16_rep01_fold04.csv,CV1_GY_Eta16_rep01_fold04.csv,CV1,GY,rep01,fold04,Eta16
CV1/GY/rep01/fold04/CV1_GY_Eta17_rep01_fold04.csv,CV1_GY_Eta17_rep01_fold04.csv,CV1,GY,rep01,fold04,Eta17
CV1/GY/rep01/fold04/CV1_GY_Eta18_rep01_fold04.csv,CV1_GY_Eta18_rep01_fold04.csv,CV1,GY,rep01,fold04,Eta18
CV1/GY/rep01/fold04/CV1_GY_Eta2_rep01_fold04.csv,CV1_GY_Eta2_rep01_fold04.csv,CV1,GY,rep01,fold04,Eta2
CV1/GY/rep01/fold04/CV1_GY_Eta3_rep01_fold04.csv,CV1_GY_Eta3_rep01_fold04.csv,CV1,GY,rep01,fold04,Eta3
CV1/GY/rep01/fold04/CV1_GY_Eta4_rep01_fold04.csv,CV1_GY_Eta4_rep01_fold04.csv,CV1,GY,rep01,fold04,Eta4
CV1/GY/rep01/fold04/CV1_GY_Eta5_rep01_fold04.csv,CV1_GY_Eta5_rep01_fold04.csv,CV1,GY,rep01,fold04,Eta5
CV1/GY/rep01/fold04/CV1_GY_Eta6_rep01_fold04.csv,CV1_GY_Eta6_rep01_fold04.csv,CV1,GY,rep01,fold04,Eta6
CV1/GY/rep01/fold04/CV1_GY_Eta7_rep01_fold04.csv,CV1_GY_Eta7_rep01_fold04.csv,CV1,GY,rep01,fold04,Eta7
CV1/GY/rep01/fold04/CV1_GY_Eta8_rep01_fold04.csv,CV1_GY_Eta8_rep01_fold04.csv,CV1,GY,rep01,fold04,Eta8
CV1/GY/rep01/fold04/CV1_GY_Eta9_rep01_fold04.csv,CV1_GY_Eta9_rep01_fold04.csv,CV1,GY,rep01,fold04,Eta9
CV1/GY/rep01/fold05/CV1_GY_Eta1_rep01_fold05.csv,CV1_GY_Eta1_rep01_fold05.csv,CV1,GY,rep01,fold05,Eta1
CV1/GY/rep01/fold05/CV1_GY_Eta10_rep01_fold05.csv,CV1_GY_Eta10_rep01_fold05.csv,CV1,GY,rep01,fold05,Eta10
CV1/GY/rep01/fold05/CV1_GY_Eta11_rep01_fold05.csv,CV1_GY_Eta11_rep01_fold05.csv,CV1,GY,rep01,fold05,Eta11
CV1/GY/rep01/fold05/CV1_GY_Eta12_rep01_fold05.csv,CV1_GY_Eta12_rep01_fold05.csv,CV1,GY,rep01,fold05,Eta12
CV1/GY/rep01/fold05/CV1_GY_Eta13_rep01_fold05.csv,CV1_GY_Eta13_rep01_fold05.csv,CV1,GY,rep01,fold05,Eta13
CV1/GY/rep01/fold05/CV1_GY_Eta14_rep01_fold05.csv,CV1_GY_Eta14_rep01_fold05.csv,CV1,GY,rep01,fold05,Eta14
CV1/GY/rep01/fold05/CV1_GY_Eta15_rep01_fold05.csv,CV1_GY_Eta15_rep01_fold05.csv,CV1,GY,rep01,fold05,Eta15
CV1/GY/rep01/fold05/CV1_GY_Eta16_rep01_fold05.csv,CV1_GY_Eta16_rep01_fold05.csv,CV1,GY,rep01,fold05,Eta16
CV1/GY/rep01/fold05/CV1_GY_Eta17_rep01_fold05.csv,CV1_GY_Eta17_rep01_fold05.csv,CV1,GY,rep01,fold05,Eta17
CV1/GY/rep01/fold05/CV1_GY_Eta18_rep01_fold05.csv,CV1_GY_Eta18_rep01_fold05.csv,CV1,GY,rep01,fold05,Eta18
CV1/GY/rep01/fold05/CV1_GY_Eta2_rep01_fold05.csv,CV1_GY_Eta2_rep01_fold05.csv,CV1,GY,rep01,fold05,Eta2
CV1/GY/rep01/fold05/CV1_GY_Eta3_rep01_fold05.csv,CV1_GY_Eta3_rep01_fold05.csv,CV1,GY,rep01,fold05,Eta3
CV1/GY/rep01/fold05/CV1_GY_Eta4_rep01_fold05.csv,CV1_GY_Eta4_rep01_fold05.csv,CV1,GY,rep01,fold05,Eta4
CV1/GY/rep01/fold05/CV1_GY_Eta5_rep01_fold05.csv,CV1_GY_Eta5_rep01_fold05.csv,CV1,GY,rep01,fold05,Eta5
CV1/GY/rep01/fold05/CV1_GY_Eta6_rep01_fold05.csv,CV1_GY_Eta6_rep01_fold05.csv,CV1,GY,rep01,fold05,Eta6
CV1/GY/rep01/fold05/CV1_GY_Eta7_rep01_fold05.csv,CV1_GY_Eta7_rep01_fold05.csv,CV1,GY,rep01,fold05,Eta7
CV1/GY/rep01/fold05/CV1_GY_Eta8_rep01_fold05.csv,CV1_GY_Eta8_rep01_fold05.csv,CV1,GY,rep01,fold05,Eta8
CV1/GY/rep01/fold05/CV1_GY_Eta9_rep01_fold05.csv,CV1_GY_Eta9_rep01_fold05.csv,CV1,GY,rep01,fold05,Eta9
CV1/GY/rep02/fold01/CV1_GY_Eta1_rep02_fold01.csv,CV1_GY_Eta1_rep02_fold01.csv,CV1,GY,rep02,fold01,Eta1
CV1/GY/rep02/fold01/CV1_GY_Eta10_rep02_fold01.csv,CV1_GY_Eta10_rep02_fold01.csv,CV1,GY,rep02,fold01,Eta10
CV1/GY/rep02/fold01/CV1_GY_Eta11_rep02_fold01.csv,CV1_GY_Eta11_rep02_fold01.csv,CV1,GY,rep02,fold01,Eta11
CV1/GY/rep02/fold01/CV1_GY_Eta12_rep02_fold01.csv,CV1_GY_Eta12_rep02_fold01.csv,CV1,GY,rep02,fold01,Eta12
CV1/GY/rep02/fold01/CV1_GY_Eta13_rep02_fold01.csv,CV1_GY_Eta13_rep02_fold01.csv,CV1,GY,rep02,fold01,Eta13
CV1/GY/rep02/fold01/CV1_GY_Eta14_rep02_fold01.csv,CV1_GY_Eta14_rep02_fold01.csv,CV1,GY,rep02,fold01,Eta14
CV1/GY/rep02/fold01/CV1_GY_Eta15_rep02_fold01.csv,CV1_GY_Eta15_rep02_fold01.csv,CV1,GY,rep02,fold01,Eta15
CV1/GY/rep02/fold01/CV1_GY_Eta16_rep02_fold01.csv,CV1_GY_Eta16_rep02_fold01.csv,CV1,GY,rep02,fold01,Eta16
CV1/GY/rep02/fold01/CV1_GY_Eta17_rep02_fold01.csv,CV1_GY_Eta17_rep02_fold01.csv,CV1,GY,rep02,fold01,Eta17
CV1/GY/rep02/fold01/CV1_GY_Eta18_rep02_fold01.csv,CV1_GY_Eta18_rep02_fold01.csv,CV1,GY,rep02,fold01,Eta18
CV1/GY/rep02/fold01/CV1_GY_Eta2_rep02_fold01.csv,CV1_GY_Eta2_rep02_fold01.csv,CV1,GY,rep02,fold01,Eta2
CV1/GY/rep02/fold01/CV1_GY_Eta3_rep02_fold01.csv,CV1_GY_Eta3_rep02_fold01.csv,CV1,GY,rep02,fold01,Eta3
CV1/GY/rep02/fold01/CV1_GY_Eta4_rep02_fold01.csv,CV1_GY_Eta4_rep02_fold01.csv,CV1,GY,rep02,fold01,Eta4
CV1/GY/rep02/fold01/CV1_GY_Eta5_rep02_fold01.csv,CV1_GY_Eta5_rep02_fold01.csv,CV1,GY,rep02,fold01,Eta5
CV1/GY/rep02/fold01/CV1_GY_Eta6_rep02_fold01.csv,CV1_GY_Eta6_rep02_fold01.csv,CV1,GY,rep02,fold01,Eta6
CV1/GY/rep02/fold01/CV1_GY_Eta7_rep02_fold01.csv,CV1_GY_Eta7_rep02_fold01.csv,CV1,GY,rep02,fold01,Eta7
CV1/GY/rep02/fold01/CV1_GY_Eta8_rep02_fold01.csv,CV1_GY_Eta8_rep02_fold01.csv,CV1,GY,rep02,fold01,Eta8
CV1/GY/rep02/fold01/CV1_GY_Eta9_rep02_fold01.csv,CV1_GY_Eta9_rep02_fold01.csv,CV1,GY,rep02,fold01,Eta9
CV1/GY/rep02/fold02/CV1_GY_Eta1_rep02_fold02.csv,CV1_GY_Eta1_rep02_fold02.csv,CV1,GY,rep02,fold02,Eta1
CV1/GY/rep02/fold02/CV1_GY_Eta10_rep02_fold02.csv,CV1_GY_Eta10_rep02_fold02.csv,CV1,GY,rep02,fold02,Eta10
CV1/GY/rep02/fold02/CV1_GY_Eta11_rep02_fold02.csv,CV1_GY_Eta11_rep02_fold02.csv,CV1,GY,rep02,fold02,Eta11
CV1/GY/rep02/fold02/CV1_GY_Eta12_rep02_fold02.csv,CV1_GY_Eta12_rep02_fold02.csv,CV1,GY,rep02,fold02,Eta12
CV1/GY/rep02/fold02/CV1_GY_Eta13_rep02_fold02.csv,CV1_GY_Eta13_rep02_fold02.csv,CV1,GY,rep02,fold02,Eta13
CV1/GY/rep02/fold02/CV1_GY_Eta14_rep02_fold02.csv,CV1_GY_Eta14_rep02_fold02.csv,CV1,GY,rep02,fold02,Eta14
CV1/GY/rep02/fold02/CV1_GY_Eta15_rep02_fold02.csv,CV1_GY_Eta15_rep02_fold02.csv,CV1,GY,rep02,fold02,Eta15
CV1/GY/rep02/fold02/CV1_GY_Eta16_rep02_fold02.csv,CV1_GY_Eta16_rep02_fold02.csv,CV1,GY,rep02,fold02,Eta16
CV1/GY/rep02/fold02/CV1_GY_Eta17_rep02_fold02.csv,CV1_GY_Eta17_rep02_fold02.csv,CV1,GY,rep02,fold02,Eta17
CV1/GY/rep02/fold02/CV1_GY_Eta18_rep02_fold02.csv,CV1_GY_Eta18_rep02_fold02.csv,CV1,GY,rep02,fold02,Eta18
CV1/GY/rep02/fold02/CV1_GY_Eta2_rep02_fold02.csv,CV1_GY_Eta2_rep02_fold02.csv,CV1,GY,rep02,fold02,Eta2
CV1/GY/rep02/fold02/CV1_GY_Eta3_rep02_fold02.csv,CV1_GY_Eta3_rep02_fold02.csv,CV1,GY,rep02,fold02,Eta3
CV1/GY/rep02/fold02/CV1_GY_Eta4_rep02_fold02.csv,CV1_GY_Eta4_rep02_fold02.csv,CV1,GY,rep02,fold02,Eta4
CV1/GY/rep02/fold02/CV1_GY_Eta5_rep02_fold02.csv,CV1_GY_Eta5_rep02_fold02.csv,CV1,GY,rep02,fold02,Eta5
CV1/GY/rep02/fold02/CV1_GY_Eta6_rep02_fold02.csv,CV1_GY_Eta6_rep02_fold02.csv,CV1,GY,rep02,fold02,Eta6
CV1/GY/rep02/fold02/CV1_GY_Eta7_rep02_fold02.csv,CV1_GY_Eta7_rep02_fold02.csv,CV1,GY,rep02,fold02,Eta7
CV1/GY/rep02/fold02/CV1_GY_Eta8_rep02_fold02.csv,CV1_GY_Eta8_rep02_fold02.csv,CV1,GY,rep02,fold02,Eta8
CV1/GY/rep02/fold02/CV1_GY_Eta9_rep02_fold02.csv,CV1_GY_Eta9_rep02_fold02.csv,CV1,GY,rep02,fold02,Eta9
CV1/GY/rep02/fold03/CV1_GY_Eta1_rep02_fold03.csv,CV1_GY_Eta1_rep02_fold03.csv,CV1,GY,rep02,fold03,Eta1
CV1/GY/rep02/fold03/CV1_GY_Eta10_rep02_fold03.csv,CV1_GY_Eta10_rep02_fold03.csv,CV1,GY,rep02,fold03,Eta10
CV1/GY/rep02/fold03/CV1_GY_Eta11_rep02_fold03.csv,CV1_GY_Eta11_rep02_fold03.csv,CV1,GY,rep02,fold03,Eta11
CV1/GY/rep02/fold03/CV1_GY_Eta12_rep02_fold03.csv,CV1_GY_Eta12_rep02_fold03.csv,CV1,GY,rep02,fold03,Eta12
CV1/GY/rep02/fold03/CV1_GY_Eta13_rep02_fold03.csv,CV1_GY_Eta13_rep02_fold03.csv,CV1,GY,rep02,fold03,Eta13
CV1/GY/rep02/fold03/CV1_GY_Eta14_rep02_fold03.csv,CV1_GY_Eta14_rep02_fold03.csv,CV1,GY,rep02,fold03,Eta14
CV1/GY/rep02/fold03/CV1_GY_Eta15_rep02_fold03.csv,CV1_GY_Eta15_rep02_fold03.csv,CV1,GY,rep02,fold03,Eta15
CV1/GY/rep02/fold03/CV1_GY_Eta16_rep02_fold03.csv,CV1_GY_Eta16_rep02_fold03.csv,CV1,GY,rep02,fold03,Eta16
CV1/GY/rep02/fold03/CV1_GY_Eta17_rep02_fold03.csv,CV1_GY_Eta17_rep02_fold03.csv,CV1,GY,rep02,fold03,Eta17
CV1/GY/rep02/fold03/CV1_GY_Eta18_rep02_fold03.csv,CV1_GY_Eta18_rep02_fold03.csv,CV1,GY,rep02,fold03,Eta18
CV1/GY/rep02/fold03/CV1_GY_Eta2_rep02_fold03.csv,CV1_GY_Eta2_rep02_fold03.csv,CV1,GY,rep02,fold03,Eta2
CV1/GY/rep02/fold03/CV1_GY_Eta3_rep02_fold03.csv,CV1_GY_Eta3_rep02_fold03.csv,CV1,GY,rep02,fold03,Eta3
CV1/GY/rep02/fold03/CV1_GY_Eta4_rep02_fold03.csv,CV1_GY_Eta4_rep02_fold03.csv,CV1,GY,rep02,fold03,Eta4
CV1/GY/rep02/fold03/CV1_GY_Eta5_rep02_fold03.csv,CV1_GY_Eta5_rep02_fold03.csv,CV1,GY,rep02,fold03,Eta5
CV1/GY/rep02/fold03/CV1_GY_Eta6_rep02_fold03.csv,CV1_GY_Eta6_rep02_fold03.csv,CV1,GY,rep02,fold03,Eta6
CV1/GY/rep02/fold03/CV1_GY_Eta7_rep02_fold03.csv,CV1_GY_Eta7_rep02_fold03.csv,CV1,GY,rep02,fold03,Eta7
CV1/GY/rep02/fold03/CV1_GY_Eta8_rep02_fold03.csv,CV1_GY_Eta8_rep02_fold03.csv,CV1,GY,rep02,fold03,Eta8
CV1/GY/rep02/fold03/CV1_GY_Eta9_rep02_fold03.csv,CV1_GY_Eta9_rep02_fold03.csv,CV1,GY,rep02,fold03,Eta9
CV1/GY/rep02/fold04/CV1_GY_Eta1_rep02_fold04.csv,CV1_GY_Eta1_rep02_fold04.csv,CV1,GY,rep02,fold04,Eta1
CV1/GY/rep02/fold04/CV1_GY_Eta10_rep02_fold04.csv,CV1_GY_Eta10_rep02_fold04.csv,CV1,GY,rep02,fold04,Eta10
CV1/GY/rep02/fold04/CV1_GY_Eta11_rep02_fold04.csv,CV1_GY_Eta11_rep02_fold04.csv,CV1,GY,rep02,fold04,Eta11
CV1/GY/rep02/fold04/CV1_GY_Eta12_rep02_fold04.csv,CV1_GY_Eta12_rep02_fold04.csv,CV1,GY,rep02,fold04,Eta12
CV1/GY/rep02/fold04/CV1_GY_Eta13_rep02_fold04.csv,CV1_GY_Eta13_rep02_fold04.csv,CV1,GY,rep02,fold04,Eta13
CV1/GY/rep02/fold04/CV1_GY_Eta14_rep02_fold04.csv,CV1_GY_Eta14_rep02_fold04.csv,CV1,GY,rep02,fold04,Eta14
CV1/GY/rep02/fold04/CV1_GY_Eta15_rep02_fold04.csv,CV1_GY_Eta15_rep02_fold04.csv,CV1,GY,rep02,fold04,Eta15
CV1/GY/rep02/fold04/CV1_GY_Eta16_rep02_fold04.csv,CV1_GY_Eta16_rep02_fold04.csv,CV1,GY,rep02,fold04,Eta16
CV1/GY/rep02/fold04/CV1_GY_Eta17_rep02_fold04.csv,CV1_GY_Eta17_rep02_fold04.csv,CV1,GY,rep02,fold04,Eta17
CV1/GY/rep02/fold04/CV1_GY_Eta18_rep02_fold04.csv,CV1_GY_Eta18_rep02_fold04.csv,CV1,GY,rep02,fold04,Eta18
CV1/GY/rep02/fold04/CV1_GY_Eta2_rep02_fold04.csv,CV1_GY_Eta2_rep02_fold04.csv,CV1,GY,rep02,fold04,Eta2
CV1/GY/rep02/fold04/CV1_GY_Eta3_rep02_fold04.csv,CV1_GY_Eta3_rep02_fold04.csv,CV1,GY,rep02,fold04,Eta3
CV1/GY/rep02/fold04/CV1_GY_Eta4_rep02_fold04.csv,CV1_GY_Eta4_rep02_fold04.csv,CV1,GY,rep02,fold04,Eta4
CV1/GY/rep02/fold04/CV1_GY_Eta5_rep02_fold04.csv,CV1_GY_Eta5_rep02_fold04.csv,CV1,GY,rep02,fold04,Eta5
CV1/GY/rep02/fold04/CV1_GY_Eta6_rep02_fold04.csv,CV1_GY_Eta6_rep02_fold04.csv,CV1,GY,rep02,fold04,Eta6
CV1/GY/rep02/fold04/CV1_GY_Eta7_rep02_fold04.csv,CV1_GY_Eta7_rep02_fold04.csv,CV1,GY,rep02,fold04,Eta7
CV1/GY/rep02/fold04/CV1_GY_Eta8_rep02_fold04.csv,CV1_GY_Eta8_rep02_fold04.csv,CV1,GY,rep02,fold04,Eta8
CV1/GY/rep02/fold04/CV1_GY_Eta9_rep02_fold04.csv,CV1_GY_Eta9_rep02_fold04.csv,CV1,GY,rep02,fold04,Eta9
CV1/GY/rep02/fold05/CV1_GY_Eta1_rep02_fold05.csv,CV1_GY_Eta1_rep02_fold05.csv,CV1,GY,rep02,fold05,Eta1
CV1/GY/rep02/fold05/CV1_GY_Eta10_rep02_fold05.csv,CV1_GY_Eta10_rep02_fold05.csv,CV1,GY,rep02,fold05,Eta10
CV1/GY/rep02/fold05/CV1_GY_Eta11_rep02_fold05.csv,CV1_GY_Eta11_rep02_fold05.csv,CV1,GY,rep02,fold05,Eta11
CV1/GY/rep02/fold05/CV1_GY_Eta12_rep02_fold05.csv,CV1_GY_Eta12_rep02_fold05.csv,CV1,GY,rep02,fold05,Eta12
CV1/GY/rep02/fold05/CV1_GY_Eta13_rep02_fold05.csv,CV1_GY_Eta13_rep02_fold05.csv,CV1,GY,rep02,fold05,Eta13
CV1/GY/rep02/fold05/CV1_GY_Eta14_rep02_fold05.csv,CV1_GY_Eta14_rep02_fold05.csv,CV1,GY,rep02,fold05,Eta14
CV1/GY/rep02/fold05/CV1_GY_Eta15_rep02_fold05.csv,CV1_GY_Eta15_rep02_fold05.csv,CV1,GY,rep02,fold05,Eta15
CV1/GY/rep02/fold05/CV1_GY_Eta16_rep02_fold05.csv,CV1_GY_Eta16_rep02_fold05.csv,CV1,GY,rep02,fold05,Eta16
CV1/GY/rep02/fold05/CV1_GY_Eta17_rep02_fold05.csv,CV1_GY_Eta17_rep02_fold05.csv,CV1,GY,rep02,fold05,Eta17
CV1/GY/rep02/fold05/CV1_GY_Eta18_rep02_fold05.csv,CV1_GY_Eta18_rep02_fold05.csv,CV1,GY,rep02,fold05,Eta18
CV1/GY/rep02/fold05/CV1_GY_Eta2_rep02_fold05.csv,CV1_GY_Eta2_rep02_fold05.csv,CV1,GY,rep02,fold05,Eta2
CV1/GY/rep02/fold05/CV1_GY_Eta3_rep02_fold05.csv,CV1_GY_Eta3_rep02_fold05.csv,CV1,GY,rep02,fold05,Eta3
CV1/GY/rep02/fold05/CV1_GY_Eta4_rep02_fold05.csv,CV1_GY_Eta4_rep02_fold05.csv,CV1,GY,rep02,fold05,Eta4
CV1/GY/rep02/fold05/CV1_GY_Eta5_rep02_fold05.csv,CV1_GY_Eta5_rep02_fold05.csv,CV1,GY,rep02,fold05,Eta5
CV1/GY/rep02/fold05/CV1_GY_Eta6_rep02_fold05.csv,CV1_GY_Eta6_rep02_fold05.csv,CV1,GY,rep02,fold05,Eta6
CV1/GY/rep02/fold05/CV1_GY_Eta7_rep02_fold05.csv,CV1_GY_Eta7_rep02_fold05.csv,CV1,GY,rep02,fold05,Eta7
CV1/GY/rep02/fold05/CV1_GY_Eta8_rep02_fold05.csv,CV1_GY_Eta8_rep02_fold05.csv,CV1,GY,rep02,fold05,Eta8
CV1/GY/rep02/fold05/CV1_GY_Eta9_rep02_fold05.csv,CV1_GY_Eta9_rep02_fold05.csv,CV1,GY,rep02,fold05,Eta9
CV1/GY/rep03/fold01/CV1_GY_Eta1_rep03_fold01.csv,CV1_GY_Eta1_rep03_fold01.csv,CV1,GY,rep03,fold01,Eta1
CV1/GY/rep03/fold01/CV1_GY_Eta10_rep03_fold01.csv,CV1_GY_Eta10_rep03_fold01.csv,CV1,GY,rep03,fold01,Eta10
CV1/GY/rep03/fold01/CV1_GY_Eta11_rep03_fold01.csv,CV1_GY_Eta11_rep03_fold01.csv,CV1,GY,rep03,fold01,Eta11
CV1/GY/rep03/fold01/CV1_GY_Eta12_rep03_fold01.csv,CV1_GY_Eta12_rep03_fold01.csv,CV1,GY,rep03,fold01,Eta12
CV1/GY/rep03/fold01/CV1_GY_Eta13_rep03_fold01.csv,CV1_GY_Eta13_rep03_fold01.csv,CV1,GY,rep03,fold01,Eta13
CV1/GY/rep03/fold01/CV1_GY_Eta14_rep03_fold01.csv,CV1_GY_Eta14_rep03_fold01.csv,CV1,GY,rep03,fold01,Eta14
CV1/GY/rep03/fold01/CV1_GY_Eta15_rep03_fold01.csv,CV1_GY_Eta15_rep03_fold01.csv,CV1,GY,rep03,fold01,Eta15
CV1/GY/rep03/fold01/CV1_GY_Eta16_rep03_fold01.csv,CV1_GY_Eta16_rep03_fold01.csv,CV1,GY,rep03,fold01,Eta16
CV1/GY/rep03/fold01/CV1_GY_Eta17_rep03_fold01.csv,CV1_GY_Eta17_rep03_fold01.csv,CV1,GY,rep03,fold01,Eta17
CV1/GY/rep03/fold01/CV1_GY_Eta18_rep03_fold01.csv,CV1_GY_Eta18_rep03_fold01.csv,CV1,GY,rep03,fold01,Eta18
CV1/GY/rep03/fold01/CV1_GY_Eta2_rep03_fold01.csv,CV1_GY_Eta2_rep03_fold01.csv,CV1,GY,rep03,fold01,Eta2
CV1/GY/rep03/fold01/CV1_GY_Eta3_rep03_fold01.csv,CV1_GY_Eta3_rep03_fold01.csv,CV1,GY,rep03,fold01,Eta3
CV1/GY/rep03/fold01/CV1_GY_Eta4_rep03_fold01.csv,CV1_GY_Eta4_rep03_fold01.csv,CV1,GY,rep03,fold01,Eta4
CV1/GY/rep03/fold01/CV1_GY_Eta5_rep03_fold01.csv,CV1_GY_Eta5_rep03_fold01.csv,CV1,GY,rep03,fold01,Eta5
CV1/GY/rep03/fold01/CV1_GY_Eta6_rep03_fold01.csv,CV1_GY_Eta6_rep03_fold01.csv,CV1,GY,rep03,fold01,Eta6
CV1/GY/rep03/fold01/CV1_GY_Eta7_rep03_fold01.csv,CV1_GY_Eta7_rep03_fold01.csv,CV1,GY,rep03,fold01,Eta7
CV1/GY/rep03/fold01/CV1_GY_Eta8_rep03_fold01.csv,CV1_GY_Eta8_rep03_fold01.csv,CV1,GY,rep03,fold01,Eta8
CV1/GY/rep03/fold01/CV1_GY_Eta9_rep03_fold01.csv,CV1_GY_Eta9_rep03_fold01.csv,CV1,GY,rep03,fold01,Eta9
CV1/GY/rep03/fold02/CV1_GY_Eta1_rep03_fold02.csv,CV1_GY_Eta1_rep03_fold02.csv,CV1,GY,rep03,fold02,Eta1
CV1/GY/rep03/fold02/CV1_GY_Eta10_rep03_fold02.csv,CV1_GY_Eta10_rep03_fold02.csv,CV1,GY,rep03,fold02,Eta10
CV1/GY/rep03/fold02/CV1_GY_Eta11_rep03_fold02.csv,CV1_GY_Eta11_rep03_fold02.csv,CV1,GY,rep03,fold02,Eta11
CV1/GY/rep03/fold02/CV1_GY_Eta12_rep03_fold02.csv,CV1_GY_Eta12_rep03_fold02.csv,CV1,GY,rep03,fold02,Eta12
CV1/GY/rep03/fold02/CV1_GY_Eta13_rep03_fold02.csv,CV1_GY_Eta13_rep03_fold02.csv,CV1,GY,rep03,fold02,Eta13
CV1/GY/rep03/fold02/CV1_GY_Eta14_rep03_fold02.csv,CV1_GY_Eta14_rep03_fold02.csv,CV1,GY,rep03,fold02,Eta14
CV1/GY/rep03/fold02/CV1_GY_Eta15_rep03_fold02.csv,CV1_GY_Eta15_rep03_fold02.csv,CV1,GY,rep03,fold02,Eta15
CV1/GY/rep03/fold02/CV1_GY_Eta16_rep03_fold02.csv,CV1_GY_Eta16_rep03_fold02.csv,CV1,GY,rep03,fold02,Eta16
CV1/GY/rep03/fold02/CV1_GY_Eta17_rep03_fold02.csv,CV1_GY_Eta17_rep03_fold02.csv,CV1,GY,rep03,fold02,Eta17
CV1/GY/rep03/fold02/CV1_GY_Eta18_rep03_fold02.csv,CV1_GY_Eta18_rep03_fold02.csv,CV1,GY,rep03,fold02,Eta18
CV1/GY/rep03/fold02/CV1_GY_Eta2_rep03_fold02.csv,CV1_GY_Eta2_rep03_fold02.csv,CV1,GY,rep03,fold02,Eta2
CV1/GY/rep03/fold02/CV1_GY_Eta3_rep03_fold02.csv,CV1_GY_Eta3_rep03_fold02.csv,CV1,GY,rep03,fold02,Eta3
CV1/GY/rep03/fold02/CV1_GY_Eta4_rep03_fold02.csv,CV1_GY_Eta4_rep03_fold02.csv,CV1,GY,rep03,fold02,Eta4
CV1/GY/rep03/fold02/CV1_GY_Eta5_rep03_fold02.csv,CV1_GY_Eta5_rep03_fold02.csv,CV1,GY,rep03,fold02,Eta5
CV1/GY/rep03/fold02/CV1_GY_Eta6_rep03_fold02.csv,CV1_GY_Eta6_rep03_fold02.csv,CV1,GY,rep03,fold02,Eta6
CV1/GY/rep03/fold02/CV1_GY_Eta7_rep03_fold02.csv,CV1_GY_Eta7_rep03_fold02.csv,CV1,GY,rep03,fold02,Eta7
CV1/GY/rep03/fold02/CV1_GY_Eta8_rep03_fold02.csv,CV1_GY_Eta8_rep03_fold02.csv,CV1,GY,rep03,fold02,Eta8
CV1/GY/rep03/fold02/CV1_GY_Eta9_rep03_fold02.csv,CV1_GY_Eta9_rep03_fold02.csv,CV1,GY,rep03,fold02,Eta9
CV1/GY/rep03/fold03/CV1_GY_Eta1_rep03_fold03.csv,CV1_GY_Eta1_rep03_fold03.csv,CV1,GY,rep03,fold03,Eta1
CV1/GY/rep03/fold03/CV1_GY_Eta10_rep03_fold03.csv,CV1_GY_Eta10_rep03_fold03.csv,CV1,GY,rep03,fold03,Eta10
CV1/GY/rep03/fold03/CV1_GY_Eta11_rep03_fold03.csv,CV1_GY_Eta11_rep03_fold03.csv,CV1,GY,rep03,fold03,Eta11
CV1/GY/rep03/fold03/CV1_GY_Eta12_rep03_fold03.csv,CV1_GY_Eta12_rep03_fold03.csv,CV1,GY,rep03,fold03,Eta12
CV1/GY/rep03/fold03/CV1_GY_Eta13_rep03_fold03.csv,CV1_GY_Eta13_rep03_fold03.csv,CV1,GY,rep03,fold03,Eta13
CV1/GY/rep03/fold03/CV1_GY_Eta14_rep03_fold03.csv,CV1_GY_Eta14_rep03_fold03.csv,CV1,GY,rep03,fold03,Eta14
CV1/GY/rep03/fold03/CV1_GY_Eta15_rep03_fold03.csv,CV1_GY_Eta15_rep03_fold03.csv,CV1,GY,rep03,fold03,Eta15
CV1/GY/rep03/fold03/CV1_GY_Eta16_rep03_fold03.csv,CV1_GY_Eta16_rep03_fold03.csv,CV1,GY,rep03,fold03,Eta16
CV1/GY/rep03/fold03/CV1_GY_Eta17_rep03_fold03.csv,CV1_GY_Eta17_rep03_fold03.csv,CV1,GY,rep03,fold03,Eta17
CV1/GY/rep03/fold03/CV1_GY_Eta18_rep03_fold03.csv,CV1_GY_Eta18_rep03_fold03.csv,CV1,GY,rep03,fold03,Eta18
CV1/GY/rep03/fold03/CV1_GY_Eta2_rep03_fold03.csv,CV1_GY_Eta2_rep03_fold03.csv,CV1,GY,rep03,fold03,Eta2
CV1/GY/rep03/fold03/CV1_GY_Eta3_rep03_fold03.csv,CV1_GY_Eta3_rep03_fold03.csv,CV1,GY,rep03,fold03,Eta3
CV1/GY/rep03/fold03/CV1_GY_Eta4_rep03_fold03.csv,CV1_GY_Eta4_rep03_fold03.csv,CV1,GY,rep03,fold03,Eta4
CV1/GY/rep03/fold03/CV1_GY_Eta5_rep03_fold03.csv,CV1_GY_Eta5_rep03_fold03.csv,CV1,GY,rep03,fold03,Eta5
CV1/GY/rep03/fold03/CV1_GY_Eta6_rep03_fold03.csv,CV1_GY_Eta6_rep03_fold03.csv,CV1,GY,rep03,fold03,Eta6
CV1/GY/rep03/fold03/CV1_GY_Eta7_rep03_fold03.csv,CV1_GY_Eta7_rep03_fold03.csv,CV1,GY,rep03,fold03,Eta7
CV1/GY/rep03/fold03/CV1_GY_Eta8_rep03_fold03.csv,CV1_GY_Eta8_rep03_fold03.csv,CV1,GY,rep03,fold03,Eta8
CV1/GY/rep03/fold03/CV1_GY_Eta9_rep03_fold03.csv,CV1_GY_Eta9_rep03_fold03.csv,CV1,GY,rep03,fold03,Eta9
CV1/GY/rep03/fold04/CV1_GY_Eta1_rep03_fold04.csv,CV1_GY_Eta1_rep03_fold04.csv,CV1,GY,rep03,fold04,Eta1
CV1/GY/rep03/fold04/CV1_GY_Eta10_rep03_fold04.csv,CV1_GY_Eta10_rep03_fold04.csv,CV1,GY,rep03,fold04,Eta10
CV1/GY/rep03/fold04/CV1_GY_Eta11_rep03_fold04.csv,CV1_GY_Eta11_rep03_fold04.csv,CV1,GY,rep03,fold04,Eta11
CV1/GY/rep03/fold04/CV1_GY_Eta12_rep03_fold04.csv,CV1_GY_Eta12_rep03_fold04.csv,CV1,GY,rep03,fold04,Eta12
CV1/GY/rep03/fold04/CV1_GY_Eta13_rep03_fold04.csv,CV1_GY_Eta13_rep03_fold04.csv,CV1,GY,rep03,fold04,Eta13
CV1/GY/rep03/fold04/CV1_GY_Eta14_rep03_fold04.csv,CV1_GY_Eta14_rep03_fold04.csv,CV1,GY,rep03,fold04,Eta14
CV1/GY/rep03/fold04/CV1_GY_Eta15_rep03_fold04.csv,CV1_GY_Eta15_rep03_fold04.csv,CV1,GY,rep03,fold04,Eta15
CV1/GY/rep03/fold04/CV1_GY_Eta16_rep03_fold04.csv,CV1_GY_Eta16_rep03_fold04.csv,CV1,GY,rep03,fold04,Eta16
CV1/GY/rep03/fold04/CV1_GY_Eta17_rep03_fold04.csv,CV1_GY_Eta17_rep03_fold04.csv,CV1,GY,rep03,fold04,Eta17
CV1/GY/rep03/fold04/CV1_GY_Eta18_rep03_fold04.csv,CV1_GY_Eta18_rep03_fold04.csv,CV1,GY,rep03,fold04,Eta18
CV1/GY/rep03/fold04/CV1_GY_Eta2_rep03_fold04.csv,CV1_GY_Eta2_rep03_fold04.csv,CV1,GY,rep03,fold04,Eta2
CV1/GY/rep03/fold04/CV1_GY_Eta3_rep03_fold04.csv,CV1_GY_Eta3_rep03_fold04.csv,CV1,GY,rep03,fold04,Eta3
CV1/GY/rep03/fold04/CV1_GY_Eta4_rep03_fold04.csv,CV1_GY_Eta4_rep03_fold04.csv,CV1,GY,rep03,fold04,Eta4
CV1/GY/rep03/fold04/CV1_GY_Eta5_rep03_fold04.csv,CV1_GY_Eta5_rep03_fold04.csv,CV1,GY,rep03,fold04,Eta5
CV1/GY/rep03/fold04/CV1_GY_Eta6_rep03_fold04.csv,CV1_GY_Eta6_rep03_fold04.csv,CV1,GY,rep03,fold04,Eta6
CV1/GY/rep03/fold04/CV1_GY_Eta7_rep03_fold04.csv,CV1_GY_Eta7_rep03_fold04.csv,CV1,GY,rep03,fold04,Eta7
CV1/GY/rep03/fold04/CV1_GY_Eta8_rep03_fold04.csv,CV1_GY_Eta8_rep03_fold04.csv,CV1,GY,rep03,fold04,Eta8
CV1/GY/rep03/fold04/CV1_GY_Eta9_rep03_fold04.csv,CV1_GY_Eta9_rep03_fold04.csv,CV1,GY,rep03,fold04,Eta9
CV1/GY/rep03/fold05/CV1_GY_Eta1_rep03_fold05.csv,CV1_GY_Eta1_rep03_fold05.csv,CV1,GY,rep03,fold05,Eta1
CV1/GY/rep03/fold05/CV1_GY_Eta10_rep03_fold05.csv,CV1_GY_Eta10_rep03_fold05.csv,CV1,GY,rep03,fold05,Eta10
CV1/GY/rep03/fold05/CV1_GY_Eta11_rep03_fold05.csv,CV1_GY_Eta11_rep03_fold05.csv,CV1,GY,rep03,fold05,Eta11
CV1/GY/rep03/fold05/CV1_GY_Eta12_rep03_fold05.csv,CV1_GY_Eta12_rep03_fold05.csv,CV1,GY,rep03,fold05,Eta12
CV1/GY/rep03/fold05/CV1_GY_Eta13_rep03_fold05.csv,CV1_GY_Eta13_rep03_fold05.csv,CV1,GY,rep03,fold05,Eta13
CV1/GY/rep03/fold05/CV1_GY_Eta14_rep03_fold05.csv,CV1_GY_Eta14_rep03_fold05.csv,CV1,GY,rep03,fold05,Eta14
CV1/GY/rep03/fold05/CV1_GY_Eta15_rep03_fold05.csv,CV1_GY_Eta15_rep03_fold05.csv,CV1,GY,rep03,fold05,Eta15
CV1/GY/rep03/fold05/CV1_GY_Eta16_rep03_fold05.csv,CV1_GY_Eta16_rep03_fold05.csv,CV1,GY,rep03,fold05,Eta16
CV1/GY/rep03/fold05/CV1_GY_Eta17_rep03_fold05.csv,CV1_GY_Eta17_rep03_fold05.csv,CV1,GY,rep03,fold05,Eta17
CV1/GY/rep03/fold05/CV1_GY_Eta18_rep03_fold05.csv,CV1_GY_Eta18_rep03_fold05.csv,CV1,GY,rep03,fold05,Eta18
CV1/GY/rep03/fold05/CV1_GY_Eta2_rep03_fold05.csv,CV1_GY_Eta2_rep03_fold05.csv,CV1,GY,rep03,fold05,Eta2
CV1/GY/rep03/fold05/CV1_GY_Eta3_rep03_fold05.csv,CV1_GY_Eta3_rep03_fold05.csv,CV1,GY,rep03,fold05,Eta3
CV1/GY/rep03/fold05/CV1_GY_Eta4_rep03_fold05.csv,CV1_GY_Eta4_rep03_fold05.csv,CV1,GY,rep03,fold05,Eta4
CV1/GY/rep03/fold05/CV1_GY_Eta5_rep03_fold05.csv,CV1_GY_Eta5_rep03_fold05.csv,CV1,GY,rep03,fold05,Eta5
CV1/GY/rep03/fold05/CV1_GY_Eta6_rep03_fold05.csv,CV1_GY_Eta6_rep03_fold05.csv,CV1,GY,rep03,fold05,Eta6
CV1/GY/rep03/fold05/CV1_GY_Eta7_rep03_fold05.csv,CV1_GY_Eta7_rep03_fold05.csv,CV1,GY,rep03,fold05,Eta7
CV1/GY/rep03/fold05/CV1_GY_Eta8_rep03_fold05.csv,CV1_GY_Eta8_rep03_fold05.csv,CV1,GY,rep03,fold05,Eta8
CV1/GY/rep03/fold05/CV1_GY_Eta9_rep03_fold05.csv,CV1_GY_Eta9_rep03_fold05.csv,CV1,GY,rep03,fold05,Eta9
CV1/GY/rep04/fold01/CV1_GY_Eta1_rep04_fold01.csv,CV1_GY_Eta1_rep04_fold01.csv,CV1,GY,rep04,fold01,Eta1
CV1/GY/rep04/fold01/CV1_GY_Eta10_rep04_fold01.csv,CV1_GY_Eta10_rep04_fold01.csv,CV1,GY,rep04,fold01,Eta10
CV1/GY/rep04/fold01/CV1_GY_Eta11_rep04_fold01.csv,CV1_GY_Eta11_rep04_fold01.csv,CV1,GY,rep04,fold01,Eta11
CV1/GY/rep04/fold01/CV1_GY_Eta12_rep04_fold01.csv,CV1_GY_Eta12_rep04_fold01.csv,CV1,GY,rep04,fold01,Eta12
CV1/GY/rep04/fold01/CV1_GY_Eta13_rep04_fold01.csv,CV1_GY_Eta13_rep04_fold01.csv,CV1,GY,rep04,fold01,Eta13
CV1/GY/rep04/fold01/CV1_GY_Eta14_rep04_fold01.csv,CV1_GY_Eta14_rep04_fold01.csv,CV1,GY,rep04,fold01,Eta14
CV1/GY/rep04/fold01/CV1_GY_Eta15_rep04_fold01.csv,CV1_GY_Eta15_rep04_fold01.csv,CV1,GY,rep04,fold01,Eta15
CV1/GY/rep04/fold01/CV1_GY_Eta16_rep04_fold01.csv,CV1_GY_Eta16_rep04_fold01.csv,CV1,GY,rep04,fold01,Eta16
CV1/GY/rep04/fold01/CV1_GY_Eta17_rep04_fold01.csv,CV1_GY_Eta17_rep04_fold01.csv,CV1,GY,rep04,fold01,Eta17
CV1/GY/rep04/fold01/CV1_GY_Eta18_rep04_fold01.csv,CV1_GY_Eta18_rep04_fold01.csv,CV1,GY,rep04,fold01,Eta18
CV1/GY/rep04/fold01/CV1_GY_Eta2_rep04_fold01.csv,CV1_GY_Eta2_rep04_fold01.csv,CV1,GY,rep04,fold01,Eta2
CV1/GY/rep04/fold01/CV1_GY_Eta3_rep04_fold01.csv,CV1_GY_Eta3_rep04_fold01.csv,CV1,GY,rep04,fold01,Eta3
CV1/GY/rep04/fold01/CV1_GY_Eta4_rep04_fold01.csv,CV1_GY_Eta4_rep04_fold01.csv,CV1,GY,rep04,fold01,Eta4
CV1/GY/rep04/fold01/CV1_GY_Eta5_rep04_fold01.csv,CV1_GY_Eta5_rep04_fold01.csv,CV1,GY,rep04,fold01,Eta5
CV1/GY/rep04/fold01/CV1_GY_Eta6_rep04_fold01.csv,CV1_GY_Eta6_rep04_fold01.csv,CV1,GY,rep04,fold01,Eta6
CV1/GY/rep04/fold01/CV1_GY_Eta7_rep04_fold01.csv,CV1_GY_Eta7_rep04_fold01.csv,CV1,GY,rep04,fold01,Eta7
CV1/GY/rep04/fold01/CV1_GY_Eta8_rep04_fold01.csv,CV1_GY_Eta8_rep04_fold01.csv,CV1,GY,rep04,fold01,Eta8
CV1/GY/rep04/fold01/CV1_GY_Eta9_rep04_fold01.csv,CV1_GY_Eta9_rep04_fold01.csv,CV1,GY,rep04,fold01,Eta9
CV1/GY/rep04/fold02/CV1_GY_Eta1_rep04_fold02.csv,CV1_GY_Eta1_rep04_fold02.csv,CV1,GY,rep04,fold02,Eta1
CV1/GY/rep04/fold02/CV1_GY_Eta10_rep04_fold02.csv,CV1_GY_Eta10_rep04_fold02.csv,CV1,GY,rep04,fold02,Eta10
CV1/GY/rep04/fold02/CV1_GY_Eta11_rep04_fold02.csv,CV1_GY_Eta11_rep04_fold02.csv,CV1,GY,rep04,fold02,Eta11
CV1/GY/rep04/fold02/CV1_GY_Eta12_rep04_fold02.csv,CV1_GY_Eta12_rep04_fold02.csv,CV1,GY,rep04,fold02,Eta12
CV1/GY/rep04/fold02/CV1_GY_Eta13_rep04_fold02.csv,CV1_GY_Eta13_rep04_fold02.csv,CV1,GY,rep04,fold02,Eta13
CV1/GY/rep04/fold02/CV1_GY_Eta14_rep04_fold02.csv,CV1_GY_Eta14_rep04_fold02.csv,CV1,GY,rep04,fold02,Eta14
CV1/GY/rep04/fold02/CV1_GY_Eta15_rep04_fold02.csv,CV1_GY_Eta15_rep04_fold02.csv,CV1,GY,rep04,fold02,Eta15
CV1/GY/rep04/fold02/CV1_GY_Eta16_rep04_fold02.csv,CV1_GY_Eta16_rep04_fold02.csv,CV1,GY,rep04,fold02,Eta16
CV1/GY/rep04/fold02/CV1_GY_Eta17_rep04_fold02.csv,CV1_GY_Eta17_rep04_fold02.csv,CV1,GY,rep04,fold02,Eta17
CV1/GY/rep04/fold02/CV1_GY_Eta18_rep04_fold02.csv,CV1_GY_Eta18_rep04_fold02.csv,CV1,GY,rep04,fold02,Eta18
CV1/GY/rep04/fold02/CV1_GY_Eta2_rep04_fold02.csv,CV1_GY_Eta2_rep04_fold02.csv,CV1,GY,rep04,fold02,Eta2
CV1/GY/rep04/fold02/CV1_GY_Eta3_rep04_fold02.csv,CV1_GY_Eta3_rep04_fold02.csv,CV1,GY,rep04,fold02,Eta3
CV1/GY/rep04/fold02/CV1_GY_Eta4_rep04_fold02.csv,CV1_GY_Eta4_rep04_fold02.csv,CV1,GY,rep04,fold02,Eta4
CV1/GY/rep04/fold02/CV1_GY_Eta5_rep04_fold02.csv,CV1_GY_Eta5_rep04_fold02.csv,CV1,GY,rep04,fold02,Eta5
CV1/GY/rep04/fold02/CV1_GY_Eta6_rep04_fold02.csv,CV1_GY_Eta6_rep04_fold02.csv,CV1,GY,rep04,fold02,Eta6
CV1/GY/rep04/fold02/CV1_GY_Eta7_rep04_fold02.csv,CV1_GY_Eta7_rep04_fold02.csv,CV1,GY,rep04,fold02,Eta7
CV1/GY/rep04/fold02/CV1_GY_Eta8_rep04_fold02.csv,CV1_GY_Eta8_rep04_fold02.csv,CV1,GY,rep04,fold02,Eta8
CV1/GY/rep04/fold02/CV1_GY_Eta9_rep04_fold02.csv,CV1_GY_Eta9_rep04_fold02.csv,CV1,GY,rep04,fold02,Eta9
CV1/GY/rep04/fold03/CV1_GY_Eta1_rep04_fold03.csv,CV1_GY_Eta1_rep04_fold03.csv,CV1,GY,rep04,fold03,Eta1
CV1/GY/rep04/fold03/CV1_GY_Eta10_rep04_fold03.csv,CV1_GY_Eta10_rep04_fold03.csv,CV1,GY,rep04,fold03,Eta10
CV1/GY/rep04/fold03/CV1_GY_Eta11_rep04_fold03.csv,CV1_GY_Eta11_rep04_fold03.csv,CV1,GY,rep04,fold03,Eta11
CV1/GY/rep04/fold03/CV1_GY_Eta12_rep04_fold03.csv,CV1_GY_Eta12_rep04_fold03.csv,CV1,GY,rep04,fold03,Eta12
CV1/GY/rep04/fold03/CV1_GY_Eta13_rep04_fold03.csv,CV1_GY_Eta13_rep04_fold03.csv,CV1,GY,rep04,fold03,Eta13
CV1/GY/rep04/fold03/CV1_GY_Eta14_rep04_fold03.csv,CV1_GY_Eta14_rep04_fold03.csv,CV1,GY,rep04,fold03,Eta14
CV1/GY/rep04/fold03/CV1_GY_Eta15_rep04_fold03.csv,CV1_GY_Eta15_rep04_fold03.csv,CV1,GY,rep04,fold03,Eta15
CV1/GY/rep04/fold03/CV1_GY_Eta16_rep04_fold03.csv,CV1_GY_Eta16_rep04_fold03.csv,CV1,GY,rep04,fold03,Eta16
CV1/GY/rep04/fold03/CV1_GY_Eta17_rep04_fold03.csv,CV1_GY_Eta17_rep04_fold03.csv,CV1,GY,rep04,fold03,Eta17
CV1/GY/rep04/fold03/CV1_GY_Eta18_rep04_fold03.csv,CV1_GY_Eta18_rep04_fold03.csv,CV1,GY,rep04,fold03,Eta18
CV1/GY/rep04/fold03/CV1_GY_Eta2_rep04_fold03.csv,CV1_GY_Eta2_rep04_fold03.csv,CV1,GY,rep04,fold03,Eta2
CV1/GY/rep04/fold03/CV1_GY_Eta3_rep04_fold03.csv,CV1_GY_Eta3_rep04_fold03.csv,CV1,GY,rep04,fold03,Eta3
CV1/GY/rep04/fold03/CV1_GY_Eta4_rep04_fold03.csv,CV1_GY_Eta4_rep04_fold03.csv,CV1,GY,rep04,fold03,Eta4
CV1/GY/rep04/fold03/CV1_GY_Eta5_rep04_fold03.csv,CV1_GY_Eta5_rep04_fold03.csv,CV1,GY,rep04,fold03,Eta5
CV1/GY/rep04/fold03/CV1_GY_Eta6_rep04_fold03.csv,CV1_GY_Eta6_rep04_fold03.csv,CV1,GY,rep04,fold03,Eta6
CV1/GY/rep04/fold03/CV1_GY_Eta7_rep04_fold03.csv,CV1_GY_Eta7_rep04_fold03.csv,CV1,GY,rep04,fold03,Eta7
CV1/GY/rep04/fold03/CV1_GY_Eta8_rep04_fold03.csv,CV1_GY_Eta8_rep04_fold03.csv,CV1,GY,rep04,fold03,Eta8
CV1/GY/rep04/fold03/CV1_GY_Eta9_rep04_fold03.csv,CV1_GY_Eta9_rep04_fold03.csv,CV1,GY,rep04,fold03,Eta9
CV1/GY/rep04/fold04/CV1_GY_Eta1_rep04_fold04.csv,CV1_GY_Eta1_rep04_fold04.csv,CV1,GY,rep04,fold04,Eta1
CV1/GY/rep04/fold04/CV1_GY_Eta10_rep04_fold04.csv,CV1_GY_Eta10_rep04_fold04.csv,CV1,GY,rep04,fold04,Eta10
CV1/GY/rep04/fold04/CV1_GY_Eta11_rep04_fold04.csv,CV1_GY_Eta11_rep04_fold04.csv,CV1,GY,rep04,fold04,Eta11
CV1/GY/rep04/fold04/CV1_GY_Eta12_rep04_fold04.csv,CV1_GY_Eta12_rep04_fold04.csv,CV1,GY,rep04,fold04,Eta12
CV1/GY/rep04/fold04/CV1_GY_Eta13_rep04_fold04.csv,CV1_GY_Eta13_rep04_fold04.csv,CV1,GY,rep04,fold04,Eta13
CV1/GY/rep04/fold04/CV1_GY_Eta14_rep04_fold04.csv,CV1_GY_Eta14_rep04_fold04.csv,CV1,GY,rep04,fold04,Eta14
CV1/GY/rep04/fold04/CV1_GY_Eta15_rep04_fold04.csv,CV1_GY_Eta15_rep04_fold04.csv,CV1,GY,rep04,fold04,Eta15
CV1/GY/rep04/fold04/CV1_GY_Eta16_rep04_fold04.csv,CV1_GY_Eta16_rep04_fold04.csv,CV1,GY,rep04,fold04,Eta16
CV1/GY/rep04/fold04/CV1_GY_Eta17_rep04_fold04.csv,CV1_GY_Eta17_rep04_fold04.csv,CV1,GY,rep04,fold04,Eta17
CV1/GY/rep04/fold04/CV1_GY_Eta18_rep04_fold04.csv,CV1_GY_Eta18_rep04_fold04.csv,CV1,GY,rep04,fold04,Eta18
CV1/GY/rep04/fold04/CV1_GY_Eta2_rep04_fold04.csv,CV1_GY_Eta2_rep04_fold04.csv,CV1,GY,rep04,fold04,Eta2
CV1/GY/rep04/fold04/CV1_GY_Eta3_rep04_fold04.csv,CV1_GY_Eta3_rep04_fold04.csv,CV1,GY,rep04,fold04,Eta3
CV1/GY/rep04/fold04/CV1_GY_Eta4_rep04_fold04.csv,CV1_GY_Eta4_rep04_fold04.csv,CV1,GY,rep04,fold04,Eta4
CV1/GY/rep04/fold04/CV1_GY_Eta5_rep04_fold04.csv,CV1_GY_Eta5_rep04_fold04.csv,CV1,GY,rep04,fold04,Eta5
CV1/GY/rep04/fold04/CV1_GY_Eta6_rep04_fold04.csv,CV1_GY_Eta6_rep04_fold04.csv,CV1,GY,rep04,fold04,Eta6
CV1/GY/rep04/fold04/CV1_GY_Eta7_rep04_fold04.csv,CV1_GY_Eta7_rep04_fold04.csv,CV1,GY,rep04,fold04,Eta7
CV1/GY/rep04/fold04/CV1_GY_Eta8_rep04_fold04.csv,CV1_GY_Eta8_rep04_fold04.csv,CV1,GY,rep04,fold04,Eta8
CV1/GY/rep04/fold04/CV1_GY_Eta9_rep04_fold04.csv,CV1_GY_Eta9_rep04_fold04.csv,CV1,GY,rep04,fold04,Eta9
CV1/GY/rep04/fold05/CV1_GY_Eta1_rep04_fold05.csv,CV1_GY_Eta1_rep04_fold05.csv,CV1,GY,rep04,fold05,Eta1
CV1/GY/rep04/fold05/CV1_GY_Eta10_rep04_fold05.csv,CV1_GY_Eta10_rep04_fold05.csv,CV1,GY,rep04,fold05,Eta10
CV1/GY/rep04/fold05/CV1_GY_Eta11_rep04_fold05.csv,CV1_GY_Eta11_rep04_fold05.csv,CV1,GY,rep04,fold05,Eta11
CV1/GY/rep04/fold05/CV1_GY_Eta12_rep04_fold05.csv,CV1_GY_Eta12_rep04_fold05.csv,CV1,GY,rep04,fold05,Eta12
CV1/GY/rep04/fold05/CV1_GY_Eta13_rep04_fold05.csv,CV1_GY_Eta13_rep04_fold05.csv,CV1,GY,rep04,fold05,Eta13
CV1/GY/rep04/fold05/CV1_GY_Eta14_rep04_fold05.csv,CV1_GY_Eta14_rep04_fold05.csv,CV1,GY,rep04,fold05,Eta14
CV1/GY/rep04/fold05/CV1_GY_Eta15_rep04_fold05.csv,CV1_GY_Eta15_rep04_fold05.csv,CV1,GY,rep04,fold05,Eta15
CV1/GY/rep04/fold05/CV1_GY_Eta16_rep04_fold05.csv,CV1_GY_Eta16_rep04_fold05.csv,CV1,GY,rep04,fold05,Eta16
CV1/GY/rep04/fold05/CV1_GY_Eta17_rep04_fold05.csv,CV1_GY_Eta17_rep04_fold05.csv,CV1,GY,rep04,fold05,Eta17
CV1/GY/rep04/fold05/CV1_GY_Eta18_rep04_fold05.csv,CV1_GY_Eta18_rep04_fold05.csv,CV1,GY,rep04,fold05,Eta18
CV1/GY/rep04/fold05/CV1_GY_Eta2_rep04_fold05.csv,CV1_GY_Eta2_rep04_fold05.csv,CV1,GY,rep04,fold05,Eta2
CV1/GY/rep04/fold05/CV1_GY_Eta3_rep04_fold05.csv,CV1_GY_Eta3_rep04_fold05.csv,CV1,GY,rep04,fold05,Eta3
CV1/GY/rep04/fold05/CV1_GY_Eta4_rep04_fold05.csv,CV1_GY_Eta4_rep04_fold05.csv,CV1,GY,rep04,fold05,Eta4
CV1/GY/rep04/fold05/CV1_GY_Eta5_rep04_fold05.csv,CV1_GY_Eta5_rep04_fold05.csv,CV1,GY,rep04,fold05,Eta5
CV1/GY/rep04/fold05/CV1_GY_Eta6_rep04_fold05.csv,CV1_GY_Eta6_rep04_fold05.csv,CV1,GY,rep04,fold05,Eta6
CV1/GY/rep04/fold05/CV1_GY_Eta7_rep04_fold05.csv,CV1_GY_Eta7_rep04_fold05.csv,CV1,GY,rep04,fold05,Eta7
CV1/GY/rep04/fold05/CV1_GY_Eta8_rep04_fold05.csv,CV1_GY_Eta8_rep04_fold05.csv,CV1,GY,rep04,fold05,Eta8
CV1/GY/rep04/fold05/CV1_GY_Eta9_rep04_fold05.csv,CV1_GY_Eta9_rep04_fold05.csv,CV1,GY,rep04,fold05,Eta9
CV1/GY/rep05/fold01/CV1_GY_Eta1_rep05_fold01.csv,CV1_GY_Eta1_rep05_fold01.csv,CV1,GY,rep05,fold01,Eta1
CV1/GY/rep05/fold01/CV1_GY_Eta10_rep05_fold01.csv,CV1_GY_Eta10_rep05_fold01.csv,CV1,GY,rep05,fold01,Eta10
CV1/GY/rep05/fold01/CV1_GY_Eta11_rep05_fold01.csv,CV1_GY_Eta11_rep05_fold01.csv,CV1,GY,rep05,fold01,Eta11
CV1/GY/rep05/fold01/CV1_GY_Eta12_rep05_fold01.csv,CV1_GY_Eta12_rep05_fold01.csv,CV1,GY,rep05,fold01,Eta12
CV1/GY/rep05/fold01/CV1_GY_Eta13_rep05_fold01.csv,CV1_GY_Eta13_rep05_fold01.csv,CV1,GY,rep05,fold01,Eta13
CV1/GY/rep05/fold01/CV1_GY_Eta14_rep05_fold01.csv,CV1_GY_Eta14_rep05_fold01.csv,CV1,GY,rep05,fold01,Eta14
CV1/GY/rep05/fold01/CV1_GY_Eta15_rep05_fold01.csv,CV1_GY_Eta15_rep05_fold01.csv,CV1,GY,rep05,fold01,Eta15
CV1/GY/rep05/fold01/CV1_GY_Eta16_rep05_fold01.csv,CV1_GY_Eta16_rep05_fold01.csv,CV1,GY,rep05,fold01,Eta16
CV1/GY/rep05/fold01/CV1_GY_Eta17_rep05_fold01.csv,CV1_GY_Eta17_rep05_fold01.csv,CV1,GY,rep05,fold01,Eta17
CV1/GY/rep05/fold01/CV1_GY_Eta18_rep05_fold01.csv,CV1_GY_Eta18_rep05_fold01.csv,CV1,GY,rep05,fold01,Eta18
CV1/GY/rep05/fold01/CV1_GY_Eta2_rep05_fold01.csv,CV1_GY_Eta2_rep05_fold01.csv,CV1,GY,rep05,fold01,Eta2
CV1/GY/rep05/fold01/CV1_GY_Eta3_rep05_fold01.csv,CV1_GY_Eta3_rep05_fold01.csv,CV1,GY,rep05,fold01,Eta3
CV1/GY/rep05/fold01/CV1_GY_Eta4_rep05_fold01.csv,CV1_GY_Eta4_rep05_fold01.csv,CV1,GY,rep05,fold01,Eta4
CV1/GY/rep05/fold01/CV1_GY_Eta5_rep05_fold01.csv,CV1_GY_Eta5_rep05_fold01.csv,CV1,GY,rep05,fold01,Eta5
CV1/GY/rep05/fold01/CV1_GY_Eta6_rep05_fold01.csv,CV1_GY_Eta6_rep05_fold01.csv,CV1,GY,rep05,fold01,Eta6
CV1/GY/rep05/fold01/CV1_GY_Eta7_rep05_fold01.csv,CV1_GY_Eta7_rep05_fold01.csv,CV1,GY,rep05,fold01,Eta7
CV1/GY/rep05/fold01/CV1_GY_Eta8_rep05_fold01.csv,CV1_GY_Eta8_rep05_fold01.csv,CV1,GY,rep05,fold01,Eta8
CV1/GY/rep05/fold01/CV1_GY_Eta9_rep05_fold01.csv,CV1_GY_Eta9_rep05_fold01.csv,CV1,GY,rep05,fold01,Eta9
CV1/GY/rep05/fold02/CV1_GY_Eta1_rep05_fold02.csv,CV1_GY_Eta1_rep05_fold02.csv,CV1,GY,rep05,fold02,Eta1
CV1/GY/rep05/fold02/CV1_GY_Eta10_rep05_fold02.csv,CV1_GY_Eta10_rep05_fold02.csv,CV1,GY,rep05,fold02,Eta10
CV1/GY/rep05/fold02/CV1_GY_Eta11_rep05_fold02.csv,CV1_GY_Eta11_rep05_fold02.csv,CV1,GY,rep05,fold02,Eta11
CV1/GY/rep05/fold02/CV1_GY_Eta12_rep05_fold02.csv,CV1_GY_Eta12_rep05_fold02.csv,CV1,GY,rep05,fold02,Eta12
CV1/GY/rep05/fold02/CV1_GY_Eta13_rep05_fold02.csv,CV1_GY_Eta13_rep05_fold02.csv,CV1,GY,rep05,fold02,Eta13
CV1/GY/rep05/fold02/CV1_GY_Eta14_rep05_fold02.csv,CV1_GY_Eta14_rep05_fold02.csv,CV1,GY,rep05,fold02,Eta14
CV1/GY/rep05/fold02/CV1_GY_Eta15_rep05_fold02.csv,CV1_GY_Eta15_rep05_fold02.csv,CV1,GY,rep05,fold02,Eta15
CV1/GY/rep05/fold02/CV1_GY_Eta16_rep05_fold02.csv,CV1_GY_Eta16_rep05_fold02.csv,CV1,GY,rep05,fold02,Eta16
CV1/GY/rep05/fold02/CV1_GY_Eta17_rep05_fold02.csv,CV1_GY_Eta17_rep05_fold02.csv,CV1,GY,rep05,fold02,Eta17
CV1/GY/rep05/fold02/CV1_GY_Eta18_rep05_fold02.csv,CV1_GY_Eta18_rep05_fold02.csv,CV1,GY,rep05,fold02,Eta18
CV1/GY/rep05/fold02/CV1_GY_Eta2_rep05_fold02.csv,CV1_GY_Eta2_rep05_fold02.csv,CV1,GY,rep05,fold02,Eta2
CV1/GY/rep05/fold02/CV1_GY_Eta3_rep05_fold02.csv,CV1_GY_Eta3_rep05_fold02.csv,CV1,GY,rep05,fold02,Eta3
CV1/GY/rep05/fold02/CV1_GY_Eta4_rep05_fold02.csv,CV1_GY_Eta4_rep05_fold02.csv,CV1,GY,rep05,fold02,Eta4
CV1/GY/rep05/fold02/CV1_GY_Eta5_rep05_fold02.csv,CV1_GY_Eta5_rep05_fold02.csv,CV1,GY,rep05,fold02,Eta5
CV1/GY/rep05/fold02/CV1_GY_Eta6_rep05_fold02.csv,CV1_GY_Eta6_rep05_fold02.csv,CV1,GY,rep05,fold02,Eta6
CV1/GY/rep05/fold02/CV1_GY_Eta7_rep05_fold02.csv,CV1_GY_Eta7_rep05_fold02.csv,CV1,GY,rep05,fold02,Eta7
CV1/GY/rep05/fold02/CV1_GY_Eta8_rep05_fold02.csv,CV1_GY_Eta8_rep05_fold02.csv,CV1,GY,rep05,fold02,Eta8
CV1/GY/rep05/fold02/CV1_GY_Eta9_rep05_fold02.csv,CV1_GY_Eta9_rep05_fold02.csv,CV1,GY,rep05,fold02,Eta9
CV1/GY/rep05/fold03/CV1_GY_Eta1_rep05_fold03.csv,CV1_GY_Eta1_rep05_fold03.csv,CV1,GY,rep05,fold03,Eta1
CV1/GY/rep05/fold03/CV1_GY_Eta10_rep05_fold03.csv,CV1_GY_Eta10_rep05_fold03.csv,CV1,GY,rep05,fold03,Eta10
CV1/GY/rep05/fold03/CV1_GY_Eta11_rep05_fold03.csv,CV1_GY_Eta11_rep05_fold03.csv,CV1,GY,rep05,fold03,Eta11
CV1/GY/rep05/fold03/CV1_GY_Eta12_rep05_fold03.csv,CV1_GY_Eta12_rep05_fold03.csv,CV1,GY,rep05,fold03,Eta12
CV1/GY/rep05/fold03/CV1_GY_Eta13_rep05_fold03.csv,CV1_GY_Eta13_rep05_fold03.csv,CV1,GY,rep05,fold03,Eta13
CV1/GY/rep05/fold03/CV1_GY_Eta14_rep05_fold03.csv,CV1_GY_Eta14_rep05_fold03.csv,CV1,GY,rep05,fold03,Eta14
CV1/GY/rep05/fold03/CV1_GY_Eta15_rep05_fold03.csv,CV1_GY_Eta15_rep05_fold03.csv,CV1,GY,rep05,fold03,Eta15
CV1/GY/rep05/fold03/CV1_GY_Eta16_rep05_fold03.csv,CV1_GY_Eta16_rep05_fold03.csv,CV1,GY,rep05,fold03,Eta16
CV1/GY/rep05/fold03/CV1_GY_Eta17_rep05_fold03.csv,CV1_GY_Eta17_rep05_fold03.csv,CV1,GY,rep05,fold03,Eta17
CV1/GY/rep05/fold03/CV1_GY_Eta18_rep05_fold03.csv,CV1_GY_Eta18_rep05_fold03.csv,CV1,GY,rep05,fold03,Eta18
CV1/GY/rep05/fold03/CV1_GY_Eta2_rep05_fold03.csv,CV1_GY_Eta2_rep05_fold03.csv,CV1,GY,rep05,fold03,Eta2
CV1/GY/rep05/fold03/CV1_GY_Eta3_rep05_fold03.csv,CV1_GY_Eta3_rep05_fold03.csv,CV1,GY,rep05,fold03,Eta3
CV1/GY/rep05/fold03/CV1_GY_Eta4_rep05_fold03.csv,CV1_GY_Eta4_rep05_fold03.csv,CV1,GY,rep05,fold03,Eta4
CV1/GY/rep05/fold03/CV1_GY_Eta5_rep05_fold03.csv,CV1_GY_Eta5_rep05_fold03.csv,CV1,GY,rep05,fold03,Eta5
CV1/GY/rep05/fold03/CV1_GY_Eta6_rep05_fold03.csv,CV1_GY_Eta6_rep05_fold03.csv,CV1,GY,rep05,fold03,Eta6
CV1/GY/rep05/fold03/CV1_GY_Eta7_rep05_fold03.csv,CV1_GY_Eta7_rep05_fold03.csv,CV1,GY,rep05,fold03,Eta7
CV1/GY/rep05/fold03/CV1_GY_Eta8_rep05_fold03.csv,CV1_GY_Eta8_rep05_fold03.csv,CV1,GY,rep05,fold03,Eta8
CV1/GY/rep05/fold03/CV1_GY_Eta9_rep05_fold03.csv,CV1_GY_Eta9_rep05_fold03.csv,CV1,GY,rep05,fold03,Eta9
CV1/GY/rep05/fold04/CV1_GY_Eta1_rep05_fold04.csv,CV1_GY_Eta1_rep05_fold04.csv,CV1,GY,rep05,fold04,Eta1
CV1/GY/rep05/fold04/CV1_GY_Eta10_rep05_fold04.csv,CV1_GY_Eta10_rep05_fold04.csv,CV1,GY,rep05,fold04,Eta10
CV1/GY/rep05/fold04/CV1_GY_Eta11_rep05_fold04.csv,CV1_GY_Eta11_rep05_fold04.csv,CV1,GY,rep05,fold04,Eta11
CV1/GY/rep05/fold04/CV1_GY_Eta12_rep05_fold04.csv,CV1_GY_Eta12_rep05_fold04.csv,CV1,GY,rep05,fold04,Eta12
CV1/GY/rep05/fold04/CV1_GY_Eta13_rep05_fold04.csv,CV1_GY_Eta13_rep05_fold04.csv,CV1,GY,rep05,fold04,Eta13
CV1/GY/rep05/fold04/CV1_GY_Eta14_rep05_fold04.csv,CV1_GY_Eta14_rep05_fold04.csv,CV1,GY,rep05,fold04,Eta14
CV1/GY/rep05/fold04/CV1_GY_Eta15_rep05_fold04.csv,CV1_GY_Eta15_rep05_fold04.csv,CV1,GY,rep05,fold04,Eta15
CV1/GY/rep05/fold04/CV1_GY_Eta16_rep05_fold04.csv,CV1_GY_Eta16_rep05_fold04.csv,CV1,GY,rep05,fold04,Eta16
CV1/GY/rep05/fold04/CV1_GY_Eta17_rep05_fold04.csv,CV1_GY_Eta17_rep05_fold04.csv,CV1,GY,rep05,fold04,Eta17
CV1/GY/rep05/fold04/CV1_GY_Eta18_rep05_fold04.csv,CV1_GY_Eta18_rep05_fold04.csv,CV1,GY,rep05,fold04,Eta18
CV1/GY/rep05/fold04/CV1_GY_Eta2_rep05_fold04.csv,CV1_GY_Eta2_rep05_fold04.csv,CV1,GY,rep05,fold04,Eta2
CV1/GY/rep05/fold04/CV1_GY_Eta3_rep05_fold04.csv,CV1_GY_Eta3_rep05_fold04.csv,CV1,GY,rep05,fold04,Eta3
CV1/GY/rep05/fold04/CV1_GY_Eta4_rep05_fold04.csv,CV1_GY_Eta4_rep05_fold04.csv,CV1,GY,rep05,fold04,Eta4
CV1/GY/rep05/fold04/CV1_GY_Eta5_rep05_fold04.csv,CV1_GY_Eta5_rep05_fold04.csv,CV1,GY,rep05,fold04,Eta5
CV1/GY/rep05/fold04/CV1_GY_Eta6_rep05_fold04.csv,CV1_GY_Eta6_rep05_fold04.csv,CV1,GY,rep05,fold04,Eta6
CV1/GY/rep05/fold04/CV1_GY_Eta7_rep05_fold04.csv,CV1_GY_Eta7_rep05_fold04.csv,CV1,GY,rep05,fold04,Eta7
CV1/GY/rep05/fold04/CV1_GY_Eta8_rep05_fold04.csv,CV1_GY_Eta8_rep05_fold04.csv,CV1,GY,rep05,fold04,Eta8
CV1/GY/rep05/fold04/CV1_GY_Eta9_rep05_fold04.csv,CV1_GY_Eta9_rep05_fold04.csv,CV1,GY,rep05,fold04,Eta9
CV1/GY/rep05/fold05/CV1_GY_Eta1_rep05_fold05.csv,CV1_GY_Eta1_rep05_fold05.csv,CV1,GY,rep05,fold05,Eta1
CV1/GY/rep05/fold05/CV1_GY_Eta10_rep05_fold05.csv,CV1_GY_Eta10_rep05_fold05.csv,CV1,GY,rep05,fold05,Eta10
CV1/GY/rep05/fold05/CV1_GY_Eta11_rep05_fold05.csv,CV1_GY_Eta11_rep05_fold05.csv,CV1,GY,rep05,fold05,Eta11
CV1/GY/rep05/fold05/CV1_GY_Eta12_rep05_fold05.csv,CV1_GY_Eta12_rep05_fold05.csv,CV1,GY,rep05,fold05,Eta12
CV1/GY/rep05/fold05/CV1_GY_Eta13_rep05_fold05.csv,CV1_GY_Eta13_rep05_fold05.csv,CV1,GY,rep05,fold05,Eta13
CV1/GY/rep05/fold05/CV1_GY_Eta14_rep05_fold05.csv,CV1_GY_Eta14_rep05_fold05.csv,CV1,GY,rep05,fold05,Eta14
CV1/GY/rep05/fold05/CV1_GY_Eta15_rep05_fold05.csv,CV1_GY_Eta15_rep05_fold05.csv,CV1,GY,rep05,fold05,Eta15
CV1/GY/rep05/fold05/CV1_GY_Eta16_rep05_fold05.csv,CV1_GY_Eta16_rep05_fold05.csv,CV1,GY,rep05,fold05,Eta16
CV1/GY/rep05/fold05/CV1_GY_Eta17_rep05_fold05.csv,CV1_GY_Eta17_rep05_fold05.csv,CV1,GY,rep05,fold05,Eta17
CV1/GY/rep05/fold05/CV1_GY_Eta18_rep05_fold05.csv,CV1_GY_Eta18_rep05_fold05.csv,CV1,GY,rep05,fold05,Eta18
CV1/GY/rep05/fold05/CV1_GY_Eta2_rep05_fold05.csv,CV1_GY_Eta2_rep05_fold05.csv,CV1,GY,rep05,fold05,Eta2
CV1/GY/rep05/fold05/CV1_GY_Eta3_rep05_fold05.csv,CV1_GY_Eta3_rep05_fold05.csv,CV1,GY,rep05,fold05,Eta3
CV1/GY/rep05/fold05/CV1_GY_Eta4_rep05_fold05.csv,CV1_GY_Eta4_rep05_fold05.csv,CV1,GY,rep05,fold05,Eta4
CV1/GY/rep05/fold05/CV1_GY_Eta5_rep05_fold05.csv,CV1_GY_Eta5_rep05_fold05.csv,CV1,GY,rep05,fold05,Eta5
CV1/GY/rep05/fold05/CV1_GY_Eta6_rep05_fold05.csv,CV1_GY_Eta6_rep05_fold05.csv,CV1,GY,rep05,fold05,Eta6
CV1/GY/rep05/fold05/CV1_GY_Eta7_rep05_fold05.csv,CV1_GY_Eta7_rep05_fold05.csv,CV1,GY,rep05,fold05,Eta7
CV1/GY/rep05/fold05/CV1_GY_Eta8_rep05_fold05.csv,CV1_GY_Eta8_rep05_fold05.csv,CV1,GY,rep05,fold05,Eta8
CV1/GY/rep05/fold05/CV1_GY_Eta9_rep05_fold05.csv,CV1_GY_Eta9_rep05_fold05.csv,CV1,GY,rep05,fold05,Eta9
CV1/GY/rep06/fold01/CV1_GY_Eta1_rep06_fold01.csv,CV1_GY_Eta1_rep06_fold01.csv,CV1,GY,rep06,fold01,Eta1
CV1/GY/rep06/fold01/CV1_GY_Eta10_rep06_fold01.csv,CV1_GY_Eta10_rep06_fold01.csv,CV1,GY,rep06,fold01,Eta10
CV1/GY/rep06/fold01/CV1_GY_Eta11_rep06_fold01.csv,CV1_GY_Eta11_rep06_fold01.csv,CV1,GY,rep06,fold01,Eta11
CV1/GY/rep06/fold01/CV1_GY_Eta12_rep06_fold01.csv,CV1_GY_Eta12_rep06_fold01.csv,CV1,GY,rep06,fold01,Eta12
CV1/GY/rep06/fold01/CV1_GY_Eta13_rep06_fold01.csv,CV1_GY_Eta13_rep06_fold01.csv,CV1,GY,rep06,fold01,Eta13
CV1/GY/rep06/fold01/CV1_GY_Eta14_rep06_fold01.csv,CV1_GY_Eta14_rep06_fold01.csv,CV1,GY,rep06,fold01,Eta14
CV1/GY/rep06/fold01/CV1_GY_Eta15_rep06_fold01.csv,CV1_GY_Eta15_rep06_fold01.csv,CV1,GY,rep06,fold01,Eta15
CV1/GY/rep06/fold01/CV1_GY_Eta16_rep06_fold01.csv,CV1_GY_Eta16_rep06_fold01.csv,CV1,GY,rep06,fold01,Eta16
CV1/GY/rep06/fold01/CV1_GY_Eta17_rep06_fold01.csv,CV1_GY_Eta17_rep06_fold01.csv,CV1,GY,rep06,fold01,Eta17
CV1/GY/rep06/fold01/CV1_GY_Eta18_rep06_fold01.csv,CV1_GY_Eta18_rep06_fold01.csv,CV1,GY,rep06,fold01,Eta18
CV1/GY/rep06/fold01/CV1_GY_Eta2_rep06_fold01.csv,CV1_GY_Eta2_rep06_fold01.csv,CV1,GY,rep06,fold01,Eta2
CV1/GY/rep06/fold01/CV1_GY_Eta3_rep06_fold01.csv,CV1_GY_Eta3_rep06_fold01.csv,CV1,GY,rep06,fold01,Eta3
CV1/GY/rep06/fold01/CV1_GY_Eta4_rep06_fold01.csv,CV1_GY_Eta4_rep06_fold01.csv,CV1,GY,rep06,fold01,Eta4
CV1/GY/rep06/fold01/CV1_GY_Eta5_rep06_fold01.csv,CV1_GY_Eta5_rep06_fold01.csv,CV1,GY,rep06,fold01,Eta5
CV1/GY/rep06/fold01/CV1_GY_Eta6_rep06_fold01.csv,CV1_GY_Eta6_rep06_fold01.csv,CV1,GY,rep06,fold01,Eta6
CV1/GY/rep06/fold01/CV1_GY_Eta7_rep06_fold01.csv,CV1_GY_Eta7_rep06_fold01.csv,CV1,GY,rep06,fold01,Eta7
CV1/GY/rep06/fold01/CV1_GY_Eta8_rep06_fold01.csv,CV1_GY_Eta8_rep06_fold01.csv,CV1,GY,rep06,fold01,Eta8
CV1/GY/rep06/fold01/CV1_GY_Eta9_rep06_fold01.csv,CV1_GY_Eta9_rep06_fold01.csv,CV1,GY,rep06,fold01,Eta9
CV1/GY/rep06/fold02/CV1_GY_Eta1_rep06_fold02.csv,CV1_GY_Eta1_rep06_fold02.csv,CV1,GY,rep06,fold02,Eta1
CV1/GY/rep06/fold02/CV1_GY_Eta10_rep06_fold02.csv,CV1_GY_Eta10_rep06_fold02.csv,CV1,GY,rep06,fold02,Eta10
CV1/GY/rep06/fold02/CV1_GY_Eta11_rep06_fold02.csv,CV1_GY_Eta11_rep06_fold02.csv,CV1,GY,rep06,fold02,Eta11
CV1/GY/rep06/fold02/CV1_GY_Eta12_rep06_fold02.csv,CV1_GY_Eta12_rep06_fold02.csv,CV1,GY,rep06,fold02,Eta12
CV1/GY/rep06/fold02/CV1_GY_Eta13_rep06_fold02.csv,CV1_GY_Eta13_rep06_fold02.csv,CV1,GY,rep06,fold02,Eta13
CV1/GY/rep06/fold02/CV1_GY_Eta14_rep06_fold02.csv,CV1_GY_Eta14_rep06_fold02.csv,CV1,GY,rep06,fold02,Eta14
CV1/GY/rep06/fold02/CV1_GY_Eta15_rep06_fold02.csv,CV1_GY_Eta15_rep06_fold02.csv,CV1,GY,rep06,fold02,Eta15
CV1/GY/rep06/fold02/CV1_GY_Eta16_rep06_fold02.csv,CV1_GY_Eta16_rep06_fold02.csv,CV1,GY,rep06,fold02,Eta16
CV1/GY/rep06/fold02/CV1_GY_Eta17_rep06_fold02.csv,CV1_GY_Eta17_rep06_fold02.csv,CV1,GY,rep06,fold02,Eta17
CV1/GY/rep06/fold02/CV1_GY_Eta18_rep06_fold02.csv,CV1_GY_Eta18_rep06_fold02.csv,CV1,GY,rep06,fold02,Eta18
CV1/GY/rep06/fold02/CV1_GY_Eta2_rep06_fold02.csv,CV1_GY_Eta2_rep06_fold02.csv,CV1,GY,rep06,fold02,Eta2
CV1/GY/rep06/fold02/CV1_GY_Eta3_rep06_fold02.csv,CV1_GY_Eta3_rep06_fold02.csv,CV1,GY,rep06,fold02,Eta3
CV1/GY/rep06/fold02/CV1_GY_Eta4_rep06_fold02.csv,CV1_GY_Eta4_rep06_fold02.csv,CV1,GY,rep06,fold02,Eta4
CV1/GY/rep06/fold02/CV1_GY_Eta5_rep06_fold02.csv,CV1_GY_Eta5_rep06_fold02.csv,CV1,GY,rep06,fold02,Eta5
CV1/GY/rep06/fold02/CV1_GY_Eta6_rep06_fold02.csv,CV1_GY_Eta6_rep06_fold02.csv,CV1,GY,rep06,fold02,Eta6
CV1/GY/rep06/fold02/CV1_GY_Eta7_rep06_fold02.csv,CV1_GY_Eta7_rep06_fold02.csv,CV1,GY,rep06,fold02,Eta7
CV1/GY/rep06/fold02/CV1_GY_Eta8_rep06_fold02.csv,CV1_GY_Eta8_rep06_fold02.csv,CV1,GY,rep06,fold02,Eta8
CV1/GY/rep06/fold02/CV1_GY_Eta9_rep06_fold02.csv,CV1_GY_Eta9_rep06_fold02.csv,CV1,GY,rep06,fold02,Eta9
CV1/GY/rep06/fold03/CV1_GY_Eta1_rep06_fold03.csv,CV1_GY_Eta1_rep06_fold03.csv,CV1,GY,rep06,fold03,Eta1
CV1/GY/rep06/fold03/CV1_GY_Eta10_rep06_fold03.csv,CV1_GY_Eta10_rep06_fold03.csv,CV1,GY,rep06,fold03,Eta10
CV1/GY/rep06/fold03/CV1_GY_Eta11_rep06_fold03.csv,CV1_GY_Eta11_rep06_fold03.csv,CV1,GY,rep06,fold03,Eta11
CV1/GY/rep06/fold03/CV1_GY_Eta12_rep06_fold03.csv,CV1_GY_Eta12_rep06_fold03.csv,CV1,GY,rep06,fold03,Eta12
CV1/GY/rep06/fold03/CV1_GY_Eta13_rep06_fold03.csv,CV1_GY_Eta13_rep06_fold03.csv,CV1,GY,rep06,fold03,Eta13
CV1/GY/rep06/fold03/CV1_GY_Eta14_rep06_fold03.csv,CV1_GY_Eta14_rep06_fold03.csv,CV1,GY,rep06,fold03,Eta14
CV1/GY/rep06/fold03/CV1_GY_Eta15_rep06_fold03.csv,CV1_GY_Eta15_rep06_fold03.csv,CV1,GY,rep06,fold03,Eta15
CV1/GY/rep06/fold03/CV1_GY_Eta16_rep06_fold03.csv,CV1_GY_Eta16_rep06_fold03.csv,CV1,GY,rep06,fold03,Eta16
CV1/GY/rep06/fold03/CV1_GY_Eta17_rep06_fold03.csv,CV1_GY_Eta17_rep06_fold03.csv,CV1,GY,rep06,fold03,Eta17
CV1/GY/rep06/fold03/CV1_GY_Eta18_rep06_fold03.csv,CV1_GY_Eta18_rep06_fold03.csv,CV1,GY,rep06,fold03,Eta18
CV1/GY/rep06/fold03/CV1_GY_Eta2_rep06_fold03.csv,CV1_GY_Eta2_rep06_fold03.csv,CV1,GY,rep06,fold03,Eta2
CV1/GY/rep06/fold03/CV1_GY_Eta3_rep06_fold03.csv,CV1_GY_Eta3_rep06_fold03.csv,CV1,GY,rep06,fold03,Eta3
CV1/GY/rep06/fold03/CV1_GY_Eta4_rep06_fold03.csv,CV1_GY_Eta4_rep06_fold03.csv,CV1,GY,rep06,fold03,Eta4
CV1/GY/rep06/fold03/CV1_GY_Eta5_rep06_fold03.csv,CV1_GY_Eta5_rep06_fold03.csv,CV1,GY,rep06,fold03,Eta5
CV1/GY/rep06/fold03/CV1_GY_Eta6_rep06_fold03.csv,CV1_GY_Eta6_rep06_fold03.csv,CV1,GY,rep06,fold03,Eta6
CV1/GY/rep06/fold03/CV1_GY_Eta7_rep06_fold03.csv,CV1_GY_Eta7_rep06_fold03.csv,CV1,GY,rep06,fold03,Eta7
CV1/GY/rep06/fold03/CV1_GY_Eta8_rep06_fold03.csv,CV1_GY_Eta8_rep06_fold03.csv,CV1,GY,rep06,fold03,Eta8
CV1/GY/rep06/fold03/CV1_GY_Eta9_rep06_fold03.csv,CV1_GY_Eta9_rep06_fold03.csv,CV1,GY,rep06,fold03,Eta9
CV1/GY/rep06/fold04/CV1_GY_Eta1_rep06_fold04.csv,CV1_GY_Eta1_rep06_fold04.csv,CV1,GY,rep06,fold04,Eta1
CV1/GY/rep06/fold04/CV1_GY_Eta10_rep06_fold04.csv,CV1_GY_Eta10_rep06_fold04.csv,CV1,GY,rep06,fold04,Eta10
CV1/GY/rep06/fold04/CV1_GY_Eta11_rep06_fold04.csv,CV1_GY_Eta11_rep06_fold04.csv,CV1,GY,rep06,fold04,Eta11
CV1/GY/rep06/fold04/CV1_GY_Eta12_rep06_fold04.csv,CV1_GY_Eta12_rep06_fold04.csv,CV1,GY,rep06,fold04,Eta12
CV1/GY/rep06/fold04/CV1_GY_Eta13_rep06_fold04.csv,CV1_GY_Eta13_rep06_fold04.csv,CV1,GY,rep06,fold04,Eta13
CV1/GY/rep06/fold04/CV1_GY_Eta14_rep06_fold04.csv,CV1_GY_Eta14_rep06_fold04.csv,CV1,GY,rep06,fold04,Eta14
CV1/GY/rep06/fold04/CV1_GY_Eta15_rep06_fold04.csv,CV1_GY_Eta15_rep06_fold04.csv,CV1,GY,rep06,fold04,Eta15
CV1/GY/rep06/fold04/CV1_GY_Eta16_rep06_fold04.csv,CV1_GY_Eta16_rep06_fold04.csv,CV1,GY,rep06,fold04,Eta16
CV1/GY/rep06/fold04/CV1_GY_Eta17_rep06_fold04.csv,CV1_GY_Eta17_rep06_fold04.csv,CV1,GY,rep06,fold04,Eta17
CV1/GY/rep06/fold04/CV1_GY_Eta18_rep06_fold04.csv,CV1_GY_Eta18_rep06_fold04.csv,CV1,GY,rep06,fold04,Eta18
CV1/GY/rep06/fold04/CV1_GY_Eta2_rep06_fold04.csv,CV1_GY_Eta2_rep06_fold04.csv,CV1,GY,rep06,fold04,Eta2
CV1/GY/rep06/fold04/CV1_GY_Eta3_rep06_fold04.csv,CV1_GY_Eta3_rep06_fold04.csv,CV1,GY,rep06,fold04,Eta3
CV1/GY/rep06/fold04/CV1_GY_Eta4_rep06_fold04.csv,CV1_GY_Eta4_rep06_fold04.csv,CV1,GY,rep06,fold04,Eta4
CV1/GY/rep06/fold04/CV1_GY_Eta5_rep06_fold04.csv,CV1_GY_Eta5_rep06_fold04.csv,CV1,GY,rep06,fold04,Eta5
CV1/GY/rep06/fold04/CV1_GY_Eta6_rep06_fold04.csv,CV1_GY_Eta6_rep06_fold04.csv,CV1,GY,rep06,fold04,Eta6
CV1/GY/rep06/fold04/CV1_GY_Eta7_rep06_fold04.csv,CV1_GY_Eta7_rep06_fold04.csv,CV1,GY,rep06,fold04,Eta7
CV1/GY/rep06/fold04/CV1_GY_Eta8_rep06_fold04.csv,CV1_GY_Eta8_rep06_fold04.csv,CV1,GY,rep06,fold04,Eta8
CV1/GY/rep06/fold04/CV1_GY_Eta9_rep06_fold04.csv,CV1_GY_Eta9_rep06_fold04.csv,CV1,GY,rep06,fold04,Eta9
CV1/GY/rep06/fold05/CV1_GY_Eta1_rep06_fold05.csv,CV1_GY_Eta1_rep06_fold05.csv,CV1,GY,rep06,fold05,Eta1
CV1/GY/rep06/fold05/CV1_GY_Eta10_rep06_fold05.csv,CV1_GY_Eta10_rep06_fold05.csv,CV1,GY,rep06,fold05,Eta10
CV1/GY/rep06/fold05/CV1_GY_Eta11_rep06_fold05.csv,CV1_GY_Eta11_rep06_fold05.csv,CV1,GY,rep06,fold05,Eta11
CV1/GY/rep06/fold05/CV1_GY_Eta12_rep06_fold05.csv,CV1_GY_Eta12_rep06_fold05.csv,CV1,GY,rep06,fold05,Eta12
CV1/GY/rep06/fold05/CV1_GY_Eta13_rep06_fold05.csv,CV1_GY_Eta13_rep06_fold05.csv,CV1,GY,rep06,fold05,Eta13
CV1/GY/rep06/fold05/CV1_GY_Eta14_rep06_fold05.csv,CV1_GY_Eta14_rep06_fold05.csv,CV1,GY,rep06,fold05,Eta14
CV1/GY/rep06/fold05/CV1_GY_Eta15_rep06_fold05.csv,CV1_GY_Eta15_rep06_fold05.csv,CV1,GY,rep06,fold05,Eta15
CV1/GY/rep06/fold05/CV1_GY_Eta16_rep06_fold05.csv,CV1_GY_Eta16_rep06_fold05.csv,CV1,GY,rep06,fold05,Eta16
CV1/GY/rep06/fold05/CV1_GY_Eta17_rep06_fold05.csv,CV1_GY_Eta17_rep06_fold05.csv,CV1,GY,rep06,fold05,Eta17
CV1/GY/rep06/fold05/CV1_GY_Eta18_rep06_fold05.csv,CV1_GY_Eta18_rep06_fold05.csv,CV1,GY,rep06,fold05,Eta18
CV1/GY/rep06/fold05/CV1_GY_Eta2_rep06_fold05.csv,CV1_GY_Eta2_rep06_fold05.csv,CV1,GY,rep06,fold05,Eta2
CV1/GY/rep06/fold05/CV1_GY_Eta3_rep06_fold05.csv,CV1_GY_Eta3_rep06_fold05.csv,CV1,GY,rep06,fold05,Eta3
CV1/GY/rep06/fold05/CV1_GY_Eta4_rep06_fold05.csv,CV1_GY_Eta4_rep06_fold05.csv,CV1,GY,rep06,fold05,Eta4
CV1/GY/rep06/fold05/CV1_GY_Eta5_rep06_fold05.csv,CV1_GY_Eta5_rep06_fold05.csv,CV1,GY,rep06,fold05,Eta5
CV1/GY/rep06/fold05/CV1_GY_Eta6_rep06_fold05.csv,CV1_GY_Eta6_rep06_fold05.csv,CV1,GY,rep06,fold05,Eta6
CV1/GY/rep06/fold05/CV1_GY_Eta7_rep06_fold05.csv,CV1_GY_Eta7_rep06_fold05.csv,CV1,GY,rep06,fold05,Eta7
CV1/GY/rep06/fold05/CV1_GY_Eta8_rep06_fold05.csv,CV1_GY_Eta8_rep06_fold05.csv,CV1,GY,rep06,fold05,Eta8
CV1/GY/rep06/fold05/CV1_GY_Eta9_rep06_fold05.csv,CV1_GY_Eta9_rep06_fold05.csv,CV1,GY,rep06,fold05,Eta9
CV1/GY/rep07/fold01/CV1_GY_Eta1_rep07_fold01.csv,CV1_GY_Eta1_rep07_fold01.csv,CV1,GY,rep07,fold01,Eta1
CV1/GY/rep07/fold01/CV1_GY_Eta10_rep07_fold01.csv,CV1_GY_Eta10_rep07_fold01.csv,CV1,GY,rep07,fold01,Eta10
CV1/GY/rep07/fold01/CV1_GY_Eta11_rep07_fold01.csv,CV1_GY_Eta11_rep07_fold01.csv,CV1,GY,rep07,fold01,Eta11
CV1/GY/rep07/fold01/CV1_GY_Eta12_rep07_fold01.csv,CV1_GY_Eta12_rep07_fold01.csv,CV1,GY,rep07,fold01,Eta12
CV1/GY/rep07/fold01/CV1_GY_Eta13_rep07_fold01.csv,CV1_GY_Eta13_rep07_fold01.csv,CV1,GY,rep07,fold01,Eta13
CV1/GY/rep07/fold01/CV1_GY_Eta14_rep07_fold01.csv,CV1_GY_Eta14_rep07_fold01.csv,CV1,GY,rep07,fold01,Eta14
CV1/GY/rep07/fold01/CV1_GY_Eta15_rep07_fold01.csv,CV1_GY_Eta15_rep07_fold01.csv,CV1,GY,rep07,fold01,Eta15
CV1/GY/rep07/fold01/CV1_GY_Eta16_rep07_fold01.csv,CV1_GY_Eta16_rep07_fold01.csv,CV1,GY,rep07,fold01,Eta16
CV1/GY/rep07/fold01/CV1_GY_Eta17_rep07_fold01.csv,CV1_GY_Eta17_rep07_fold01.csv,CV1,GY,rep07,fold01,Eta17
CV1/GY/rep07/fold01/CV1_GY_Eta18_rep07_fold01.csv,CV1_GY_Eta18_rep07_fold01.csv,CV1,GY,rep07,fold01,Eta18
CV1/GY/rep07/fold01/CV1_GY_Eta2_rep07_fold01.csv,CV1_GY_Eta2_rep07_fold01.csv,CV1,GY,rep07,fold01,Eta2
CV1/GY/rep07/fold01/CV1_GY_Eta3_rep07_fold01.csv,CV1_GY_Eta3_rep07_fold01.csv,CV1,GY,rep07,fold01,Eta3
CV1/GY/rep07/fold01/CV1_GY_Eta4_rep07_fold01.csv,CV1_GY_Eta4_rep07_fold01.csv,CV1,GY,rep07,fold01,Eta4
CV1/GY/rep07/fold01/CV1_GY_Eta5_rep07_fold01.csv,CV1_GY_Eta5_rep07_fold01.csv,CV1,GY,rep07,fold01,Eta5
CV1/GY/rep07/fold01/CV1_GY_Eta6_rep07_fold01.csv,CV1_GY_Eta6_rep07_fold01.csv,CV1,GY,rep07,fold01,Eta6
CV1/GY/rep07/fold01/CV1_GY_Eta7_rep07_fold01.csv,CV1_GY_Eta7_rep07_fold01.csv,CV1,GY,rep07,fold01,Eta7
CV1/GY/rep07/fold01/CV1_GY_Eta8_rep07_fold01.csv,CV1_GY_Eta8_rep07_fold01.csv,CV1,GY,rep07,fold01,Eta8
CV1/GY/rep07/fold01/CV1_GY_Eta9_rep07_fold01.csv,CV1_GY_Eta9_rep07_fold01.csv,CV1,GY,rep07,fold01,Eta9
CV1/GY/rep07/fold02/CV1_GY_Eta1_rep07_fold02.csv,CV1_GY_Eta1_rep07_fold02.csv,CV1,GY,rep07,fold02,Eta1
CV1/GY/rep07/fold02/CV1_GY_Eta10_rep07_fold02.csv,CV1_GY_Eta10_rep07_fold02.csv,CV1,GY,rep07,fold02,Eta10
CV1/GY/rep07/fold02/CV1_GY_Eta11_rep07_fold02.csv,CV1_GY_Eta11_rep07_fold02.csv,CV1,GY,rep07,fold02,Eta11
CV1/GY/rep07/fold02/CV1_GY_Eta12_rep07_fold02.csv,CV1_GY_Eta12_rep07_fold02.csv,CV1,GY,rep07,fold02,Eta12
CV1/GY/rep07/fold02/CV1_GY_Eta13_rep07_fold02.csv,CV1_GY_Eta13_rep07_fold02.csv,CV1,GY,rep07,fold02,Eta13
CV1/GY/rep07/fold02/CV1_GY_Eta14_rep07_fold02.csv,CV1_GY_Eta14_rep07_fold02.csv,CV1,GY,rep07,fold02,Eta14
CV1/GY/rep07/fold02/CV1_GY_Eta15_rep07_fold02.csv,CV1_GY_Eta15_rep07_fold02.csv,CV1,GY,rep07,fold02,Eta15
CV1/GY/rep07/fold02/CV1_GY_Eta16_rep07_fold02.csv,CV1_GY_Eta16_rep07_fold02.csv,CV1,GY,rep07,fold02,Eta16
CV1/GY/rep07/fold02/CV1_GY_Eta17_rep07_fold02.csv,CV1_GY_Eta17_rep07_fold02.csv,CV1,GY,rep07,fold02,Eta17
CV1/GY/rep07/fold02/CV1_GY_Eta18_rep07_fold02.csv,CV1_GY_Eta18_rep07_fold02.csv,CV1,GY,rep07,fold02,Eta18
CV1/GY/rep07/fold02/CV1_GY_Eta2_rep07_fold02.csv,CV1_GY_Eta2_rep07_fold02.csv,CV1,GY,rep07,fold02,Eta2
CV1/GY/rep07/fold02/CV1_GY_Eta3_rep07_fold02.csv,CV1_GY_Eta3_rep07_fold02.csv,CV1,GY,rep07,fold02,Eta3
CV1/GY/rep07/fold02/CV1_GY_Eta4_rep07_fold02.csv,CV1_GY_Eta4_rep07_fold02.csv,CV1,GY,rep07,fold02,Eta4
CV1/GY/rep07/fold02/CV1_GY_Eta5_rep07_fold02.csv,CV1_GY_Eta5_rep07_fold02.csv,CV1,GY,rep07,fold02,Eta5
CV1/GY/rep07/fold02/CV1_GY_Eta6_rep07_fold02.csv,CV1_GY_Eta6_rep07_fold02.csv,CV1,GY,rep07,fold02,Eta6
CV1/GY/rep07/fold02/CV1_GY_Eta7_rep07_fold02.csv,CV1_GY_Eta7_rep07_fold02.csv,CV1,GY,rep07,fold02,Eta7
CV1/GY/rep07/fold02/CV1_GY_Eta8_rep07_fold02.csv,CV1_GY_Eta8_rep07_fold02.csv,CV1,GY,rep07,fold02,Eta8
CV1/GY/rep07/fold02/CV1_GY_Eta9_rep07_fold02.csv,CV1_GY_Eta9_rep07_fold02.csv,CV1,GY,rep07,fold02,Eta9
CV1/GY/rep07/fold03/CV1_GY_Eta1_rep07_fold03.csv,CV1_GY_Eta1_rep07_fold03.csv,CV1,GY,rep07,fold03,Eta1
CV1/GY/rep07/fold03/CV1_GY_Eta10_rep07_fold03.csv,CV1_GY_Eta10_rep07_fold03.csv,CV1,GY,rep07,fold03,Eta10
CV1/GY/rep07/fold03/CV1_GY_Eta11_rep07_fold03.csv,CV1_GY_Eta11_rep07_fold03.csv,CV1,GY,rep07,fold03,Eta11
CV1/GY/rep07/fold03/CV1_GY_Eta12_rep07_fold03.csv,CV1_GY_Eta12_rep07_fold03.csv,CV1,GY,rep07,fold03,Eta12
CV1/GY/rep07/fold03/CV1_GY_Eta13_rep07_fold03.csv,CV1_GY_Eta13_rep07_fold03.csv,CV1,GY,rep07,fold03,Eta13
CV1/GY/rep07/fold03/CV1_GY_Eta14_rep07_fold03.csv,CV1_GY_Eta14_rep07_fold03.csv,CV1,GY,rep07,fold03,Eta14
CV1/GY/rep07/fold03/CV1_GY_Eta15_rep07_fold03.csv,CV1_GY_Eta15_rep07_fold03.csv,CV1,GY,rep07,fold03,Eta15
CV1/GY/rep07/fold03/CV1_GY_Eta16_rep07_fold03.csv,CV1_GY_Eta16_rep07_fold03.csv,CV1,GY,rep07,fold03,Eta16
CV1/GY/rep07/fold03/CV1_GY_Eta17_rep07_fold03.csv,CV1_GY_Eta17_rep07_fold03.csv,CV1,GY,rep07,fold03,Eta17
CV1/GY/rep07/fold03/CV1_GY_Eta18_rep07_fold03.csv,CV1_GY_Eta18_rep07_fold03.csv,CV1,GY,rep07,fold03,Eta18
CV1/GY/rep07/fold03/CV1_GY_Eta2_rep07_fold03.csv,CV1_GY_Eta2_rep07_fold03.csv,CV1,GY,rep07,fold03,Eta2
CV1/GY/rep07/fold03/CV1_GY_Eta3_rep07_fold03.csv,CV1_GY_Eta3_rep07_fold03.csv,CV1,GY,rep07,fold03,Eta3
CV1/GY/rep07/fold03/CV1_GY_Eta4_rep07_fold03.csv,CV1_GY_Eta4_rep07_fold03.csv,CV1,GY,rep07,fold03,Eta4
CV1/GY/rep07/fold03/CV1_GY_Eta5_rep07_fold03.csv,CV1_GY_Eta5_rep07_fold03.csv,CV1,GY,rep07,fold03,Eta5
CV1/GY/rep07/fold03/CV1_GY_Eta6_rep07_fold03.csv,CV1_GY_Eta6_rep07_fold03.csv,CV1,GY,rep07,fold03,Eta6
CV1/GY/rep07/fold03/CV1_GY_Eta7_rep07_fold03.csv,CV1_GY_Eta7_rep07_fold03.csv,CV1,GY,rep07,fold03,Eta7
CV1/GY/rep07/fold03/CV1_GY_Eta8_rep07_fold03.csv,CV1_GY_Eta8_rep07_fold03.csv,CV1,GY,rep07,fold03,Eta8
CV1/GY/rep07/fold03/CV1_GY_Eta9_rep07_fold03.csv,CV1_GY_Eta9_rep07_fold03.csv,CV1,GY,rep07,fold03,Eta9
CV1/GY/rep07/fold04/CV1_GY_Eta1_rep07_fold04.csv,CV1_GY_Eta1_rep07_fold04.csv,CV1,GY,rep07,fold04,Eta1
CV1/GY/rep07/fold04/CV1_GY_Eta10_rep07_fold04.csv,CV1_GY_Eta10_rep07_fold04.csv,CV1,GY,rep07,fold04,Eta10
CV1/GY/rep07/fold04/CV1_GY_Eta11_rep07_fold04.csv,CV1_GY_Eta11_rep07_fold04.csv,CV1,GY,rep07,fold04,Eta11
CV1/GY/rep07/fold04/CV1_GY_Eta12_rep07_fold04.csv,CV1_GY_Eta12_rep07_fold04.csv,CV1,GY,rep07,fold04,Eta12
CV1/GY/rep07/fold04/CV1_GY_Eta13_rep07_fold04.csv,CV1_GY_Eta13_rep07_fold04.csv,CV1,GY,rep07,fold04,Eta13
CV1/GY/rep07/fold04/CV1_GY_Eta14_rep07_fold04.csv,CV1_GY_Eta14_rep07_fold04.csv,CV1,GY,rep07,fold04,Eta14
CV1/GY/rep07/fold04/CV1_GY_Eta15_rep07_fold04.csv,CV1_GY_Eta15_rep07_fold04.csv,CV1,GY,rep07,fold04,Eta15
CV1/GY/rep07/fold04/CV1_GY_Eta16_rep07_fold04.csv,CV1_GY_Eta16_rep07_fold04.csv,CV1,GY,rep07,fold04,Eta16
CV1/GY/rep07/fold04/CV1_GY_Eta17_rep07_fold04.csv,CV1_GY_Eta17_rep07_fold04.csv,CV1,GY,rep07,fold04,Eta17
CV1/GY/rep07/fold04/CV1_GY_Eta18_rep07_fold04.csv,CV1_GY_Eta18_rep07_fold04.csv,CV1,GY,rep07,fold04,Eta18
CV1/GY/rep07/fold04/CV1_GY_Eta2_rep07_fold04.csv,CV1_GY_Eta2_rep07_fold04.csv,CV1,GY,rep07,fold04,Eta2
CV1/GY/rep07/fold04/CV1_GY_Eta3_rep07_fold04.csv,CV1_GY_Eta3_rep07_fold04.csv,CV1,GY,rep07,fold04,Eta3
CV1/GY/rep07/fold04/CV1_GY_Eta4_rep07_fold04.csv,CV1_GY_Eta4_rep07_fold04.csv,CV1,GY,rep07,fold04,Eta4
CV1/GY/rep07/fold04/CV1_GY_Eta5_rep07_fold04.csv,CV1_GY_Eta5_rep07_fold04.csv,CV1,GY,rep07,fold04,Eta5
CV1/GY/rep07/fold04/CV1_GY_Eta6_rep07_fold04.csv,CV1_GY_Eta6_rep07_fold04.csv,CV1,GY,rep07,fold04,Eta6
CV1/GY/rep07/fold04/CV1_GY_Eta7_rep07_fold04.csv,CV1_GY_Eta7_rep07_fold04.csv,CV1,GY,rep07,fold04,Eta7
CV1/GY/rep07/fold04/CV1_GY_Eta8_rep07_fold04.csv,CV1_GY_Eta8_rep07_fold04.csv,CV1,GY,rep07,fold04,Eta8
CV1/GY/rep07/fold04/CV1_GY_Eta9_rep07_fold04.csv,CV1_GY_Eta9_rep07_fold04.csv,CV1,GY,rep07,fold04,Eta9
CV1/GY/rep07/fold05/CV1_GY_Eta1_rep07_fold05.csv,CV1_GY_Eta1_rep07_fold05.csv,CV1,GY,rep07,fold05,Eta1
CV1/GY/rep07/fold05/CV1_GY_Eta10_rep07_fold05.csv,CV1_GY_Eta10_rep07_fold05.csv,CV1,GY,rep07,fold05,Eta10
CV1/GY/rep07/fold05/CV1_GY_Eta11_rep07_fold05.csv,CV1_GY_Eta11_rep07_fold05.csv,CV1,GY,rep07,fold05,Eta11
CV1/GY/rep07/fold05/CV1_GY_Eta12_rep07_fold05.csv,CV1_GY_Eta12_rep07_fold05.csv,CV1,GY,rep07,fold05,Eta12
CV1/GY/rep07/fold05/CV1_GY_Eta13_rep07_fold05.csv,CV1_GY_Eta13_rep07_fold05.csv,CV1,GY,rep07,fold05,Eta13
CV1/GY/rep07/fold05/CV1_GY_Eta14_rep07_fold05.csv,CV1_GY_Eta14_rep07_fold05.csv,CV1,GY,rep07,fold05,Eta14
CV1/GY/rep07/fold05/CV1_GY_Eta15_rep07_fold05.csv,CV1_GY_Eta15_rep07_fold05.csv,CV1,GY,rep07,fold05,Eta15
CV1/GY/rep07/fold05/CV1_GY_Eta16_rep07_fold05.csv,CV1_GY_Eta16_rep07_fold05.csv,CV1,GY,rep07,fold05,Eta16
CV1/GY/rep07/fold05/CV1_GY_Eta17_rep07_fold05.csv,CV1_GY_Eta17_rep07_fold05.csv,CV1,GY,rep07,fold05,Eta17
CV1/GY/rep07/fold05/CV1_GY_Eta18_rep07_fold05.csv,CV1_GY_Eta18_rep07_fold05.csv,CV1,GY,rep07,fold05,Eta18
CV1/GY/rep07/fold05/CV1_GY_Eta2_rep07_fold05.csv,CV1_GY_Eta2_rep07_fold05.csv,CV1,GY,rep07,fold05,Eta2
CV1/GY/rep07/fold05/CV1_GY_Eta3_rep07_fold05.csv,CV1_GY_Eta3_rep07_fold05.csv,CV1,GY,rep07,fold05,Eta3
CV1/GY/rep07/fold05/CV1_GY_Eta4_rep07_fold05.csv,CV1_GY_Eta4_rep07_fold05.csv,CV1,GY,rep07,fold05,Eta4
CV1/GY/rep07/fold05/CV1_GY_Eta5_rep07_fold05.csv,CV1_GY_Eta5_rep07_fold05.csv,CV1,GY,rep07,fold05,Eta5
CV1/GY/rep07/fold05/CV1_GY_Eta6_rep07_fold05.csv,CV1_GY_Eta6_rep07_fold05.csv,CV1,GY,rep07,fold05,Eta6
CV1/GY/rep07/fold05/CV1_GY_Eta7_rep07_fold05.csv,CV1_GY_Eta7_rep07_fold05.csv,CV1,GY,rep07,fold05,Eta7
CV1/GY/rep07/fold05/CV1_GY_Eta8_rep07_fold05.csv,CV1_GY_Eta8_rep07_fold05.csv,CV1,GY,rep07,fold05,Eta8
CV1/GY/rep07/fold05/CV1_GY_Eta9_rep07_fold05.csv,CV1_GY_Eta9_rep07_fold05.csv,CV1,GY,rep07,fold05,Eta9
CV1/GY/rep08/fold01/CV1_GY_Eta1_rep08_fold01.csv,CV1_GY_Eta1_rep08_fold01.csv,CV1,GY,rep08,fold01,Eta1
CV1/GY/rep08/fold01/CV1_GY_Eta10_rep08_fold01.csv,CV1_GY_Eta10_rep08_fold01.csv,CV1,GY,rep08,fold01,Eta10
CV1/GY/rep08/fold01/CV1_GY_Eta11_rep08_fold01.csv,CV1_GY_Eta11_rep08_fold01.csv,CV1,GY,rep08,fold01,Eta11
CV1/GY/rep08/fold01/CV1_GY_Eta12_rep08_fold01.csv,CV1_GY_Eta12_rep08_fold01.csv,CV1,GY,rep08,fold01,Eta12
CV1/GY/rep08/fold01/CV1_GY_Eta13_rep08_fold01.csv,CV1_GY_Eta13_rep08_fold01.csv,CV1,GY,rep08,fold01,Eta13
CV1/GY/rep08/fold01/CV1_GY_Eta14_rep08_fold01.csv,CV1_GY_Eta14_rep08_fold01.csv,CV1,GY,rep08,fold01,Eta14
CV1/GY/rep08/fold01/CV1_GY_Eta15_rep08_fold01.csv,CV1_GY_Eta15_rep08_fold01.csv,CV1,GY,rep08,fold01,Eta15
CV1/GY/rep08/fold01/CV1_GY_Eta16_rep08_fold01.csv,CV1_GY_Eta16_rep08_fold01.csv,CV1,GY,rep08,fold01,Eta16
CV1/GY/rep08/fold01/CV1_GY_Eta17_rep08_fold01.csv,CV1_GY_Eta17_rep08_fold01.csv,CV1,GY,rep08,fold01,Eta17
CV1/GY/rep08/fold01/CV1_GY_Eta18_rep08_fold01.csv,CV1_GY_Eta18_rep08_fold01.csv,CV1,GY,rep08,fold01,Eta18
CV1/GY/rep08/fold01/CV1_GY_Eta2_rep08_fold01.csv,CV1_GY_Eta2_rep08_fold01.csv,CV1,GY,rep08,fold01,Eta2
CV1/GY/rep08/fold01/CV1_GY_Eta3_rep08_fold01.csv,CV1_GY_Eta3_rep08_fold01.csv,CV1,GY,rep08,fold01,Eta3
CV1/GY/rep08/fold01/CV1_GY_Eta4_rep08_fold01.csv,CV1_GY_Eta4_rep08_fold01.csv,CV1,GY,rep08,fold01,Eta4
CV1/GY/rep08/fold01/CV1_GY_Eta5_rep08_fold01.csv,CV1_GY_Eta5_rep08_fold01.csv,CV1,GY,rep08,fold01,Eta5
CV1/GY/rep08/fold01/CV1_GY_Eta6_rep08_fold01.csv,CV1_GY_Eta6_rep08_fold01.csv,CV1,GY,rep08,fold01,Eta6
CV1/GY/rep08/fold01/CV1_GY_Eta7_rep08_fold01.csv,CV1_GY_Eta7_rep08_fold01.csv,CV1,GY,rep08,fold01,Eta7
CV1/GY/rep08/fold01/CV1_GY_Eta8_rep08_fold01.csv,CV1_GY_Eta8_rep08_fold01.csv,CV1,GY,rep08,fold01,Eta8
CV1/GY/rep08/fold01/CV1_GY_Eta9_rep08_fold01.csv,CV1_GY_Eta9_rep08_fold01.csv,CV1,GY,rep08,fold01,Eta9
CV1/GY/rep08/fold02/CV1_GY_Eta1_rep08_fold02.csv,CV1_GY_Eta1_rep08_fold02.csv,CV1,GY,rep08,fold02,Eta1
CV1/GY/rep08/fold02/CV1_GY_Eta10_rep08_fold02.csv,CV1_GY_Eta10_rep08_fold02.csv,CV1,GY,rep08,fold02,Eta10
CV1/GY/rep08/fold02/CV1_GY_Eta11_rep08_fold02.csv,CV1_GY_Eta11_rep08_fold02.csv,CV1,GY,rep08,fold02,Eta11
CV1/GY/rep08/fold02/CV1_GY_Eta12_rep08_fold02.csv,CV1_GY_Eta12_rep08_fold02.csv,CV1,GY,rep08,fold02,Eta12
CV1/GY/rep08/fold02/CV1_GY_Eta13_rep08_fold02.csv,CV1_GY_Eta13_rep08_fold02.csv,CV1,GY,rep08,fold02,Eta13
CV1/GY/rep08/fold02/CV1_GY_Eta14_rep08_fold02.csv,CV1_GY_Eta14_rep08_fold02.csv,CV1,GY,rep08,fold02,Eta14
CV1/GY/rep08/fold02/CV1_GY_Eta15_rep08_fold02.csv,CV1_GY_Eta15_rep08_fold02.csv,CV1,GY,rep08,fold02,Eta15
CV1/GY/rep08/fold02/CV1_GY_Eta16_rep08_fold02.csv,CV1_GY_Eta16_rep08_fold02.csv,CV1,GY,rep08,fold02,Eta16
CV1/GY/rep08/fold02/CV1_GY_Eta17_rep08_fold02.csv,CV1_GY_Eta17_rep08_fold02.csv,CV1,GY,rep08,fold02,Eta17
CV1/GY/rep08/fold02/CV1_GY_Eta18_rep08_fold02.csv,CV1_GY_Eta18_rep08_fold02.csv,CV1,GY,rep08,fold02,Eta18
CV1/GY/rep08/fold02/CV1_GY_Eta2_rep08_fold02.csv,CV1_GY_Eta2_rep08_fold02.csv,CV1,GY,rep08,fold02,Eta2
CV1/GY/rep08/fold02/CV1_GY_Eta3_rep08_fold02.csv,CV1_GY_Eta3_rep08_fold02.csv,CV1,GY,rep08,fold02,Eta3
CV1/GY/rep08/fold02/CV1_GY_Eta4_rep08_fold02.csv,CV1_GY_Eta4_rep08_fold02.csv,CV1,GY,rep08,fold02,Eta4
CV1/GY/rep08/fold02/CV1_GY_Eta5_rep08_fold02.csv,CV1_GY_Eta5_rep08_fold02.csv,CV1,GY,rep08,fold02,Eta5
CV1/GY/rep08/fold02/CV1_GY_Eta6_rep08_fold02.csv,CV1_GY_Eta6_rep08_fold02.csv,CV1,GY,rep08,fold02,Eta6
CV1/GY/rep08/fold02/CV1_GY_Eta7_rep08_fold02.csv,CV1_GY_Eta7_rep08_fold02.csv,CV1,GY,rep08,fold02,Eta7
CV1/GY/rep08/fold02/CV1_GY_Eta8_rep08_fold02.csv,CV1_GY_Eta8_rep08_fold02.csv,CV1,GY,rep08,fold02,Eta8
CV1/GY/rep08/fold02/CV1_GY_Eta9_rep08_fold02.csv,CV1_GY_Eta9_rep08_fold02.csv,CV1,GY,rep08,fold02,Eta9
CV1/GY/rep08/fold03/CV1_GY_Eta1_rep08_fold03.csv,CV1_GY_Eta1_rep08_fold03.csv,CV1,GY,rep08,fold03,Eta1
CV1/GY/rep08/fold03/CV1_GY_Eta10_rep08_fold03.csv,CV1_GY_Eta10_rep08_fold03.csv,CV1,GY,rep08,fold03,Eta10
CV1/GY/rep08/fold03/CV1_GY_Eta11_rep08_fold03.csv,CV1_GY_Eta11_rep08_fold03.csv,CV1,GY,rep08,fold03,Eta11
CV1/GY/rep08/fold03/CV1_GY_Eta12_rep08_fold03.csv,CV1_GY_Eta12_rep08_fold03.csv,CV1,GY,rep08,fold03,Eta12
CV1/GY/rep08/fold03/CV1_GY_Eta13_rep08_fold03.csv,CV1_GY_Eta13_rep08_fold03.csv,CV1,GY,rep08,fold03,Eta13
CV1/GY/rep08/fold03/CV1_GY_Eta14_rep08_fold03.csv,CV1_GY_Eta14_rep08_fold03.csv,CV1,GY,rep08,fold03,Eta14
CV1/GY/rep08/fold03/CV1_GY_Eta15_rep08_fold03.csv,CV1_GY_Eta15_rep08_fold03.csv,CV1,GY,rep08,fold03,Eta15
CV1/GY/rep08/fold03/CV1_GY_Eta16_rep08_fold03.csv,CV1_GY_Eta16_rep08_fold03.csv,CV1,GY,rep08,fold03,Eta16
CV1/GY/rep08/fold03/CV1_GY_Eta17_rep08_fold03.csv,CV1_GY_Eta17_rep08_fold03.csv,CV1,GY,rep08,fold03,Eta17
CV1/GY/rep08/fold03/CV1_GY_Eta18_rep08_fold03.csv,CV1_GY_Eta18_rep08_fold03.csv,CV1,GY,rep08,fold03,Eta18
CV1/GY/rep08/fold03/CV1_GY_Eta2_rep08_fold03.csv,CV1_GY_Eta2_rep08_fold03.csv,CV1,GY,rep08,fold03,Eta2
CV1/GY/rep08/fold03/CV1_GY_Eta3_rep08_fold03.csv,CV1_GY_Eta3_rep08_fold03.csv,CV1,GY,rep08,fold03,Eta3
CV1/GY/rep08/fold03/CV1_GY_Eta4_rep08_fold03.csv,CV1_GY_Eta4_rep08_fold03.csv,CV1,GY,rep08,fold03,Eta4
CV1/GY/rep08/fold03/CV1_GY_Eta5_rep08_fold03.csv,CV1_GY_Eta5_rep08_fold03.csv,CV1,GY,rep08,fold03,Eta5
CV1/GY/rep08/fold03/CV1_GY_Eta6_rep08_fold03.csv,CV1_GY_Eta6_rep08_fold03.csv,CV1,GY,rep08,fold03,Eta6
CV1/GY/rep08/fold03/CV1_GY_Eta7_rep08_fold03.csv,CV1_GY_Eta7_rep08_fold03.csv,CV1,GY,rep08,fold03,Eta7
CV1/GY/rep08/fold03/CV1_GY_Eta8_rep08_fold03.csv,CV1_GY_Eta8_rep08_fold03.csv,CV1,GY,rep08,fold03,Eta8
CV1/GY/rep08/fold03/CV1_GY_Eta9_rep08_fold03.csv,CV1_GY_Eta9_rep08_fold03.csv,CV1,GY,rep08,fold03,Eta9
CV1/GY/rep08/fold04/CV1_GY_Eta1_rep08_fold04.csv,CV1_GY_Eta1_rep08_fold04.csv,CV1,GY,rep08,fold04,Eta1
CV1/GY/rep08/fold04/CV1_GY_Eta10_rep08_fold04.csv,CV1_GY_Eta10_rep08_fold04.csv,CV1,GY,rep08,fold04,Eta10
CV1/GY/rep08/fold04/CV1_GY_Eta11_rep08_fold04.csv,CV1_GY_Eta11_rep08_fold04.csv,CV1,GY,rep08,fold04,Eta11
CV1/GY/rep08/fold04/CV1_GY_Eta12_rep08_fold04.csv,CV1_GY_Eta12_rep08_fold04.csv,CV1,GY,rep08,fold04,Eta12
CV1/GY/rep08/fold04/CV1_GY_Eta13_rep08_fold04.csv,CV1_GY_Eta13_rep08_fold04.csv,CV1,GY,rep08,fold04,Eta13
CV1/GY/rep08/fold04/CV1_GY_Eta14_rep08_fold04.csv,CV1_GY_Eta14_rep08_fold04.csv,CV1,GY,rep08,fold04,Eta14
CV1/GY/rep08/fold04/CV1_GY_Eta15_rep08_fold04.csv,CV1_GY_Eta15_rep08_fold04.csv,CV1,GY,rep08,fold04,Eta15
CV1/GY/rep08/fold04/CV1_GY_Eta16_rep08_fold04.csv,CV1_GY_Eta16_rep08_fold04.csv,CV1,GY,rep08,fold04,Eta16
CV1/GY/rep08/fold04/CV1_GY_Eta17_rep08_fold04.csv,CV1_GY_Eta17_rep08_fold04.csv,CV1,GY,rep08,fold04,Eta17
CV1/GY/rep08/fold04/CV1_GY_Eta18_rep08_fold04.csv,CV1_GY_Eta18_rep08_fold04.csv,CV1,GY,rep08,fold04,Eta18
CV1/GY/rep08/fold04/CV1_GY_Eta2_rep08_fold04.csv,CV1_GY_Eta2_rep08_fold04.csv,CV1,GY,rep08,fold04,Eta2
CV1/GY/rep08/fold04/CV1_GY_Eta3_rep08_fold04.csv,CV1_GY_Eta3_rep08_fold04.csv,CV1,GY,rep08,fold04,Eta3
CV1/GY/rep08/fold04/CV1_GY_Eta4_rep08_fold04.csv,CV1_GY_Eta4_rep08_fold04.csv,CV1,GY,rep08,fold04,Eta4
CV1/GY/rep08/fold04/CV1_GY_Eta5_rep08_fold04.csv,CV1_GY_Eta5_rep08_fold04.csv,CV1,GY,rep08,fold04,Eta5
CV1/GY/rep08/fold04/CV1_GY_Eta6_rep08_fold04.csv,CV1_GY_Eta6_rep08_fold04.csv,CV1,GY,rep08,fold04,Eta6
CV1/GY/rep08/fold04/CV1_GY_Eta7_rep08_fold04.csv,CV1_GY_Eta7_rep08_fold04.csv,CV1,GY,rep08,fold04,Eta7
CV1/GY/rep08/fold04/CV1_GY_Eta8_rep08_fold04.csv,CV1_GY_Eta8_rep08_fold04.csv,CV1,GY,rep08,fold04,Eta8
CV1/GY/rep08/fold04/CV1_GY_Eta9_rep08_fold04.csv,CV1_GY_Eta9_rep08_fold04.csv,CV1,GY,rep08,fold04,Eta9
CV1/GY/rep08/fold05/CV1_GY_Eta1_rep08_fold05.csv,CV1_GY_Eta1_rep08_fold05.csv,CV1,GY,rep08,fold05,Eta1
CV1/GY/rep08/fold05/CV1_GY_Eta10_rep08_fold05.csv,CV1_GY_Eta10_rep08_fold05.csv,CV1,GY,rep08,fold05,Eta10
CV1/GY/rep08/fold05/CV1_GY_Eta11_rep08_fold05.csv,CV1_GY_Eta11_rep08_fold05.csv,CV1,GY,rep08,fold05,Eta11
CV1/GY/rep08/fold05/CV1_GY_Eta12_rep08_fold05.csv,CV1_GY_Eta12_rep08_fold05.csv,CV1,GY,rep08,fold05,Eta12
CV1/GY/rep08/fold05/CV1_GY_Eta13_rep08_fold05.csv,CV1_GY_Eta13_rep08_fold05.csv,CV1,GY,rep08,fold05,Eta13
CV1/GY/rep08/fold05/CV1_GY_Eta14_rep08_fold05.csv,CV1_GY_Eta14_rep08_fold05.csv,CV1,GY,rep08,fold05,Eta14
CV1/GY/rep08/fold05/CV1_GY_Eta15_rep08_fold05.csv,CV1_GY_Eta15_rep08_fold05.csv,CV1,GY,rep08,fold05,Eta15
CV1/GY/rep08/fold05/CV1_GY_Eta16_rep08_fold05.csv,CV1_GY_Eta16_rep08_fold05.csv,CV1,GY,rep08,fold05,Eta16
CV1/GY/rep08/fold05/CV1_GY_Eta17_rep08_fold05.csv,CV1_GY_Eta17_rep08_fold05.csv,CV1,GY,rep08,fold05,Eta17
CV1/GY/rep08/fold05/CV1_GY_Eta18_rep08_fold05.csv,CV1_GY_Eta18_rep08_fold05.csv,CV1,GY,rep08,fold05,Eta18
CV1/GY/rep08/fold05/CV1_GY_Eta2_rep08_fold05.csv,CV1_GY_Eta2_rep08_fold05.csv,CV1,GY,rep08,fold05,Eta2
CV1/GY/rep08/fold05/CV1_GY_Eta3_rep08_fold05.csv,CV1_GY_Eta3_rep08_fold05.csv,CV1,GY,rep08,fold05,Eta3
CV1/GY/rep08/fold05/CV1_GY_Eta4_rep08_fold05.csv,CV1_GY_Eta4_rep08_fold05.csv,CV1,GY,rep08,fold05,Eta4
CV1/GY/rep08/fold05/CV1_GY_Eta5_rep08_fold05.csv,CV1_GY_Eta5_rep08_fold05.csv,CV1,GY,rep08,fold05,Eta5
CV1/GY/rep08/fold05/CV1_GY_Eta6_rep08_fold05.csv,CV1_GY_Eta6_rep08_fold05.csv,CV1,GY,rep08,fold05,Eta6
CV1/GY/rep08/fold05/CV1_GY_Eta7_rep08_fold05.csv,CV1_GY_Eta7_rep08_fold05.csv,CV1,GY,rep08,fold05,Eta7
CV1/GY/rep08/fold05/CV1_GY_Eta8_rep08_fold05.csv,CV1_GY_Eta8_rep08_fold05.csv,CV1,GY,rep08,fold05,Eta8
CV1/GY/rep08/fold05/CV1_GY_Eta9_rep08_fold05.csv,CV1_GY_Eta9_rep08_fold05.csv,CV1,GY,rep08,fold05,Eta9
CV1/GY/rep09/fold01/CV1_GY_Eta1_rep09_fold01.csv,CV1_GY_Eta1_rep09_fold01.csv,CV1,GY,rep09,fold01,Eta1
CV1/GY/rep09/fold01/CV1_GY_Eta10_rep09_fold01.csv,CV1_GY_Eta10_rep09_fold01.csv,CV1,GY,rep09,fold01,Eta10
CV1/GY/rep09/fold01/CV1_GY_Eta11_rep09_fold01.csv,CV1_GY_Eta11_rep09_fold01.csv,CV1,GY,rep09,fold01,Eta11
CV1/GY/rep09/fold01/CV1_GY_Eta12_rep09_fold01.csv,CV1_GY_Eta12_rep09_fold01.csv,CV1,GY,rep09,fold01,Eta12
CV1/GY/rep09/fold01/CV1_GY_Eta13_rep09_fold01.csv,CV1_GY_Eta13_rep09_fold01.csv,CV1,GY,rep09,fold01,Eta13
CV1/GY/rep09/fold01/CV1_GY_Eta14_rep09_fold01.csv,CV1_GY_Eta14_rep09_fold01.csv,CV1,GY,rep09,fold01,Eta14
CV1/GY/rep09/fold01/CV1_GY_Eta15_rep09_fold01.csv,CV1_GY_Eta15_rep09_fold01.csv,CV1,GY,rep09,fold01,Eta15
CV1/GY/rep09/fold01/CV1_GY_Eta16_rep09_fold01.csv,CV1_GY_Eta16_rep09_fold01.csv,CV1,GY,rep09,fold01,Eta16
CV1/GY/rep09/fold01/CV1_GY_Eta17_rep09_fold01.csv,CV1_GY_Eta17_rep09_fold01.csv,CV1,GY,rep09,fold01,Eta17
CV1/GY/rep09/fold01/CV1_GY_Eta18_rep09_fold01.csv,CV1_GY_Eta18_rep09_fold01.csv,CV1,GY,rep09,fold01,Eta18
CV1/GY/rep09/fold01/CV1_GY_Eta2_rep09_fold01.csv,CV1_GY_Eta2_rep09_fold01.csv,CV1,GY,rep09,fold01,Eta2
CV1/GY/rep09/fold01/CV1_GY_Eta3_rep09_fold01.csv,CV1_GY_Eta3_rep09_fold01.csv,CV1,GY,rep09,fold01,Eta3
CV1/GY/rep09/fold01/CV1_GY_Eta4_rep09_fold01.csv,CV1_GY_Eta4_rep09_fold01.csv,CV1,GY,rep09,fold01,Eta4
CV1/GY/rep09/fold01/CV1_GY_Eta5_rep09_fold01.csv,CV1_GY_Eta5_rep09_fold01.csv,CV1,GY,rep09,fold01,Eta5
CV1/GY/rep09/fold01/CV1_GY_Eta6_rep09_fold01.csv,CV1_GY_Eta6_rep09_fold01.csv,CV1,GY,rep09,fold01,Eta6
CV1/GY/rep09/fold01/CV1_GY_Eta7_rep09_fold01.csv,CV1_GY_Eta7_rep09_fold01.csv,CV1,GY,rep09,fold01,Eta7
CV1/GY/rep09/fold01/CV1_GY_Eta8_rep09_fold01.csv,CV1_GY_Eta8_rep09_fold01.csv,CV1,GY,rep09,fold01,Eta8
CV1/GY/rep09/fold01/CV1_GY_Eta9_rep09_fold01.csv,CV1_GY_Eta9_rep09_fold01.csv,CV1,GY,rep09,fold01,Eta9
CV1/GY/rep09/fold02/CV1_GY_Eta1_rep09_fold02.csv,CV1_GY_Eta1_rep09_fold02.csv,CV1,GY,rep09,fold02,Eta1
CV1/GY/rep09/fold02/CV1_GY_Eta10_rep09_fold02.csv,CV1_GY_Eta10_rep09_fold02.csv,CV1,GY,rep09,fold02,Eta10
CV1/GY/rep09/fold02/CV1_GY_Eta11_rep09_fold02.csv,CV1_GY_Eta11_rep09_fold02.csv,CV1,GY,rep09,fold02,Eta11
CV1/GY/rep09/fold02/CV1_GY_Eta12_rep09_fold02.csv,CV1_GY_Eta12_rep09_fold02.csv,CV1,GY,rep09,fold02,Eta12
CV1/GY/rep09/fold02/CV1_GY_Eta13_rep09_fold02.csv,CV1_GY_Eta13_rep09_fold02.csv,CV1,GY,rep09,fold02,Eta13
CV1/GY/rep09/fold02/CV1_GY_Eta14_rep09_fold02.csv,CV1_GY_Eta14_rep09_fold02.csv,CV1,GY,rep09,fold02,Eta14
CV1/GY/rep09/fold02/CV1_GY_Eta15_rep09_fold02.csv,CV1_GY_Eta15_rep09_fold02.csv,CV1,GY,rep09,fold02,Eta15
CV1/GY/rep09/fold02/CV1_GY_Eta16_rep09_fold02.csv,CV1_GY_Eta16_rep09_fold02.csv,CV1,GY,rep09,fold02,Eta16
CV1/GY/rep09/fold02/CV1_GY_Eta17_rep09_fold02.csv,CV1_GY_Eta17_rep09_fold02.csv,CV1,GY,rep09,fold02,Eta17
CV1/GY/rep09/fold02/CV1_GY_Eta18_rep09_fold02.csv,CV1_GY_Eta18_rep09_fold02.csv,CV1,GY,rep09,fold02,Eta18
CV1/GY/rep09/fold02/CV1_GY_Eta2_rep09_fold02.csv,CV1_GY_Eta2_rep09_fold02.csv,CV1,GY,rep09,fold02,Eta2
CV1/GY/rep09/fold02/CV1_GY_Eta3_rep09_fold02.csv,CV1_GY_Eta3_rep09_fold02.csv,CV1,GY,rep09,fold02,Eta3
CV1/GY/rep09/fold02/CV1_GY_Eta4_rep09_fold02.csv,CV1_GY_Eta4_rep09_fold02.csv,CV1,GY,rep09,fold02,Eta4
CV1/GY/rep09/fold02/CV1_GY_Eta5_rep09_fold02.csv,CV1_GY_Eta5_rep09_fold02.csv,CV1,GY,rep09,fold02,Eta5
CV1/GY/rep09/fold02/CV1_GY_Eta6_rep09_fold02.csv,CV1_GY_Eta6_rep09_fold02.csv,CV1,GY,rep09,fold02,Eta6
CV1/GY/rep09/fold02/CV1_GY_Eta7_rep09_fold02.csv,CV1_GY_Eta7_rep09_fold02.csv,CV1,GY,rep09,fold02,Eta7
CV1/GY/rep09/fold02/CV1_GY_Eta8_rep09_fold02.csv,CV1_GY_Eta8_rep09_fold02.csv,CV1,GY,rep09,fold02,Eta8
CV1/GY/rep09/fold02/CV1_GY_Eta9_rep09_fold02.csv,CV1_GY_Eta9_rep09_fold02.csv,CV1,GY,rep09,fold02,Eta9
CV1/GY/rep09/fold03/CV1_GY_Eta1_rep09_fold03.csv,CV1_GY_Eta1_rep09_fold03.csv,CV1,GY,rep09,fold03,Eta1
CV1/GY/rep09/fold03/CV1_GY_Eta10_rep09_fold03.csv,CV1_GY_Eta10_rep09_fold03.csv,CV1,GY,rep09,fold03,Eta10
CV1/GY/rep09/fold03/CV1_GY_Eta11_rep09_fold03.csv,CV1_GY_Eta11_rep09_fold03.csv,CV1,GY,rep09,fold03,Eta11
CV1/GY/rep09/fold03/CV1_GY_Eta12_rep09_fold03.csv,CV1_GY_Eta12_rep09_fold03.csv,CV1,GY,rep09,fold03,Eta12
CV1/GY/rep09/fold03/CV1_GY_Eta13_rep09_fold03.csv,CV1_GY_Eta13_rep09_fold03.csv,CV1,GY,rep09,fold03,Eta13
CV1/GY/rep09/fold03/CV1_GY_Eta14_rep09_fold03.csv,CV1_GY_Eta14_rep09_fold03.csv,CV1,GY,rep09,fold03,Eta14
CV1/GY/rep09/fold03/CV1_GY_Eta15_rep09_fold03.csv,CV1_GY_Eta15_rep09_fold03.csv,CV1,GY,rep09,fold03,Eta15
CV1/GY/rep09/fold03/CV1_GY_Eta16_rep09_fold03.csv,CV1_GY_Eta16_rep09_fold03.csv,CV1,GY,rep09,fold03,Eta16
CV1/GY/rep09/fold03/CV1_GY_Eta17_rep09_fold03.csv,CV1_GY_Eta17_rep09_fold03.csv,CV1,GY,rep09,fold03,Eta17
CV1/GY/rep09/fold03/CV1_GY_Eta18_rep09_fold03.csv,CV1_GY_Eta18_rep09_fold03.csv,CV1,GY,rep09,fold03,Eta18
CV1/GY/rep09/fold03/CV1_GY_Eta2_rep09_fold03.csv,CV1_GY_Eta2_rep09_fold03.csv,CV1,GY,rep09,fold03,Eta2
CV1/GY/rep09/fold03/CV1_GY_Eta3_rep09_fold03.csv,CV1_GY_Eta3_rep09_fold03.csv,CV1,GY,rep09,fold03,Eta3
CV1/GY/rep09/fold03/CV1_GY_Eta4_rep09_fold03.csv,CV1_GY_Eta4_rep09_fold03.csv,CV1,GY,rep09,fold03,Eta4
CV1/GY/rep09/fold03/CV1_GY_Eta5_rep09_fold03.csv,CV1_GY_Eta5_rep09_fold03.csv,CV1,GY,rep09,fold03,Eta5
CV1/GY/rep09/fold03/CV1_GY_Eta6_rep09_fold03.csv,CV1_GY_Eta6_rep09_fold03.csv,CV1,GY,rep09,fold03,Eta6
CV1/GY/rep09/fold03/CV1_GY_Eta7_rep09_fold03.csv,CV1_GY_Eta7_rep09_fold03.csv,CV1,GY,rep09,fold03,Eta7
CV1/GY/rep09/fold03/CV1_GY_Eta8_rep09_fold03.csv,CV1_GY_Eta8_rep09_fold03.csv,CV1,GY,rep09,fold03,Eta8
CV1/GY/rep09/fold03/CV1_GY_Eta9_rep09_fold03.csv,CV1_GY_Eta9_rep09_fold03.csv,CV1,GY,rep09,fold03,Eta9
CV1/GY/rep09/fold04/CV1_GY_Eta1_rep09_fold04.csv,CV1_GY_Eta1_rep09_fold04.csv,CV1,GY,rep09,fold04,Eta1
CV1/GY/rep09/fold04/CV1_GY_Eta10_rep09_fold04.csv,CV1_GY_Eta10_rep09_fold04.csv,CV1,GY,rep09,fold04,Eta10
CV1/GY/rep09/fold04/CV1_GY_Eta11_rep09_fold04.csv,CV1_GY_Eta11_rep09_fold04.csv,CV1,GY,rep09,fold04,Eta11
CV1/GY/rep09/fold04/CV1_GY_Eta12_rep09_fold04.csv,CV1_GY_Eta12_rep09_fold04.csv,CV1,GY,rep09,fold04,Eta12
CV1/GY/rep09/fold04/CV1_GY_Eta13_rep09_fold04.csv,CV1_GY_Eta13_rep09_fold04.csv,CV1,GY,rep09,fold04,Eta13
CV1/GY/rep09/fold04/CV1_GY_Eta14_rep09_fold04.csv,CV1_GY_Eta14_rep09_fold04.csv,CV1,GY,rep09,fold04,Eta14
CV1/GY/rep09/fold04/CV1_GY_Eta15_rep09_fold04.csv,CV1_GY_Eta15_rep09_fold04.csv,CV1,GY,rep09,fold04,Eta15
CV1/GY/rep09/fold04/CV1_GY_Eta16_rep09_fold04.csv,CV1_GY_Eta16_rep09_fold04.csv,CV1,GY,rep09,fold04,Eta16
CV1/GY/rep09/fold04/CV1_GY_Eta17_rep09_fold04.csv,CV1_GY_Eta17_rep09_fold04.csv,CV1,GY,rep09,fold04,Eta17
CV1/GY/rep09/fold04/CV1_GY_Eta18_rep09_fold04.csv,CV1_GY_Eta18_rep09_fold04.csv,CV1,GY,rep09,fold04,Eta18
CV1/GY/rep09/fold04/CV1_GY_Eta2_rep09_fold04.csv,CV1_GY_Eta2_rep09_fold04.csv,CV1,GY,rep09,fold04,Eta2
CV1/GY/rep09/fold04/CV1_GY_Eta3_rep09_fold04.csv,CV1_GY_Eta3_rep09_fold04.csv,CV1,GY,rep09,fold04,Eta3
CV1/GY/rep09/fold04/CV1_GY_Eta4_rep09_fold04.csv,CV1_GY_Eta4_rep09_fold04.csv,CV1,GY,rep09,fold04,Eta4
CV1/GY/rep09/fold04/CV1_GY_Eta5_rep09_fold04.csv,CV1_GY_Eta5_rep09_fold04.csv,CV1,GY,rep09,fold04,Eta5
CV1/GY/rep09/fold04/CV1_GY_Eta6_rep09_fold04.csv,CV1_GY_Eta6_rep09_fold04.csv,CV1,GY,rep09,fold04,Eta6
CV1/GY/rep09/fold04/CV1_GY_Eta7_rep09_fold04.csv,CV1_GY_Eta7_rep09_fold04.csv,CV1,GY,rep09,fold04,Eta7
CV1/GY/rep09/fold04/CV1_GY_Eta8_rep09_fold04.csv,CV1_GY_Eta8_rep09_fold04.csv,CV1,GY,rep09,fold04,Eta8
CV1/GY/rep09/fold04/CV1_GY_Eta9_rep09_fold04.csv,CV1_GY_Eta9_rep09_fold04.csv,CV1,GY,rep09,fold04,Eta9
CV1/GY/rep09/fold05/CV1_GY_Eta1_rep09_fold05.csv,CV1_GY_Eta1_rep09_fold05.csv,CV1,GY,rep09,fold05,Eta1
CV1/GY/rep09/fold05/CV1_GY_Eta10_rep09_fold05.csv,CV1_GY_Eta10_rep09_fold05.csv,CV1,GY,rep09,fold05,Eta10
CV1/GY/rep09/fold05/CV1_GY_Eta11_rep09_fold05.csv,CV1_GY_Eta11_rep09_fold05.csv,CV1,GY,rep09,fold05,Eta11
CV1/GY/rep09/fold05/CV1_GY_Eta12_rep09_fold05.csv,CV1_GY_Eta12_rep09_fold05.csv,CV1,GY,rep09,fold05,Eta12
CV1/GY/rep09/fold05/CV1_GY_Eta13_rep09_fold05.csv,CV1_GY_Eta13_rep09_fold05.csv,CV1,GY,rep09,fold05,Eta13
CV1/GY/rep09/fold05/CV1_GY_Eta14_rep09_fold05.csv,CV1_GY_Eta14_rep09_fold05.csv,CV1,GY,rep09,fold05,Eta14
CV1/GY/rep09/fold05/CV1_GY_Eta15_rep09_fold05.csv,CV1_GY_Eta15_rep09_fold05.csv,CV1,GY,rep09,fold05,Eta15
CV1/GY/rep09/fold05/CV1_GY_Eta16_rep09_fold05.csv,CV1_GY_Eta16_rep09_fold05.csv,CV1,GY,rep09,fold05,Eta16
CV1/GY/rep09/fold05/CV1_GY_Eta17_rep09_fold05.csv,CV1_GY_Eta17_rep09_fold05.csv,CV1,GY,rep09,fold05,Eta17
CV1/GY/rep09/fold05/CV1_GY_Eta18_rep09_fold05.csv,CV1_GY_Eta18_rep09_fold05.csv,CV1,GY,rep09,fold05,Eta18
CV1/GY/rep09/fold05/CV1_GY_Eta2_rep09_fold05.csv,CV1_GY_Eta2_rep09_fold05.csv,CV1,GY,rep09,fold05,Eta2
CV1/GY/rep09/fold05/CV1_GY_Eta3_rep09_fold05.csv,CV1_GY_Eta3_rep09_fold05.csv,CV1,GY,rep09,fold05,Eta3
CV1/GY/rep09/fold05/CV1_GY_Eta4_rep09_fold05.csv,CV1_GY_Eta4_rep09_fold05.csv,CV1,GY,rep09,fold05,Eta4
CV1/GY/rep09/fold05/CV1_GY_Eta5_rep09_fold05.csv,CV1_GY_Eta5_rep09_fold05.csv,CV1,GY,rep09,fold05,Eta5
CV1/GY/rep09/fold05/CV1_GY_Eta6_rep09_fold05.csv,CV1_GY_Eta6_rep09_fold05.csv,CV1,GY,rep09,fold05,Eta6
CV1/GY/rep09/fold05/CV1_GY_Eta7_rep09_fold05.csv,CV1_GY_Eta7_rep09_fold05.csv,CV1,GY,rep09,fold05,Eta7
CV1/GY/rep09/fold05/CV1_GY_Eta8_rep09_fold05.csv,CV1_GY_Eta8_rep09_fold05.csv,CV1,GY,rep09,fold05,Eta8
CV1/GY/rep09/fold05/CV1_GY_Eta9_rep09_fold05.csv,CV1_GY_Eta9_rep09_fold05.csv,CV1,GY,rep09,fold05,Eta9
CV1/GY/rep10/fold01/CV1_GY_Eta1_rep10_fold01.csv,CV1_GY_Eta1_rep10_fold01.csv,CV1,GY,rep10,fold01,Eta1
CV1/GY/rep10/fold01/CV1_GY_Eta10_rep10_fold01.csv,CV1_GY_Eta10_rep10_fold01.csv,CV1,GY,rep10,fold01,Eta10
CV1/GY/rep10/fold01/CV1_GY_Eta11_rep10_fold01.csv,CV1_GY_Eta11_rep10_fold01.csv,CV1,GY,rep10,fold01,Eta11
CV1/GY/rep10/fold01/CV1_GY_Eta12_rep10_fold01.csv,CV1_GY_Eta12_rep10_fold01.csv,CV1,GY,rep10,fold01,Eta12
CV1/GY/rep10/fold01/CV1_GY_Eta13_rep10_fold01.csv,CV1_GY_Eta13_rep10_fold01.csv,CV1,GY,rep10,fold01,Eta13
CV1/GY/rep10/fold01/CV1_GY_Eta14_rep10_fold01.csv,CV1_GY_Eta14_rep10_fold01.csv,CV1,GY,rep10,fold01,Eta14
CV1/GY/rep10/fold01/CV1_GY_Eta15_rep10_fold01.csv,CV1_GY_Eta15_rep10_fold01.csv,CV1,GY,rep10,fold01,Eta15
CV1/GY/rep10/fold01/CV1_GY_Eta16_rep10_fold01.csv,CV1_GY_Eta16_rep10_fold01.csv,CV1,GY,rep10,fold01,Eta16
CV1/GY/rep10/fold01/CV1_GY_Eta17_rep10_fold01.csv,CV1_GY_Eta17_rep10_fold01.csv,CV1,GY,rep10,fold01,Eta17
CV1/GY/rep10/fold01/CV1_GY_Eta18_rep10_fold01.csv,CV1_GY_Eta18_rep10_fold01.csv,CV1,GY,rep10,fold01,Eta18
CV1/GY/rep10/fold01/CV1_GY_Eta2_rep10_fold01.csv,CV1_GY_Eta2_rep10_fold01.csv,CV1,GY,rep10,fold01,Eta2
CV1/GY/rep10/fold01/CV1_GY_Eta3_rep10_fold01.csv,CV1_GY_Eta3_rep10_fold01.csv,CV1,GY,rep10,fold01,Eta3
CV1/GY/rep10/fold01/CV1_GY_Eta4_rep10_fold01.csv,CV1_GY_Eta4_rep10_fold01.csv,CV1,GY,rep10,fold01,Eta4
CV1/GY/rep10/fold01/CV1_GY_Eta5_rep10_fold01.csv,CV1_GY_Eta5_rep10_fold01.csv,CV1,GY,rep10,fold01,Eta5
CV1/GY/rep10/fold01/CV1_GY_Eta6_rep10_fold01.csv,CV1_GY_Eta6_rep10_fold01.csv,CV1,GY,rep10,fold01,Eta6
CV1/GY/rep10/fold01/CV1_GY_Eta7_rep10_fold01.csv,CV1_GY_Eta7_rep10_fold01.csv,CV1,GY,rep10,fold01,Eta7
CV1/GY/rep10/fold01/CV1_GY_Eta8_rep10_fold01.csv,CV1_GY_Eta8_rep10_fold01.csv,CV1,GY,rep10,fold01,Eta8
CV1/GY/rep10/fold01/CV1_GY_Eta9_rep10_fold01.csv,CV1_GY_Eta9_rep10_fold01.csv,CV1,GY,rep10,fold01,Eta9
CV1/GY/rep10/fold02/CV1_GY_Eta1_rep10_fold02.csv,CV1_GY_Eta1_rep10_fold02.csv,CV1,GY,rep10,fold02,Eta1
CV1/GY/rep10/fold02/CV1_GY_Eta10_rep10_fold02.csv,CV1_GY_Eta10_rep10_fold02.csv,CV1,GY,rep10,fold02,Eta10
CV1/GY/rep10/fold02/CV1_GY_Eta11_rep10_fold02.csv,CV1_GY_Eta11_rep10_fold02.csv,CV1,GY,rep10,fold02,Eta11
CV1/GY/rep10/fold02/CV1_GY_Eta12_rep10_fold02.csv,CV1_GY_Eta12_rep10_fold02.csv,CV1,GY,rep10,fold02,Eta12
CV1/GY/rep10/fold02/CV1_GY_Eta13_rep10_fold02.csv,CV1_GY_Eta13_rep10_fold02.csv,CV1,GY,rep10,fold02,Eta13
CV1/GY/rep10/fold02/CV1_GY_Eta14_rep10_fold02.csv,CV1_GY_Eta14_rep10_fold02.csv,CV1,GY,rep10,fold02,Eta14
CV1/GY/rep10/fold02/CV1_GY_Eta15_rep10_fold02.csv,CV1_GY_Eta15_rep10_fold02.csv,CV1,GY,rep10,fold02,Eta15
CV1/GY/rep10/fold02/CV1_GY_Eta16_rep10_fold02.csv,CV1_GY_Eta16_rep10_fold02.csv,CV1,GY,rep10,fold02,Eta16
CV1/GY/rep10/fold02/CV1_GY_Eta17_rep10_fold02.csv,CV1_GY_Eta17_rep10_fold02.csv,CV1,GY,rep10,fold02,Eta17
CV1/GY/rep10/fold02/CV1_GY_Eta18_rep10_fold02.csv,CV1_GY_Eta18_rep10_fold02.csv,CV1,GY,rep10,fold02,Eta18
CV1/GY/rep10/fold02/CV1_GY_Eta2_rep10_fold02.csv,CV1_GY_Eta2_rep10_fold02.csv,CV1,GY,rep10,fold02,Eta2
CV1/GY/rep10/fold02/CV1_GY_Eta3_rep10_fold02.csv,CV1_GY_Eta3_rep10_fold02.csv,CV1,GY,rep10,fold02,Eta3
CV1/GY/rep10/fold02/CV1_GY_Eta4_rep10_fold02.csv,CV1_GY_Eta4_rep10_fold02.csv,CV1,GY,rep10,fold02,Eta4
CV1/GY/rep10/fold02/CV1_GY_Eta5_rep10_fold02.csv,CV1_GY_Eta5_rep10_fold02.csv,CV1,GY,rep10,fold02,Eta5
CV1/GY/rep10/fold02/CV1_GY_Eta6_rep10_fold02.csv,CV1_GY_Eta6_rep10_fold02.csv,CV1,GY,rep10,fold02,Eta6
CV1/GY/rep10/fold02/CV1_GY_Eta7_rep10_fold02.csv,CV1_GY_Eta7_rep10_fold02.csv,CV1,GY,rep10,fold02,Eta7
CV1/GY/rep10/fold02/CV1_GY_Eta8_rep10_fold02.csv,CV1_GY_Eta8_rep10_fold02.csv,CV1,GY,rep10,fold02,Eta8
CV1/GY/rep10/fold02/CV1_GY_Eta9_rep10_fold02.csv,CV1_GY_Eta9_rep10_fold02.csv,CV1,GY,rep10,fold02,Eta9
CV1/GY/rep10/fold03/CV1_GY_Eta1_rep10_fold03.csv,CV1_GY_Eta1_rep10_fold03.csv,CV1,GY,rep10,fold03,Eta1
CV1/GY/rep10/fold03/CV1_GY_Eta10_rep10_fold03.csv,CV1_GY_Eta10_rep10_fold03.csv,CV1,GY,rep10,fold03,Eta10
CV1/GY/rep10/fold03/CV1_GY_Eta11_rep10_fold03.csv,CV1_GY_Eta11_rep10_fold03.csv,CV1,GY,rep10,fold03,Eta11
CV1/GY/rep10/fold03/CV1_GY_Eta12_rep10_fold03.csv,CV1_GY_Eta12_rep10_fold03.csv,CV1,GY,rep10,fold03,Eta12
CV1/GY/rep10/fold03/CV1_GY_Eta13_rep10_fold03.csv,CV1_GY_Eta13_rep10_fold03.csv,CV1,GY,rep10,fold03,Eta13
CV1/GY/rep10/fold03/CV1_GY_Eta14_rep10_fold03.csv,CV1_GY_Eta14_rep10_fold03.csv,CV1,GY,rep10,fold03,Eta14
CV1/GY/rep10/fold03/CV1_GY_Eta15_rep10_fold03.csv,CV1_GY_Eta15_rep10_fold03.csv,CV1,GY,rep10,fold03,Eta15
CV1/GY/rep10/fold03/CV1_GY_Eta16_rep10_fold03.csv,CV1_GY_Eta16_rep10_fold03.csv,CV1,GY,rep10,fold03,Eta16
CV1/GY/rep10/fold03/CV1_GY_Eta17_rep10_fold03.csv,CV1_GY_Eta17_rep10_fold03.csv,CV1,GY,rep10,fold03,Eta17
CV1/GY/rep10/fold03/CV1_GY_Eta18_rep10_fold03.csv,CV1_GY_Eta18_rep10_fold03.csv,CV1,GY,rep10,fold03,Eta18
CV1/GY/rep10/fold03/CV1_GY_Eta2_rep10_fold03.csv,CV1_GY_Eta2_rep10_fold03.csv,CV1,GY,rep10,fold03,Eta2
CV1/GY/rep10/fold03/CV1_GY_Eta3_rep10_fold03.csv,CV1_GY_Eta3_rep10_fold03.csv,CV1,GY,rep10,fold03,Eta3
CV1/GY/rep10/fold03/CV1_GY_Eta4_rep10_fold03.csv,CV1_GY_Eta4_rep10_fold03.csv,CV1,GY,rep10,fold03,Eta4
CV1/GY/rep10/fold03/CV1_GY_Eta5_rep10_fold03.csv,CV1_GY_Eta5_rep10_fold03.csv,CV1,GY,rep10,fold03,Eta5
CV1/GY/rep10/fold03/CV1_GY_Eta6_rep10_fold03.csv,CV1_GY_Eta6_rep10_fold03.csv,CV1,GY,rep10,fold03,Eta6
CV1/GY/rep10/fold03/CV1_GY_Eta7_rep10_fold03.csv,CV1_GY_Eta7_rep10_fold03.csv,CV1,GY,rep10,fold03,Eta7
CV1/GY/rep10/fold03/CV1_GY_Eta8_rep10_fold03.csv,CV1_GY_Eta8_rep10_fold03.csv,CV1,GY,rep10,fold03,Eta8
CV1/GY/rep10/fold03/CV1_GY_Eta9_rep10_fold03.csv,CV1_GY_Eta9_rep10_fold03.csv,CV1,GY,rep10,fold03,Eta9
CV1/GY/rep10/fold04/CV1_GY_Eta1_rep10_fold04.csv,CV1_GY_Eta1_rep10_fold04.csv,CV1,GY,rep10,fold04,Eta1
CV1/GY/rep10/fold04/CV1_GY_Eta10_rep10_fold04.csv,CV1_GY_Eta10_rep10_fold04.csv,CV1,GY,rep10,fold04,Eta10
CV1/GY/rep10/fold04/CV1_GY_Eta11_rep10_fold04.csv,CV1_GY_Eta11_rep10_fold04.csv,CV1,GY,rep10,fold04,Eta11
CV1/GY/rep10/fold04/CV1_GY_Eta12_rep10_fold04.csv,CV1_GY_Eta12_rep10_fold04.csv,CV1,GY,rep10,fold04,Eta12
CV1/GY/rep10/fold04/CV1_GY_Eta13_rep10_fold04.csv,CV1_GY_Eta13_rep10_fold04.csv,CV1,GY,rep10,fold04,Eta13
CV1/GY/rep10/fold04/CV1_GY_Eta14_rep10_fold04.csv,CV1_GY_Eta14_rep10_fold04.csv,CV1,GY,rep10,fold04,Eta14
CV1/GY/rep10/fold04/CV1_GY_Eta15_rep10_fold04.csv,CV1_GY_Eta15_rep10_fold04.csv,CV1,GY,rep10,fold04,Eta15
CV1/GY/rep10/fold04/CV1_GY_Eta16_rep10_fold04.csv,CV1_GY_Eta16_rep10_fold04.csv,CV1,GY,rep10,fold04,Eta16
CV1/GY/rep10/fold04/CV1_GY_Eta17_rep10_fold04.csv,CV1_GY_Eta17_rep10_fold04.csv,CV1,GY,rep10,fold04,Eta17
CV1/GY/rep10/fold04/CV1_GY_Eta18_rep10_fold04.csv,CV1_GY_Eta18_rep10_fold04.csv,CV1,GY,rep10,fold04,Eta18
CV1/GY/rep10/fold04/CV1_GY_Eta2_rep10_fold04.csv,CV1_GY_Eta2_rep10_fold04.csv,CV1,GY,rep10,fold04,Eta2
CV1/GY/rep10/fold04/CV1_GY_Eta3_rep10_fold04.csv,CV1_GY_Eta3_rep10_fold04.csv,CV1,GY,rep10,fold04,Eta3
CV1/GY/rep10/fold04/CV1_GY_Eta4_rep10_fold04.csv,CV1_GY_Eta4_rep10_fold04.csv,CV1,GY,rep10,fold04,Eta4
CV1/GY/rep10/fold04/CV1_GY_Eta5_rep10_fold04.csv,CV1_GY_Eta5_rep10_fold04.csv,CV1,GY,rep10,fold04,Eta5
CV1/GY/rep10/fold04/CV1_GY_Eta6_rep10_fold04.csv,CV1_GY_Eta6_rep10_fold04.csv,CV1,GY,rep10,fold04,Eta6
CV1/GY/rep10/fold04/CV1_GY_Eta7_rep10_fold04.csv,CV1_GY_Eta7_rep10_fold04.csv,CV1,GY,rep10,fold04,Eta7
CV1/GY/rep10/fold04/CV1_GY_Eta8_rep10_fold04.csv,CV1_GY_Eta8_rep10_fold04.csv,CV1,GY,rep10,fold04,Eta8
CV1/GY/rep10/fold04/CV1_GY_Eta9_rep10_fold04.csv,CV1_GY_Eta9_rep10_fold04.csv,CV1,GY,rep10,fold04,Eta9
CV1/GY/rep10/fold05/CV1_GY_Eta1_rep10_fold05.csv,CV1_GY_Eta1_rep10_fold05.csv,CV1,GY,rep10,fold05,Eta1
CV1/GY/rep10/fold05/CV1_GY_Eta10_rep10_fold05.csv,CV1_GY_Eta10_rep10_fold05.csv,CV1,GY,rep10,fold05,Eta10
CV1/GY/rep10/fold05/CV1_GY_Eta11_rep10_fold05.csv,CV1_GY_Eta11_rep10_fold05.csv,CV1,GY,rep10,fold05,Eta11
CV1/GY/rep10/fold05/CV1_GY_Eta12_rep10_fold05.csv,CV1_GY_Eta12_rep10_fold05.csv,CV1,GY,rep10,fold05,Eta12
CV1/GY/rep10/fold05/CV1_GY_Eta13_rep10_fold05.csv,CV1_GY_Eta13_rep10_fold05.csv,CV1,GY,rep10,fold05,Eta13
CV1/GY/rep10/fold05/CV1_GY_Eta14_rep10_fold05.csv,CV1_GY_Eta14_rep10_fold05.csv,CV1,GY,rep10,fold05,Eta14
CV1/GY/rep10/fold05/CV1_GY_Eta15_rep10_fold05.csv,CV1_GY_Eta15_rep10_fold05.csv,CV1,GY,rep10,fold05,Eta15
CV1/GY/rep10/fold05/CV1_GY_Eta16_rep10_fold05.csv,CV1_GY_Eta16_rep10_fold05.csv,CV1,GY,rep10,fold05,Eta16
CV1/GY/rep10/fold05/CV1_GY_Eta17_rep10_fold05.csv,CV1_GY_Eta17_rep10_fold05.csv,CV1,GY,rep10,fold05,Eta17
CV1/GY/rep10/fold05/CV1_GY_Eta18_rep10_fold05.csv,CV1_GY_Eta18_rep10_fold05.csv,CV1,GY,rep10,fold05,Eta18
CV1/GY/rep10/fold05/CV1_GY_Eta2_rep10_fold05.csv,CV1_GY_Eta2_rep10_fold05.csv,CV1,GY,rep10,fold05,Eta2
CV1/GY/rep10/fold05/CV1_GY_Eta3_rep10_fold05.csv,CV1_GY_Eta3_rep10_fold05.csv,CV1,GY,rep10,fold05,Eta3
CV1/GY/rep10/fold05/CV1_GY_Eta4_rep10_fold05.csv,CV1_GY_Eta4_rep10_fold05.csv,CV1,GY,rep10,fold05,Eta4
CV1/GY/rep10/fold05/CV1_GY_Eta5_rep10_fold05.csv,CV1_GY_Eta5_rep10_fold05.csv,CV1,GY,rep10,fold05,Eta5
CV1/GY/rep10/fold05/CV1_GY_Eta6_rep10_fold05.csv,CV1_GY_Eta6_rep10_fold05.csv,CV1,GY,rep10,fold05,Eta6
CV1/GY/rep10/fold05/CV1_GY_Eta7_rep10_fold05.csv,CV1_GY_Eta7_rep10_fold05.csv,CV1,GY,rep10,fold05,Eta7
CV1/GY/rep10/fold05/CV1_GY_Eta8_rep10_fold05.csv,CV1_GY_Eta8_rep10_fold05.csv,CV1,GY,rep10,fold05,Eta8
CV1/GY/rep10/fold05/CV1_GY_Eta9_rep10_fold05.csv,CV1_GY_Eta9_rep10_fold05.csv,CV1,GY,rep10,fold05,Eta9
CV1/KW/rep01/fold01/CV1_KW_Eta1_rep01_fold01.csv,CV1_KW_Eta1_rep01_fold01.csv,CV1,KW,rep01,fold01,Eta1
CV1/KW/rep01/fold01/CV1_KW_Eta10_rep01_fold01.csv,CV1_KW_Eta10_rep01_fold01.csv,CV1,KW,rep01,fold01,Eta10
CV1/KW/rep01/fold01/CV1_KW_Eta11_rep01_fold01.csv,CV1_KW_Eta11_rep01_fold01.csv,CV1,KW,rep01,fold01,Eta11
CV1/KW/rep01/fold01/CV1_KW_Eta12_rep01_fold01.csv,CV1_KW_Eta12_rep01_fold01.csv,CV1,KW,rep01,fold01,Eta12
CV1/KW/rep01/fold01/CV1_KW_Eta13_rep01_fold01.csv,CV1_KW_Eta13_rep01_fold01.csv,CV1,KW,rep01,fold01,Eta13
CV1/KW/rep01/fold01/CV1_KW_Eta14_rep01_fold01.csv,CV1_KW_Eta14_rep01_fold01.csv,CV1,KW,rep01,fold01,Eta14
CV1/KW/rep01/fold01/CV1_KW_Eta15_rep01_fold01.csv,CV1_KW_Eta15_rep01_fold01.csv,CV1,KW,rep01,fold01,Eta15
CV1/KW/rep01/fold01/CV1_KW_Eta16_rep01_fold01.csv,CV1_KW_Eta16_rep01_fold01.csv,CV1,KW,rep01,fold01,Eta16
CV1/KW/rep01/fold01/CV1_KW_Eta17_rep01_fold01.csv,CV1_KW_Eta17_rep01_fold01.csv,CV1,KW,rep01,fold01,Eta17
CV1/KW/rep01/fold01/CV1_KW_Eta18_rep01_fold01.csv,CV1_KW_Eta18_rep01_fold01.csv,CV1,KW,rep01,fold01,Eta18
CV1/KW/rep01/fold01/CV1_KW_Eta2_rep01_fold01.csv,CV1_KW_Eta2_rep01_fold01.csv,CV1,KW,rep01,fold01,Eta2
CV1/KW/rep01/fold01/CV1_KW_Eta3_rep01_fold01.csv,CV1_KW_Eta3_rep01_fold01.csv,CV1,KW,rep01,fold01,Eta3
CV1/KW/rep01/fold01/CV1_KW_Eta4_rep01_fold01.csv,CV1_KW_Eta4_rep01_fold01.csv,CV1,KW,rep01,fold01,Eta4
CV1/KW/rep01/fold01/CV1_KW_Eta5_rep01_fold01.csv,CV1_KW_Eta5_rep01_fold01.csv,CV1,KW,rep01,fold01,Eta5
CV1/KW/rep01/fold01/CV1_KW_Eta6_rep01_fold01.csv,CV1_KW_Eta6_rep01_fold01.csv,CV1,KW,rep01,fold01,Eta6
CV1/KW/rep01/fold01/CV1_KW_Eta7_rep01_fold01.csv,CV1_KW_Eta7_rep01_fold01.csv,CV1,KW,rep01,fold01,Eta7
CV1/KW/rep01/fold01/CV1_KW_Eta8_rep01_fold01.csv,CV1_KW_Eta8_rep01_fold01.csv,CV1,KW,rep01,fold01,Eta8
CV1/KW/rep01/fold01/CV1_KW_Eta9_rep01_fold01.csv,CV1_KW_Eta9_rep01_fold01.csv,CV1,KW,rep01,fold01,Eta9
CV1/KW/rep01/fold02/CV1_KW_Eta1_rep01_fold02.csv,CV1_KW_Eta1_rep01_fold02.csv,CV1,KW,rep01,fold02,Eta1
CV1/KW/rep01/fold02/CV1_KW_Eta10_rep01_fold02.csv,CV1_KW_Eta10_rep01_fold02.csv,CV1,KW,rep01,fold02,Eta10
CV1/KW/rep01/fold02/CV1_KW_Eta11_rep01_fold02.csv,CV1_KW_Eta11_rep01_fold02.csv,CV1,KW,rep01,fold02,Eta11
CV1/KW/rep01/fold02/CV1_KW_Eta12_rep01_fold02.csv,CV1_KW_Eta12_rep01_fold02.csv,CV1,KW,rep01,fold02,Eta12
CV1/KW/rep01/fold02/CV1_KW_Eta13_rep01_fold02.csv,CV1_KW_Eta13_rep01_fold02.csv,CV1,KW,rep01,fold02,Eta13
CV1/KW/rep01/fold02/CV1_KW_Eta14_rep01_fold02.csv,CV1_KW_Eta14_rep01_fold02.csv,CV1,KW,rep01,fold02,Eta14
CV1/KW/rep01/fold02/CV1_KW_Eta15_rep01_fold02.csv,CV1_KW_Eta15_rep01_fold02.csv,CV1,KW,rep01,fold02,Eta15
CV1/KW/rep01/fold02/CV1_KW_Eta16_rep01_fold02.csv,CV1_KW_Eta16_rep01_fold02.csv,CV1,KW,rep01,fold02,Eta16
CV1/KW/rep01/fold02/CV1_KW_Eta17_rep01_fold02.csv,CV1_KW_Eta17_rep01_fold02.csv,CV1,KW,rep01,fold02,Eta17
CV1/KW/rep01/fold02/CV1_KW_Eta18_rep01_fold02.csv,CV1_KW_Eta18_rep01_fold02.csv,CV1,KW,rep01,fold02,Eta18
CV1/KW/rep01/fold02/CV1_KW_Eta2_rep01_fold02.csv,CV1_KW_Eta2_rep01_fold02.csv,CV1,KW,rep01,fold02,Eta2
CV1/KW/rep01/fold02/CV1_KW_Eta3_rep01_fold02.csv,CV1_KW_Eta3_rep01_fold02.csv,CV1,KW,rep01,fold02,Eta3
CV1/KW/rep01/fold02/CV1_KW_Eta4_rep01_fold02.csv,CV1_KW_Eta4_rep01_fold02.csv,CV1,KW,rep01,fold02,Eta4
CV1/KW/rep01/fold02/CV1_KW_Eta5_rep01_fold02.csv,CV1_KW_Eta5_rep01_fold02.csv,CV1,KW,rep01,fold02,Eta5
CV1/KW/rep01/fold02/CV1_KW_Eta6_rep01_fold02.csv,CV1_KW_Eta6_rep01_fold02.csv,CV1,KW,rep01,fold02,Eta6
CV1/KW/rep01/fold02/CV1_KW_Eta7_rep01_fold02.csv,CV1_KW_Eta7_rep01_fold02.csv,CV1,KW,rep01,fold02,Eta7
CV1/KW/rep01/fold02/CV1_KW_Eta8_rep01_fold02.csv,CV1_KW_Eta8_rep01_fold02.csv,CV1,KW,rep01,fold02,Eta8
CV1/KW/rep01/fold02/CV1_KW_Eta9_rep01_fold02.csv,CV1_KW_Eta9_rep01_fold02.csv,CV1,KW,rep01,fold02,Eta9
CV1/KW/rep01/fold03/CV1_KW_Eta1_rep01_fold03.csv,CV1_KW_Eta1_rep01_fold03.csv,CV1,KW,rep01,fold03,Eta1
CV1/KW/rep01/fold03/CV1_KW_Eta10_rep01_fold03.csv,CV1_KW_Eta10_rep01_fold03.csv,CV1,KW,rep01,fold03,Eta10
CV1/KW/rep01/fold03/CV1_KW_Eta11_rep01_fold03.csv,CV1_KW_Eta11_rep01_fold03.csv,CV1,KW,rep01,fold03,Eta11
CV1/KW/rep01/fold03/CV1_KW_Eta12_rep01_fold03.csv,CV1_KW_Eta12_rep01_fold03.csv,CV1,KW,rep01,fold03,Eta12
CV1/KW/rep01/fold03/CV1_KW_Eta13_rep01_fold03.csv,CV1_KW_Eta13_rep01_fold03.csv,CV1,KW,rep01,fold03,Eta13
CV1/KW/rep01/fold03/CV1_KW_Eta14_rep01_fold03.csv,CV1_KW_Eta14_rep01_fold03.csv,CV1,KW,rep01,fold03,Eta14
CV1/KW/rep01/fold03/CV1_KW_Eta15_rep01_fold03.csv,CV1_KW_Eta15_rep01_fold03.csv,CV1,KW,rep01,fold03,Eta15
CV1/KW/rep01/fold03/CV1_KW_Eta16_rep01_fold03.csv,CV1_KW_Eta16_rep01_fold03.csv,CV1,KW,rep01,fold03,Eta16
CV1/KW/rep01/fold03/CV1_KW_Eta17_rep01_fold03.csv,CV1_KW_Eta17_rep01_fold03.csv,CV1,KW,rep01,fold03,Eta17
CV1/KW/rep01/fold03/CV1_KW_Eta18_rep01_fold03.csv,CV1_KW_Eta18_rep01_fold03.csv,CV1,KW,rep01,fold03,Eta18
CV1/KW/rep01/fold03/CV1_KW_Eta2_rep01_fold03.csv,CV1_KW_Eta2_rep01_fold03.csv,CV1,KW,rep01,fold03,Eta2
CV1/KW/rep01/fold03/CV1_KW_Eta3_rep01_fold03.csv,CV1_KW_Eta3_rep01_fold03.csv,CV1,KW,rep01,fold03,Eta3
CV1/KW/rep01/fold03/CV1_KW_Eta4_rep01_fold03.csv,CV1_KW_Eta4_rep01_fold03.csv,CV1,KW,rep01,fold03,Eta4
CV1/KW/rep01/fold03/CV1_KW_Eta5_rep01_fold03.csv,CV1_KW_Eta5_rep01_fold03.csv,CV1,KW,rep01,fold03,Eta5
CV1/KW/rep01/fold03/CV1_KW_Eta6_rep01_fold03.csv,CV1_KW_Eta6_rep01_fold03.csv,CV1,KW,rep01,fold03,Eta6
CV1/KW/rep01/fold03/CV1_KW_Eta7_rep01_fold03.csv,CV1_KW_Eta7_rep01_fold03.csv,CV1,KW,rep01,fold03,Eta7
CV1/KW/rep01/fold03/CV1_KW_Eta8_rep01_fold03.csv,CV1_KW_Eta8_rep01_fold03.csv,CV1,KW,rep01,fold03,Eta8
CV1/KW/rep01/fold03/CV1_KW_Eta9_rep01_fold03.csv,CV1_KW_Eta9_rep01_fold03.csv,CV1,KW,rep01,fold03,Eta9
CV1/KW/rep01/fold04/CV1_KW_Eta1_rep01_fold04.csv,CV1_KW_Eta1_rep01_fold04.csv,CV1,KW,rep01,fold04,Eta1
CV1/KW/rep01/fold04/CV1_KW_Eta10_rep01_fold04.csv,CV1_KW_Eta10_rep01_fold04.csv,CV1,KW,rep01,fold04,Eta10
CV1/KW/rep01/fold04/CV1_KW_Eta11_rep01_fold04.csv,CV1_KW_Eta11_rep01_fold04.csv,CV1,KW,rep01,fold04,Eta11
CV1/KW/rep01/fold04/CV1_KW_Eta12_rep01_fold04.csv,CV1_KW_Eta12_rep01_fold04.csv,CV1,KW,rep01,fold04,Eta12
CV1/KW/rep01/fold04/CV1_KW_Eta13_rep01_fold04.csv,CV1_KW_Eta13_rep01_fold04.csv,CV1,KW,rep01,fold04,Eta13
CV1/KW/rep01/fold04/CV1_KW_Eta14_rep01_fold04.csv,CV1_KW_Eta14_rep01_fold04.csv,CV1,KW,rep01,fold04,Eta14
CV1/KW/rep01/fold04/CV1_KW_Eta15_rep01_fold04.csv,CV1_KW_Eta15_rep01_fold04.csv,CV1,KW,rep01,fold04,Eta15
CV1/KW/rep01/fold04/CV1_KW_Eta16_rep01_fold04.csv,CV1_KW_Eta16_rep01_fold04.csv,CV1,KW,rep01,fold04,Eta16
CV1/KW/rep01/fold04/CV1_KW_Eta17_rep01_fold04.csv,CV1_KW_Eta17_rep01_fold04.csv,CV1,KW,rep01,fold04,Eta17
CV1/KW/rep01/fold04/CV1_KW_Eta18_rep01_fold04.csv,CV1_KW_Eta18_rep01_fold04.csv,CV1,KW,rep01,fold04,Eta18
CV1/KW/rep01/fold04/CV1_KW_Eta2_rep01_fold04.csv,CV1_KW_Eta2_rep01_fold04.csv,CV1,KW,rep01,fold04,Eta2
CV1/KW/rep01/fold04/CV1_KW_Eta3_rep01_fold04.csv,CV1_KW_Eta3_rep01_fold04.csv,CV1,KW,rep01,fold04,Eta3
CV1/KW/rep01/fold04/CV1_KW_Eta4_rep01_fold04.csv,CV1_KW_Eta4_rep01_fold04.csv,CV1,KW,rep01,fold04,Eta4
CV1/KW/rep01/fold04/CV1_KW_Eta5_rep01_fold04.csv,CV1_KW_Eta5_rep01_fold04.csv,CV1,KW,rep01,fold04,Eta5
CV1/KW/rep01/fold04/CV1_KW_Eta6_rep01_fold04.csv,CV1_KW_Eta6_rep01_fold04.csv,CV1,KW,rep01,fold04,Eta6
CV1/KW/rep01/fold04/CV1_KW_Eta7_rep01_fold04.csv,CV1_KW_Eta7_rep01_fold04.csv,CV1,KW,rep01,fold04,Eta7
CV1/KW/rep01/fold04/CV1_KW_Eta8_rep01_fold04.csv,CV1_KW_Eta8_rep01_fold04.csv,CV1,KW,rep01,fold04,Eta8
CV1/KW/rep01/fold04/CV1_KW_Eta9_rep01_fold04.csv,CV1_KW_Eta9_rep01_fold04.csv,CV1,KW,rep01,fold04,Eta9
CV1/KW/rep01/fold05/CV1_KW_Eta1_rep01_fold05.csv,CV1_KW_Eta1_rep01_fold05.csv,CV1,KW,rep01,fold05,Eta1
CV1/KW/rep01/fold05/CV1_KW_Eta10_rep01_fold05.csv,CV1_KW_Eta10_rep01_fold05.csv,CV1,KW,rep01,fold05,Eta10
CV1/KW/rep01/fold05/CV1_KW_Eta11_rep01_fold05.csv,CV1_KW_Eta11_rep01_fold05.csv,CV1,KW,rep01,fold05,Eta11
CV1/KW/rep01/fold05/CV1_KW_Eta12_rep01_fold05.csv,CV1_KW_Eta12_rep01_fold05.csv,CV1,KW,rep01,fold05,Eta12
CV1/KW/rep01/fold05/CV1_KW_Eta13_rep01_fold05.csv,CV1_KW_Eta13_rep01_fold05.csv,CV1,KW,rep01,fold05,Eta13
CV1/KW/rep01/fold05/CV1_KW_Eta14_rep01_fold05.csv,CV1_KW_Eta14_rep01_fold05.csv,CV1,KW,rep01,fold05,Eta14
CV1/KW/rep01/fold05/CV1_KW_Eta15_rep01_fold05.csv,CV1_KW_Eta15_rep01_fold05.csv,CV1,KW,rep01,fold05,Eta15
CV1/KW/rep01/fold05/CV1_KW_Eta16_rep01_fold05.csv,CV1_KW_Eta16_rep01_fold05.csv,CV1,KW,rep01,fold05,Eta16
CV1/KW/rep01/fold05/CV1_KW_Eta17_rep01_fold05.csv,CV1_KW_Eta17_rep01_fold05.csv,CV1,KW,rep01,fold05,Eta17
CV1/KW/rep01/fold05/CV1_KW_Eta18_rep01_fold05.csv,CV1_KW_Eta18_rep01_fold05.csv,CV1,KW,rep01,fold05,Eta18
CV1/KW/rep01/fold05/CV1_KW_Eta2_rep01_fold05.csv,CV1_KW_Eta2_rep01_fold05.csv,CV1,KW,rep01,fold05,Eta2
CV1/KW/rep01/fold05/CV1_KW_Eta3_rep01_fold05.csv,CV1_KW_Eta3_rep01_fold05.csv,CV1,KW,rep01,fold05,Eta3
CV1/KW/rep01/fold05/CV1_KW_Eta4_rep01_fold05.csv,CV1_KW_Eta4_rep01_fold05.csv,CV1,KW,rep01,fold05,Eta4
CV1/KW/rep01/fold05/CV1_KW_Eta5_rep01_fold05.csv,CV1_KW_Eta5_rep01_fold05.csv,CV1,KW,rep01,fold05,Eta5
CV1/KW/rep01/fold05/CV1_KW_Eta6_rep01_fold05.csv,CV1_KW_Eta6_rep01_fold05.csv,CV1,KW,rep01,fold05,Eta6
CV1/KW/rep01/fold05/CV1_KW_Eta7_rep01_fold05.csv,CV1_KW_Eta7_rep01_fold05.csv,CV1,KW,rep01,fold05,Eta7
CV1/KW/rep01/fold05/CV1_KW_Eta8_rep01_fold05.csv,CV1_KW_Eta8_rep01_fold05.csv,CV1,KW,rep01,fold05,Eta8
CV1/KW/rep01/fold05/CV1_KW_Eta9_rep01_fold05.csv,CV1_KW_Eta9_rep01_fold05.csv,CV1,KW,rep01,fold05,Eta9
CV1/KW/rep02/fold01/CV1_KW_Eta1_rep02_fold01.csv,CV1_KW_Eta1_rep02_fold01.csv,CV1,KW,rep02,fold01,Eta1
CV1/KW/rep02/fold01/CV1_KW_Eta10_rep02_fold01.csv,CV1_KW_Eta10_rep02_fold01.csv,CV1,KW,rep02,fold01,Eta10
CV1/KW/rep02/fold01/CV1_KW_Eta11_rep02_fold01.csv,CV1_KW_Eta11_rep02_fold01.csv,CV1,KW,rep02,fold01,Eta11
CV1/KW/rep02/fold01/CV1_KW_Eta12_rep02_fold01.csv,CV1_KW_Eta12_rep02_fold01.csv,CV1,KW,rep02,fold01,Eta12
CV1/KW/rep02/fold01/CV1_KW_Eta13_rep02_fold01.csv,CV1_KW_Eta13_rep02_fold01.csv,CV1,KW,rep02,fold01,Eta13
CV1/KW/rep02/fold01/CV1_KW_Eta14_rep02_fold01.csv,CV1_KW_Eta14_rep02_fold01.csv,CV1,KW,rep02,fold01,Eta14
CV1/KW/rep02/fold01/CV1_KW_Eta15_rep02_fold01.csv,CV1_KW_Eta15_rep02_fold01.csv,CV1,KW,rep02,fold01,Eta15
CV1/KW/rep02/fold01/CV1_KW_Eta16_rep02_fold01.csv,CV1_KW_Eta16_rep02_fold01.csv,CV1,KW,rep02,fold01,Eta16
CV1/KW/rep02/fold01/CV1_KW_Eta17_rep02_fold01.csv,CV1_KW_Eta17_rep02_fold01.csv,CV1,KW,rep02,fold01,Eta17
CV1/KW/rep02/fold01/CV1_KW_Eta18_rep02_fold01.csv,CV1_KW_Eta18_rep02_fold01.csv,CV1,KW,rep02,fold01,Eta18
CV1/KW/rep02/fold01/CV1_KW_Eta2_rep02_fold01.csv,CV1_KW_Eta2_rep02_fold01.csv,CV1,KW,rep02,fold01,Eta2
CV1/KW/rep02/fold01/CV1_KW_Eta3_rep02_fold01.csv,CV1_KW_Eta3_rep02_fold01.csv,CV1,KW,rep02,fold01,Eta3
CV1/KW/rep02/fold01/CV1_KW_Eta4_rep02_fold01.csv,CV1_KW_Eta4_rep02_fold01.csv,CV1,KW,rep02,fold01,Eta4
CV1/KW/rep02/fold01/CV1_KW_Eta5_rep02_fold01.csv,CV1_KW_Eta5_rep02_fold01.csv,CV1,KW,rep02,fold01,Eta5
CV1/KW/rep02/fold01/CV1_KW_Eta6_rep02_fold01.csv,CV1_KW_Eta6_rep02_fold01.csv,CV1,KW,rep02,fold01,Eta6
CV1/KW/rep02/fold01/CV1_KW_Eta7_rep02_fold01.csv,CV1_KW_Eta7_rep02_fold01.csv,CV1,KW,rep02,fold01,Eta7
CV1/KW/rep02/fold01/CV1_KW_Eta8_rep02_fold01.csv,CV1_KW_Eta8_rep02_fold01.csv,CV1,KW,rep02,fold01,Eta8
CV1/KW/rep02/fold01/CV1_KW_Eta9_rep02_fold01.csv,CV1_KW_Eta9_rep02_fold01.csv,CV1,KW,rep02,fold01,Eta9
CV1/KW/rep02/fold02/CV1_KW_Eta1_rep02_fold02.csv,CV1_KW_Eta1_rep02_fold02.csv,CV1,KW,rep02,fold02,Eta1
CV1/KW/rep02/fold02/CV1_KW_Eta10_rep02_fold02.csv,CV1_KW_Eta10_rep02_fold02.csv,CV1,KW,rep02,fold02,Eta10
CV1/KW/rep02/fold02/CV1_KW_Eta11_rep02_fold02.csv,CV1_KW_Eta11_rep02_fold02.csv,CV1,KW,rep02,fold02,Eta11
CV1/KW/rep02/fold02/CV1_KW_Eta12_rep02_fold02.csv,CV1_KW_Eta12_rep02_fold02.csv,CV1,KW,rep02,fold02,Eta12
CV1/KW/rep02/fold02/CV1_KW_Eta13_rep02_fold02.csv,CV1_KW_Eta13_rep02_fold02.csv,CV1,KW,rep02,fold02,Eta13
CV1/KW/rep02/fold02/CV1_KW_Eta14_rep02_fold02.csv,CV1_KW_Eta14_rep02_fold02.csv,CV1,KW,rep02,fold02,Eta14
CV1/KW/rep02/fold02/CV1_KW_Eta15_rep02_fold02.csv,CV1_KW_Eta15_rep02_fold02.csv,CV1,KW,rep02,fold02,Eta15
CV1/KW/rep02/fold02/CV1_KW_Eta16_rep02_fold02.csv,CV1_KW_Eta16_rep02_fold02.csv,CV1,KW,rep02,fold02,Eta16
CV1/KW/rep02/fold02/CV1_KW_Eta17_rep02_fold02.csv,CV1_KW_Eta17_rep02_fold02.csv,CV1,KW,rep02,fold02,Eta17
CV1/KW/rep02/fold02/CV1_KW_Eta18_rep02_fold02.csv,CV1_KW_Eta18_rep02_fold02.csv,CV1,KW,rep02,fold02,Eta18
CV1/KW/rep02/fold02/CV1_KW_Eta2_rep02_fold02.csv,CV1_KW_Eta2_rep02_fold02.csv,CV1,KW,rep02,fold02,Eta2
CV1/KW/rep02/fold02/CV1_KW_Eta3_rep02_fold02.csv,CV1_KW_Eta3_rep02_fold02.csv,CV1,KW,rep02,fold02,Eta3
CV1/KW/rep02/fold02/CV1_KW_Eta4_rep02_fold02.csv,CV1_KW_Eta4_rep02_fold02.csv,CV1,KW,rep02,fold02,Eta4
CV1/KW/rep02/fold02/CV1_KW_Eta5_rep02_fold02.csv,CV1_KW_Eta5_rep02_fold02.csv,CV1,KW,rep02,fold02,Eta5
CV1/KW/rep02/fold02/CV1_KW_Eta6_rep02_fold02.csv,CV1_KW_Eta6_rep02_fold02.csv,CV1,KW,rep02,fold02,Eta6
CV1/KW/rep02/fold02/CV1_KW_Eta7_rep02_fold02.csv,CV1_KW_Eta7_rep02_fold02.csv,CV1,KW,rep02,fold02,Eta7
CV1/KW/rep02/fold02/CV1_KW_Eta8_rep02_fold02.csv,CV1_KW_Eta8_rep02_fold02.csv,CV1,KW,rep02,fold02,Eta8
CV1/KW/rep02/fold02/CV1_KW_Eta9_rep02_fold02.csv,CV1_KW_Eta9_rep02_fold02.csv,CV1,KW,rep02,fold02,Eta9
CV1/KW/rep02/fold03/CV1_KW_Eta1_rep02_fold03.csv,CV1_KW_Eta1_rep02_fold03.csv,CV1,KW,rep02,fold03,Eta1
CV1/KW/rep02/fold03/CV1_KW_Eta10_rep02_fold03.csv,CV1_KW_Eta10_rep02_fold03.csv,CV1,KW,rep02,fold03,Eta10
CV1/KW/rep02/fold03/CV1_KW_Eta11_rep02_fold03.csv,CV1_KW_Eta11_rep02_fold03.csv,CV1,KW,rep02,fold03,Eta11
CV1/KW/rep02/fold03/CV1_KW_Eta12_rep02_fold03.csv,CV1_KW_Eta12_rep02_fold03.csv,CV1,KW,rep02,fold03,Eta12
CV1/KW/rep02/fold03/CV1_KW_Eta13_rep02_fold03.csv,CV1_KW_Eta13_rep02_fold03.csv,CV1,KW,rep02,fold03,Eta13
CV1/KW/rep02/fold03/CV1_KW_Eta14_rep02_fold03.csv,CV1_KW_Eta14_rep02_fold03.csv,CV1,KW,rep02,fold03,Eta14
CV1/KW/rep02/fold03/CV1_KW_Eta15_rep02_fold03.csv,CV1_KW_Eta15_rep02_fold03.csv,CV1,KW,rep02,fold03,Eta15
CV1/KW/rep02/fold03/CV1_KW_Eta16_rep02_fold03.csv,CV1_KW_Eta16_rep02_fold03.csv,CV1,KW,rep02,fold03,Eta16
CV1/KW/rep02/fold03/CV1_KW_Eta17_rep02_fold03.csv,CV1_KW_Eta17_rep02_fold03.csv,CV1,KW,rep02,fold03,Eta17
CV1/KW/rep02/fold03/CV1_KW_Eta18_rep02_fold03.csv,CV1_KW_Eta18_rep02_fold03.csv,CV1,KW,rep02,fold03,Eta18
CV1/KW/rep02/fold03/CV1_KW_Eta2_rep02_fold03.csv,CV1_KW_Eta2_rep02_fold03.csv,CV1,KW,rep02,fold03,Eta2
CV1/KW/rep02/fold03/CV1_KW_Eta3_rep02_fold03.csv,CV1_KW_Eta3_rep02_fold03.csv,CV1,KW,rep02,fold03,Eta3
CV1/KW/rep02/fold03/CV1_KW_Eta4_rep02_fold03.csv,CV1_KW_Eta4_rep02_fold03.csv,CV1,KW,rep02,fold03,Eta4
CV1/KW/rep02/fold03/CV1_KW_Eta5_rep02_fold03.csv,CV1_KW_Eta5_rep02_fold03.csv,CV1,KW,rep02,fold03,Eta5
CV1/KW/rep02/fold03/CV1_KW_Eta6_rep02_fold03.csv,CV1_KW_Eta6_rep02_fold03.csv,CV1,KW,rep02,fold03,Eta6
CV1/KW/rep02/fold03/CV1_KW_Eta7_rep02_fold03.csv,CV1_KW_Eta7_rep02_fold03.csv,CV1,KW,rep02,fold03,Eta7
CV1/KW/rep02/fold03/CV1_KW_Eta8_rep02_fold03.csv,CV1_KW_Eta8_rep02_fold03.csv,CV1,KW,rep02,fold03,Eta8
CV1/KW/rep02/fold03/CV1_KW_Eta9_rep02_fold03.csv,CV1_KW_Eta9_rep02_fold03.csv,CV1,KW,rep02,fold03,Eta9
CV1/KW/rep02/fold04/CV1_KW_Eta1_rep02_fold04.csv,CV1_KW_Eta1_rep02_fold04.csv,CV1,KW,rep02,fold04,Eta1
CV1/KW/rep02/fold04/CV1_KW_Eta10_rep02_fold04.csv,CV1_KW_Eta10_rep02_fold04.csv,CV1,KW,rep02,fold04,Eta10
CV1/KW/rep02/fold04/CV1_KW_Eta11_rep02_fold04.csv,CV1_KW_Eta11_rep02_fold04.csv,CV1,KW,rep02,fold04,Eta11
CV1/KW/rep02/fold04/CV1_KW_Eta12_rep02_fold04.csv,CV1_KW_Eta12_rep02_fold04.csv,CV1,KW,rep02,fold04,Eta12
CV1/KW/rep02/fold04/CV1_KW_Eta13_rep02_fold04.csv,CV1_KW_Eta13_rep02_fold04.csv,CV1,KW,rep02,fold04,Eta13
CV1/KW/rep02/fold04/CV1_KW_Eta14_rep02_fold04.csv,CV1_KW_Eta14_rep02_fold04.csv,CV1,KW,rep02,fold04,Eta14
CV1/KW/rep02/fold04/CV1_KW_Eta15_rep02_fold04.csv,CV1_KW_Eta15_rep02_fold04.csv,CV1,KW,rep02,fold04,Eta15
CV1/KW/rep02/fold04/CV1_KW_Eta16_rep02_fold04.csv,CV1_KW_Eta16_rep02_fold04.csv,CV1,KW,rep02,fold04,Eta16
CV1/KW/rep02/fold04/CV1_KW_Eta17_rep02_fold04.csv,CV1_KW_Eta17_rep02_fold04.csv,CV1,KW,rep02,fold04,Eta17
CV1/KW/rep02/fold04/CV1_KW_Eta18_rep02_fold04.csv,CV1_KW_Eta18_rep02_fold04.csv,CV1,KW,rep02,fold04,Eta18
CV1/KW/rep02/fold04/CV1_KW_Eta2_rep02_fold04.csv,CV1_KW_Eta2_rep02_fold04.csv,CV1,KW,rep02,fold04,Eta2
CV1/KW/rep02/fold04/CV1_KW_Eta3_rep02_fold04.csv,CV1_KW_Eta3_rep02_fold04.csv,CV1,KW,rep02,fold04,Eta3
CV1/KW/rep02/fold04/CV1_KW_Eta4_rep02_fold04.csv,CV1_KW_Eta4_rep02_fold04.csv,CV1,KW,rep02,fold04,Eta4
CV1/KW/rep02/fold04/CV1_KW_Eta5_rep02_fold04.csv,CV1_KW_Eta5_rep02_fold04.csv,CV1,KW,rep02,fold04,Eta5
CV1/KW/rep02/fold04/CV1_KW_Eta6_rep02_fold04.csv,CV1_KW_Eta6_rep02_fold04.csv,CV1,KW,rep02,fold04,Eta6
CV1/KW/rep02/fold04/CV1_KW_Eta7_rep02_fold04.csv,CV1_KW_Eta7_rep02_fold04.csv,CV1,KW,rep02,fold04,Eta7
CV1/KW/rep02/fold04/CV1_KW_Eta8_rep02_fold04.csv,CV1_KW_Eta8_rep02_fold04.csv,CV1,KW,rep02,fold04,Eta8
CV1/KW/rep02/fold04/CV1_KW_Eta9_rep02_fold04.csv,CV1_KW_Eta9_rep02_fold04.csv,CV1,KW,rep02,fold04,Eta9
CV1/KW/rep02/fold05/CV1_KW_Eta1_rep02_fold05.csv,CV1_KW_Eta1_rep02_fold05.csv,CV1,KW,rep02,fold05,Eta1
CV1/KW/rep02/fold05/CV1_KW_Eta10_rep02_fold05.csv,CV1_KW_Eta10_rep02_fold05.csv,CV1,KW,rep02,fold05,Eta10
CV1/KW/rep02/fold05/CV1_KW_Eta11_rep02_fold05.csv,CV1_KW_Eta11_rep02_fold05.csv,CV1,KW,rep02,fold05,Eta11
CV1/KW/rep02/fold05/CV1_KW_Eta12_rep02_fold05.csv,CV1_KW_Eta12_rep02_fold05.csv,CV1,KW,rep02,fold05,Eta12
CV1/KW/rep02/fold05/CV1_KW_Eta13_rep02_fold05.csv,CV1_KW_Eta13_rep02_fold05.csv,CV1,KW,rep02,fold05,Eta13
CV1/KW/rep02/fold05/CV1_KW_Eta14_rep02_fold05.csv,CV1_KW_Eta14_rep02_fold05.csv,CV1,KW,rep02,fold05,Eta14
CV1/KW/rep02/fold05/CV1_KW_Eta15_rep02_fold05.csv,CV1_KW_Eta15_rep02_fold05.csv,CV1,KW,rep02,fold05,Eta15
CV1/KW/rep02/fold05/CV1_KW_Eta16_rep02_fold05.csv,CV1_KW_Eta16_rep02_fold05.csv,CV1,KW,rep02,fold05,Eta16
CV1/KW/rep02/fold05/CV1_KW_Eta17_rep02_fold05.csv,CV1_KW_Eta17_rep02_fold05.csv,CV1,KW,rep02,fold05,Eta17
CV1/KW/rep02/fold05/CV1_KW_Eta18_rep02_fold05.csv,CV1_KW_Eta18_rep02_fold05.csv,CV1,KW,rep02,fold05,Eta18
CV1/KW/rep02/fold05/CV1_KW_Eta2_rep02_fold05.csv,CV1_KW_Eta2_rep02_fold05.csv,CV1,KW,rep02,fold05,Eta2
CV1/KW/rep02/fold05/CV1_KW_Eta3_rep02_fold05.csv,CV1_KW_Eta3_rep02_fold05.csv,CV1,KW,rep02,fold05,Eta3
CV1/KW/rep02/fold05/CV1_KW_Eta4_rep02_fold05.csv,CV1_KW_Eta4_rep02_fold05.csv,CV1,KW,rep02,fold05,Eta4
CV1/KW/rep02/fold05/CV1_KW_Eta5_rep02_fold05.csv,CV1_KW_Eta5_rep02_fold05.csv,CV1,KW,rep02,fold05,Eta5
CV1/KW/rep02/fold05/CV1_KW_Eta6_rep02_fold05.csv,CV1_KW_Eta6_rep02_fold05.csv,CV1,KW,rep02,fold05,Eta6
CV1/KW/rep02/fold05/CV1_KW_Eta7_rep02_fold05.csv,CV1_KW_Eta7_rep02_fold05.csv,CV1,KW,rep02,fold05,Eta7
CV1/KW/rep02/fold05/CV1_KW_Eta8_rep02_fold05.csv,CV1_KW_Eta8_rep02_fold05.csv,CV1,KW,rep02,fold05,Eta8
CV1/KW/rep02/fold05/CV1_KW_Eta9_rep02_fold05.csv,CV1_KW_Eta9_rep02_fold05.csv,CV1,KW,rep02,fold05,Eta9
CV1/KW/rep03/fold01/CV1_KW_Eta1_rep03_fold01.csv,CV1_KW_Eta1_rep03_fold01.csv,CV1,KW,rep03,fold01,Eta1
CV1/KW/rep03/fold01/CV1_KW_Eta10_rep03_fold01.csv,CV1_KW_Eta10_rep03_fold01.csv,CV1,KW,rep03,fold01,Eta10
CV1/KW/rep03/fold01/CV1_KW_Eta11_rep03_fold01.csv,CV1_KW_Eta11_rep03_fold01.csv,CV1,KW,rep03,fold01,Eta11
CV1/KW/rep03/fold01/CV1_KW_Eta12_rep03_fold01.csv,CV1_KW_Eta12_rep03_fold01.csv,CV1,KW,rep03,fold01,Eta12
CV1/KW/rep03/fold01/CV1_KW_Eta13_rep03_fold01.csv,CV1_KW_Eta13_rep03_fold01.csv,CV1,KW,rep03,fold01,Eta13
CV1/KW/rep03/fold01/CV1_KW_Eta14_rep03_fold01.csv,CV1_KW_Eta14_rep03_fold01.csv,CV1,KW,rep03,fold01,Eta14
CV1/KW/rep03/fold01/CV1_KW_Eta15_rep03_fold01.csv,CV1_KW_Eta15_rep03_fold01.csv,CV1,KW,rep03,fold01,Eta15
CV1/KW/rep03/fold01/CV1_KW_Eta16_rep03_fold01.csv,CV1_KW_Eta16_rep03_fold01.csv,CV1,KW,rep03,fold01,Eta16
CV1/KW/rep03/fold01/CV1_KW_Eta17_rep03_fold01.csv,CV1_KW_Eta17_rep03_fold01.csv,CV1,KW,rep03,fold01,Eta17
CV1/KW/rep03/fold01/CV1_KW_Eta18_rep03_fold01.csv,CV1_KW_Eta18_rep03_fold01.csv,CV1,KW,rep03,fold01,Eta18
CV1/KW/rep03/fold01/CV1_KW_Eta2_rep03_fold01.csv,CV1_KW_Eta2_rep03_fold01.csv,CV1,KW,rep03,fold01,Eta2
CV1/KW/rep03/fold01/CV1_KW_Eta3_rep03_fold01.csv,CV1_KW_Eta3_rep03_fold01.csv,CV1,KW,rep03,fold01,Eta3
CV1/KW/rep03/fold01/CV1_KW_Eta4_rep03_fold01.csv,CV1_KW_Eta4_rep03_fold01.csv,CV1,KW,rep03,fold01,Eta4
CV1/KW/rep03/fold01/CV1_KW_Eta5_rep03_fold01.csv,CV1_KW_Eta5_rep03_fold01.csv,CV1,KW,rep03,fold01,Eta5
CV1/KW/rep03/fold01/CV1_KW_Eta6_rep03_fold01.csv,CV1_KW_Eta6_rep03_fold01.csv,CV1,KW,rep03,fold01,Eta6
CV1/KW/rep03/fold01/CV1_KW_Eta7_rep03_fold01.csv,CV1_KW_Eta7_rep03_fold01.csv,CV1,KW,rep03,fold01,Eta7
CV1/KW/rep03/fold01/CV1_KW_Eta8_rep03_fold01.csv,CV1_KW_Eta8_rep03_fold01.csv,CV1,KW,rep03,fold01,Eta8
CV1/KW/rep03/fold01/CV1_KW_Eta9_rep03_fold01.csv,CV1_KW_Eta9_rep03_fold01.csv,CV1,KW,rep03,fold01,Eta9
CV1/KW/rep03/fold02/CV1_KW_Eta1_rep03_fold02.csv,CV1_KW_Eta1_rep03_fold02.csv,CV1,KW,rep03,fold02,Eta1
CV1/KW/rep03/fold02/CV1_KW_Eta10_rep03_fold02.csv,CV1_KW_Eta10_rep03_fold02.csv,CV1,KW,rep03,fold02,Eta10
CV1/KW/rep03/fold02/CV1_KW_Eta11_rep03_fold02.csv,CV1_KW_Eta11_rep03_fold02.csv,CV1,KW,rep03,fold02,Eta11
CV1/KW/rep03/fold02/CV1_KW_Eta12_rep03_fold02.csv,CV1_KW_Eta12_rep03_fold02.csv,CV1,KW,rep03,fold02,Eta12
CV1/KW/rep03/fold02/CV1_KW_Eta13_rep03_fold02.csv,CV1_KW_Eta13_rep03_fold02.csv,CV1,KW,rep03,fold02,Eta13
CV1/KW/rep03/fold02/CV1_KW_Eta14_rep03_fold02.csv,CV1_KW_Eta14_rep03_fold02.csv,CV1,KW,rep03,fold02,Eta14
CV1/KW/rep03/fold02/CV1_KW_Eta15_rep03_fold02.csv,CV1_KW_Eta15_rep03_fold02.csv,CV1,KW,rep03,fold02,Eta15
CV1/KW/rep03/fold02/CV1_KW_Eta16_rep03_fold02.csv,CV1_KW_Eta16_rep03_fold02.csv,CV1,KW,rep03,fold02,Eta16
CV1/KW/rep03/fold02/CV1_KW_Eta17_rep03_fold02.csv,CV1_KW_Eta17_rep03_fold02.csv,CV1,KW,rep03,fold02,Eta17
CV1/KW/rep03/fold02/CV1_KW_Eta18_rep03_fold02.csv,CV1_KW_Eta18_rep03_fold02.csv,CV1,KW,rep03,fold02,Eta18
CV1/KW/rep03/fold02/CV1_KW_Eta2_rep03_fold02.csv,CV1_KW_Eta2_rep03_fold02.csv,CV1,KW,rep03,fold02,Eta2
CV1/KW/rep03/fold02/CV1_KW_Eta3_rep03_fold02.csv,CV1_KW_Eta3_rep03_fold02.csv,CV1,KW,rep03,fold02,Eta3
CV1/KW/rep03/fold02/CV1_KW_Eta4_rep03_fold02.csv,CV1_KW_Eta4_rep03_fold02.csv,CV1,KW,rep03,fold02,Eta4
CV1/KW/rep03/fold02/CV1_KW_Eta5_rep03_fold02.csv,CV1_KW_Eta5_rep03_fold02.csv,CV1,KW,rep03,fold02,Eta5
CV1/KW/rep03/fold02/CV1_KW_Eta6_rep03_fold02.csv,CV1_KW_Eta6_rep03_fold02.csv,CV1,KW,rep03,fold02,Eta6
CV1/KW/rep03/fold02/CV1_KW_Eta7_rep03_fold02.csv,CV1_KW_Eta7_rep03_fold02.csv,CV1,KW,rep03,fold02,Eta7
CV1/KW/rep03/fold02/CV1_KW_Eta8_rep03_fold02.csv,CV1_KW_Eta8_rep03_fold02.csv,CV1,KW,rep03,fold02,Eta8
CV1/KW/rep03/fold02/CV1_KW_Eta9_rep03_fold02.csv,CV1_KW_Eta9_rep03_fold02.csv,CV1,KW,rep03,fold02,Eta9
CV1/KW/rep03/fold03/CV1_KW_Eta1_rep03_fold03.csv,CV1_KW_Eta1_rep03_fold03.csv,CV1,KW,rep03,fold03,Eta1
CV1/KW/rep03/fold03/CV1_KW_Eta10_rep03_fold03.csv,CV1_KW_Eta10_rep03_fold03.csv,CV1,KW,rep03,fold03,Eta10
CV1/KW/rep03/fold03/CV1_KW_Eta11_rep03_fold03.csv,CV1_KW_Eta11_rep03_fold03.csv,CV1,KW,rep03,fold03,Eta11
CV1/KW/rep03/fold03/CV1_KW_Eta12_rep03_fold03.csv,CV1_KW_Eta12_rep03_fold03.csv,CV1,KW,rep03,fold03,Eta12
CV1/KW/rep03/fold03/CV1_KW_Eta13_rep03_fold03.csv,CV1_KW_Eta13_rep03_fold03.csv,CV1,KW,rep03,fold03,Eta13
CV1/KW/rep03/fold03/CV1_KW_Eta14_rep03_fold03.csv,CV1_KW_Eta14_rep03_fold03.csv,CV1,KW,rep03,fold03,Eta14
CV1/KW/rep03/fold03/CV1_KW_Eta15_rep03_fold03.csv,CV1_KW_Eta15_rep03_fold03.csv,CV1,KW,rep03,fold03,Eta15
CV1/KW/rep03/fold03/CV1_KW_Eta16_rep03_fold03.csv,CV1_KW_Eta16_rep03_fold03.csv,CV1,KW,rep03,fold03,Eta16
CV1/KW/rep03/fold03/CV1_KW_Eta17_rep03_fold03.csv,CV1_KW_Eta17_rep03_fold03.csv,CV1,KW,rep03,fold03,Eta17
CV1/KW/rep03/fold03/CV1_KW_Eta18_rep03_fold03.csv,CV1_KW_Eta18_rep03_fold03.csv,CV1,KW,rep03,fold03,Eta18
CV1/KW/rep03/fold03/CV1_KW_Eta2_rep03_fold03.csv,CV1_KW_Eta2_rep03_fold03.csv,CV1,KW,rep03,fold03,Eta2
CV1/KW/rep03/fold03/CV1_KW_Eta3_rep03_fold03.csv,CV1_KW_Eta3_rep03_fold03.csv,CV1,KW,rep03,fold03,Eta3
CV1/KW/rep03/fold03/CV1_KW_Eta4_rep03_fold03.csv,CV1_KW_Eta4_rep03_fold03.csv,CV1,KW,rep03,fold03,Eta4
CV1/KW/rep03/fold03/CV1_KW_Eta5_rep03_fold03.csv,CV1_KW_Eta5_rep03_fold03.csv,CV1,KW,rep03,fold03,Eta5
CV1/KW/rep03/fold03/CV1_KW_Eta6_rep03_fold03.csv,CV1_KW_Eta6_rep03_fold03.csv,CV1,KW,rep03,fold03,Eta6
CV1/KW/rep03/fold03/CV1_KW_Eta7_rep03_fold03.csv,CV1_KW_Eta7_rep03_fold03.csv,CV1,KW,rep03,fold03,Eta7
CV1/KW/rep03/fold03/CV1_KW_Eta8_rep03_fold03.csv,CV1_KW_Eta8_rep03_fold03.csv,CV1,KW,rep03,fold03,Eta8
CV1/KW/rep03/fold03/CV1_KW_Eta9_rep03_fold03.csv,CV1_KW_Eta9_rep03_fold03.csv,CV1,KW,rep03,fold03,Eta9
CV1/KW/rep03/fold04/CV1_KW_Eta1_rep03_fold04.csv,CV1_KW_Eta1_rep03_fold04.csv,CV1,KW,rep03,fold04,Eta1
CV1/KW/rep03/fold04/CV1_KW_Eta10_rep03_fold04.csv,CV1_KW_Eta10_rep03_fold04.csv,CV1,KW,rep03,fold04,Eta10
CV1/KW/rep03/fold04/CV1_KW_Eta11_rep03_fold04.csv,CV1_KW_Eta11_rep03_fold04.csv,CV1,KW,rep03,fold04,Eta11
CV1/KW/rep03/fold04/CV1_KW_Eta12_rep03_fold04.csv,CV1_KW_Eta12_rep03_fold04.csv,CV1,KW,rep03,fold04,Eta12
CV1/KW/rep03/fold04/CV1_KW_Eta13_rep03_fold04.csv,CV1_KW_Eta13_rep03_fold04.csv,CV1,KW,rep03,fold04,Eta13
CV1/KW/rep03/fold04/CV1_KW_Eta14_rep03_fold04.csv,CV1_KW_Eta14_rep03_fold04.csv,CV1,KW,rep03,fold04,Eta14
CV1/KW/rep03/fold04/CV1_KW_Eta15_rep03_fold04.csv,CV1_KW_Eta15_rep03_fold04.csv,CV1,KW,rep03,fold04,Eta15
CV1/KW/rep03/fold04/CV1_KW_Eta16_rep03_fold04.csv,CV1_KW_Eta16_rep03_fold04.csv,CV1,KW,rep03,fold04,Eta16
CV1/KW/rep03/fold04/CV1_KW_Eta17_rep03_fold04.csv,CV1_KW_Eta17_rep03_fold04.csv,CV1,KW,rep03,fold04,Eta17
CV1/KW/rep03/fold04/CV1_KW_Eta18_rep03_fold04.csv,CV1_KW_Eta18_rep03_fold04.csv,CV1,KW,rep03,fold04,Eta18
CV1/KW/rep03/fold04/CV1_KW_Eta2_rep03_fold04.csv,CV1_KW_Eta2_rep03_fold04.csv,CV1,KW,rep03,fold04,Eta2
CV1/KW/rep03/fold04/CV1_KW_Eta3_rep03_fold04.csv,CV1_KW_Eta3_rep03_fold04.csv,CV1,KW,rep03,fold04,Eta3
CV1/KW/rep03/fold04/CV1_KW_Eta4_rep03_fold04.csv,CV1_KW_Eta4_rep03_fold04.csv,CV1,KW,rep03,fold04,Eta4
CV1/KW/rep03/fold04/CV1_KW_Eta5_rep03_fold04.csv,CV1_KW_Eta5_rep03_fold04.csv,CV1,KW,rep03,fold04,Eta5
CV1/KW/rep03/fold04/CV1_KW_Eta6_rep03_fold04.csv,CV1_KW_Eta6_rep03_fold04.csv,CV1,KW,rep03,fold04,Eta6
CV1/KW/rep03/fold04/CV1_KW_Eta7_rep03_fold04.csv,CV1_KW_Eta7_rep03_fold04.csv,CV1,KW,rep03,fold04,Eta7
CV1/KW/rep03/fold04/CV1_KW_Eta8_rep03_fold04.csv,CV1_KW_Eta8_rep03_fold04.csv,CV1,KW,rep03,fold04,Eta8
CV1/KW/rep03/fold04/CV1_KW_Eta9_rep03_fold04.csv,CV1_KW_Eta9_rep03_fold04.csv,CV1,KW,rep03,fold04,Eta9
CV1/KW/rep03/fold05/CV1_KW_Eta1_rep03_fold05.csv,CV1_KW_Eta1_rep03_fold05.csv,CV1,KW,rep03,fold05,Eta1
CV1/KW/rep03/fold05/CV1_KW_Eta10_rep03_fold05.csv,CV1_KW_Eta10_rep03_fold05.csv,CV1,KW,rep03,fold05,Eta10
CV1/KW/rep03/fold05/CV1_KW_Eta11_rep03_fold05.csv,CV1_KW_Eta11_rep03_fold05.csv,CV1,KW,rep03,fold05,Eta11
CV1/KW/rep03/fold05/CV1_KW_Eta12_rep03_fold05.csv,CV1_KW_Eta12_rep03_fold05.csv,CV1,KW,rep03,fold05,Eta12
CV1/KW/rep03/fold05/CV1_KW_Eta13_rep03_fold05.csv,CV1_KW_Eta13_rep03_fold05.csv,CV1,KW,rep03,fold05,Eta13
CV1/KW/rep03/fold05/CV1_KW_Eta14_rep03_fold05.csv,CV1_KW_Eta14_rep03_fold05.csv,CV1,KW,rep03,fold05,Eta14
CV1/KW/rep03/fold05/CV1_KW_Eta15_rep03_fold05.csv,CV1_KW_Eta15_rep03_fold05.csv,CV1,KW,rep03,fold05,Eta15
CV1/KW/rep03/fold05/CV1_KW_Eta16_rep03_fold05.csv,CV1_KW_Eta16_rep03_fold05.csv,CV1,KW,rep03,fold05,Eta16
CV1/KW/rep03/fold05/CV1_KW_Eta17_rep03_fold05.csv,CV1_KW_Eta17_rep03_fold05.csv,CV1,KW,rep03,fold05,Eta17
CV1/KW/rep03/fold05/CV1_KW_Eta18_rep03_fold05.csv,CV1_KW_Eta18_rep03_fold05.csv,CV1,KW,rep03,fold05,Eta18
CV1/KW/rep03/fold05/CV1_KW_Eta2_rep03_fold05.csv,CV1_KW_Eta2_rep03_fold05.csv,CV1,KW,rep03,fold05,Eta2
CV1/KW/rep03/fold05/CV1_KW_Eta3_rep03_fold05.csv,CV1_KW_Eta3_rep03_fold05.csv,CV1,KW,rep03,fold05,Eta3
CV1/KW/rep03/fold05/CV1_KW_Eta4_rep03_fold05.csv,CV1_KW_Eta4_rep03_fold05.csv,CV1,KW,rep03,fold05,Eta4
CV1/KW/rep03/fold05/CV1_KW_Eta5_rep03_fold05.csv,CV1_KW_Eta5_rep03_fold05.csv,CV1,KW,rep03,fold05,Eta5
CV1/KW/rep03/fold05/CV1_KW_Eta6_rep03_fold05.csv,CV1_KW_Eta6_rep03_fold05.csv,CV1,KW,rep03,fold05,Eta6
CV1/KW/rep03/fold05/CV1_KW_Eta7_rep03_fold05.csv,CV1_KW_Eta7_rep03_fold05.csv,CV1,KW,rep03,fold05,Eta7
CV1/KW/rep03/fold05/CV1_KW_Eta8_rep03_fold05.csv,CV1_KW_Eta8_rep03_fold05.csv,CV1,KW,rep03,fold05,Eta8
CV1/KW/rep03/fold05/CV1_KW_Eta9_rep03_fold05.csv,CV1_KW_Eta9_rep03_fold05.csv,CV1,KW,rep03,fold05,Eta9
CV1/KW/rep04/fold01/CV1_KW_Eta1_rep04_fold01.csv,CV1_KW_Eta1_rep04_fold01.csv,CV1,KW,rep04,fold01,Eta1
CV1/KW/rep04/fold01/CV1_KW_Eta10_rep04_fold01.csv,CV1_KW_Eta10_rep04_fold01.csv,CV1,KW,rep04,fold01,Eta10
CV1/KW/rep04/fold01/CV1_KW_Eta11_rep04_fold01.csv,CV1_KW_Eta11_rep04_fold01.csv,CV1,KW,rep04,fold01,Eta11
CV1/KW/rep04/fold01/CV1_KW_Eta12_rep04_fold01.csv,CV1_KW_Eta12_rep04_fold01.csv,CV1,KW,rep04,fold01,Eta12
CV1/KW/rep04/fold01/CV1_KW_Eta13_rep04_fold01.csv,CV1_KW_Eta13_rep04_fold01.csv,CV1,KW,rep04,fold01,Eta13
CV1/KW/rep04/fold01/CV1_KW_Eta14_rep04_fold01.csv,CV1_KW_Eta14_rep04_fold01.csv,CV1,KW,rep04,fold01,Eta14
CV1/KW/rep04/fold01/CV1_KW_Eta15_rep04_fold01.csv,CV1_KW_Eta15_rep04_fold01.csv,CV1,KW,rep04,fold01,Eta15
CV1/KW/rep04/fold01/CV1_KW_Eta16_rep04_fold01.csv,CV1_KW_Eta16_rep04_fold01.csv,CV1,KW,rep04,fold01,Eta16
CV1/KW/rep04/fold01/CV1_KW_Eta17_rep04_fold01.csv,CV1_KW_Eta17_rep04_fold01.csv,CV1,KW,rep04,fold01,Eta17
CV1/KW/rep04/fold01/CV1_KW_Eta18_rep04_fold01.csv,CV1_KW_Eta18_rep04_fold01.csv,CV1,KW,rep04,fold01,Eta18
CV1/KW/rep04/fold01/CV1_KW_Eta2_rep04_fold01.csv,CV1_KW_Eta2_rep04_fold01.csv,CV1,KW,rep04,fold01,Eta2
CV1/KW/rep04/fold01/CV1_KW_Eta3_rep04_fold01.csv,CV1_KW_Eta3_rep04_fold01.csv,CV1,KW,rep04,fold01,Eta3
CV1/KW/rep04/fold01/CV1_KW_Eta4_rep04_fold01.csv,CV1_KW_Eta4_rep04_fold01.csv,CV1,KW,rep04,fold01,Eta4
CV1/KW/rep04/fold01/CV1_KW_Eta5_rep04_fold01.csv,CV1_KW_Eta5_rep04_fold01.csv,CV1,KW,rep04,fold01,Eta5
CV1/KW/rep04/fold01/CV1_KW_Eta6_rep04_fold01.csv,CV1_KW_Eta6_rep04_fold01.csv,CV1,KW,rep04,fold01,Eta6
CV1/KW/rep04/fold01/CV1_KW_Eta7_rep04_fold01.csv,CV1_KW_Eta7_rep04_fold01.csv,CV1,KW,rep04,fold01,Eta7
CV1/KW/rep04/fold01/CV1_KW_Eta8_rep04_fold01.csv,CV1_KW_Eta8_rep04_fold01.csv,CV1,KW,rep04,fold01,Eta8
CV1/KW/rep04/fold01/CV1_KW_Eta9_rep04_fold01.csv,CV1_KW_Eta9_rep04_fold01.csv,CV1,KW,rep04,fold01,Eta9
CV1/KW/rep04/fold02/CV1_KW_Eta1_rep04_fold02.csv,CV1_KW_Eta1_rep04_fold02.csv,CV1,KW,rep04,fold02,Eta1
CV1/KW/rep04/fold02/CV1_KW_Eta10_rep04_fold02.csv,CV1_KW_Eta10_rep04_fold02.csv,CV1,KW,rep04,fold02,Eta10
CV1/KW/rep04/fold02/CV1_KW_Eta11_rep04_fold02.csv,CV1_KW_Eta11_rep04_fold02.csv,CV1,KW,rep04,fold02,Eta11
CV1/KW/rep04/fold02/CV1_KW_Eta12_rep04_fold02.csv,CV1_KW_Eta12_rep04_fold02.csv,CV1,KW,rep04,fold02,Eta12
CV1/KW/rep04/fold02/CV1_KW_Eta13_rep04_fold02.csv,CV1_KW_Eta13_rep04_fold02.csv,CV1,KW,rep04,fold02,Eta13
CV1/KW/rep04/fold02/CV1_KW_Eta14_rep04_fold02.csv,CV1_KW_Eta14_rep04_fold02.csv,CV1,KW,rep04,fold02,Eta14
CV1/KW/rep04/fold02/CV1_KW_Eta15_rep04_fold02.csv,CV1_KW_Eta15_rep04_fold02.csv,CV1,KW,rep04,fold02,Eta15
CV1/KW/rep04/fold02/CV1_KW_Eta16_rep04_fold02.csv,CV1_KW_Eta16_rep04_fold02.csv,CV1,KW,rep04,fold02,Eta16
CV1/KW/rep04/fold02/CV1_KW_Eta17_rep04_fold02.csv,CV1_KW_Eta17_rep04_fold02.csv,CV1,KW,rep04,fold02,Eta17
CV1/KW/rep04/fold02/CV1_KW_Eta18_rep04_fold02.csv,CV1_KW_Eta18_rep04_fold02.csv,CV1,KW,rep04,fold02,Eta18
CV1/KW/rep04/fold02/CV1_KW_Eta2_rep04_fold02.csv,CV1_KW_Eta2_rep04_fold02.csv,CV1,KW,rep04,fold02,Eta2
CV1/KW/rep04/fold02/CV1_KW_Eta3_rep04_fold02.csv,CV1_KW_Eta3_rep04_fold02.csv,CV1,KW,rep04,fold02,Eta3
CV1/KW/rep04/fold02/CV1_KW_Eta4_rep04_fold02.csv,CV1_KW_Eta4_rep04_fold02.csv,CV1,KW,rep04,fold02,Eta4
CV1/KW/rep04/fold02/CV1_KW_Eta5_rep04_fold02.csv,CV1_KW_Eta5_rep04_fold02.csv,CV1,KW,rep04,fold02,Eta5
CV1/KW/rep04/fold02/CV1_KW_Eta6_rep04_fold02.csv,CV1_KW_Eta6_rep04_fold02.csv,CV1,KW,rep04,fold02,Eta6
CV1/KW/rep04/fold02/CV1_KW_Eta7_rep04_fold02.csv,CV1_KW_Eta7_rep04_fold02.csv,CV1,KW,rep04,fold02,Eta7
CV1/KW/rep04/fold02/CV1_KW_Eta8_rep04_fold02.csv,CV1_KW_Eta8_rep04_fold02.csv,CV1,KW,rep04,fold02,Eta8
CV1/KW/rep04/fold02/CV1_KW_Eta9_rep04_fold02.csv,CV1_KW_Eta9_rep04_fold02.csv,CV1,KW,rep04,fold02,Eta9
CV1/KW/rep04/fold03/CV1_KW_Eta1_rep04_fold03.csv,CV1_KW_Eta1_rep04_fold03.csv,CV1,KW,rep04,fold03,Eta1
CV1/KW/rep04/fold03/CV1_KW_Eta10_rep04_fold03.csv,CV1_KW_Eta10_rep04_fold03.csv,CV1,KW,rep04,fold03,Eta10
CV1/KW/rep04/fold03/CV1_KW_Eta11_rep04_fold03.csv,CV1_KW_Eta11_rep04_fold03.csv,CV1,KW,rep04,fold03,Eta11
CV1/KW/rep04/fold03/CV1_KW_Eta12_rep04_fold03.csv,CV1_KW_Eta12_rep04_fold03.csv,CV1,KW,rep04,fold03,Eta12
CV1/KW/rep04/fold03/CV1_KW_Eta13_rep04_fold03.csv,CV1_KW_Eta13_rep04_fold03.csv,CV1,KW,rep04,fold03,Eta13
CV1/KW/rep04/fold03/CV1_KW_Eta14_rep04_fold03.csv,CV1_KW_Eta14_rep04_fold03.csv,CV1,KW,rep04,fold03,Eta14
CV1/KW/rep04/fold03/CV1_KW_Eta15_rep04_fold03.csv,CV1_KW_Eta15_rep04_fold03.csv,CV1,KW,rep04,fold03,Eta15
CV1/KW/rep04/fold03/CV1_KW_Eta16_rep04_fold03.csv,CV1_KW_Eta16_rep04_fold03.csv,CV1,KW,rep04,fold03,Eta16
CV1/KW/rep04/fold03/CV1_KW_Eta17_rep04_fold03.csv,CV1_KW_Eta17_rep04_fold03.csv,CV1,KW,rep04,fold03,Eta17
CV1/KW/rep04/fold03/CV1_KW_Eta18_rep04_fold03.csv,CV1_KW_Eta18_rep04_fold03.csv,CV1,KW,rep04,fold03,Eta18
CV1/KW/rep04/fold03/CV1_KW_Eta2_rep04_fold03.csv,CV1_KW_Eta2_rep04_fold03.csv,CV1,KW,rep04,fold03,Eta2
CV1/KW/rep04/fold03/CV1_KW_Eta3_rep04_fold03.csv,CV1_KW_Eta3_rep04_fold03.csv,CV1,KW,rep04,fold03,Eta3
CV1/KW/rep04/fold03/CV1_KW_Eta4_rep04_fold03.csv,CV1_KW_Eta4_rep04_fold03.csv,CV1,KW,rep04,fold03,Eta4
CV1/KW/rep04/fold03/CV1_KW_Eta5_rep04_fold03.csv,CV1_KW_Eta5_rep04_fold03.csv,CV1,KW,rep04,fold03,Eta5
CV1/KW/rep04/fold03/CV1_KW_Eta6_rep04_fold03.csv,CV1_KW_Eta6_rep04_fold03.csv,CV1,KW,rep04,fold03,Eta6
CV1/KW/rep04/fold03/CV1_KW_Eta7_rep04_fold03.csv,CV1_KW_Eta7_rep04_fold03.csv,CV1,KW,rep04,fold03,Eta7
CV1/KW/rep04/fold03/CV1_KW_Eta8_rep04_fold03.csv,CV1_KW_Eta8_rep04_fold03.csv,CV1,KW,rep04,fold03,Eta8
CV1/KW/rep04/fold03/CV1_KW_Eta9_rep04_fold03.csv,CV1_KW_Eta9_rep04_fold03.csv,CV1,KW,rep04,fold03,Eta9
CV1/KW/rep04/fold04/CV1_KW_Eta1_rep04_fold04.csv,CV1_KW_Eta1_rep04_fold04.csv,CV1,KW,rep04,fold04,Eta1
CV1/KW/rep04/fold04/CV1_KW_Eta10_rep04_fold04.csv,CV1_KW_Eta10_rep04_fold04.csv,CV1,KW,rep04,fold04,Eta10
CV1/KW/rep04/fold04/CV1_KW_Eta11_rep04_fold04.csv,CV1_KW_Eta11_rep04_fold04.csv,CV1,KW,rep04,fold04,Eta11
CV1/KW/rep04/fold04/CV1_KW_Eta12_rep04_fold04.csv,CV1_KW_Eta12_rep04_fold04.csv,CV1,KW,rep04,fold04,Eta12
CV1/KW/rep04/fold04/CV1_KW_Eta13_rep04_fold04.csv,CV1_KW_Eta13_rep04_fold04.csv,CV1,KW,rep04,fold04,Eta13
CV1/KW/rep04/fold04/CV1_KW_Eta14_rep04_fold04.csv,CV1_KW_Eta14_rep04_fold04.csv,CV1,KW,rep04,fold04,Eta14
CV1/KW/rep04/fold04/CV1_KW_Eta15_rep04_fold04.csv,CV1_KW_Eta15_rep04_fold04.csv,CV1,KW,rep04,fold04,Eta15
CV1/KW/rep04/fold04/CV1_KW_Eta16_rep04_fold04.csv,CV1_KW_Eta16_rep04_fold04.csv,CV1,KW,rep04,fold04,Eta16
CV1/KW/rep04/fold04/CV1_KW_Eta17_rep04_fold04.csv,CV1_KW_Eta17_rep04_fold04.csv,CV1,KW,rep04,fold04,Eta17
CV1/KW/rep04/fold04/CV1_KW_Eta18_rep04_fold04.csv,CV1_KW_Eta18_rep04_fold04.csv,CV1,KW,rep04,fold04,Eta18
CV1/KW/rep04/fold04/CV1_KW_Eta2_rep04_fold04.csv,CV1_KW_Eta2_rep04_fold04.csv,CV1,KW,rep04,fold04,Eta2
CV1/KW/rep04/fold04/CV1_KW_Eta3_rep04_fold04.csv,CV1_KW_Eta3_rep04_fold04.csv,CV1,KW,rep04,fold04,Eta3
CV1/KW/rep04/fold04/CV1_KW_Eta4_rep04_fold04.csv,CV1_KW_Eta4_rep04_fold04.csv,CV1,KW,rep04,fold04,Eta4
CV1/KW/rep04/fold04/CV1_KW_Eta5_rep04_fold04.csv,CV1_KW_Eta5_rep04_fold04.csv,CV1,KW,rep04,fold04,Eta5
CV1/KW/rep04/fold04/CV1_KW_Eta6_rep04_fold04.csv,CV1_KW_Eta6_rep04_fold04.csv,CV1,KW,rep04,fold04,Eta6
CV1/KW/rep04/fold04/CV1_KW_Eta7_rep04_fold04.csv,CV1_KW_Eta7_rep04_fold04.csv,CV1,KW,rep04,fold04,Eta7
CV1/KW/rep04/fold04/CV1_KW_Eta8_rep04_fold04.csv,CV1_KW_Eta8_rep04_fold04.csv,CV1,KW,rep04,fold04,Eta8
CV1/KW/rep04/fold04/CV1_KW_Eta9_rep04_fold04.csv,CV1_KW_Eta9_rep04_fold04.csv,CV1,KW,rep04,fold04,Eta9
CV1/KW/rep04/fold05/CV1_KW_Eta1_rep04_fold05.csv,CV1_KW_Eta1_rep04_fold05.csv,CV1,KW,rep04,fold05,Eta1
CV1/KW/rep04/fold05/CV1_KW_Eta10_rep04_fold05.csv,CV1_KW_Eta10_rep04_fold05.csv,CV1,KW,rep04,fold05,Eta10
CV1/KW/rep04/fold05/CV1_KW_Eta11_rep04_fold05.csv,CV1_KW_Eta11_rep04_fold05.csv,CV1,KW,rep04,fold05,Eta11
CV1/KW/rep04/fold05/CV1_KW_Eta12_rep04_fold05.csv,CV1_KW_Eta12_rep04_fold05.csv,CV1,KW,rep04,fold05,Eta12
CV1/KW/rep04/fold05/CV1_KW_Eta13_rep04_fold05.csv,CV1_KW_Eta13_rep04_fold05.csv,CV1,KW,rep04,fold05,Eta13
CV1/KW/rep04/fold05/CV1_KW_Eta14_rep04_fold05.csv,CV1_KW_Eta14_rep04_fold05.csv,CV1,KW,rep04,fold05,Eta14
CV1/KW/rep04/fold05/CV1_KW_Eta15_rep04_fold05.csv,CV1_KW_Eta15_rep04_fold05.csv,CV1,KW,rep04,fold05,Eta15
CV1/KW/rep04/fold05/CV1_KW_Eta16_rep04_fold05.csv,CV1_KW_Eta16_rep04_fold05.csv,CV1,KW,rep04,fold05,Eta16
CV1/KW/rep04/fold05/CV1_KW_Eta17_rep04_fold05.csv,CV1_KW_Eta17_rep04_fold05.csv,CV1,KW,rep04,fold05,Eta17
CV1/KW/rep04/fold05/CV1_KW_Eta18_rep04_fold05.csv,CV1_KW_Eta18_rep04_fold05.csv,CV1,KW,rep04,fold05,Eta18
CV1/KW/rep04/fold05/CV1_KW_Eta2_rep04_fold05.csv,CV1_KW_Eta2_rep04_fold05.csv,CV1,KW,rep04,fold05,Eta2
CV1/KW/rep04/fold05/CV1_KW_Eta3_rep04_fold05.csv,CV1_KW_Eta3_rep04_fold05.csv,CV1,KW,rep04,fold05,Eta3
CV1/KW/rep04/fold05/CV1_KW_Eta4_rep04_fold05.csv,CV1_KW_Eta4_rep04_fold05.csv,CV1,KW,rep04,fold05,Eta4
CV1/KW/rep04/fold05/CV1_KW_Eta5_rep04_fold05.csv,CV1_KW_Eta5_rep04_fold05.csv,CV1,KW,rep04,fold05,Eta5
CV1/KW/rep04/fold05/CV1_KW_Eta6_rep04_fold05.csv,CV1_KW_Eta6_rep04_fold05.csv,CV1,KW,rep04,fold05,Eta6
CV1/KW/rep04/fold05/CV1_KW_Eta7_rep04_fold05.csv,CV1_KW_Eta7_rep04_fold05.csv,CV1,KW,rep04,fold05,Eta7
CV1/KW/rep04/fold05/CV1_KW_Eta8_rep04_fold05.csv,CV1_KW_Eta8_rep04_fold05.csv,CV1,KW,rep04,fold05,Eta8
CV1/KW/rep04/fold05/CV1_KW_Eta9_rep04_fold05.csv,CV1_KW_Eta9_rep04_fold05.csv,CV1,KW,rep04,fold05,Eta9
CV1/KW/rep05/fold01/CV1_KW_Eta1_rep05_fold01.csv,CV1_KW_Eta1_rep05_fold01.csv,CV1,KW,rep05,fold01,Eta1
CV1/KW/rep05/fold01/CV1_KW_Eta10_rep05_fold01.csv,CV1_KW_Eta10_rep05_fold01.csv,CV1,KW,rep05,fold01,Eta10
CV1/KW/rep05/fold01/CV1_KW_Eta11_rep05_fold01.csv,CV1_KW_Eta11_rep05_fold01.csv,CV1,KW,rep05,fold01,Eta11
CV1/KW/rep05/fold01/CV1_KW_Eta12_rep05_fold01.csv,CV1_KW_Eta12_rep05_fold01.csv,CV1,KW,rep05,fold01,Eta12
CV1/KW/rep05/fold01/CV1_KW_Eta13_rep05_fold01.csv,CV1_KW_Eta13_rep05_fold01.csv,CV1,KW,rep05,fold01,Eta13
CV1/KW/rep05/fold01/CV1_KW_Eta14_rep05_fold01.csv,CV1_KW_Eta14_rep05_fold01.csv,CV1,KW,rep05,fold01,Eta14
CV1/KW/rep05/fold01/CV1_KW_Eta15_rep05_fold01.csv,CV1_KW_Eta15_rep05_fold01.csv,CV1,KW,rep05,fold01,Eta15
CV1/KW/rep05/fold01/CV1_KW_Eta16_rep05_fold01.csv,CV1_KW_Eta16_rep05_fold01.csv,CV1,KW,rep05,fold01,Eta16
CV1/KW/rep05/fold01/CV1_KW_Eta17_rep05_fold01.csv,CV1_KW_Eta17_rep05_fold01.csv,CV1,KW,rep05,fold01,Eta17
CV1/KW/rep05/fold01/CV1_KW_Eta18_rep05_fold01.csv,CV1_KW_Eta18_rep05_fold01.csv,CV1,KW,rep05,fold01,Eta18
CV1/KW/rep05/fold01/CV1_KW_Eta2_rep05_fold01.csv,CV1_KW_Eta2_rep05_fold01.csv,CV1,KW,rep05,fold01,Eta2
CV1/KW/rep05/fold01/CV1_KW_Eta3_rep05_fold01.csv,CV1_KW_Eta3_rep05_fold01.csv,CV1,KW,rep05,fold01,Eta3
CV1/KW/rep05/fold01/CV1_KW_Eta4_rep05_fold01.csv,CV1_KW_Eta4_rep05_fold01.csv,CV1,KW,rep05,fold01,Eta4
CV1/KW/rep05/fold01/CV1_KW_Eta5_rep05_fold01.csv,CV1_KW_Eta5_rep05_fold01.csv,CV1,KW,rep05,fold01,Eta5
CV1/KW/rep05/fold01/CV1_KW_Eta6_rep05_fold01.csv,CV1_KW_Eta6_rep05_fold01.csv,CV1,KW,rep05,fold01,Eta6
CV1/KW/rep05/fold01/CV1_KW_Eta7_rep05_fold01.csv,CV1_KW_Eta7_rep05_fold01.csv,CV1,KW,rep05,fold01,Eta7
CV1/KW/rep05/fold01/CV1_KW_Eta8_rep05_fold01.csv,CV1_KW_Eta8_rep05_fold01.csv,CV1,KW,rep05,fold01,Eta8
CV1/KW/rep05/fold01/CV1_KW_Eta9_rep05_fold01.csv,CV1_KW_Eta9_rep05_fold01.csv,CV1,KW,rep05,fold01,Eta9
CV1/KW/rep05/fold02/CV1_KW_Eta1_rep05_fold02.csv,CV1_KW_Eta1_rep05_fold02.csv,CV1,KW,rep05,fold02,Eta1
CV1/KW/rep05/fold02/CV1_KW_Eta10_rep05_fold02.csv,CV1_KW_Eta10_rep05_fold02.csv,CV1,KW,rep05,fold02,Eta10
CV1/KW/rep05/fold02/CV1_KW_Eta11_rep05_fold02.csv,CV1_KW_Eta11_rep05_fold02.csv,CV1,KW,rep05,fold02,Eta11
CV1/KW/rep05/fold02/CV1_KW_Eta12_rep05_fold02.csv,CV1_KW_Eta12_rep05_fold02.csv,CV1,KW,rep05,fold02,Eta12
CV1/KW/rep05/fold02/CV1_KW_Eta13_rep05_fold02.csv,CV1_KW_Eta13_rep05_fold02.csv,CV1,KW,rep05,fold02,Eta13
CV1/KW/rep05/fold02/CV1_KW_Eta14_rep05_fold02.csv,CV1_KW_Eta14_rep05_fold02.csv,CV1,KW,rep05,fold02,Eta14
CV1/KW/rep05/fold02/CV1_KW_Eta15_rep05_fold02.csv,CV1_KW_Eta15_rep05_fold02.csv,CV1,KW,rep05,fold02,Eta15
CV1/KW/rep05/fold02/CV1_KW_Eta16_rep05_fold02.csv,CV1_KW_Eta16_rep05_fold02.csv,CV1,KW,rep05,fold02,Eta16
CV1/KW/rep05/fold02/CV1_KW_Eta17_rep05_fold02.csv,CV1_KW_Eta17_rep05_fold02.csv,CV1,KW,rep05,fold02,Eta17
CV1/KW/rep05/fold02/CV1_KW_Eta18_rep05_fold02.csv,CV1_KW_Eta18_rep05_fold02.csv,CV1,KW,rep05,fold02,Eta18
CV1/KW/rep05/fold02/CV1_KW_Eta2_rep05_fold02.csv,CV1_KW_Eta2_rep05_fold02.csv,CV1,KW,rep05,fold02,Eta2
CV1/KW/rep05/fold02/CV1_KW_Eta3_rep05_fold02.csv,CV1_KW_Eta3_rep05_fold02.csv,CV1,KW,rep05,fold02,Eta3
CV1/KW/rep05/fold02/CV1_KW_Eta4_rep05_fold02.csv,CV1_KW_Eta4_rep05_fold02.csv,CV1,KW,rep05,fold02,Eta4
CV1/KW/rep05/fold02/CV1_KW_Eta5_rep05_fold02.csv,CV1_KW_Eta5_rep05_fold02.csv,CV1,KW,rep05,fold02,Eta5
CV1/KW/rep05/fold02/CV1_KW_Eta6_rep05_fold02.csv,CV1_KW_Eta6_rep05_fold02.csv,CV1,KW,rep05,fold02,Eta6
CV1/KW/rep05/fold02/CV1_KW_Eta7_rep05_fold02.csv,CV1_KW_Eta7_rep05_fold02.csv,CV1,KW,rep05,fold02,Eta7
CV1/KW/rep05/fold02/CV1_KW_Eta8_rep05_fold02.csv,CV1_KW_Eta8_rep05_fold02.csv,CV1,KW,rep05,fold02,Eta8
CV1/KW/rep05/fold02/CV1_KW_Eta9_rep05_fold02.csv,CV1_KW_Eta9_rep05_fold02.csv,CV1,KW,rep05,fold02,Eta9
CV1/KW/rep05/fold03/CV1_KW_Eta1_rep05_fold03.csv,CV1_KW_Eta1_rep05_fold03.csv,CV1,KW,rep05,fold03,Eta1
CV1/KW/rep05/fold03/CV1_KW_Eta10_rep05_fold03.csv,CV1_KW_Eta10_rep05_fold03.csv,CV1,KW,rep05,fold03,Eta10
CV1/KW/rep05/fold03/CV1_KW_Eta11_rep05_fold03.csv,CV1_KW_Eta11_rep05_fold03.csv,CV1,KW,rep05,fold03,Eta11
CV1/KW/rep05/fold03/CV1_KW_Eta12_rep05_fold03.csv,CV1_KW_Eta12_rep05_fold03.csv,CV1,KW,rep05,fold03,Eta12
CV1/KW/rep05/fold03/CV1_KW_Eta13_rep05_fold03.csv,CV1_KW_Eta13_rep05_fold03.csv,CV1,KW,rep05,fold03,Eta13
CV1/KW/rep05/fold03/CV1_KW_Eta14_rep05_fold03.csv,CV1_KW_Eta14_rep05_fold03.csv,CV1,KW,rep05,fold03,Eta14
CV1/KW/rep05/fold03/CV1_KW_Eta15_rep05_fold03.csv,CV1_KW_Eta15_rep05_fold03.csv,CV1,KW,rep05,fold03,Eta15
CV1/KW/rep05/fold03/CV1_KW_Eta16_rep05_fold03.csv,CV1_KW_Eta16_rep05_fold03.csv,CV1,KW,rep05,fold03,Eta16
CV1/KW/rep05/fold03/CV1_KW_Eta17_rep05_fold03.csv,CV1_KW_Eta17_rep05_fold03.csv,CV1,KW,rep05,fold03,Eta17
CV1/KW/rep05/fold03/CV1_KW_Eta18_rep05_fold03.csv,CV1_KW_Eta18_rep05_fold03.csv,CV1,KW,rep05,fold03,Eta18
CV1/KW/rep05/fold03/CV1_KW_Eta2_rep05_fold03.csv,CV1_KW_Eta2_rep05_fold03.csv,CV1,KW,rep05,fold03,Eta2
CV1/KW/rep05/fold03/CV1_KW_Eta3_rep05_fold03.csv,CV1_KW_Eta3_rep05_fold03.csv,CV1,KW,rep05,fold03,Eta3
CV1/KW/rep05/fold03/CV1_KW_Eta4_rep05_fold03.csv,CV1_KW_Eta4_rep05_fold03.csv,CV1,KW,rep05,fold03,Eta4
CV1/KW/rep05/fold03/CV1_KW_Eta5_rep05_fold03.csv,CV1_KW_Eta5_rep05_fold03.csv,CV1,KW,rep05,fold03,Eta5
CV1/KW/rep05/fold03/CV1_KW_Eta6_rep05_fold03.csv,CV1_KW_Eta6_rep05_fold03.csv,CV1,KW,rep05,fold03,Eta6
CV1/KW/rep05/fold03/CV1_KW_Eta7_rep05_fold03.csv,CV1_KW_Eta7_rep05_fold03.csv,CV1,KW,rep05,fold03,Eta7
CV1/KW/rep05/fold03/CV1_KW_Eta8_rep05_fold03.csv,CV1_KW_Eta8_rep05_fold03.csv,CV1,KW,rep05,fold03,Eta8
CV1/KW/rep05/fold03/CV1_KW_Eta9_rep05_fold03.csv,CV1_KW_Eta9_rep05_fold03.csv,CV1,KW,rep05,fold03,Eta9
CV1/KW/rep05/fold04/CV1_KW_Eta1_rep05_fold04.csv,CV1_KW_Eta1_rep05_fold04.csv,CV1,KW,rep05,fold04,Eta1
CV1/KW/rep05/fold04/CV1_KW_Eta10_rep05_fold04.csv,CV1_KW_Eta10_rep05_fold04.csv,CV1,KW,rep05,fold04,Eta10
CV1/KW/rep05/fold04/CV1_KW_Eta11_rep05_fold04.csv,CV1_KW_Eta11_rep05_fold04.csv,CV1,KW,rep05,fold04,Eta11
CV1/KW/rep05/fold04/CV1_KW_Eta12_rep05_fold04.csv,CV1_KW_Eta12_rep05_fold04.csv,CV1,KW,rep05,fold04,Eta12
CV1/KW/rep05/fold04/CV1_KW_Eta13_rep05_fold04.csv,CV1_KW_Eta13_rep05_fold04.csv,CV1,KW,rep05,fold04,Eta13
CV1/KW/rep05/fold04/CV1_KW_Eta14_rep05_fold04.csv,CV1_KW_Eta14_rep05_fold04.csv,CV1,KW,rep05,fold04,Eta14
CV1/KW/rep05/fold04/CV1_KW_Eta15_rep05_fold04.csv,CV1_KW_Eta15_rep05_fold04.csv,CV1,KW,rep05,fold04,Eta15
CV1/KW/rep05/fold04/CV1_KW_Eta16_rep05_fold04.csv,CV1_KW_Eta16_rep05_fold04.csv,CV1,KW,rep05,fold04,Eta16
CV1/KW/rep05/fold04/CV1_KW_Eta17_rep05_fold04.csv,CV1_KW_Eta17_rep05_fold04.csv,CV1,KW,rep05,fold04,Eta17
CV1/KW/rep05/fold04/CV1_KW_Eta18_rep05_fold04.csv,CV1_KW_Eta18_rep05_fold04.csv,CV1,KW,rep05,fold04,Eta18
CV1/KW/rep05/fold04/CV1_KW_Eta2_rep05_fold04.csv,CV1_KW_Eta2_rep05_fold04.csv,CV1,KW,rep05,fold04,Eta2
CV1/KW/rep05/fold04/CV1_KW_Eta3_rep05_fold04.csv,CV1_KW_Eta3_rep05_fold04.csv,CV1,KW,rep05,fold04,Eta3
CV1/KW/rep05/fold04/CV1_KW_Eta4_rep05_fold04.csv,CV1_KW_Eta4_rep05_fold04.csv,CV1,KW,rep05,fold04,Eta4
CV1/KW/rep05/fold04/CV1_KW_Eta5_rep05_fold04.csv,CV1_KW_Eta5_rep05_fold04.csv,CV1,KW,rep05,fold04,Eta5
CV1/KW/rep05/fold04/CV1_KW_Eta6_rep05_fold04.csv,CV1_KW_Eta6_rep05_fold04.csv,CV1,KW,rep05,fold04,Eta6
CV1/KW/rep05/fold04/CV1_KW_Eta7_rep05_fold04.csv,CV1_KW_Eta7_rep05_fold04.csv,CV1,KW,rep05,fold04,Eta7
CV1/KW/rep05/fold04/CV1_KW_Eta8_rep05_fold04.csv,CV1_KW_Eta8_rep05_fold04.csv,CV1,KW,rep05,fold04,Eta8
CV1/KW/rep05/fold04/CV1_KW_Eta9_rep05_fold04.csv,CV1_KW_Eta9_rep05_fold04.csv,CV1,KW,rep05,fold04,Eta9
CV1/KW/rep05/fold05/CV1_KW_Eta1_rep05_fold05.csv,CV1_KW_Eta1_rep05_fold05.csv,CV1,KW,rep05,fold05,Eta1
CV1/KW/rep05/fold05/CV1_KW_Eta10_rep05_fold05.csv,CV1_KW_Eta10_rep05_fold05.csv,CV1,KW,rep05,fold05,Eta10
CV1/KW/rep05/fold05/CV1_KW_Eta11_rep05_fold05.csv,CV1_KW_Eta11_rep05_fold05.csv,CV1,KW,rep05,fold05,Eta11
CV1/KW/rep05/fold05/CV1_KW_Eta12_rep05_fold05.csv,CV1_KW_Eta12_rep05_fold05.csv,CV1,KW,rep05,fold05,Eta12
CV1/KW/rep05/fold05/CV1_KW_Eta13_rep05_fold05.csv,CV1_KW_Eta13_rep05_fold05.csv,CV1,KW,rep05,fold05,Eta13
CV1/KW/rep05/fold05/CV1_KW_Eta14_rep05_fold05.csv,CV1_KW_Eta14_rep05_fold05.csv,CV1,KW,rep05,fold05,Eta14
CV1/KW/rep05/fold05/CV1_KW_Eta15_rep05_fold05.csv,CV1_KW_Eta15_rep05_fold05.csv,CV1,KW,rep05,fold05,Eta15
CV1/KW/rep05/fold05/CV1_KW_Eta16_rep05_fold05.csv,CV1_KW_Eta16_rep05_fold05.csv,CV1,KW,rep05,fold05,Eta16
CV1/KW/rep05/fold05/CV1_KW_Eta17_rep05_fold05.csv,CV1_KW_Eta17_rep05_fold05.csv,CV1,KW,rep05,fold05,Eta17
CV1/KW/rep05/fold05/CV1_KW_Eta18_rep05_fold05.csv,CV1_KW_Eta18_rep05_fold05.csv,CV1,KW,rep05,fold05,Eta18
CV1/KW/rep05/fold05/CV1_KW_Eta2_rep05_fold05.csv,CV1_KW_Eta2_rep05_fold05.csv,CV1,KW,rep05,fold05,Eta2
CV1/KW/rep05/fold05/CV1_KW_Eta3_rep05_fold05.csv,CV1_KW_Eta3_rep05_fold05.csv,CV1,KW,rep05,fold05,Eta3
CV1/KW/rep05/fold05/CV1_KW_Eta4_rep05_fold05.csv,CV1_KW_Eta4_rep05_fold05.csv,CV1,KW,rep05,fold05,Eta4
CV1/KW/rep05/fold05/CV1_KW_Eta5_rep05_fold05.csv,CV1_KW_Eta5_rep05_fold05.csv,CV1,KW,rep05,fold05,Eta5
CV1/KW/rep05/fold05/CV1_KW_Eta6_rep05_fold05.csv,CV1_KW_Eta6_rep05_fold05.csv,CV1,KW,rep05,fold05,Eta6
CV1/KW/rep05/fold05/CV1_KW_Eta7_rep05_fold05.csv,CV1_KW_Eta7_rep05_fold05.csv,CV1,KW,rep05,fold05,Eta7
CV1/KW/rep05/fold05/CV1_KW_Eta8_rep05_fold05.csv,CV1_KW_Eta8_rep05_fold05.csv,CV1,KW,rep05,fold05,Eta8
CV1/KW/rep05/fold05/CV1_KW_Eta9_rep05_fold05.csv,CV1_KW_Eta9_rep05_fold05.csv,CV1,KW,rep05,fold05,Eta9
CV1/KW/rep06/fold01/CV1_KW_Eta1_rep06_fold01.csv,CV1_KW_Eta1_rep06_fold01.csv,CV1,KW,rep06,fold01,Eta1
CV1/KW/rep06/fold01/CV1_KW_Eta10_rep06_fold01.csv,CV1_KW_Eta10_rep06_fold01.csv,CV1,KW,rep06,fold01,Eta10
CV1/KW/rep06/fold01/CV1_KW_Eta11_rep06_fold01.csv,CV1_KW_Eta11_rep06_fold01.csv,CV1,KW,rep06,fold01,Eta11
CV1/KW/rep06/fold01/CV1_KW_Eta12_rep06_fold01.csv,CV1_KW_Eta12_rep06_fold01.csv,CV1,KW,rep06,fold01,Eta12
CV1/KW/rep06/fold01/CV1_KW_Eta13_rep06_fold01.csv,CV1_KW_Eta13_rep06_fold01.csv,CV1,KW,rep06,fold01,Eta13
CV1/KW/rep06/fold01/CV1_KW_Eta14_rep06_fold01.csv,CV1_KW_Eta14_rep06_fold01.csv,CV1,KW,rep06,fold01,Eta14
CV1/KW/rep06/fold01/CV1_KW_Eta15_rep06_fold01.csv,CV1_KW_Eta15_rep06_fold01.csv,CV1,KW,rep06,fold01,Eta15
CV1/KW/rep06/fold01/CV1_KW_Eta16_rep06_fold01.csv,CV1_KW_Eta16_rep06_fold01.csv,CV1,KW,rep06,fold01,Eta16
CV1/KW/rep06/fold01/CV1_KW_Eta17_rep06_fold01.csv,CV1_KW_Eta17_rep06_fold01.csv,CV1,KW,rep06,fold01,Eta17
CV1/KW/rep06/fold01/CV1_KW_Eta18_rep06_fold01.csv,CV1_KW_Eta18_rep06_fold01.csv,CV1,KW,rep06,fold01,Eta18
CV1/KW/rep06/fold01/CV1_KW_Eta2_rep06_fold01.csv,CV1_KW_Eta2_rep06_fold01.csv,CV1,KW,rep06,fold01,Eta2
CV1/KW/rep06/fold01/CV1_KW_Eta3_rep06_fold01.csv,CV1_KW_Eta3_rep06_fold01.csv,CV1,KW,rep06,fold01,Eta3
CV1/KW/rep06/fold01/CV1_KW_Eta4_rep06_fold01.csv,CV1_KW_Eta4_rep06_fold01.csv,CV1,KW,rep06,fold01,Eta4
CV1/KW/rep06/fold01/CV1_KW_Eta5_rep06_fold01.csv,CV1_KW_Eta5_rep06_fold01.csv,CV1,KW,rep06,fold01,Eta5
CV1/KW/rep06/fold01/CV1_KW_Eta6_rep06_fold01.csv,CV1_KW_Eta6_rep06_fold01.csv,CV1,KW,rep06,fold01,Eta6
CV1/KW/rep06/fold01/CV1_KW_Eta7_rep06_fold01.csv,CV1_KW_Eta7_rep06_fold01.csv,CV1,KW,rep06,fold01,Eta7
CV1/KW/rep06/fold01/CV1_KW_Eta8_rep06_fold01.csv,CV1_KW_Eta8_rep06_fold01.csv,CV1,KW,rep06,fold01,Eta8
CV1/KW/rep06/fold01/CV1_KW_Eta9_rep06_fold01.csv,CV1_KW_Eta9_rep06_fold01.csv,CV1,KW,rep06,fold01,Eta9
CV1/KW/rep06/fold02/CV1_KW_Eta1_rep06_fold02.csv,CV1_KW_Eta1_rep06_fold02.csv,CV1,KW,rep06,fold02,Eta1
CV1/KW/rep06/fold02/CV1_KW_Eta10_rep06_fold02.csv,CV1_KW_Eta10_rep06_fold02.csv,CV1,KW,rep06,fold02,Eta10
CV1/KW/rep06/fold02/CV1_KW_Eta11_rep06_fold02.csv,CV1_KW_Eta11_rep06_fold02.csv,CV1,KW,rep06,fold02,Eta11
CV1/KW/rep06/fold02/CV1_KW_Eta12_rep06_fold02.csv,CV1_KW_Eta12_rep06_fold02.csv,CV1,KW,rep06,fold02,Eta12
CV1/KW/rep06/fold02/CV1_KW_Eta13_rep06_fold02.csv,CV1_KW_Eta13_rep06_fold02.csv,CV1,KW,rep06,fold02,Eta13
CV1/KW/rep06/fold02/CV1_KW_Eta14_rep06_fold02.csv,CV1_KW_Eta14_rep06_fold02.csv,CV1,KW,rep06,fold02,Eta14
CV1/KW/rep06/fold02/CV1_KW_Eta15_rep06_fold02.csv,CV1_KW_Eta15_rep06_fold02.csv,CV1,KW,rep06,fold02,Eta15
CV1/KW/rep06/fold02/CV1_KW_Eta16_rep06_fold02.csv,CV1_KW_Eta16_rep06_fold02.csv,CV1,KW,rep06,fold02,Eta16
CV1/KW/rep06/fold02/CV1_KW_Eta17_rep06_fold02.csv,CV1_KW_Eta17_rep06_fold02.csv,CV1,KW,rep06,fold02,Eta17
CV1/KW/rep06/fold02/CV1_KW_Eta18_rep06_fold02.csv,CV1_KW_Eta18_rep06_fold02.csv,CV1,KW,rep06,fold02,Eta18
CV1/KW/rep06/fold02/CV1_KW_Eta2_rep06_fold02.csv,CV1_KW_Eta2_rep06_fold02.csv,CV1,KW,rep06,fold02,Eta2
CV1/KW/rep06/fold02/CV1_KW_Eta3_rep06_fold02.csv,CV1_KW_Eta3_rep06_fold02.csv,CV1,KW,rep06,fold02,Eta3
CV1/KW/rep06/fold02/CV1_KW_Eta4_rep06_fold02.csv,CV1_KW_Eta4_rep06_fold02.csv,CV1,KW,rep06,fold02,Eta4
CV1/KW/rep06/fold02/CV1_KW_Eta5_rep06_fold02.csv,CV1_KW_Eta5_rep06_fold02.csv,CV1,KW,rep06,fold02,Eta5
CV1/KW/rep06/fold02/CV1_KW_Eta6_rep06_fold02.csv,CV1_KW_Eta6_rep06_fold02.csv,CV1,KW,rep06,fold02,Eta6
CV1/KW/rep06/fold02/CV1_KW_Eta7_rep06_fold02.csv,CV1_KW_Eta7_rep06_fold02.csv,CV1,KW,rep06,fold02,Eta7
CV1/KW/rep06/fold02/CV1_KW_Eta8_rep06_fold02.csv,CV1_KW_Eta8_rep06_fold02.csv,CV1,KW,rep06,fold02,Eta8
CV1/KW/rep06/fold02/CV1_KW_Eta9_rep06_fold02.csv,CV1_KW_Eta9_rep06_fold02.csv,CV1,KW,rep06,fold02,Eta9
CV1/KW/rep06/fold03/CV1_KW_Eta1_rep06_fold03.csv,CV1_KW_Eta1_rep06_fold03.csv,CV1,KW,rep06,fold03,Eta1
CV1/KW/rep06/fold03/CV1_KW_Eta10_rep06_fold03.csv,CV1_KW_Eta10_rep06_fold03.csv,CV1,KW,rep06,fold03,Eta10
CV1/KW/rep06/fold03/CV1_KW_Eta11_rep06_fold03.csv,CV1_KW_Eta11_rep06_fold03.csv,CV1,KW,rep06,fold03,Eta11
CV1/KW/rep06/fold03/CV1_KW_Eta12_rep06_fold03.csv,CV1_KW_Eta12_rep06_fold03.csv,CV1,KW,rep06,fold03,Eta12
CV1/KW/rep06/fold03/CV1_KW_Eta13_rep06_fold03.csv,CV1_KW_Eta13_rep06_fold03.csv,CV1,KW,rep06,fold03,Eta13
CV1/KW/rep06/fold03/CV1_KW_Eta14_rep06_fold03.csv,CV1_KW_Eta14_rep06_fold03.csv,CV1,KW,rep06,fold03,Eta14
CV1/KW/rep06/fold03/CV1_KW_Eta15_rep06_fold03.csv,CV1_KW_Eta15_rep06_fold03.csv,CV1,KW,rep06,fold03,Eta15
CV1/KW/rep06/fold03/CV1_KW_Eta16_rep06_fold03.csv,CV1_KW_Eta16_rep06_fold03.csv,CV1,KW,rep06,fold03,Eta16
CV1/KW/rep06/fold03/CV1_KW_Eta17_rep06_fold03.csv,CV1_KW_Eta17_rep06_fold03.csv,CV1,KW,rep06,fold03,Eta17
CV1/KW/rep06/fold03/CV1_KW_Eta18_rep06_fold03.csv,CV1_KW_Eta18_rep06_fold03.csv,CV1,KW,rep06,fold03,Eta18
CV1/KW/rep06/fold03/CV1_KW_Eta2_rep06_fold03.csv,CV1_KW_Eta2_rep06_fold03.csv,CV1,KW,rep06,fold03,Eta2
CV1/KW/rep06/fold03/CV1_KW_Eta3_rep06_fold03.csv,CV1_KW_Eta3_rep06_fold03.csv,CV1,KW,rep06,fold03,Eta3
CV1/KW/rep06/fold03/CV1_KW_Eta4_rep06_fold03.csv,CV1_KW_Eta4_rep06_fold03.csv,CV1,KW,rep06,fold03,Eta4
CV1/KW/rep06/fold03/CV1_KW_Eta5_rep06_fold03.csv,CV1_KW_Eta5_rep06_fold03.csv,CV1,KW,rep06,fold03,Eta5
CV1/KW/rep06/fold03/CV1_KW_Eta6_rep06_fold03.csv,CV1_KW_Eta6_rep06_fold03.csv,CV1,KW,rep06,fold03,Eta6
CV1/KW/rep06/fold03/CV1_KW_Eta7_rep06_fold03.csv,CV1_KW_Eta7_rep06_fold03.csv,CV1,KW,rep06,fold03,Eta7
CV1/KW/rep06/fold03/CV1_KW_Eta8_rep06_fold03.csv,CV1_KW_Eta8_rep06_fold03.csv,CV1,KW,rep06,fold03,Eta8
CV1/KW/rep06/fold03/CV1_KW_Eta9_rep06_fold03.csv,CV1_KW_Eta9_rep06_fold03.csv,CV1,KW,rep06,fold03,Eta9
CV1/KW/rep06/fold04/CV1_KW_Eta1_rep06_fold04.csv,CV1_KW_Eta1_rep06_fold04.csv,CV1,KW,rep06,fold04,Eta1
CV1/KW/rep06/fold04/CV1_KW_Eta10_rep06_fold04.csv,CV1_KW_Eta10_rep06_fold04.csv,CV1,KW,rep06,fold04,Eta10
CV1/KW/rep06/fold04/CV1_KW_Eta11_rep06_fold04.csv,CV1_KW_Eta11_rep06_fold04.csv,CV1,KW,rep06,fold04,Eta11
CV1/KW/rep06/fold04/CV1_KW_Eta12_rep06_fold04.csv,CV1_KW_Eta12_rep06_fold04.csv,CV1,KW,rep06,fold04,Eta12
CV1/KW/rep06/fold04/CV1_KW_Eta13_rep06_fold04.csv,CV1_KW_Eta13_rep06_fold04.csv,CV1,KW,rep06,fold04,Eta13
CV1/KW/rep06/fold04/CV1_KW_Eta14_rep06_fold04.csv,CV1_KW_Eta14_rep06_fold04.csv,CV1,KW,rep06,fold04,Eta14
CV1/KW/rep06/fold04/CV1_KW_Eta15_rep06_fold04.csv,CV1_KW_Eta15_rep06_fold04.csv,CV1,KW,rep06,fold04,Eta15
CV1/KW/rep06/fold04/CV1_KW_Eta16_rep06_fold04.csv,CV1_KW_Eta16_rep06_fold04.csv,CV1,KW,rep06,fold04,Eta16
CV1/KW/rep06/fold04/CV1_KW_Eta17_rep06_fold04.csv,CV1_KW_Eta17_rep06_fold04.csv,CV1,KW,rep06,fold04,Eta17
CV1/KW/rep06/fold04/CV1_KW_Eta18_rep06_fold04.csv,CV1_KW_Eta18_rep06_fold04.csv,CV1,KW,rep06,fold04,Eta18
CV1/KW/rep06/fold04/CV1_KW_Eta2_rep06_fold04.csv,CV1_KW_Eta2_rep06_fold04.csv,CV1,KW,rep06,fold04,Eta2
CV1/KW/rep06/fold04/CV1_KW_Eta3_rep06_fold04.csv,CV1_KW_Eta3_rep06_fold04.csv,CV1,KW,rep06,fold04,Eta3
CV1/KW/rep06/fold04/CV1_KW_Eta4_rep06_fold04.csv,CV1_KW_Eta4_rep06_fold04.csv,CV1,KW,rep06,fold04,Eta4
CV1/KW/rep06/fold04/CV1_KW_Eta5_rep06_fold04.csv,CV1_KW_Eta5_rep06_fold04.csv,CV1,KW,rep06,fold04,Eta5
CV1/KW/rep06/fold04/CV1_KW_Eta6_rep06_fold04.csv,CV1_KW_Eta6_rep06_fold04.csv,CV1,KW,rep06,fold04,Eta6
CV1/KW/rep06/fold04/CV1_KW_Eta7_rep06_fold04.csv,CV1_KW_Eta7_rep06_fold04.csv,CV1,KW,rep06,fold04,Eta7
CV1/KW/rep06/fold04/CV1_KW_Eta8_rep06_fold04.csv,CV1_KW_Eta8_rep06_fold04.csv,CV1,KW,rep06,fold04,Eta8
CV1/KW/rep06/fold04/CV1_KW_Eta9_rep06_fold04.csv,CV1_KW_Eta9_rep06_fold04.csv,CV1,KW,rep06,fold04,Eta9
CV1/KW/rep06/fold05/CV1_KW_Eta1_rep06_fold05.csv,CV1_KW_Eta1_rep06_fold05.csv,CV1,KW,rep06,fold05,Eta1
CV1/KW/rep06/fold05/CV1_KW_Eta10_rep06_fold05.csv,CV1_KW_Eta10_rep06_fold05.csv,CV1,KW,rep06,fold05,Eta10
CV1/KW/rep06/fold05/CV1_KW_Eta11_rep06_fold05.csv,CV1_KW_Eta11_rep06_fold05.csv,CV1,KW,rep06,fold05,Eta11
CV1/KW/rep06/fold05/CV1_KW_Eta12_rep06_fold05.csv,CV1_KW_Eta12_rep06_fold05.csv,CV1,KW,rep06,fold05,Eta12
CV1/KW/rep06/fold05/CV1_KW_Eta13_rep06_fold05.csv,CV1_KW_Eta13_rep06_fold05.csv,CV1,KW,rep06,fold05,Eta13
CV1/KW/rep06/fold05/CV1_KW_Eta14_rep06_fold05.csv,CV1_KW_Eta14_rep06_fold05.csv,CV1,KW,rep06,fold05,Eta14
CV1/KW/rep06/fold05/CV1_KW_Eta15_rep06_fold05.csv,CV1_KW_Eta15_rep06_fold05.csv,CV1,KW,rep06,fold05,Eta15
CV1/KW/rep06/fold05/CV1_KW_Eta16_rep06_fold05.csv,CV1_KW_Eta16_rep06_fold05.csv,CV1,KW,rep06,fold05,Eta16
CV1/KW/rep06/fold05/CV1_KW_Eta17_rep06_fold05.csv,CV1_KW_Eta17_rep06_fold05.csv,CV1,KW,rep06,fold05,Eta17
CV1/KW/rep06/fold05/CV1_KW_Eta18_rep06_fold05.csv,CV1_KW_Eta18_rep06_fold05.csv,CV1,KW,rep06,fold05,Eta18
CV1/KW/rep06/fold05/CV1_KW_Eta2_rep06_fold05.csv,CV1_KW_Eta2_rep06_fold05.csv,CV1,KW,rep06,fold05,Eta2
CV1/KW/rep06/fold05/CV1_KW_Eta3_rep06_fold05.csv,CV1_KW_Eta3_rep06_fold05.csv,CV1,KW,rep06,fold05,Eta3
CV1/KW/rep06/fold05/CV1_KW_Eta4_rep06_fold05.csv,CV1_KW_Eta4_rep06_fold05.csv,CV1,KW,rep06,fold05,Eta4
CV1/KW/rep06/fold05/CV1_KW_Eta5_rep06_fold05.csv,CV1_KW_Eta5_rep06_fold05.csv,CV1,KW,rep06,fold05,Eta5
CV1/KW/rep06/fold05/CV1_KW_Eta6_rep06_fold05.csv,CV1_KW_Eta6_rep06_fold05.csv,CV1,KW,rep06,fold05,Eta6
CV1/KW/rep06/fold05/CV1_KW_Eta7_rep06_fold05.csv,CV1_KW_Eta7_rep06_fold05.csv,CV1,KW,rep06,fold05,Eta7
CV1/KW/rep06/fold05/CV1_KW_Eta8_rep06_fold05.csv,CV1_KW_Eta8_rep06_fold05.csv,CV1,KW,rep06,fold05,Eta8
CV1/KW/rep06/fold05/CV1_KW_Eta9_rep06_fold05.csv,CV1_KW_Eta9_rep06_fold05.csv,CV1,KW,rep06,fold05,Eta9
CV1/KW/rep07/fold01/CV1_KW_Eta1_rep07_fold01.csv,CV1_KW_Eta1_rep07_fold01.csv,CV1,KW,rep07,fold01,Eta1
CV1/KW/rep07/fold01/CV1_KW_Eta10_rep07_fold01.csv,CV1_KW_Eta10_rep07_fold01.csv,CV1,KW,rep07,fold01,Eta10
CV1/KW/rep07/fold01/CV1_KW_Eta11_rep07_fold01.csv,CV1_KW_Eta11_rep07_fold01.csv,CV1,KW,rep07,fold01,Eta11
CV1/KW/rep07/fold01/CV1_KW_Eta12_rep07_fold01.csv,CV1_KW_Eta12_rep07_fold01.csv,CV1,KW,rep07,fold01,Eta12
CV1/KW/rep07/fold01/CV1_KW_Eta13_rep07_fold01.csv,CV1_KW_Eta13_rep07_fold01.csv,CV1,KW,rep07,fold01,Eta13
CV1/KW/rep07/fold01/CV1_KW_Eta14_rep07_fold01.csv,CV1_KW_Eta14_rep07_fold01.csv,CV1,KW,rep07,fold01,Eta14
CV1/KW/rep07/fold01/CV1_KW_Eta15_rep07_fold01.csv,CV1_KW_Eta15_rep07_fold01.csv,CV1,KW,rep07,fold01,Eta15
CV1/KW/rep07/fold01/CV1_KW_Eta16_rep07_fold01.csv,CV1_KW_Eta16_rep07_fold01.csv,CV1,KW,rep07,fold01,Eta16
CV1/KW/rep07/fold01/CV1_KW_Eta17_rep07_fold01.csv,CV1_KW_Eta17_rep07_fold01.csv,CV1,KW,rep07,fold01,Eta17
CV1/KW/rep07/fold01/CV1_KW_Eta18_rep07_fold01.csv,CV1_KW_Eta18_rep07_fold01.csv,CV1,KW,rep07,fold01,Eta18
CV1/KW/rep07/fold01/CV1_KW_Eta2_rep07_fold01.csv,CV1_KW_Eta2_rep07_fold01.csv,CV1,KW,rep07,fold01,Eta2
CV1/KW/rep07/fold01/CV1_KW_Eta3_rep07_fold01.csv,CV1_KW_Eta3_rep07_fold01.csv,CV1,KW,rep07,fold01,Eta3
CV1/KW/rep07/fold01/CV1_KW_Eta4_rep07_fold01.csv,CV1_KW_Eta4_rep07_fold01.csv,CV1,KW,rep07,fold01,Eta4
CV1/KW/rep07/fold01/CV1_KW_Eta5_rep07_fold01.csv,CV1_KW_Eta5_rep07_fold01.csv,CV1,KW,rep07,fold01,Eta5
CV1/KW/rep07/fold01/CV1_KW_Eta6_rep07_fold01.csv,CV1_KW_Eta6_rep07_fold01.csv,CV1,KW,rep07,fold01,Eta6
CV1/KW/rep07/fold01/CV1_KW_Eta7_rep07_fold01.csv,CV1_KW_Eta7_rep07_fold01.csv,CV1,KW,rep07,fold01,Eta7
CV1/KW/rep07/fold01/CV1_KW_Eta8_rep07_fold01.csv,CV1_KW_Eta8_rep07_fold01.csv,CV1,KW,rep07,fold01,Eta8
CV1/KW/rep07/fold01/CV1_KW_Eta9_rep07_fold01.csv,CV1_KW_Eta9_rep07_fold01.csv,CV1,KW,rep07,fold01,Eta9
CV1/KW/rep07/fold02/CV1_KW_Eta1_rep07_fold02.csv,CV1_KW_Eta1_rep07_fold02.csv,CV1,KW,rep07,fold02,Eta1
CV1/KW/rep07/fold02/CV1_KW_Eta10_rep07_fold02.csv,CV1_KW_Eta10_rep07_fold02.csv,CV1,KW,rep07,fold02,Eta10
CV1/KW/rep07/fold02/CV1_KW_Eta11_rep07_fold02.csv,CV1_KW_Eta11_rep07_fold02.csv,CV1,KW,rep07,fold02,Eta11
CV1/KW/rep07/fold02/CV1_KW_Eta12_rep07_fold02.csv,CV1_KW_Eta12_rep07_fold02.csv,CV1,KW,rep07,fold02,Eta12
CV1/KW/rep07/fold02/CV1_KW_Eta13_rep07_fold02.csv,CV1_KW_Eta13_rep07_fold02.csv,CV1,KW,rep07,fold02,Eta13
CV1/KW/rep07/fold02/CV1_KW_Eta14_rep07_fold02.csv,CV1_KW_Eta14_rep07_fold02.csv,CV1,KW,rep07,fold02,Eta14
CV1/KW/rep07/fold02/CV1_KW_Eta15_rep07_fold02.csv,CV1_KW_Eta15_rep07_fold02.csv,CV1,KW,rep07,fold02,Eta15
CV1/KW/rep07/fold02/CV1_KW_Eta16_rep07_fold02.csv,CV1_KW_Eta16_rep07_fold02.csv,CV1,KW,rep07,fold02,Eta16
CV1/KW/rep07/fold02/CV1_KW_Eta17_rep07_fold02.csv,CV1_KW_Eta17_rep07_fold02.csv,CV1,KW,rep07,fold02,Eta17
CV1/KW/rep07/fold02/CV1_KW_Eta18_rep07_fold02.csv,CV1_KW_Eta18_rep07_fold02.csv,CV1,KW,rep07,fold02,Eta18
CV1/KW/rep07/fold02/CV1_KW_Eta2_rep07_fold02.csv,CV1_KW_Eta2_rep07_fold02.csv,CV1,KW,rep07,fold02,Eta2
CV1/KW/rep07/fold02/CV1_KW_Eta3_rep07_fold02.csv,CV1_KW_Eta3_rep07_fold02.csv,CV1,KW,rep07,fold02,Eta3
CV1/KW/rep07/fold02/CV1_KW_Eta4_rep07_fold02.csv,CV1_KW_Eta4_rep07_fold02.csv,CV1,KW,rep07,fold02,Eta4
CV1/KW/rep07/fold02/CV1_KW_Eta5_rep07_fold02.csv,CV1_KW_Eta5_rep07_fold02.csv,CV1,KW,rep07,fold02,Eta5
CV1/KW/rep07/fold02/CV1_KW_Eta6_rep07_fold02.csv,CV1_KW_Eta6_rep07_fold02.csv,CV1,KW,rep07,fold02,Eta6
CV1/KW/rep07/fold02/CV1_KW_Eta7_rep07_fold02.csv,CV1_KW_Eta7_rep07_fold02.csv,CV1,KW,rep07,fold02,Eta7
CV1/KW/rep07/fold02/CV1_KW_Eta8_rep07_fold02.csv,CV1_KW_Eta8_rep07_fold02.csv,CV1,KW,rep07,fold02,Eta8
CV1/KW/rep07/fold02/CV1_KW_Eta9_rep07_fold02.csv,CV1_KW_Eta9_rep07_fold02.csv,CV1,KW,rep07,fold02,Eta9
CV1/KW/rep07/fold03/CV1_KW_Eta1_rep07_fold03.csv,CV1_KW_Eta1_rep07_fold03.csv,CV1,KW,rep07,fold03,Eta1
CV1/KW/rep07/fold03/CV1_KW_Eta10_rep07_fold03.csv,CV1_KW_Eta10_rep07_fold03.csv,CV1,KW,rep07,fold03,Eta10
CV1/KW/rep07/fold03/CV1_KW_Eta11_rep07_fold03.csv,CV1_KW_Eta11_rep07_fold03.csv,CV1,KW,rep07,fold03,Eta11
CV1/KW/rep07/fold03/CV1_KW_Eta12_rep07_fold03.csv,CV1_KW_Eta12_rep07_fold03.csv,CV1,KW,rep07,fold03,Eta12
CV1/KW/rep07/fold03/CV1_KW_Eta13_rep07_fold03.csv,CV1_KW_Eta13_rep07_fold03.csv,CV1,KW,rep07,fold03,Eta13
CV1/KW/rep07/fold03/CV1_KW_Eta14_rep07_fold03.csv,CV1_KW_Eta14_rep07_fold03.csv,CV1,KW,rep07,fold03,Eta14
CV1/KW/rep07/fold03/CV1_KW_Eta15_rep07_fold03.csv,CV1_KW_Eta15_rep07_fold03.csv,CV1,KW,rep07,fold03,Eta15
CV1/KW/rep07/fold03/CV1_KW_Eta16_rep07_fold03.csv,CV1_KW_Eta16_rep07_fold03.csv,CV1,KW,rep07,fold03,Eta16
CV1/KW/rep07/fold03/CV1_KW_Eta17_rep07_fold03.csv,CV1_KW_Eta17_rep07_fold03.csv,CV1,KW,rep07,fold03,Eta17
CV1/KW/rep07/fold03/CV1_KW_Eta18_rep07_fold03.csv,CV1_KW_Eta18_rep07_fold03.csv,CV1,KW,rep07,fold03,Eta18
CV1/KW/rep07/fold03/CV1_KW_Eta2_rep07_fold03.csv,CV1_KW_Eta2_rep07_fold03.csv,CV1,KW,rep07,fold03,Eta2
CV1/KW/rep07/fold03/CV1_KW_Eta3_rep07_fold03.csv,CV1_KW_Eta3_rep07_fold03.csv,CV1,KW,rep07,fold03,Eta3
CV1/KW/rep07/fold03/CV1_KW_Eta4_rep07_fold03.csv,CV1_KW_Eta4_rep07_fold03.csv,CV1,KW,rep07,fold03,Eta4
CV1/KW/rep07/fold03/CV1_KW_Eta5_rep07_fold03.csv,CV1_KW_Eta5_rep07_fold03.csv,CV1,KW,rep07,fold03,Eta5
CV1/KW/rep07/fold03/CV1_KW_Eta6_rep07_fold03.csv,CV1_KW_Eta6_rep07_fold03.csv,CV1,KW,rep07,fold03,Eta6
CV1/KW/rep07/fold03/CV1_KW_Eta7_rep07_fold03.csv,CV1_KW_Eta7_rep07_fold03.csv,CV1,KW,rep07,fold03,Eta7
CV1/KW/rep07/fold03/CV1_KW_Eta8_rep07_fold03.csv,CV1_KW_Eta8_rep07_fold03.csv,CV1,KW,rep07,fold03,Eta8
CV1/KW/rep07/fold03/CV1_KW_Eta9_rep07_fold03.csv,CV1_KW_Eta9_rep07_fold03.csv,CV1,KW,rep07,fold03,Eta9
CV1/KW/rep07/fold04/CV1_KW_Eta1_rep07_fold04.csv,CV1_KW_Eta1_rep07_fold04.csv,CV1,KW,rep07,fold04,Eta1
CV1/KW/rep07/fold04/CV1_KW_Eta10_rep07_fold04.csv,CV1_KW_Eta10_rep07_fold04.csv,CV1,KW,rep07,fold04,Eta10
CV1/KW/rep07/fold04/CV1_KW_Eta11_rep07_fold04.csv,CV1_KW_Eta11_rep07_fold04.csv,CV1,KW,rep07,fold04,Eta11
CV1/KW/rep07/fold04/CV1_KW_Eta12_rep07_fold04.csv,CV1_KW_Eta12_rep07_fold04.csv,CV1,KW,rep07,fold04,Eta12
CV1/KW/rep07/fold04/CV1_KW_Eta13_rep07_fold04.csv,CV1_KW_Eta13_rep07_fold04.csv,CV1,KW,rep07,fold04,Eta13
CV1/KW/rep07/fold04/CV1_KW_Eta14_rep07_fold04.csv,CV1_KW_Eta14_rep07_fold04.csv,CV1,KW,rep07,fold04,Eta14
CV1/KW/rep07/fold04/CV1_KW_Eta15_rep07_fold04.csv,CV1_KW_Eta15_rep07_fold04.csv,CV1,KW,rep07,fold04,Eta15
CV1/KW/rep07/fold04/CV1_KW_Eta16_rep07_fold04.csv,CV1_KW_Eta16_rep07_fold04.csv,CV1,KW,rep07,fold04,Eta16
CV1/KW/rep07/fold04/CV1_KW_Eta17_rep07_fold04.csv,CV1_KW_Eta17_rep07_fold04.csv,CV1,KW,rep07,fold04,Eta17
CV1/KW/rep07/fold04/CV1_KW_Eta18_rep07_fold04.csv,CV1_KW_Eta18_rep07_fold04.csv,CV1,KW,rep07,fold04,Eta18
CV1/KW/rep07/fold04/CV1_KW_Eta2_rep07_fold04.csv,CV1_KW_Eta2_rep07_fold04.csv,CV1,KW,rep07,fold04,Eta2
CV1/KW/rep07/fold04/CV1_KW_Eta3_rep07_fold04.csv,CV1_KW_Eta3_rep07_fold04.csv,CV1,KW,rep07,fold04,Eta3
CV1/KW/rep07/fold04/CV1_KW_Eta4_rep07_fold04.csv,CV1_KW_Eta4_rep07_fold04.csv,CV1,KW,rep07,fold04,Eta4
CV1/KW/rep07/fold04/CV1_KW_Eta5_rep07_fold04.csv,CV1_KW_Eta5_rep07_fold04.csv,CV1,KW,rep07,fold04,Eta5
CV1/KW/rep07/fold04/CV1_KW_Eta6_rep07_fold04.csv,CV1_KW_Eta6_rep07_fold04.csv,CV1,KW,rep07,fold04,Eta6
CV1/KW/rep07/fold04/CV1_KW_Eta7_rep07_fold04.csv,CV1_KW_Eta7_rep07_fold04.csv,CV1,KW,rep07,fold04,Eta7
CV1/KW/rep07/fold04/CV1_KW_Eta8_rep07_fold04.csv,CV1_KW_Eta8_rep07_fold04.csv,CV1,KW,rep07,fold04,Eta8
CV1/KW/rep07/fold04/CV1_KW_Eta9_rep07_fold04.csv,CV1_KW_Eta9_rep07_fold04.csv,CV1,KW,rep07,fold04,Eta9
CV1/KW/rep07/fold05/CV1_KW_Eta1_rep07_fold05.csv,CV1_KW_Eta1_rep07_fold05.csv,CV1,KW,rep07,fold05,Eta1
CV1/KW/rep07/fold05/CV1_KW_Eta10_rep07_fold05.csv,CV1_KW_Eta10_rep07_fold05.csv,CV1,KW,rep07,fold05,Eta10
CV1/KW/rep07/fold05/CV1_KW_Eta11_rep07_fold05.csv,CV1_KW_Eta11_rep07_fold05.csv,CV1,KW,rep07,fold05,Eta11
CV1/KW/rep07/fold05/CV1_KW_Eta12_rep07_fold05.csv,CV1_KW_Eta12_rep07_fold05.csv,CV1,KW,rep07,fold05,Eta12
CV1/KW/rep07/fold05/CV1_KW_Eta13_rep07_fold05.csv,CV1_KW_Eta13_rep07_fold05.csv,CV1,KW,rep07,fold05,Eta13
CV1/KW/rep07/fold05/CV1_KW_Eta14_rep07_fold05.csv,CV1_KW_Eta14_rep07_fold05.csv,CV1,KW,rep07,fold05,Eta14
CV1/KW/rep07/fold05/CV1_KW_Eta15_rep07_fold05.csv,CV1_KW_Eta15_rep07_fold05.csv,CV1,KW,rep07,fold05,Eta15
CV1/KW/rep07/fold05/CV1_KW_Eta16_rep07_fold05.csv,CV1_KW_Eta16_rep07_fold05.csv,CV1,KW,rep07,fold05,Eta16
CV1/KW/rep07/fold05/CV1_KW_Eta17_rep07_fold05.csv,CV1_KW_Eta17_rep07_fold05.csv,CV1,KW,rep07,fold05,Eta17
CV1/KW/rep07/fold05/CV1_KW_Eta18_rep07_fold05.csv,CV1_KW_Eta18_rep07_fold05.csv,CV1,KW,rep07,fold05,Eta18
CV1/KW/rep07/fold05/CV1_KW_Eta2_rep07_fold05.csv,CV1_KW_Eta2_rep07_fold05.csv,CV1,KW,rep07,fold05,Eta2
CV1/KW/rep07/fold05/CV1_KW_Eta3_rep07_fold05.csv,CV1_KW_Eta3_rep07_fold05.csv,CV1,KW,rep07,fold05,Eta3
CV1/KW/rep07/fold05/CV1_KW_Eta4_rep07_fold05.csv,CV1_KW_Eta4_rep07_fold05.csv,CV1,KW,rep07,fold05,Eta4
CV1/KW/rep07/fold05/CV1_KW_Eta5_rep07_fold05.csv,CV1_KW_Eta5_rep07_fold05.csv,CV1,KW,rep07,fold05,Eta5
CV1/KW/rep07/fold05/CV1_KW_Eta6_rep07_fold05.csv,CV1_KW_Eta6_rep07_fold05.csv,CV1,KW,rep07,fold05,Eta6
CV1/KW/rep07/fold05/CV1_KW_Eta7_rep07_fold05.csv,CV1_KW_Eta7_rep07_fold05.csv,CV1,KW,rep07,fold05,Eta7
CV1/KW/rep07/fold05/CV1_KW_Eta8_rep07_fold05.csv,CV1_KW_Eta8_rep07_fold05.csv,CV1,KW,rep07,fold05,Eta8
CV1/KW/rep07/fold05/CV1_KW_Eta9_rep07_fold05.csv,CV1_KW_Eta9_rep07_fold05.csv,CV1,KW,rep07,fold05,Eta9
CV1/KW/rep08/fold01/CV1_KW_Eta1_rep08_fold01.csv,CV1_KW_Eta1_rep08_fold01.csv,CV1,KW,rep08,fold01,Eta1
CV1/KW/rep08/fold01/CV1_KW_Eta10_rep08_fold01.csv,CV1_KW_Eta10_rep08_fold01.csv,CV1,KW,rep08,fold01,Eta10
CV1/KW/rep08/fold01/CV1_KW_Eta11_rep08_fold01.csv,CV1_KW_Eta11_rep08_fold01.csv,CV1,KW,rep08,fold01,Eta11
CV1/KW/rep08/fold01/CV1_KW_Eta12_rep08_fold01.csv,CV1_KW_Eta12_rep08_fold01.csv,CV1,KW,rep08,fold01,Eta12
CV1/KW/rep08/fold01/CV1_KW_Eta13_rep08_fold01.csv,CV1_KW_Eta13_rep08_fold01.csv,CV1,KW,rep08,fold01,Eta13
CV1/KW/rep08/fold01/CV1_KW_Eta14_rep08_fold01.csv,CV1_KW_Eta14_rep08_fold01.csv,CV1,KW,rep08,fold01,Eta14
CV1/KW/rep08/fold01/CV1_KW_Eta15_rep08_fold01.csv,CV1_KW_Eta15_rep08_fold01.csv,CV1,KW,rep08,fold01,Eta15
CV1/KW/rep08/fold01/CV1_KW_Eta16_rep08_fold01.csv,CV1_KW_Eta16_rep08_fold01.csv,CV1,KW,rep08,fold01,Eta16
CV1/KW/rep08/fold01/CV1_KW_Eta17_rep08_fold01.csv,CV1_KW_Eta17_rep08_fold01.csv,CV1,KW,rep08,fold01,Eta17
CV1/KW/rep08/fold01/CV1_KW_Eta18_rep08_fold01.csv,CV1_KW_Eta18_rep08_fold01.csv,CV1,KW,rep08,fold01,Eta18
CV1/KW/rep08/fold01/CV1_KW_Eta2_rep08_fold01.csv,CV1_KW_Eta2_rep08_fold01.csv,CV1,KW,rep08,fold01,Eta2
CV1/KW/rep08/fold01/CV1_KW_Eta3_rep08_fold01.csv,CV1_KW_Eta3_rep08_fold01.csv,CV1,KW,rep08,fold01,Eta3
CV1/KW/rep08/fold01/CV1_KW_Eta4_rep08_fold01.csv,CV1_KW_Eta4_rep08_fold01.csv,CV1,KW,rep08,fold01,Eta4
CV1/KW/rep08/fold01/CV1_KW_Eta5_rep08_fold01.csv,CV1_KW_Eta5_rep08_fold01.csv,CV1,KW,rep08,fold01,Eta5
CV1/KW/rep08/fold01/CV1_KW_Eta6_rep08_fold01.csv,CV1_KW_Eta6_rep08_fold01.csv,CV1,KW,rep08,fold01,Eta6
CV1/KW/rep08/fold01/CV1_KW_Eta7_rep08_fold01.csv,CV1_KW_Eta7_rep08_fold01.csv,CV1,KW,rep08,fold01,Eta7
CV1/KW/rep08/fold01/CV1_KW_Eta8_rep08_fold01.csv,CV1_KW_Eta8_rep08_fold01.csv,CV1,KW,rep08,fold01,Eta8
CV1/KW/rep08/fold01/CV1_KW_Eta9_rep08_fold01.csv,CV1_KW_Eta9_rep08_fold01.csv,CV1,KW,rep08,fold01,Eta9
CV1/KW/rep08/fold02/CV1_KW_Eta1_rep08_fold02.csv,CV1_KW_Eta1_rep08_fold02.csv,CV1,KW,rep08,fold02,Eta1
CV1/KW/rep08/fold02/CV1_KW_Eta10_rep08_fold02.csv,CV1_KW_Eta10_rep08_fold02.csv,CV1,KW,rep08,fold02,Eta10
CV1/KW/rep08/fold02/CV1_KW_Eta11_rep08_fold02.csv,CV1_KW_Eta11_rep08_fold02.csv,CV1,KW,rep08,fold02,Eta11
CV1/KW/rep08/fold02/CV1_KW_Eta12_rep08_fold02.csv,CV1_KW_Eta12_rep08_fold02.csv,CV1,KW,rep08,fold02,Eta12
CV1/KW/rep08/fold02/CV1_KW_Eta13_rep08_fold02.csv,CV1_KW_Eta13_rep08_fold02.csv,CV1,KW,rep08,fold02,Eta13
CV1/KW/rep08/fold02/CV1_KW_Eta14_rep08_fold02.csv,CV1_KW_Eta14_rep08_fold02.csv,CV1,KW,rep08,fold02,Eta14
CV1/KW/rep08/fold02/CV1_KW_Eta15_rep08_fold02.csv,CV1_KW_Eta15_rep08_fold02.csv,CV1,KW,rep08,fold02,Eta15
CV1/KW/rep08/fold02/CV1_KW_Eta16_rep08_fold02.csv,CV1_KW_Eta16_rep08_fold02.csv,CV1,KW,rep08,fold02,Eta16
CV1/KW/rep08/fold02/CV1_KW_Eta17_rep08_fold02.csv,CV1_KW_Eta17_rep08_fold02.csv,CV1,KW,rep08,fold02,Eta17
CV1/KW/rep08/fold02/CV1_KW_Eta18_rep08_fold02.csv,CV1_KW_Eta18_rep08_fold02.csv,CV1,KW,rep08,fold02,Eta18
CV1/KW/rep08/fold02/CV1_KW_Eta2_rep08_fold02.csv,CV1_KW_Eta2_rep08_fold02.csv,CV1,KW,rep08,fold02,Eta2
CV1/KW/rep08/fold02/CV1_KW_Eta3_rep08_fold02.csv,CV1_KW_Eta3_rep08_fold02.csv,CV1,KW,rep08,fold02,Eta3
CV1/KW/rep08/fold02/CV1_KW_Eta4_rep08_fold02.csv,CV1_KW_Eta4_rep08_fold02.csv,CV1,KW,rep08,fold02,Eta4
CV1/KW/rep08/fold02/CV1_KW_Eta5_rep08_fold02.csv,CV1_KW_Eta5_rep08_fold02.csv,CV1,KW,rep08,fold02,Eta5
CV1/KW/rep08/fold02/CV1_KW_Eta6_rep08_fold02.csv,CV1_KW_Eta6_rep08_fold02.csv,CV1,KW,rep08,fold02,Eta6
CV1/KW/rep08/fold02/CV1_KW_Eta7_rep08_fold02.csv,CV1_KW_Eta7_rep08_fold02.csv,CV1,KW,rep08,fold02,Eta7
CV1/KW/rep08/fold02/CV1_KW_Eta8_rep08_fold02.csv,CV1_KW_Eta8_rep08_fold02.csv,CV1,KW,rep08,fold02,Eta8
CV1/KW/rep08/fold02/CV1_KW_Eta9_rep08_fold02.csv,CV1_KW_Eta9_rep08_fold02.csv,CV1,KW,rep08,fold02,Eta9
CV1/KW/rep08/fold03/CV1_KW_Eta1_rep08_fold03.csv,CV1_KW_Eta1_rep08_fold03.csv,CV1,KW,rep08,fold03,Eta1
CV1/KW/rep08/fold03/CV1_KW_Eta10_rep08_fold03.csv,CV1_KW_Eta10_rep08_fold03.csv,CV1,KW,rep08,fold03,Eta10
CV1/KW/rep08/fold03/CV1_KW_Eta11_rep08_fold03.csv,CV1_KW_Eta11_rep08_fold03.csv,CV1,KW,rep08,fold03,Eta11
CV1/KW/rep08/fold03/CV1_KW_Eta12_rep08_fold03.csv,CV1_KW_Eta12_rep08_fold03.csv,CV1,KW,rep08,fold03,Eta12
CV1/KW/rep08/fold03/CV1_KW_Eta13_rep08_fold03.csv,CV1_KW_Eta13_rep08_fold03.csv,CV1,KW,rep08,fold03,Eta13
CV1/KW/rep08/fold03/CV1_KW_Eta14_rep08_fold03.csv,CV1_KW_Eta14_rep08_fold03.csv,CV1,KW,rep08,fold03,Eta14
CV1/KW/rep08/fold03/CV1_KW_Eta15_rep08_fold03.csv,CV1_KW_Eta15_rep08_fold03.csv,CV1,KW,rep08,fold03,Eta15
CV1/KW/rep08/fold03/CV1_KW_Eta16_rep08_fold03.csv,CV1_KW_Eta16_rep08_fold03.csv,CV1,KW,rep08,fold03,Eta16
CV1/KW/rep08/fold03/CV1_KW_Eta17_rep08_fold03.csv,CV1_KW_Eta17_rep08_fold03.csv,CV1,KW,rep08,fold03,Eta17
CV1/KW/rep08/fold03/CV1_KW_Eta18_rep08_fold03.csv,CV1_KW_Eta18_rep08_fold03.csv,CV1,KW,rep08,fold03,Eta18
CV1/KW/rep08/fold03/CV1_KW_Eta2_rep08_fold03.csv,CV1_KW_Eta2_rep08_fold03.csv,CV1,KW,rep08,fold03,Eta2
CV1/KW/rep08/fold03/CV1_KW_Eta3_rep08_fold03.csv,CV1_KW_Eta3_rep08_fold03.csv,CV1,KW,rep08,fold03,Eta3
CV1/KW/rep08/fold03/CV1_KW_Eta4_rep08_fold03.csv,CV1_KW_Eta4_rep08_fold03.csv,CV1,KW,rep08,fold03,Eta4
CV1/KW/rep08/fold03/CV1_KW_Eta5_rep08_fold03.csv,CV1_KW_Eta5_rep08_fold03.csv,CV1,KW,rep08,fold03,Eta5
CV1/KW/rep08/fold03/CV1_KW_Eta6_rep08_fold03.csv,CV1_KW_Eta6_rep08_fold03.csv,CV1,KW,rep08,fold03,Eta6
CV1/KW/rep08/fold03/CV1_KW_Eta7_rep08_fold03.csv,CV1_KW_Eta7_rep08_fold03.csv,CV1,KW,rep08,fold03,Eta7
CV1/KW/rep08/fold03/CV1_KW_Eta8_rep08_fold03.csv,CV1_KW_Eta8_rep08_fold03.csv,CV1,KW,rep08,fold03,Eta8
CV1/KW/rep08/fold03/CV1_KW_Eta9_rep08_fold03.csv,CV1_KW_Eta9_rep08_fold03.csv,CV1,KW,rep08,fold03,Eta9
CV1/KW/rep08/fold04/CV1_KW_Eta1_rep08_fold04.csv,CV1_KW_Eta1_rep08_fold04.csv,CV1,KW,rep08,fold04,Eta1
CV1/KW/rep08/fold04/CV1_KW_Eta10_rep08_fold04.csv,CV1_KW_Eta10_rep08_fold04.csv,CV1,KW,rep08,fold04,Eta10
CV1/KW/rep08/fold04/CV1_KW_Eta11_rep08_fold04.csv,CV1_KW_Eta11_rep08_fold04.csv,CV1,KW,rep08,fold04,Eta11
CV1/KW/rep08/fold04/CV1_KW_Eta12_rep08_fold04.csv,CV1_KW_Eta12_rep08_fold04.csv,CV1,KW,rep08,fold04,Eta12
CV1/KW/rep08/fold04/CV1_KW_Eta13_rep08_fold04.csv,CV1_KW_Eta13_rep08_fold04.csv,CV1,KW,rep08,fold04,Eta13
CV1/KW/rep08/fold04/CV1_KW_Eta14_rep08_fold04.csv,CV1_KW_Eta14_rep08_fold04.csv,CV1,KW,rep08,fold04,Eta14
CV1/KW/rep08/fold04/CV1_KW_Eta15_rep08_fold04.csv,CV1_KW_Eta15_rep08_fold04.csv,CV1,KW,rep08,fold04,Eta15
CV1/KW/rep08/fold04/CV1_KW_Eta16_rep08_fold04.csv,CV1_KW_Eta16_rep08_fold04.csv,CV1,KW,rep08,fold04,Eta16
CV1/KW/rep08/fold04/CV1_KW_Eta17_rep08_fold04.csv,CV1_KW_Eta17_rep08_fold04.csv,CV1,KW,rep08,fold04,Eta17
CV1/KW/rep08/fold04/CV1_KW_Eta18_rep08_fold04.csv,CV1_KW_Eta18_rep08_fold04.csv,CV1,KW,rep08,fold04,Eta18
CV1/KW/rep08/fold04/CV1_KW_Eta2_rep08_fold04.csv,CV1_KW_Eta2_rep08_fold04.csv,CV1,KW,rep08,fold04,Eta2
CV1/KW/rep08/fold04/CV1_KW_Eta3_rep08_fold04.csv,CV1_KW_Eta3_rep08_fold04.csv,CV1,KW,rep08,fold04,Eta3
CV1/KW/rep08/fold04/CV1_KW_Eta4_rep08_fold04.csv,CV1_KW_Eta4_rep08_fold04.csv,CV1,KW,rep08,fold04,Eta4
CV1/KW/rep08/fold04/CV1_KW_Eta5_rep08_fold04.csv,CV1_KW_Eta5_rep08_fold04.csv,CV1,KW,rep08,fold04,Eta5
CV1/KW/rep08/fold04/CV1_KW_Eta6_rep08_fold04.csv,CV1_KW_Eta6_rep08_fold04.csv,CV1,KW,rep08,fold04,Eta6
CV1/KW/rep08/fold04/CV1_KW_Eta7_rep08_fold04.csv,CV1_KW_Eta7_rep08_fold04.csv,CV1,KW,rep08,fold04,Eta7
CV1/KW/rep08/fold04/CV1_KW_Eta8_rep08_fold04.csv,CV1_KW_Eta8_rep08_fold04.csv,CV1,KW,rep08,fold04,Eta8
CV1/KW/rep08/fold04/CV1_KW_Eta9_rep08_fold04.csv,CV1_KW_Eta9_rep08_fold04.csv,CV1,KW,rep08,fold04,Eta9
CV1/KW/rep08/fold05/CV1_KW_Eta1_rep08_fold05.csv,CV1_KW_Eta1_rep08_fold05.csv,CV1,KW,rep08,fold05,Eta1
CV1/KW/rep08/fold05/CV1_KW_Eta10_rep08_fold05.csv,CV1_KW_Eta10_rep08_fold05.csv,CV1,KW,rep08,fold05,Eta10
CV1/KW/rep08/fold05/CV1_KW_Eta11_rep08_fold05.csv,CV1_KW_Eta11_rep08_fold05.csv,CV1,KW,rep08,fold05,Eta11
CV1/KW/rep08/fold05/CV1_KW_Eta12_rep08_fold05.csv,CV1_KW_Eta12_rep08_fold05.csv,CV1,KW,rep08,fold05,Eta12
CV1/KW/rep08/fold05/CV1_KW_Eta13_rep08_fold05.csv,CV1_KW_Eta13_rep08_fold05.csv,CV1,KW,rep08,fold05,Eta13
CV1/KW/rep08/fold05/CV1_KW_Eta14_rep08_fold05.csv,CV1_KW_Eta14_rep08_fold05.csv,CV1,KW,rep08,fold05,Eta14
CV1/KW/rep08/fold05/CV1_KW_Eta15_rep08_fold05.csv,CV1_KW_Eta15_rep08_fold05.csv,CV1,KW,rep08,fold05,Eta15
CV1/KW/rep08/fold05/CV1_KW_Eta16_rep08_fold05.csv,CV1_KW_Eta16_rep08_fold05.csv,CV1,KW,rep08,fold05,Eta16
CV1/KW/rep08/fold05/CV1_KW_Eta17_rep08_fold05.csv,CV1_KW_Eta17_rep08_fold05.csv,CV1,KW,rep08,fold05,Eta17
CV1/KW/rep08/fold05/CV1_KW_Eta18_rep08_fold05.csv,CV1_KW_Eta18_rep08_fold05.csv,CV1,KW,rep08,fold05,Eta18
CV1/KW/rep08/fold05/CV1_KW_Eta2_rep08_fold05.csv,CV1_KW_Eta2_rep08_fold05.csv,CV1,KW,rep08,fold05,Eta2
CV1/KW/rep08/fold05/CV1_KW_Eta3_rep08_fold05.csv,CV1_KW_Eta3_rep08_fold05.csv,CV1,KW,rep08,fold05,Eta3
CV1/KW/rep08/fold05/CV1_KW_Eta4_rep08_fold05.csv,CV1_KW_Eta4_rep08_fold05.csv,CV1,KW,rep08,fold05,Eta4
CV1/KW/rep08/fold05/CV1_KW_Eta5_rep08_fold05.csv,CV1_KW_Eta5_rep08_fold05.csv,CV1,KW,rep08,fold05,Eta5
CV1/KW/rep08/fold05/CV1_KW_Eta6_rep08_fold05.csv,CV1_KW_Eta6_rep08_fold05.csv,CV1,KW,rep08,fold05,Eta6
CV1/KW/rep08/fold05/CV1_KW_Eta7_rep08_fold05.csv,CV1_KW_Eta7_rep08_fold05.csv,CV1,KW,rep08,fold05,Eta7
CV1/KW/rep08/fold05/CV1_KW_Eta8_rep08_fold05.csv,CV1_KW_Eta8_rep08_fold05.csv,CV1,KW,rep08,fold05,Eta8
CV1/KW/rep08/fold05/CV1_KW_Eta9_rep08_fold05.csv,CV1_KW_Eta9_rep08_fold05.csv,CV1,KW,rep08,fold05,Eta9
CV1/KW/rep09/fold01/CV1_KW_Eta1_rep09_fold01.csv,CV1_KW_Eta1_rep09_fold01.csv,CV1,KW,rep09,fold01,Eta1
CV1/KW/rep09/fold01/CV1_KW_Eta10_rep09_fold01.csv,CV1_KW_Eta10_rep09_fold01.csv,CV1,KW,rep09,fold01,Eta10
CV1/KW/rep09/fold01/CV1_KW_Eta11_rep09_fold01.csv,CV1_KW_Eta11_rep09_fold01.csv,CV1,KW,rep09,fold01,Eta11
CV1/KW/rep09/fold01/CV1_KW_Eta12_rep09_fold01.csv,CV1_KW_Eta12_rep09_fold01.csv,CV1,KW,rep09,fold01,Eta12
CV1/KW/rep09/fold01/CV1_KW_Eta13_rep09_fold01.csv,CV1_KW_Eta13_rep09_fold01.csv,CV1,KW,rep09,fold01,Eta13
CV1/KW/rep09/fold01/CV1_KW_Eta14_rep09_fold01.csv,CV1_KW_Eta14_rep09_fold01.csv,CV1,KW,rep09,fold01,Eta14
CV1/KW/rep09/fold01/CV1_KW_Eta15_rep09_fold01.csv,CV1_KW_Eta15_rep09_fold01.csv,CV1,KW,rep09,fold01,Eta15
CV1/KW/rep09/fold01/CV1_KW_Eta16_rep09_fold01.csv,CV1_KW_Eta16_rep09_fold01.csv,CV1,KW,rep09,fold01,Eta16
CV1/KW/rep09/fold01/CV1_KW_Eta17_rep09_fold01.csv,CV1_KW_Eta17_rep09_fold01.csv,CV1,KW,rep09,fold01,Eta17
CV1/KW/rep09/fold01/CV1_KW_Eta18_rep09_fold01.csv,CV1_KW_Eta18_rep09_fold01.csv,CV1,KW,rep09,fold01,Eta18
CV1/KW/rep09/fold01/CV1_KW_Eta2_rep09_fold01.csv,CV1_KW_Eta2_rep09_fold01.csv,CV1,KW,rep09,fold01,Eta2
CV1/KW/rep09/fold01/CV1_KW_Eta3_rep09_fold01.csv,CV1_KW_Eta3_rep09_fold01.csv,CV1,KW,rep09,fold01,Eta3
CV1/KW/rep09/fold01/CV1_KW_Eta4_rep09_fold01.csv,CV1_KW_Eta4_rep09_fold01.csv,CV1,KW,rep09,fold01,Eta4
CV1/KW/rep09/fold01/CV1_KW_Eta5_rep09_fold01.csv,CV1_KW_Eta5_rep09_fold01.csv,CV1,KW,rep09,fold01,Eta5
CV1/KW/rep09/fold01/CV1_KW_Eta6_rep09_fold01.csv,CV1_KW_Eta6_rep09_fold01.csv,CV1,KW,rep09,fold01,Eta6
CV1/KW/rep09/fold01/CV1_KW_Eta7_rep09_fold01.csv,CV1_KW_Eta7_rep09_fold01.csv,CV1,KW,rep09,fold01,Eta7
CV1/KW/rep09/fold01/CV1_KW_Eta8_rep09_fold01.csv,CV1_KW_Eta8_rep09_fold01.csv,CV1,KW,rep09,fold01,Eta8
CV1/KW/rep09/fold01/CV1_KW_Eta9_rep09_fold01.csv,CV1_KW_Eta9_rep09_fold01.csv,CV1,KW,rep09,fold01,Eta9
CV1/KW/rep09/fold02/CV1_KW_Eta1_rep09_fold02.csv,CV1_KW_Eta1_rep09_fold02.csv,CV1,KW,rep09,fold02,Eta1
CV1/KW/rep09/fold02/CV1_KW_Eta10_rep09_fold02.csv,CV1_KW_Eta10_rep09_fold02.csv,CV1,KW,rep09,fold02,Eta10
CV1/KW/rep09/fold02/CV1_KW_Eta11_rep09_fold02.csv,CV1_KW_Eta11_rep09_fold02.csv,CV1,KW,rep09,fold02,Eta11
CV1/KW/rep09/fold02/CV1_KW_Eta12_rep09_fold02.csv,CV1_KW_Eta12_rep09_fold02.csv,CV1,KW,rep09,fold02,Eta12
CV1/KW/rep09/fold02/CV1_KW_Eta13_rep09_fold02.csv,CV1_KW_Eta13_rep09_fold02.csv,CV1,KW,rep09,fold02,Eta13
CV1/KW/rep09/fold02/CV1_KW_Eta14_rep09_fold02.csv,CV1_KW_Eta14_rep09_fold02.csv,CV1,KW,rep09,fold02,Eta14
CV1/KW/rep09/fold02/CV1_KW_Eta15_rep09_fold02.csv,CV1_KW_Eta15_rep09_fold02.csv,CV1,KW,rep09,fold02,Eta15
CV1/KW/rep09/fold02/CV1_KW_Eta16_rep09_fold02.csv,CV1_KW_Eta16_rep09_fold02.csv,CV1,KW,rep09,fold02,Eta16
CV1/KW/rep09/fold02/CV1_KW_Eta17_rep09_fold02.csv,CV1_KW_Eta17_rep09_fold02.csv,CV1,KW,rep09,fold02,Eta17
CV1/KW/rep09/fold02/CV1_KW_Eta18_rep09_fold02.csv,CV1_KW_Eta18_rep09_fold02.csv,CV1,KW,rep09,fold02,Eta18
CV1/KW/rep09/fold02/CV1_KW_Eta2_rep09_fold02.csv,CV1_KW_Eta2_rep09_fold02.csv,CV1,KW,rep09,fold02,Eta2
CV1/KW/rep09/fold02/CV1_KW_Eta3_rep09_fold02.csv,CV1_KW_Eta3_rep09_fold02.csv,CV1,KW,rep09,fold02,Eta3
CV1/KW/rep09/fold02/CV1_KW_Eta4_rep09_fold02.csv,CV1_KW_Eta4_rep09_fold02.csv,CV1,KW,rep09,fold02,Eta4
CV1/KW/rep09/fold02/CV1_KW_Eta5_rep09_fold02.csv,CV1_KW_Eta5_rep09_fold02.csv,CV1,KW,rep09,fold02,Eta5
CV1/KW/rep09/fold02/CV1_KW_Eta6_rep09_fold02.csv,CV1_KW_Eta6_rep09_fold02.csv,CV1,KW,rep09,fold02,Eta6
CV1/KW/rep09/fold02/CV1_KW_Eta7_rep09_fold02.csv,CV1_KW_Eta7_rep09_fold02.csv,CV1,KW,rep09,fold02,Eta7
CV1/KW/rep09/fold02/CV1_KW_Eta8_rep09_fold02.csv,CV1_KW_Eta8_rep09_fold02.csv,CV1,KW,rep09,fold02,Eta8
CV1/KW/rep09/fold02/CV1_KW_Eta9_rep09_fold02.csv,CV1_KW_Eta9_rep09_fold02.csv,CV1,KW,rep09,fold02,Eta9
CV1/KW/rep09/fold03/CV1_KW_Eta1_rep09_fold03.csv,CV1_KW_Eta1_rep09_fold03.csv,CV1,KW,rep09,fold03,Eta1
CV1/KW/rep09/fold03/CV1_KW_Eta10_rep09_fold03.csv,CV1_KW_Eta10_rep09_fold03.csv,CV1,KW,rep09,fold03,Eta10
CV1/KW/rep09/fold03/CV1_KW_Eta11_rep09_fold03.csv,CV1_KW_Eta11_rep09_fold03.csv,CV1,KW,rep09,fold03,Eta11
CV1/KW/rep09/fold03/CV1_KW_Eta12_rep09_fold03.csv,CV1_KW_Eta12_rep09_fold03.csv,CV1,KW,rep09,fold03,Eta12
CV1/KW/rep09/fold03/CV1_KW_Eta13_rep09_fold03.csv,CV1_KW_Eta13_rep09_fold03.csv,CV1,KW,rep09,fold03,Eta13
CV1/KW/rep09/fold03/CV1_KW_Eta14_rep09_fold03.csv,CV1_KW_Eta14_rep09_fold03.csv,CV1,KW,rep09,fold03,Eta14
CV1/KW/rep09/fold03/CV1_KW_Eta15_rep09_fold03.csv,CV1_KW_Eta15_rep09_fold03.csv,CV1,KW,rep09,fold03,Eta15
CV1/KW/rep09/fold03/CV1_KW_Eta16_rep09_fold03.csv,CV1_KW_Eta16_rep09_fold03.csv,CV1,KW,rep09,fold03,Eta16
CV1/KW/rep09/fold03/CV1_KW_Eta17_rep09_fold03.csv,CV1_KW_Eta17_rep09_fold03.csv,CV1,KW,rep09,fold03,Eta17
CV1/KW/rep09/fold03/CV1_KW_Eta18_rep09_fold03.csv,CV1_KW_Eta18_rep09_fold03.csv,CV1,KW,rep09,fold03,Eta18
CV1/KW/rep09/fold03/CV1_KW_Eta2_rep09_fold03.csv,CV1_KW_Eta2_rep09_fold03.csv,CV1,KW,rep09,fold03,Eta2
CV1/KW/rep09/fold03/CV1_KW_Eta3_rep09_fold03.csv,CV1_KW_Eta3_rep09_fold03.csv,CV1,KW,rep09,fold03,Eta3
CV1/KW/rep09/fold03/CV1_KW_Eta4_rep09_fold03.csv,CV1_KW_Eta4_rep09_fold03.csv,CV1,KW,rep09,fold03,Eta4
CV1/KW/rep09/fold03/CV1_KW_Eta5_rep09_fold03.csv,CV1_KW_Eta5_rep09_fold03.csv,CV1,KW,rep09,fold03,Eta5
CV1/KW/rep09/fold03/CV1_KW_Eta6_rep09_fold03.csv,CV1_KW_Eta6_rep09_fold03.csv,CV1,KW,rep09,fold03,Eta6
CV1/KW/rep09/fold03/CV1_KW_Eta7_rep09_fold03.csv,CV1_KW_Eta7_rep09_fold03.csv,CV1,KW,rep09,fold03,Eta7
CV1/KW/rep09/fold03/CV1_KW_Eta8_rep09_fold03.csv,CV1_KW_Eta8_rep09_fold03.csv,CV1,KW,rep09,fold03,Eta8
CV1/KW/rep09/fold03/CV1_KW_Eta9_rep09_fold03.csv,CV1_KW_Eta9_rep09_fold03.csv,CV1,KW,rep09,fold03,Eta9
CV1/KW/rep09/fold04/CV1_KW_Eta1_rep09_fold04.csv,CV1_KW_Eta1_rep09_fold04.csv,CV1,KW,rep09,fold04,Eta1
CV1/KW/rep09/fold04/CV1_KW_Eta10_rep09_fold04.csv,CV1_KW_Eta10_rep09_fold04.csv,CV1,KW,rep09,fold04,Eta10
CV1/KW/rep09/fold04/CV1_KW_Eta11_rep09_fold04.csv,CV1_KW_Eta11_rep09_fold04.csv,CV1,KW,rep09,fold04,Eta11
CV1/KW/rep09/fold04/CV1_KW_Eta12_rep09_fold04.csv,CV1_KW_Eta12_rep09_fold04.csv,CV1,KW,rep09,fold04,Eta12
CV1/KW/rep09/fold04/CV1_KW_Eta13_rep09_fold04.csv,CV1_KW_Eta13_rep09_fold04.csv,CV1,KW,rep09,fold04,Eta13
CV1/KW/rep09/fold04/CV1_KW_Eta14_rep09_fold04.csv,CV1_KW_Eta14_rep09_fold04.csv,CV1,KW,rep09,fold04,Eta14
CV1/KW/rep09/fold04/CV1_KW_Eta15_rep09_fold04.csv,CV1_KW_Eta15_rep09_fold04.csv,CV1,KW,rep09,fold04,Eta15
CV1/KW/rep09/fold04/CV1_KW_Eta16_rep09_fold04.csv,CV1_KW_Eta16_rep09_fold04.csv,CV1,KW,rep09,fold04,Eta16
CV1/KW/rep09/fold04/CV1_KW_Eta17_rep09_fold04.csv,CV1_KW_Eta17_rep09_fold04.csv,CV1,KW,rep09,fold04,Eta17
CV1/KW/rep09/fold04/CV1_KW_Eta18_rep09_fold04.csv,CV1_KW_Eta18_rep09_fold04.csv,CV1,KW,rep09,fold04,Eta18
CV1/KW/rep09/fold04/CV1_KW_Eta2_rep09_fold04.csv,CV1_KW_Eta2_rep09_fold04.csv,CV1,KW,rep09,fold04,Eta2
CV1/KW/rep09/fold04/CV1_KW_Eta3_rep09_fold04.csv,CV1_KW_Eta3_rep09_fold04.csv,CV1,KW,rep09,fold04,Eta3
CV1/KW/rep09/fold04/CV1_KW_Eta4_rep09_fold04.csv,CV1_KW_Eta4_rep09_fold04.csv,CV1,KW,rep09,fold04,Eta4
CV1/KW/rep09/fold04/CV1_KW_Eta5_rep09_fold04.csv,CV1_KW_Eta5_rep09_fold04.csv,CV1,KW,rep09,fold04,Eta5
CV1/KW/rep09/fold04/CV1_KW_Eta6_rep09_fold04.csv,CV1_KW_Eta6_rep09_fold04.csv,CV1,KW,rep09,fold04,Eta6
CV1/KW/rep09/fold04/CV1_KW_Eta7_rep09_fold04.csv,CV1_KW_Eta7_rep09_fold04.csv,CV1,KW,rep09,fold04,Eta7
CV1/KW/rep09/fold04/CV1_KW_Eta8_rep09_fold04.csv,CV1_KW_Eta8_rep09_fold04.csv,CV1,KW,rep09,fold04,Eta8
CV1/KW/rep09/fold04/CV1_KW_Eta9_rep09_fold04.csv,CV1_KW_Eta9_rep09_fold04.csv,CV1,KW,rep09,fold04,Eta9
CV1/KW/rep09/fold05/CV1_KW_Eta1_rep09_fold05.csv,CV1_KW_Eta1_rep09_fold05.csv,CV1,KW,rep09,fold05,Eta1
CV1/KW/rep09/fold05/CV1_KW_Eta10_rep09_fold05.csv,CV1_KW_Eta10_rep09_fold05.csv,CV1,KW,rep09,fold05,Eta10
CV1/KW/rep09/fold05/CV1_KW_Eta11_rep09_fold05.csv,CV1_KW_Eta11_rep09_fold05.csv,CV1,KW,rep09,fold05,Eta11
CV1/KW/rep09/fold05/CV1_KW_Eta12_rep09_fold05.csv,CV1_KW_Eta12_rep09_fold05.csv,CV1,KW,rep09,fold05,Eta12
CV1/KW/rep09/fold05/CV1_KW_Eta13_rep09_fold05.csv,CV1_KW_Eta13_rep09_fold05.csv,CV1,KW,rep09,fold05,Eta13
CV1/KW/rep09/fold05/CV1_KW_Eta14_rep09_fold05.csv,CV1_KW_Eta14_rep09_fold05.csv,CV1,KW,rep09,fold05,Eta14
CV1/KW/rep09/fold05/CV1_KW_Eta15_rep09_fold05.csv,CV1_KW_Eta15_rep09_fold05.csv,CV1,KW,rep09,fold05,Eta15
CV1/KW/rep09/fold05/CV1_KW_Eta16_rep09_fold05.csv,CV1_KW_Eta16_rep09_fold05.csv,CV1,KW,rep09,fold05,Eta16
CV1/KW/rep09/fold05/CV1_KW_Eta17_rep09_fold05.csv,CV1_KW_Eta17_rep09_fold05.csv,CV1,KW,rep09,fold05,Eta17
CV1/KW/rep09/fold05/CV1_KW_Eta18_rep09_fold05.csv,CV1_KW_Eta18_rep09_fold05.csv,CV1,KW,rep09,fold05,Eta18
CV1/KW/rep09/fold05/CV1_KW_Eta2_rep09_fold05.csv,CV1_KW_Eta2_rep09_fold05.csv,CV1,KW,rep09,fold05,Eta2
CV1/KW/rep09/fold05/CV1_KW_Eta3_rep09_fold05.csv,CV1_KW_Eta3_rep09_fold05.csv,CV1,KW,rep09,fold05,Eta3
CV1/KW/rep09/fold05/CV1_KW_Eta4_rep09_fold05.csv,CV1_KW_Eta4_rep09_fold05.csv,CV1,KW,rep09,fold05,Eta4
CV1/KW/rep09/fold05/CV1_KW_Eta5_rep09_fold05.csv,CV1_KW_Eta5_rep09_fold05.csv,CV1,KW,rep09,fold05,Eta5
CV1/KW/rep09/fold05/CV1_KW_Eta6_rep09_fold05.csv,CV1_KW_Eta6_rep09_fold05.csv,CV1,KW,rep09,fold05,Eta6
CV1/KW/rep09/fold05/CV1_KW_Eta7_rep09_fold05.csv,CV1_KW_Eta7_rep09_fold05.csv,CV1,KW,rep09,fold05,Eta7
CV1/KW/rep09/fold05/CV1_KW_Eta8_rep09_fold05.csv,CV1_KW_Eta8_rep09_fold05.csv,CV1,KW,rep09,fold05,Eta8
CV1/KW/rep09/fold05/CV1_KW_Eta9_rep09_fold05.csv,CV1_KW_Eta9_rep09_fold05.csv,CV1,KW,rep09,fold05,Eta9
CV1/KW/rep10/fold01/CV1_KW_Eta1_rep10_fold01.csv,CV1_KW_Eta1_rep10_fold01.csv,CV1,KW,rep10,fold01,Eta1
CV1/KW/rep10/fold01/CV1_KW_Eta10_rep10_fold01.csv,CV1_KW_Eta10_rep10_fold01.csv,CV1,KW,rep10,fold01,Eta10
CV1/KW/rep10/fold01/CV1_KW_Eta11_rep10_fold01.csv,CV1_KW_Eta11_rep10_fold01.csv,CV1,KW,rep10,fold01,Eta11
CV1/KW/rep10/fold01/CV1_KW_Eta12_rep10_fold01.csv,CV1_KW_Eta12_rep10_fold01.csv,CV1,KW,rep10,fold01,Eta12
CV1/KW/rep10/fold01/CV1_KW_Eta13_rep10_fold01.csv,CV1_KW_Eta13_rep10_fold01.csv,CV1,KW,rep10,fold01,Eta13
CV1/KW/rep10/fold01/CV1_KW_Eta14_rep10_fold01.csv,CV1_KW_Eta14_rep10_fold01.csv,CV1,KW,rep10,fold01,Eta14
CV1/KW/rep10/fold01/CV1_KW_Eta15_rep10_fold01.csv,CV1_KW_Eta15_rep10_fold01.csv,CV1,KW,rep10,fold01,Eta15
CV1/KW/rep10/fold01/CV1_KW_Eta16_rep10_fold01.csv,CV1_KW_Eta16_rep10_fold01.csv,CV1,KW,rep10,fold01,Eta16
CV1/KW/rep10/fold01/CV1_KW_Eta17_rep10_fold01.csv,CV1_KW_Eta17_rep10_fold01.csv,CV1,KW,rep10,fold01,Eta17
CV1/KW/rep10/fold01/CV1_KW_Eta18_rep10_fold01.csv,CV1_KW_Eta18_rep10_fold01.csv,CV1,KW,rep10,fold01,Eta18
CV1/KW/rep10/fold01/CV1_KW_Eta2_rep10_fold01.csv,CV1_KW_Eta2_rep10_fold01.csv,CV1,KW,rep10,fold01,Eta2
CV1/KW/rep10/fold01/CV1_KW_Eta3_rep10_fold01.csv,CV1_KW_Eta3_rep10_fold01.csv,CV1,KW,rep10,fold01,Eta3
CV1/KW/rep10/fold01/CV1_KW_Eta4_rep10_fold01.csv,CV1_KW_Eta4_rep10_fold01.csv,CV1,KW,rep10,fold01,Eta4
CV1/KW/rep10/fold01/CV1_KW_Eta5_rep10_fold01.csv,CV1_KW_Eta5_rep10_fold01.csv,CV1,KW,rep10,fold01,Eta5
CV1/KW/rep10/fold01/CV1_KW_Eta6_rep10_fold01.csv,CV1_KW_Eta6_rep10_fold01.csv,CV1,KW,rep10,fold01,Eta6
CV1/KW/rep10/fold01/CV1_KW_Eta7_rep10_fold01.csv,CV1_KW_Eta7_rep10_fold01.csv,CV1,KW,rep10,fold01,Eta7
CV1/KW/rep10/fold01/CV1_KW_Eta8_rep10_fold01.csv,CV1_KW_Eta8_rep10_fold01.csv,CV1,KW,rep10,fold01,Eta8
CV1/KW/rep10/fold01/CV1_KW_Eta9_rep10_fold01.csv,CV1_KW_Eta9_rep10_fold01.csv,CV1,KW,rep10,fold01,Eta9
CV1/KW/rep10/fold02/CV1_KW_Eta1_rep10_fold02.csv,CV1_KW_Eta1_rep10_fold02.csv,CV1,KW,rep10,fold02,Eta1
CV1/KW/rep10/fold02/CV1_KW_Eta10_rep10_fold02.csv,CV1_KW_Eta10_rep10_fold02.csv,CV1,KW,rep10,fold02,Eta10
CV1/KW/rep10/fold02/CV1_KW_Eta11_rep10_fold02.csv,CV1_KW_Eta11_rep10_fold02.csv,CV1,KW,rep10,fold02,Eta11
CV1/KW/rep10/fold02/CV1_KW_Eta12_rep10_fold02.csv,CV1_KW_Eta12_rep10_fold02.csv,CV1,KW,rep10,fold02,Eta12
CV1/KW/rep10/fold02/CV1_KW_Eta13_rep10_fold02.csv,CV1_KW_Eta13_rep10_fold02.csv,CV1,KW,rep10,fold02,Eta13
CV1/KW/rep10/fold02/CV1_KW_Eta14_rep10_fold02.csv,CV1_KW_Eta14_rep10_fold02.csv,CV1,KW,rep10,fold02,Eta14
CV1/KW/rep10/fold02/CV1_KW_Eta15_rep10_fold02.csv,CV1_KW_Eta15_rep10_fold02.csv,CV1,KW,rep10,fold02,Eta15
CV1/KW/rep10/fold02/CV1_KW_Eta16_rep10_fold02.csv,CV1_KW_Eta16_rep10_fold02.csv,CV1,KW,rep10,fold02,Eta16
CV1/KW/rep10/fold02/CV1_KW_Eta17_rep10_fold02.csv,CV1_KW_Eta17_rep10_fold02.csv,CV1,KW,rep10,fold02,Eta17
CV1/KW/rep10/fold02/CV1_KW_Eta18_rep10_fold02.csv,CV1_KW_Eta18_rep10_fold02.csv,CV1,KW,rep10,fold02,Eta18
CV1/KW/rep10/fold02/CV1_KW_Eta2_rep10_fold02.csv,CV1_KW_Eta2_rep10_fold02.csv,CV1,KW,rep10,fold02,Eta2
CV1/KW/rep10/fold02/CV1_KW_Eta3_rep10_fold02.csv,CV1_KW_Eta3_rep10_fold02.csv,CV1,KW,rep10,fold02,Eta3
CV1/KW/rep10/fold02/CV1_KW_Eta4_rep10_fold02.csv,CV1_KW_Eta4_rep10_fold02.csv,CV1,KW,rep10,fold02,Eta4
CV1/KW/rep10/fold02/CV1_KW_Eta5_rep10_fold02.csv,CV1_KW_Eta5_rep10_fold02.csv,CV1,KW,rep10,fold02,Eta5
CV1/KW/rep10/fold02/CV1_KW_Eta6_rep10_fold02.csv,CV1_KW_Eta6_rep10_fold02.csv,CV1,KW,rep10,fold02,Eta6
CV1/KW/rep10/fold02/CV1_KW_Eta7_rep10_fold02.csv,CV1_KW_Eta7_rep10_fold02.csv,CV1,KW,rep10,fold02,Eta7
CV1/KW/rep10/fold02/CV1_KW_Eta8_rep10_fold02.csv,CV1_KW_Eta8_rep10_fold02.csv,CV1,KW,rep10,fold02,Eta8
CV1/KW/rep10/fold02/CV1_KW_Eta9_rep10_fold02.csv,CV1_KW_Eta9_rep10_fold02.csv,CV1,KW,rep10,fold02,Eta9
CV1/KW/rep10/fold03/CV1_KW_Eta1_rep10_fold03.csv,CV1_KW_Eta1_rep10_fold03.csv,CV1,KW,rep10,fold03,Eta1
CV1/KW/rep10/fold03/CV1_KW_Eta10_rep10_fold03.csv,CV1_KW_Eta10_rep10_fold03.csv,CV1,KW,rep10,fold03,Eta10
CV1/KW/rep10/fold03/CV1_KW_Eta11_rep10_fold03.csv,CV1_KW_Eta11_rep10_fold03.csv,CV1,KW,rep10,fold03,Eta11
CV1/KW/rep10/fold03/CV1_KW_Eta12_rep10_fold03.csv,CV1_KW_Eta12_rep10_fold03.csv,CV1,KW,rep10,fold03,Eta12
CV1/KW/rep10/fold03/CV1_KW_Eta13_rep10_fold03.csv,CV1_KW_Eta13_rep10_fold03.csv,CV1,KW,rep10,fold03,Eta13
CV1/KW/rep10/fold03/CV1_KW_Eta14_rep10_fold03.csv,CV1_KW_Eta14_rep10_fold03.csv,CV1,KW,rep10,fold03,Eta14
CV1/KW/rep10/fold03/CV1_KW_Eta15_rep10_fold03.csv,CV1_KW_Eta15_rep10_fold03.csv,CV1,KW,rep10,fold03,Eta15
CV1/KW/rep10/fold03/CV1_KW_Eta16_rep10_fold03.csv,CV1_KW_Eta16_rep10_fold03.csv,CV1,KW,rep10,fold03,Eta16
CV1/KW/rep10/fold03/CV1_KW_Eta17_rep10_fold03.csv,CV1_KW_Eta17_rep10_fold03.csv,CV1,KW,rep10,fold03,Eta17
CV1/KW/rep10/fold03/CV1_KW_Eta18_rep10_fold03.csv,CV1_KW_Eta18_rep10_fold03.csv,CV1,KW,rep10,fold03,Eta18
CV1/KW/rep10/fold03/CV1_KW_Eta2_rep10_fold03.csv,CV1_KW_Eta2_rep10_fold03.csv,CV1,KW,rep10,fold03,Eta2
CV1/KW/rep10/fold03/CV1_KW_Eta3_rep10_fold03.csv,CV1_KW_Eta3_rep10_fold03.csv,CV1,KW,rep10,fold03,Eta3
CV1/KW/rep10/fold03/CV1_KW_Eta4_rep10_fold03.csv,CV1_KW_Eta4_rep10_fold03.csv,CV1,KW,rep10,fold03,Eta4
CV1/KW/rep10/fold03/CV1_KW_Eta5_rep10_fold03.csv,CV1_KW_Eta5_rep10_fold03.csv,CV1,KW,rep10,fold03,Eta5
CV1/KW/rep10/fold03/CV1_KW_Eta6_rep10_fold03.csv,CV1_KW_Eta6_rep10_fold03.csv,CV1,KW,rep10,fold03,Eta6
CV1/KW/rep10/fold03/CV1_KW_Eta7_rep10_fold03.csv,CV1_KW_Eta7_rep10_fold03.csv,CV1,KW,rep10,fold03,Eta7
CV1/KW/rep10/fold03/CV1_KW_Eta8_rep10_fold03.csv,CV1_KW_Eta8_rep10_fold03.csv,CV1,KW,rep10,fold03,Eta8
CV1/KW/rep10/fold03/CV1_KW_Eta9_rep10_fold03.csv,CV1_KW_Eta9_rep10_fold03.csv,CV1,KW,rep10,fold03,Eta9
CV1/KW/rep10/fold04/CV1_KW_Eta1_rep10_fold04.csv,CV1_KW_Eta1_rep10_fold04.csv,CV1,KW,rep10,fold04,Eta1
CV1/KW/rep10/fold04/CV1_KW_Eta10_rep10_fold04.csv,CV1_KW_Eta10_rep10_fold04.csv,CV1,KW,rep10,fold04,Eta10
CV1/KW/rep10/fold04/CV1_KW_Eta11_rep10_fold04.csv,CV1_KW_Eta11_rep10_fold04.csv,CV1,KW,rep10,fold04,Eta11
CV1/KW/rep10/fold04/CV1_KW_Eta12_rep10_fold04.csv,CV1_KW_Eta12_rep10_fold04.csv,CV1,KW,rep10,fold04,Eta12
CV1/KW/rep10/fold04/CV1_KW_Eta13_rep10_fold04.csv,CV1_KW_Eta13_rep10_fold04.csv,CV1,KW,rep10,fold04,Eta13
CV1/KW/rep10/fold04/CV1_KW_Eta14_rep10_fold04.csv,CV1_KW_Eta14_rep10_fold04.csv,CV1,KW,rep10,fold04,Eta14
CV1/KW/rep10/fold04/CV1_KW_Eta15_rep10_fold04.csv,CV1_KW_Eta15_rep10_fold04.csv,CV1,KW,rep10,fold04,Eta15
CV1/KW/rep10/fold04/CV1_KW_Eta16_rep10_fold04.csv,CV1_KW_Eta16_rep10_fold04.csv,CV1,KW,rep10,fold04,Eta16
CV1/KW/rep10/fold04/CV1_KW_Eta17_rep10_fold04.csv,CV1_KW_Eta17_rep10_fold04.csv,CV1,KW,rep10,fold04,Eta17
CV1/KW/rep10/fold04/CV1_KW_Eta18_rep10_fold04.csv,CV1_KW_Eta18_rep10_fold04.csv,CV1,KW,rep10,fold04,Eta18
CV1/KW/rep10/fold04/CV1_KW_Eta2_rep10_fold04.csv,CV1_KW_Eta2_rep10_fold04.csv,CV1,KW,rep10,fold04,Eta2
CV1/KW/rep10/fold04/CV1_KW_Eta3_rep10_fold04.csv,CV1_KW_Eta3_rep10_fold04.csv,CV1,KW,rep10,fold04,Eta3
CV1/KW/rep10/fold04/CV1_KW_Eta4_rep10_fold04.csv,CV1_KW_Eta4_rep10_fold04.csv,CV1,KW,rep10,fold04,Eta4
CV1/KW/rep10/fold04/CV1_KW_Eta5_rep10_fold04.csv,CV1_KW_Eta5_rep10_fold04.csv,CV1,KW,rep10,fold04,Eta5
CV1/KW/rep10/fold04/CV1_KW_Eta6_rep10_fold04.csv,CV1_KW_Eta6_rep10_fold04.csv,CV1,KW,rep10,fold04,Eta6
CV1/KW/rep10/fold04/CV1_KW_Eta7_rep10_fold04.csv,CV1_KW_Eta7_rep10_fold04.csv,CV1,KW,rep10,fold04,Eta7
CV1/KW/rep10/fold04/CV1_KW_Eta8_rep10_fold04.csv,CV1_KW_Eta8_rep10_fold04.csv,CV1,KW,rep10,fold04,Eta8
CV1/KW/rep10/fold04/CV1_KW_Eta9_rep10_fold04.csv,CV1_KW_Eta9_rep10_fold04.csv,CV1,KW,rep10,fold04,Eta9
CV1/KW/rep10/fold05/CV1_KW_Eta1_rep10_fold05.csv,CV1_KW_Eta1_rep10_fold05.csv,CV1,KW,rep10,fold05,Eta1
CV1/KW/rep10/fold05/CV1_KW_Eta10_rep10_fold05.csv,CV1_KW_Eta10_rep10_fold05.csv,CV1,KW,rep10,fold05,Eta10
CV1/KW/rep10/fold05/CV1_KW_Eta11_rep10_fold05.csv,CV1_KW_Eta11_rep10_fold05.csv,CV1,KW,rep10,fold05,Eta11
CV1/KW/rep10/fold05/CV1_KW_Eta12_rep10_fold05.csv,CV1_KW_Eta12_rep10_fold05.csv,CV1,KW,rep10,fold05,Eta12
CV1/KW/rep10/fold05/CV1_KW_Eta13_rep10_fold05.csv,CV1_KW_Eta13_rep10_fold05.csv,CV1,KW,rep10,fold05,Eta13
CV1/KW/rep10/fold05/CV1_KW_Eta14_rep10_fold05.csv,CV1_KW_Eta14_rep10_fold05.csv,CV1,KW,rep10,fold05,Eta14
CV1/KW/rep10/fold05/CV1_KW_Eta15_rep10_fold05.csv,CV1_KW_Eta15_rep10_fold05.csv,CV1,KW,rep10,fold05,Eta15
CV1/KW/rep10/fold05/CV1_KW_Eta16_rep10_fold05.csv,CV1_KW_Eta16_rep10_fold05.csv,CV1,KW,rep10,fold05,Eta16
CV1/KW/rep10/fold05/CV1_KW_Eta17_rep10_fold05.csv,CV1_KW_Eta17_rep10_fold05.csv,CV1,KW,rep10,fold05,Eta17
CV1/KW/rep10/fold05/CV1_KW_Eta18_rep10_fold05.csv,CV1_KW_Eta18_rep10_fold05.csv,CV1,KW,rep10,fold05,Eta18
CV1/KW/rep10/fold05/CV1_KW_Eta2_rep10_fold05.csv,CV1_KW_Eta2_rep10_fold05.csv,CV1,KW,rep10,fold05,Eta2
CV1/KW/rep10/fold05/CV1_KW_Eta3_rep10_fold05.csv,CV1_KW_Eta3_rep10_fold05.csv,CV1,KW,rep10,fold05,Eta3
CV1/KW/rep10/fold05/CV1_KW_Eta4_rep10_fold05.csv,CV1_KW_Eta4_rep10_fold05.csv,CV1,KW,rep10,fold05,Eta4
CV1/KW/rep10/fold05/CV1_KW_Eta5_rep10_fold05.csv,CV1_KW_Eta5_rep10_fold05.csv,CV1,KW,rep10,fold05,Eta5
CV1/KW/rep10/fold05/CV1_KW_Eta6_rep10_fold05.csv,CV1_KW_Eta6_rep10_fold05.csv,CV1,KW,rep10,fold05,Eta6
CV1/KW/rep10/fold05/CV1_KW_Eta7_rep10_fold05.csv,CV1_KW_Eta7_rep10_fold05.csv,CV1,KW,rep10,fold05,Eta7
CV1/KW/rep10/fold05/CV1_KW_Eta8_rep10_fold05.csv,CV1_KW_Eta8_rep10_fold05.csv,CV1,KW,rep10,fold05,Eta8
CV1/KW/rep10/fold05/CV1_KW_Eta9_rep10_fold05.csv,CV1_KW_Eta9_rep10_fold05.csv,CV1,KW,rep10,fold05,Eta9
CV2/GY/rep01/fold01/CV2_GY_Eta1_rep01_fold01.csv,CV2_GY_Eta1_rep01_fold01.csv,CV2,GY,rep01,fold01,Eta1
CV2/GY/rep01/fold01/CV2_GY_Eta10_rep01_fold01.csv,CV2_GY_Eta10_rep01_fold01.csv,CV2,GY,rep01,fold01,Eta10
CV2/GY/rep01/fold01/CV2_GY_Eta11_rep01_fold01.csv,CV2_GY_Eta11_rep01_fold01.csv,CV2,GY,rep01,fold01,Eta11
CV2/GY/rep01/fold01/CV2_GY_Eta12_rep01_fold01.csv,CV2_GY_Eta12_rep01_fold01.csv,CV2,GY,rep01,fold01,Eta12
CV2/GY/rep01/fold01/CV2_GY_Eta13_rep01_fold01.csv,CV2_GY_Eta13_rep01_fold01.csv,CV2,GY,rep01,fold01,Eta13
CV2/GY/rep01/fold01/CV2_GY_Eta14_rep01_fold01.csv,CV2_GY_Eta14_rep01_fold01.csv,CV2,GY,rep01,fold01,Eta14
CV2/GY/rep01/fold01/CV2_GY_Eta15_rep01_fold01.csv,CV2_GY_Eta15_rep01_fold01.csv,CV2,GY,rep01,fold01,Eta15
CV2/GY/rep01/fold01/CV2_GY_Eta16_rep01_fold01.csv,CV2_GY_Eta16_rep01_fold01.csv,CV2,GY,rep01,fold01,Eta16
CV2/GY/rep01/fold01/CV2_GY_Eta17_rep01_fold01.csv,CV2_GY_Eta17_rep01_fold01.csv,CV2,GY,rep01,fold01,Eta17
CV2/GY/rep01/fold01/CV2_GY_Eta18_rep01_fold01.csv,CV2_GY_Eta18_rep01_fold01.csv,CV2,GY,rep01,fold01,Eta18
CV2/GY/rep01/fold01/CV2_GY_Eta2_rep01_fold01.csv,CV2_GY_Eta2_rep01_fold01.csv,CV2,GY,rep01,fold01,Eta2
CV2/GY/rep01/fold01/CV2_GY_Eta3_rep01_fold01.csv,CV2_GY_Eta3_rep01_fold01.csv,CV2,GY,rep01,fold01,Eta3
CV2/GY/rep01/fold01/CV2_GY_Eta4_rep01_fold01.csv,CV2_GY_Eta4_rep01_fold01.csv,CV2,GY,rep01,fold01,Eta4
CV2/GY/rep01/fold01/CV2_GY_Eta5_rep01_fold01.csv,CV2_GY_Eta5_rep01_fold01.csv,CV2,GY,rep01,fold01,Eta5
CV2/GY/rep01/fold01/CV2_GY_Eta6_rep01_fold01.csv,CV2_GY_Eta6_rep01_fold01.csv,CV2,GY,rep01,fold01,Eta6
CV2/GY/rep01/fold01/CV2_GY_Eta7_rep01_fold01.csv,CV2_GY_Eta7_rep01_fold01.csv,CV2,GY,rep01,fold01,Eta7
CV2/GY/rep01/fold01/CV2_GY_Eta8_rep01_fold01.csv,CV2_GY_Eta8_rep01_fold01.csv,CV2,GY,rep01,fold01,Eta8
CV2/GY/rep01/fold01/CV2_GY_Eta9_rep01_fold01.csv,CV2_GY_Eta9_rep01_fold01.csv,CV2,GY,rep01,fold01,Eta9
CV2/GY/rep01/fold02/CV2_GY_Eta1_rep01_fold02.csv,CV2_GY_Eta1_rep01_fold02.csv,CV2,GY,rep01,fold02,Eta1
CV2/GY/rep01/fold02/CV2_GY_Eta10_rep01_fold02.csv,CV2_GY_Eta10_rep01_fold02.csv,CV2,GY,rep01,fold02,Eta10
CV2/GY/rep01/fold02/CV2_GY_Eta11_rep01_fold02.csv,CV2_GY_Eta11_rep01_fold02.csv,CV2,GY,rep01,fold02,Eta11
CV2/GY/rep01/fold02/CV2_GY_Eta12_rep01_fold02.csv,CV2_GY_Eta12_rep01_fold02.csv,CV2,GY,rep01,fold02,Eta12
CV2/GY/rep01/fold02/CV2_GY_Eta13_rep01_fold02.csv,CV2_GY_Eta13_rep01_fold02.csv,CV2,GY,rep01,fold02,Eta13
CV2/GY/rep01/fold02/CV2_GY_Eta14_rep01_fold02.csv,CV2_GY_Eta14_rep01_fold02.csv,CV2,GY,rep01,fold02,Eta14
CV2/GY/rep01/fold02/CV2_GY_Eta15_rep01_fold02.csv,CV2_GY_Eta15_rep01_fold02.csv,CV2,GY,rep01,fold02,Eta15
CV2/GY/rep01/fold02/CV2_GY_Eta16_rep01_fold02.csv,CV2_GY_Eta16_rep01_fold02.csv,CV2,GY,rep01,fold02,Eta16
CV2/GY/rep01/fold02/CV2_GY_Eta17_rep01_fold02.csv,CV2_GY_Eta17_rep01_fold02.csv,CV2,GY,rep01,fold02,Eta17
CV2/GY/rep01/fold02/CV2_GY_Eta18_rep01_fold02.csv,CV2_GY_Eta18_rep01_fold02.csv,CV2,GY,rep01,fold02,Eta18
CV2/GY/rep01/fold02/CV2_GY_Eta2_rep01_fold02.csv,CV2_GY_Eta2_rep01_fold02.csv,CV2,GY,rep01,fold02,Eta2
CV2/GY/rep01/fold02/CV2_GY_Eta3_rep01_fold02.csv,CV2_GY_Eta3_rep01_fold02.csv,CV2,GY,rep01,fold02,Eta3
CV2/GY/rep01/fold02/CV2_GY_Eta4_rep01_fold02.csv,CV2_GY_Eta4_rep01_fold02.csv,CV2,GY,rep01,fold02,Eta4
CV2/GY/rep01/fold02/CV2_GY_Eta5_rep01_fold02.csv,CV2_GY_Eta5_rep01_fold02.csv,CV2,GY,rep01,fold02,Eta5
CV2/GY/rep01/fold02/CV2_GY_Eta6_rep01_fold02.csv,CV2_GY_Eta6_rep01_fold02.csv,CV2,GY,rep01,fold02,Eta6
CV2/GY/rep01/fold02/CV2_GY_Eta7_rep01_fold02.csv,CV2_GY_Eta7_rep01_fold02.csv,CV2,GY,rep01,fold02,Eta7
CV2/GY/rep01/fold02/CV2_GY_Eta8_rep01_fold02.csv,CV2_GY_Eta8_rep01_fold02.csv,CV2,GY,rep01,fold02,Eta8
CV2/GY/rep01/fold02/CV2_GY_Eta9_rep01_fold02.csv,CV2_GY_Eta9_rep01_fold02.csv,CV2,GY,rep01,fold02,Eta9
CV2/GY/rep01/fold03/CV2_GY_Eta1_rep01_fold03.csv,CV2_GY_Eta1_rep01_fold03.csv,CV2,GY,rep01,fold03,Eta1
CV2/GY/rep01/fold03/CV2_GY_Eta10_rep01_fold03.csv,CV2_GY_Eta10_rep01_fold03.csv,CV2,GY,rep01,fold03,Eta10
CV2/GY/rep01/fold03/CV2_GY_Eta11_rep01_fold03.csv,CV2_GY_Eta11_rep01_fold03.csv,CV2,GY,rep01,fold03,Eta11
CV2/GY/rep01/fold03/CV2_GY_Eta12_rep01_fold03.csv,CV2_GY_Eta12_rep01_fold03.csv,CV2,GY,rep01,fold03,Eta12
CV2/GY/rep01/fold03/CV2_GY_Eta13_rep01_fold03.csv,CV2_GY_Eta13_rep01_fold03.csv,CV2,GY,rep01,fold03,Eta13
CV2/GY/rep01/fold03/CV2_GY_Eta14_rep01_fold03.csv,CV2_GY_Eta14_rep01_fold03.csv,CV2,GY,rep01,fold03,Eta14
CV2/GY/rep01/fold03/CV2_GY_Eta15_rep01_fold03.csv,CV2_GY_Eta15_rep01_fold03.csv,CV2,GY,rep01,fold03,Eta15
CV2/GY/rep01/fold03/CV2_GY_Eta16_rep01_fold03.csv,CV2_GY_Eta16_rep01_fold03.csv,CV2,GY,rep01,fold03,Eta16
CV2/GY/rep01/fold03/CV2_GY_Eta17_rep01_fold03.csv,CV2_GY_Eta17_rep01_fold03.csv,CV2,GY,rep01,fold03,Eta17
CV2/GY/rep01/fold03/CV2_GY_Eta18_rep01_fold03.csv,CV2_GY_Eta18_rep01_fold03.csv,CV2,GY,rep01,fold03,Eta18
CV2/GY/rep01/fold03/CV2_GY_Eta2_rep01_fold03.csv,CV2_GY_Eta2_rep01_fold03.csv,CV2,GY,rep01,fold03,Eta2
CV2/GY/rep01/fold03/CV2_GY_Eta3_rep01_fold03.csv,CV2_GY_Eta3_rep01_fold03.csv,CV2,GY,rep01,fold03,Eta3
CV2/GY/rep01/fold03/CV2_GY_Eta4_rep01_fold03.csv,CV2_GY_Eta4_rep01_fold03.csv,CV2,GY,rep01,fold03,Eta4
CV2/GY/rep01/fold03/CV2_GY_Eta5_rep01_fold03.csv,CV2_GY_Eta5_rep01_fold03.csv,CV2,GY,rep01,fold03,Eta5
CV2/GY/rep01/fold03/CV2_GY_Eta6_rep01_fold03.csv,CV2_GY_Eta6_rep01_fold03.csv,CV2,GY,rep01,fold03,Eta6
CV2/GY/rep01/fold03/CV2_GY_Eta7_rep01_fold03.csv,CV2_GY_Eta7_rep01_fold03.csv,CV2,GY,rep01,fold03,Eta7
CV2/GY/rep01/fold03/CV2_GY_Eta8_rep01_fold03.csv,CV2_GY_Eta8_rep01_fold03.csv,CV2,GY,rep01,fold03,Eta8
CV2/GY/rep01/fold03/CV2_GY_Eta9_rep01_fold03.csv,CV2_GY_Eta9_rep01_fold03.csv,CV2,GY,rep01,fold03,Eta9
CV2/GY/rep01/fold04/CV2_GY_Eta1_rep01_fold04.csv,CV2_GY_Eta1_rep01_fold04.csv,CV2,GY,rep01,fold04,Eta1
CV2/GY/rep01/fold04/CV2_GY_Eta10_rep01_fold04.csv,CV2_GY_Eta10_rep01_fold04.csv,CV2,GY,rep01,fold04,Eta10
CV2/GY/rep01/fold04/CV2_GY_Eta11_rep01_fold04.csv,CV2_GY_Eta11_rep01_fold04.csv,CV2,GY,rep01,fold04,Eta11
CV2/GY/rep01/fold04/CV2_GY_Eta12_rep01_fold04.csv,CV2_GY_Eta12_rep01_fold04.csv,CV2,GY,rep01,fold04,Eta12
CV2/GY/rep01/fold04/CV2_GY_Eta13_rep01_fold04.csv,CV2_GY_Eta13_rep01_fold04.csv,CV2,GY,rep01,fold04,Eta13
CV2/GY/rep01/fold04/CV2_GY_Eta14_rep01_fold04.csv,CV2_GY_Eta14_rep01_fold04.csv,CV2,GY,rep01,fold04,Eta14
CV2/GY/rep01/fold04/CV2_GY_Eta15_rep01_fold04.csv,CV2_GY_Eta15_rep01_fold04.csv,CV2,GY,rep01,fold04,Eta15
CV2/GY/rep01/fold04/CV2_GY_Eta16_rep01_fold04.csv,CV2_GY_Eta16_rep01_fold04.csv,CV2,GY,rep01,fold04,Eta16
CV2/GY/rep01/fold04/CV2_GY_Eta17_rep01_fold04.csv,CV2_GY_Eta17_rep01_fold04.csv,CV2,GY,rep01,fold04,Eta17
CV2/GY/rep01/fold04/CV2_GY_Eta18_rep01_fold04.csv,CV2_GY_Eta18_rep01_fold04.csv,CV2,GY,rep01,fold04,Eta18
CV2/GY/rep01/fold04/CV2_GY_Eta2_rep01_fold04.csv,CV2_GY_Eta2_rep01_fold04.csv,CV2,GY,rep01,fold04,Eta2
CV2/GY/rep01/fold04/CV2_GY_Eta3_rep01_fold04.csv,CV2_GY_Eta3_rep01_fold04.csv,CV2,GY,rep01,fold04,Eta3
CV2/GY/rep01/fold04/CV2_GY_Eta4_rep01_fold04.csv,CV2_GY_Eta4_rep01_fold04.csv,CV2,GY,rep01,fold04,Eta4
CV2/GY/rep01/fold04/CV2_GY_Eta5_rep01_fold04.csv,CV2_GY_Eta5_rep01_fold04.csv,CV2,GY,rep01,fold04,Eta5
CV2/GY/rep01/fold04/CV2_GY_Eta6_rep01_fold04.csv,CV2_GY_Eta6_rep01_fold04.csv,CV2,GY,rep01,fold04,Eta6
CV2/GY/rep01/fold04/CV2_GY_Eta7_rep01_fold04.csv,CV2_GY_Eta7_rep01_fold04.csv,CV2,GY,rep01,fold04,Eta7
CV2/GY/rep01/fold04/CV2_GY_Eta8_rep01_fold04.csv,CV2_GY_Eta8_rep01_fold04.csv,CV2,GY,rep01,fold04,Eta8
CV2/GY/rep01/fold04/CV2_GY_Eta9_rep01_fold04.csv,CV2_GY_Eta9_rep01_fold04.csv,CV2,GY,rep01,fold04,Eta9
CV2/GY/rep01/fold05/CV2_GY_Eta1_rep01_fold05.csv,CV2_GY_Eta1_rep01_fold05.csv,CV2,GY,rep01,fold05,Eta1
CV2/GY/rep01/fold05/CV2_GY_Eta10_rep01_fold05.csv,CV2_GY_Eta10_rep01_fold05.csv,CV2,GY,rep01,fold05,Eta10
CV2/GY/rep01/fold05/CV2_GY_Eta11_rep01_fold05.csv,CV2_GY_Eta11_rep01_fold05.csv,CV2,GY,rep01,fold05,Eta11
CV2/GY/rep01/fold05/CV2_GY_Eta12_rep01_fold05.csv,CV2_GY_Eta12_rep01_fold05.csv,CV2,GY,rep01,fold05,Eta12
CV2/GY/rep01/fold05/CV2_GY_Eta13_rep01_fold05.csv,CV2_GY_Eta13_rep01_fold05.csv,CV2,GY,rep01,fold05,Eta13
CV2/GY/rep01/fold05/CV2_GY_Eta14_rep01_fold05.csv,CV2_GY_Eta14_rep01_fold05.csv,CV2,GY,rep01,fold05,Eta14
CV2/GY/rep01/fold05/CV2_GY_Eta15_rep01_fold05.csv,CV2_GY_Eta15_rep01_fold05.csv,CV2,GY,rep01,fold05,Eta15
CV2/GY/rep01/fold05/CV2_GY_Eta16_rep01_fold05.csv,CV2_GY_Eta16_rep01_fold05.csv,CV2,GY,rep01,fold05,Eta16
CV2/GY/rep01/fold05/CV2_GY_Eta17_rep01_fold05.csv,CV2_GY_Eta17_rep01_fold05.csv,CV2,GY,rep01,fold05,Eta17
CV2/GY/rep01/fold05/CV2_GY_Eta18_rep01_fold05.csv,CV2_GY_Eta18_rep01_fold05.csv,CV2,GY,rep01,fold05,Eta18
CV2/GY/rep01/fold05/CV2_GY_Eta2_rep01_fold05.csv,CV2_GY_Eta2_rep01_fold05.csv,CV2,GY,rep01,fold05,Eta2
CV2/GY/rep01/fold05/CV2_GY_Eta3_rep01_fold05.csv,CV2_GY_Eta3_rep01_fold05.csv,CV2,GY,rep01,fold05,Eta3
CV2/GY/rep01/fold05/CV2_GY_Eta4_rep01_fold05.csv,CV2_GY_Eta4_rep01_fold05.csv,CV2,GY,rep01,fold05,Eta4
CV2/GY/rep01/fold05/CV2_GY_Eta5_rep01_fold05.csv,CV2_GY_Eta5_rep01_fold05.csv,CV2,GY,rep01,fold05,Eta5
CV2/GY/rep01/fold05/CV2_GY_Eta6_rep01_fold05.csv,CV2_GY_Eta6_rep01_fold05.csv,CV2,GY,rep01,fold05,Eta6
CV2/GY/rep01/fold05/CV2_GY_Eta7_rep01_fold05.csv,CV2_GY_Eta7_rep01_fold05.csv,CV2,GY,rep01,fold05,Eta7
CV2/GY/rep01/fold05/CV2_GY_Eta8_rep01_fold05.csv,CV2_GY_Eta8_rep01_fold05.csv,CV2,GY,rep01,fold05,Eta8
CV2/GY/rep01/fold05/CV2_GY_Eta9_rep01_fold05.csv,CV2_GY_Eta9_rep01_fold05.csv,CV2,GY,rep01,fold05,Eta9
CV2/GY/rep02/fold01/CV2_GY_Eta1_rep02_fold01.csv,CV2_GY_Eta1_rep02_fold01.csv,CV2,GY,rep02,fold01,Eta1
CV2/GY/rep02/fold01/CV2_GY_Eta10_rep02_fold01.csv,CV2_GY_Eta10_rep02_fold01.csv,CV2,GY,rep02,fold01,Eta10
CV2/GY/rep02/fold01/CV2_GY_Eta11_rep02_fold01.csv,CV2_GY_Eta11_rep02_fold01.csv,CV2,GY,rep02,fold01,Eta11
CV2/GY/rep02/fold01/CV2_GY_Eta12_rep02_fold01.csv,CV2_GY_Eta12_rep02_fold01.csv,CV2,GY,rep02,fold01,Eta12
CV2/GY/rep02/fold01/CV2_GY_Eta13_rep02_fold01.csv,CV2_GY_Eta13_rep02_fold01.csv,CV2,GY,rep02,fold01,Eta13
CV2/GY/rep02/fold01/CV2_GY_Eta14_rep02_fold01.csv,CV2_GY_Eta14_rep02_fold01.csv,CV2,GY,rep02,fold01,Eta14
CV2/GY/rep02/fold01/CV2_GY_Eta15_rep02_fold01.csv,CV2_GY_Eta15_rep02_fold01.csv,CV2,GY,rep02,fold01,Eta15
CV2/GY/rep02/fold01/CV2_GY_Eta16_rep02_fold01.csv,CV2_GY_Eta16_rep02_fold01.csv,CV2,GY,rep02,fold01,Eta16
CV2/GY/rep02/fold01/CV2_GY_Eta17_rep02_fold01.csv,CV2_GY_Eta17_rep02_fold01.csv,CV2,GY,rep02,fold01,Eta17
CV2/GY/rep02/fold01/CV2_GY_Eta18_rep02_fold01.csv,CV2_GY_Eta18_rep02_fold01.csv,CV2,GY,rep02,fold01,Eta18
CV2/GY/rep02/fold01/CV2_GY_Eta2_rep02_fold01.csv,CV2_GY_Eta2_rep02_fold01.csv,CV2,GY,rep02,fold01,Eta2
CV2/GY/rep02/fold01/CV2_GY_Eta3_rep02_fold01.csv,CV2_GY_Eta3_rep02_fold01.csv,CV2,GY,rep02,fold01,Eta3
CV2/GY/rep02/fold01/CV2_GY_Eta4_rep02_fold01.csv,CV2_GY_Eta4_rep02_fold01.csv,CV2,GY,rep02,fold01,Eta4
CV2/GY/rep02/fold01/CV2_GY_Eta5_rep02_fold01.csv,CV2_GY_Eta5_rep02_fold01.csv,CV2,GY,rep02,fold01,Eta5
CV2/GY/rep02/fold01/CV2_GY_Eta6_rep02_fold01.csv,CV2_GY_Eta6_rep02_fold01.csv,CV2,GY,rep02,fold01,Eta6
CV2/GY/rep02/fold01/CV2_GY_Eta7_rep02_fold01.csv,CV2_GY_Eta7_rep02_fold01.csv,CV2,GY,rep02,fold01,Eta7
CV2/GY/rep02/fold01/CV2_GY_Eta8_rep02_fold01.csv,CV2_GY_Eta8_rep02_fold01.csv,CV2,GY,rep02,fold01,Eta8
CV2/GY/rep02/fold01/CV2_GY_Eta9_rep02_fold01.csv,CV2_GY_Eta9_rep02_fold01.csv,CV2,GY,rep02,fold01,Eta9
CV2/GY/rep02/fold02/CV2_GY_Eta1_rep02_fold02.csv,CV2_GY_Eta1_rep02_fold02.csv,CV2,GY,rep02,fold02,Eta1
CV2/GY/rep02/fold02/CV2_GY_Eta10_rep02_fold02.csv,CV2_GY_Eta10_rep02_fold02.csv,CV2,GY,rep02,fold02,Eta10
CV2/GY/rep02/fold02/CV2_GY_Eta11_rep02_fold02.csv,CV2_GY_Eta11_rep02_fold02.csv,CV2,GY,rep02,fold02,Eta11
CV2/GY/rep02/fold02/CV2_GY_Eta12_rep02_fold02.csv,CV2_GY_Eta12_rep02_fold02.csv,CV2,GY,rep02,fold02,Eta12
CV2/GY/rep02/fold02/CV2_GY_Eta13_rep02_fold02.csv,CV2_GY_Eta13_rep02_fold02.csv,CV2,GY,rep02,fold02,Eta13
CV2/GY/rep02/fold02/CV2_GY_Eta14_rep02_fold02.csv,CV2_GY_Eta14_rep02_fold02.csv,CV2,GY,rep02,fold02,Eta14
CV2/GY/rep02/fold02/CV2_GY_Eta15_rep02_fold02.csv,CV2_GY_Eta15_rep02_fold02.csv,CV2,GY,rep02,fold02,Eta15
CV2/GY/rep02/fold02/CV2_GY_Eta16_rep02_fold02.csv,CV2_GY_Eta16_rep02_fold02.csv,CV2,GY,rep02,fold02,Eta16
CV2/GY/rep02/fold02/CV2_GY_Eta17_rep02_fold02.csv,CV2_GY_Eta17_rep02_fold02.csv,CV2,GY,rep02,fold02,Eta17
CV2/GY/rep02/fold02/CV2_GY_Eta18_rep02_fold02.csv,CV2_GY_Eta18_rep02_fold02.csv,CV2,GY,rep02,fold02,Eta18
CV2/GY/rep02/fold02/CV2_GY_Eta2_rep02_fold02.csv,CV2_GY_Eta2_rep02_fold02.csv,CV2,GY,rep02,fold02,Eta2
CV2/GY/rep02/fold02/CV2_GY_Eta3_rep02_fold02.csv,CV2_GY_Eta3_rep02_fold02.csv,CV2,GY,rep02,fold02,Eta3
CV2/GY/rep02/fold02/CV2_GY_Eta4_rep02_fold02.csv,CV2_GY_Eta4_rep02_fold02.csv,CV2,GY,rep02,fold02,Eta4
CV2/GY/rep02/fold02/CV2_GY_Eta5_rep02_fold02.csv,CV2_GY_Eta5_rep02_fold02.csv,CV2,GY,rep02,fold02,Eta5
CV2/GY/rep02/fold02/CV2_GY_Eta6_rep02_fold02.csv,CV2_GY_Eta6_rep02_fold02.csv,CV2,GY,rep02,fold02,Eta6
CV2/GY/rep02/fold02/CV2_GY_Eta7_rep02_fold02.csv,CV2_GY_Eta7_rep02_fold02.csv,CV2,GY,rep02,fold02,Eta7
CV2/GY/rep02/fold02/CV2_GY_Eta8_rep02_fold02.csv,CV2_GY_Eta8_rep02_fold02.csv,CV2,GY,rep02,fold02,Eta8
CV2/GY/rep02/fold02/CV2_GY_Eta9_rep02_fold02.csv,CV2_GY_Eta9_rep02_fold02.csv,CV2,GY,rep02,fold02,Eta9
CV2/GY/rep02/fold03/CV2_GY_Eta1_rep02_fold03.csv,CV2_GY_Eta1_rep02_fold03.csv,CV2,GY,rep02,fold03,Eta1
CV2/GY/rep02/fold03/CV2_GY_Eta10_rep02_fold03.csv,CV2_GY_Eta10_rep02_fold03.csv,CV2,GY,rep02,fold03,Eta10
CV2/GY/rep02/fold03/CV2_GY_Eta11_rep02_fold03.csv,CV2_GY_Eta11_rep02_fold03.csv,CV2,GY,rep02,fold03,Eta11
CV2/GY/rep02/fold03/CV2_GY_Eta12_rep02_fold03.csv,CV2_GY_Eta12_rep02_fold03.csv,CV2,GY,rep02,fold03,Eta12
CV2/GY/rep02/fold03/CV2_GY_Eta13_rep02_fold03.csv,CV2_GY_Eta13_rep02_fold03.csv,CV2,GY,rep02,fold03,Eta13
CV2/GY/rep02/fold03/CV2_GY_Eta14_rep02_fold03.csv,CV2_GY_Eta14_rep02_fold03.csv,CV2,GY,rep02,fold03,Eta14
CV2/GY/rep02/fold03/CV2_GY_Eta15_rep02_fold03.csv,CV2_GY_Eta15_rep02_fold03.csv,CV2,GY,rep02,fold03,Eta15
CV2/GY/rep02/fold03/CV2_GY_Eta16_rep02_fold03.csv,CV2_GY_Eta16_rep02_fold03.csv,CV2,GY,rep02,fold03,Eta16
CV2/GY/rep02/fold03/CV2_GY_Eta17_rep02_fold03.csv,CV2_GY_Eta17_rep02_fold03.csv,CV2,GY,rep02,fold03,Eta17
CV2/GY/rep02/fold03/CV2_GY_Eta18_rep02_fold03.csv,CV2_GY_Eta18_rep02_fold03.csv,CV2,GY,rep02,fold03,Eta18
CV2/GY/rep02/fold03/CV2_GY_Eta2_rep02_fold03.csv,CV2_GY_Eta2_rep02_fold03.csv,CV2,GY,rep02,fold03,Eta2
CV2/GY/rep02/fold03/CV2_GY_Eta3_rep02_fold03.csv,CV2_GY_Eta3_rep02_fold03.csv,CV2,GY,rep02,fold03,Eta3
CV2/GY/rep02/fold03/CV2_GY_Eta4_rep02_fold03.csv,CV2_GY_Eta4_rep02_fold03.csv,CV2,GY,rep02,fold03,Eta4
CV2/GY/rep02/fold03/CV2_GY_Eta5_rep02_fold03.csv,CV2_GY_Eta5_rep02_fold03.csv,CV2,GY,rep02,fold03,Eta5
CV2/GY/rep02/fold03/CV2_GY_Eta6_rep02_fold03.csv,CV2_GY_Eta6_rep02_fold03.csv,CV2,GY,rep02,fold03,Eta6
CV2/GY/rep02/fold03/CV2_GY_Eta7_rep02_fold03.csv,CV2_GY_Eta7_rep02_fold03.csv,CV2,GY,rep02,fold03,Eta7
CV2/GY/rep02/fold03/CV2_GY_Eta8_rep02_fold03.csv,CV2_GY_Eta8_rep02_fold03.csv,CV2,GY,rep02,fold03,Eta8
CV2/GY/rep02/fold03/CV2_GY_Eta9_rep02_fold03.csv,CV2_GY_Eta9_rep02_fold03.csv,CV2,GY,rep02,fold03,Eta9
CV2/GY/rep02/fold04/CV2_GY_Eta1_rep02_fold04.csv,CV2_GY_Eta1_rep02_fold04.csv,CV2,GY,rep02,fold04,Eta1
CV2/GY/rep02/fold04/CV2_GY_Eta10_rep02_fold04.csv,CV2_GY_Eta10_rep02_fold04.csv,CV2,GY,rep02,fold04,Eta10
CV2/GY/rep02/fold04/CV2_GY_Eta11_rep02_fold04.csv,CV2_GY_Eta11_rep02_fold04.csv,CV2,GY,rep02,fold04,Eta11
CV2/GY/rep02/fold04/CV2_GY_Eta12_rep02_fold04.csv,CV2_GY_Eta12_rep02_fold04.csv,CV2,GY,rep02,fold04,Eta12
CV2/GY/rep02/fold04/CV2_GY_Eta13_rep02_fold04.csv,CV2_GY_Eta13_rep02_fold04.csv,CV2,GY,rep02,fold04,Eta13
CV2/GY/rep02/fold04/CV2_GY_Eta14_rep02_fold04.csv,CV2_GY_Eta14_rep02_fold04.csv,CV2,GY,rep02,fold04,Eta14
CV2/GY/rep02/fold04/CV2_GY_Eta15_rep02_fold04.csv,CV2_GY_Eta15_rep02_fold04.csv,CV2,GY,rep02,fold04,Eta15
CV2/GY/rep02/fold04/CV2_GY_Eta16_rep02_fold04.csv,CV2_GY_Eta16_rep02_fold04.csv,CV2,GY,rep02,fold04,Eta16
CV2/GY/rep02/fold04/CV2_GY_Eta17_rep02_fold04.csv,CV2_GY_Eta17_rep02_fold04.csv,CV2,GY,rep02,fold04,Eta17
CV2/GY/rep02/fold04/CV2_GY_Eta18_rep02_fold04.csv,CV2_GY_Eta18_rep02_fold04.csv,CV2,GY,rep02,fold04,Eta18
CV2/GY/rep02/fold04/CV2_GY_Eta2_rep02_fold04.csv,CV2_GY_Eta2_rep02_fold04.csv,CV2,GY,rep02,fold04,Eta2
CV2/GY/rep02/fold04/CV2_GY_Eta3_rep02_fold04.csv,CV2_GY_Eta3_rep02_fold04.csv,CV2,GY,rep02,fold04,Eta3
CV2/GY/rep02/fold04/CV2_GY_Eta4_rep02_fold04.csv,CV2_GY_Eta4_rep02_fold04.csv,CV2,GY,rep02,fold04,Eta4
CV2/GY/rep02/fold04/CV2_GY_Eta5_rep02_fold04.csv,CV2_GY_Eta5_rep02_fold04.csv,CV2,GY,rep02,fold04,Eta5
CV2/GY/rep02/fold04/CV2_GY_Eta6_rep02_fold04.csv,CV2_GY_Eta6_rep02_fold04.csv,CV2,GY,rep02,fold04,Eta6
CV2/GY/rep02/fold04/CV2_GY_Eta7_rep02_fold04.csv,CV2_GY_Eta7_rep02_fold04.csv,CV2,GY,rep02,fold04,Eta7
CV2/GY/rep02/fold04/CV2_GY_Eta8_rep02_fold04.csv,CV2_GY_Eta8_rep02_fold04.csv,CV2,GY,rep02,fold04,Eta8
CV2/GY/rep02/fold04/CV2_GY_Eta9_rep02_fold04.csv,CV2_GY_Eta9_rep02_fold04.csv,CV2,GY,rep02,fold04,Eta9
CV2/GY/rep02/fold05/CV2_GY_Eta1_rep02_fold05.csv,CV2_GY_Eta1_rep02_fold05.csv,CV2,GY,rep02,fold05,Eta1
CV2/GY/rep02/fold05/CV2_GY_Eta10_rep02_fold05.csv,CV2_GY_Eta10_rep02_fold05.csv,CV2,GY,rep02,fold05,Eta10
CV2/GY/rep02/fold05/CV2_GY_Eta11_rep02_fold05.csv,CV2_GY_Eta11_rep02_fold05.csv,CV2,GY,rep02,fold05,Eta11
CV2/GY/rep02/fold05/CV2_GY_Eta12_rep02_fold05.csv,CV2_GY_Eta12_rep02_fold05.csv,CV2,GY,rep02,fold05,Eta12
CV2/GY/rep02/fold05/CV2_GY_Eta13_rep02_fold05.csv,CV2_GY_Eta13_rep02_fold05.csv,CV2,GY,rep02,fold05,Eta13
CV2/GY/rep02/fold05/CV2_GY_Eta14_rep02_fold05.csv,CV2_GY_Eta14_rep02_fold05.csv,CV2,GY,rep02,fold05,Eta14
CV2/GY/rep02/fold05/CV2_GY_Eta15_rep02_fold05.csv,CV2_GY_Eta15_rep02_fold05.csv,CV2,GY,rep02,fold05,Eta15
CV2/GY/rep02/fold05/CV2_GY_Eta16_rep02_fold05.csv,CV2_GY_Eta16_rep02_fold05.csv,CV2,GY,rep02,fold05,Eta16
CV2/GY/rep02/fold05/CV2_GY_Eta17_rep02_fold05.csv,CV2_GY_Eta17_rep02_fold05.csv,CV2,GY,rep02,fold05,Eta17
CV2/GY/rep02/fold05/CV2_GY_Eta18_rep02_fold05.csv,CV2_GY_Eta18_rep02_fold05.csv,CV2,GY,rep02,fold05,Eta18
CV2/GY/rep02/fold05/CV2_GY_Eta2_rep02_fold05.csv,CV2_GY_Eta2_rep02_fold05.csv,CV2,GY,rep02,fold05,Eta2
CV2/GY/rep02/fold05/CV2_GY_Eta3_rep02_fold05.csv,CV2_GY_Eta3_rep02_fold05.csv,CV2,GY,rep02,fold05,Eta3
CV2/GY/rep02/fold05/CV2_GY_Eta4_rep02_fold05.csv,CV2_GY_Eta4_rep02_fold05.csv,CV2,GY,rep02,fold05,Eta4
CV2/GY/rep02/fold05/CV2_GY_Eta5_rep02_fold05.csv,CV2_GY_Eta5_rep02_fold05.csv,CV2,GY,rep02,fold05,Eta5
CV2/GY/rep02/fold05/CV2_GY_Eta6_rep02_fold05.csv,CV2_GY_Eta6_rep02_fold05.csv,CV2,GY,rep02,fold05,Eta6
CV2/GY/rep02/fold05/CV2_GY_Eta7_rep02_fold05.csv,CV2_GY_Eta7_rep02_fold05.csv,CV2,GY,rep02,fold05,Eta7
CV2/GY/rep02/fold05/CV2_GY_Eta8_rep02_fold05.csv,CV2_GY_Eta8_rep02_fold05.csv,CV2,GY,rep02,fold05,Eta8
CV2/GY/rep02/fold05/CV2_GY_Eta9_rep02_fold05.csv,CV2_GY_Eta9_rep02_fold05.csv,CV2,GY,rep02,fold05,Eta9
CV2/GY/rep03/fold01/CV2_GY_Eta1_rep03_fold01.csv,CV2_GY_Eta1_rep03_fold01.csv,CV2,GY,rep03,fold01,Eta1
CV2/GY/rep03/fold01/CV2_GY_Eta10_rep03_fold01.csv,CV2_GY_Eta10_rep03_fold01.csv,CV2,GY,rep03,fold01,Eta10
CV2/GY/rep03/fold01/CV2_GY_Eta11_rep03_fold01.csv,CV2_GY_Eta11_rep03_fold01.csv,CV2,GY,rep03,fold01,Eta11
CV2/GY/rep03/fold01/CV2_GY_Eta12_rep03_fold01.csv,CV2_GY_Eta12_rep03_fold01.csv,CV2,GY,rep03,fold01,Eta12
CV2/GY/rep03/fold01/CV2_GY_Eta13_rep03_fold01.csv,CV2_GY_Eta13_rep03_fold01.csv,CV2,GY,rep03,fold01,Eta13
CV2/GY/rep03/fold01/CV2_GY_Eta14_rep03_fold01.csv,CV2_GY_Eta14_rep03_fold01.csv,CV2,GY,rep03,fold01,Eta14
CV2/GY/rep03/fold01/CV2_GY_Eta15_rep03_fold01.csv,CV2_GY_Eta15_rep03_fold01.csv,CV2,GY,rep03,fold01,Eta15
CV2/GY/rep03/fold01/CV2_GY_Eta16_rep03_fold01.csv,CV2_GY_Eta16_rep03_fold01.csv,CV2,GY,rep03,fold01,Eta16
CV2/GY/rep03/fold01/CV2_GY_Eta17_rep03_fold01.csv,CV2_GY_Eta17_rep03_fold01.csv,CV2,GY,rep03,fold01,Eta17
CV2/GY/rep03/fold01/CV2_GY_Eta18_rep03_fold01.csv,CV2_GY_Eta18_rep03_fold01.csv,CV2,GY,rep03,fold01,Eta18
CV2/GY/rep03/fold01/CV2_GY_Eta2_rep03_fold01.csv,CV2_GY_Eta2_rep03_fold01.csv,CV2,GY,rep03,fold01,Eta2
CV2/GY/rep03/fold01/CV2_GY_Eta3_rep03_fold01.csv,CV2_GY_Eta3_rep03_fold01.csv,CV2,GY,rep03,fold01,Eta3
CV2/GY/rep03/fold01/CV2_GY_Eta4_rep03_fold01.csv,CV2_GY_Eta4_rep03_fold01.csv,CV2,GY,rep03,fold01,Eta4
CV2/GY/rep03/fold01/CV2_GY_Eta5_rep03_fold01.csv,CV2_GY_Eta5_rep03_fold01.csv,CV2,GY,rep03,fold01,Eta5
CV2/GY/rep03/fold01/CV2_GY_Eta6_rep03_fold01.csv,CV2_GY_Eta6_rep03_fold01.csv,CV2,GY,rep03,fold01,Eta6
CV2/GY/rep03/fold01/CV2_GY_Eta7_rep03_fold01.csv,CV2_GY_Eta7_rep03_fold01.csv,CV2,GY,rep03,fold01,Eta7
CV2/GY/rep03/fold01/CV2_GY_Eta8_rep03_fold01.csv,CV2_GY_Eta8_rep03_fold01.csv,CV2,GY,rep03,fold01,Eta8
CV2/GY/rep03/fold01/CV2_GY_Eta9_rep03_fold01.csv,CV2_GY_Eta9_rep03_fold01.csv,CV2,GY,rep03,fold01,Eta9
CV2/GY/rep03/fold02/CV2_GY_Eta1_rep03_fold02.csv,CV2_GY_Eta1_rep03_fold02.csv,CV2,GY,rep03,fold02,Eta1
CV2/GY/rep03/fold02/CV2_GY_Eta10_rep03_fold02.csv,CV2_GY_Eta10_rep03_fold02.csv,CV2,GY,rep03,fold02,Eta10
CV2/GY/rep03/fold02/CV2_GY_Eta11_rep03_fold02.csv,CV2_GY_Eta11_rep03_fold02.csv,CV2,GY,rep03,fold02,Eta11
CV2/GY/rep03/fold02/CV2_GY_Eta12_rep03_fold02.csv,CV2_GY_Eta12_rep03_fold02.csv,CV2,GY,rep03,fold02,Eta12
CV2/GY/rep03/fold02/CV2_GY_Eta13_rep03_fold02.csv,CV2_GY_Eta13_rep03_fold02.csv,CV2,GY,rep03,fold02,Eta13
CV2/GY/rep03/fold02/CV2_GY_Eta14_rep03_fold02.csv,CV2_GY_Eta14_rep03_fold02.csv,CV2,GY,rep03,fold02,Eta14
CV2/GY/rep03/fold02/CV2_GY_Eta15_rep03_fold02.csv,CV2_GY_Eta15_rep03_fold02.csv,CV2,GY,rep03,fold02,Eta15
CV2/GY/rep03/fold02/CV2_GY_Eta16_rep03_fold02.csv,CV2_GY_Eta16_rep03_fold02.csv,CV2,GY,rep03,fold02,Eta16
CV2/GY/rep03/fold02/CV2_GY_Eta17_rep03_fold02.csv,CV2_GY_Eta17_rep03_fold02.csv,CV2,GY,rep03,fold02,Eta17
CV2/GY/rep03/fold02/CV2_GY_Eta18_rep03_fold02.csv,CV2_GY_Eta18_rep03_fold02.csv,CV2,GY,rep03,fold02,Eta18
CV2/GY/rep03/fold02/CV2_GY_Eta2_rep03_fold02.csv,CV2_GY_Eta2_rep03_fold02.csv,CV2,GY,rep03,fold02,Eta2
CV2/GY/rep03/fold02/CV2_GY_Eta3_rep03_fold02.csv,CV2_GY_Eta3_rep03_fold02.csv,CV2,GY,rep03,fold02,Eta3
CV2/GY/rep03/fold02/CV2_GY_Eta4_rep03_fold02.csv,CV2_GY_Eta4_rep03_fold02.csv,CV2,GY,rep03,fold02,Eta4
CV2/GY/rep03/fold02/CV2_GY_Eta5_rep03_fold02.csv,CV2_GY_Eta5_rep03_fold02.csv,CV2,GY,rep03,fold02,Eta5
CV2/GY/rep03/fold02/CV2_GY_Eta6_rep03_fold02.csv,CV2_GY_Eta6_rep03_fold02.csv,CV2,GY,rep03,fold02,Eta6
CV2/GY/rep03/fold02/CV2_GY_Eta7_rep03_fold02.csv,CV2_GY_Eta7_rep03_fold02.csv,CV2,GY,rep03,fold02,Eta7
CV2/GY/rep03/fold02/CV2_GY_Eta8_rep03_fold02.csv,CV2_GY_Eta8_rep03_fold02.csv,CV2,GY,rep03,fold02,Eta8
CV2/GY/rep03/fold02/CV2_GY_Eta9_rep03_fold02.csv,CV2_GY_Eta9_rep03_fold02.csv,CV2,GY,rep03,fold02,Eta9
CV2/GY/rep03/fold03/CV2_GY_Eta1_rep03_fold03.csv,CV2_GY_Eta1_rep03_fold03.csv,CV2,GY,rep03,fold03,Eta1
CV2/GY/rep03/fold03/CV2_GY_Eta10_rep03_fold03.csv,CV2_GY_Eta10_rep03_fold03.csv,CV2,GY,rep03,fold03,Eta10
CV2/GY/rep03/fold03/CV2_GY_Eta11_rep03_fold03.csv,CV2_GY_Eta11_rep03_fold03.csv,CV2,GY,rep03,fold03,Eta11
CV2/GY/rep03/fold03/CV2_GY_Eta12_rep03_fold03.csv,CV2_GY_Eta12_rep03_fold03.csv,CV2,GY,rep03,fold03,Eta12
CV2/GY/rep03/fold03/CV2_GY_Eta13_rep03_fold03.csv,CV2_GY_Eta13_rep03_fold03.csv,CV2,GY,rep03,fold03,Eta13
CV2/GY/rep03/fold03/CV2_GY_Eta14_rep03_fold03.csv,CV2_GY_Eta14_rep03_fold03.csv,CV2,GY,rep03,fold03,Eta14
CV2/GY/rep03/fold03/CV2_GY_Eta15_rep03_fold03.csv,CV2_GY_Eta15_rep03_fold03.csv,CV2,GY,rep03,fold03,Eta15
CV2/GY/rep03/fold03/CV2_GY_Eta16_rep03_fold03.csv,CV2_GY_Eta16_rep03_fold03.csv,CV2,GY,rep03,fold03,Eta16
CV2/GY/rep03/fold03/CV2_GY_Eta17_rep03_fold03.csv,CV2_GY_Eta17_rep03_fold03.csv,CV2,GY,rep03,fold03,Eta17
CV2/GY/rep03/fold03/CV2_GY_Eta18_rep03_fold03.csv,CV2_GY_Eta18_rep03_fold03.csv,CV2,GY,rep03,fold03,Eta18
CV2/GY/rep03/fold03/CV2_GY_Eta2_rep03_fold03.csv,CV2_GY_Eta2_rep03_fold03.csv,CV2,GY,rep03,fold03,Eta2
CV2/GY/rep03/fold03/CV2_GY_Eta3_rep03_fold03.csv,CV2_GY_Eta3_rep03_fold03.csv,CV2,GY,rep03,fold03,Eta3
CV2/GY/rep03/fold03/CV2_GY_Eta4_rep03_fold03.csv,CV2_GY_Eta4_rep03_fold03.csv,CV2,GY,rep03,fold03,Eta4
CV2/GY/rep03/fold03/CV2_GY_Eta5_rep03_fold03.csv,CV2_GY_Eta5_rep03_fold03.csv,CV2,GY,rep03,fold03,Eta5
CV2/GY/rep03/fold03/CV2_GY_Eta6_rep03_fold03.csv,CV2_GY_Eta6_rep03_fold03.csv,CV2,GY,rep03,fold03,Eta6
CV2/GY/rep03/fold03/CV2_GY_Eta7_rep03_fold03.csv,CV2_GY_Eta7_rep03_fold03.csv,CV2,GY,rep03,fold03,Eta7
CV2/GY/rep03/fold03/CV2_GY_Eta8_rep03_fold03.csv,CV2_GY_Eta8_rep03_fold03.csv,CV2,GY,rep03,fold03,Eta8
CV2/GY/rep03/fold03/CV2_GY_Eta9_rep03_fold03.csv,CV2_GY_Eta9_rep03_fold03.csv,CV2,GY,rep03,fold03,Eta9
CV2/GY/rep03/fold04/CV2_GY_Eta1_rep03_fold04.csv,CV2_GY_Eta1_rep03_fold04.csv,CV2,GY,rep03,fold04,Eta1
CV2/GY/rep03/fold04/CV2_GY_Eta10_rep03_fold04.csv,CV2_GY_Eta10_rep03_fold04.csv,CV2,GY,rep03,fold04,Eta10
CV2/GY/rep03/fold04/CV2_GY_Eta11_rep03_fold04.csv,CV2_GY_Eta11_rep03_fold04.csv,CV2,GY,rep03,fold04,Eta11
CV2/GY/rep03/fold04/CV2_GY_Eta12_rep03_fold04.csv,CV2_GY_Eta12_rep03_fold04.csv,CV2,GY,rep03,fold04,Eta12
CV2/GY/rep03/fold04/CV2_GY_Eta13_rep03_fold04.csv,CV2_GY_Eta13_rep03_fold04.csv,CV2,GY,rep03,fold04,Eta13
CV2/GY/rep03/fold04/CV2_GY_Eta14_rep03_fold04.csv,CV2_GY_Eta14_rep03_fold04.csv,CV2,GY,rep03,fold04,Eta14
CV2/GY/rep03/fold04/CV2_GY_Eta15_rep03_fold04.csv,CV2_GY_Eta15_rep03_fold04.csv,CV2,GY,rep03,fold04,Eta15
CV2/GY/rep03/fold04/CV2_GY_Eta16_rep03_fold04.csv,CV2_GY_Eta16_rep03_fold04.csv,CV2,GY,rep03,fold04,Eta16
CV2/GY/rep03/fold04/CV2_GY_Eta17_rep03_fold04.csv,CV2_GY_Eta17_rep03_fold04.csv,CV2,GY,rep03,fold04,Eta17
CV2/GY/rep03/fold04/CV2_GY_Eta18_rep03_fold04.csv,CV2_GY_Eta18_rep03_fold04.csv,CV2,GY,rep03,fold04,Eta18
CV2/GY/rep03/fold04/CV2_GY_Eta2_rep03_fold04.csv,CV2_GY_Eta2_rep03_fold04.csv,CV2,GY,rep03,fold04,Eta2
CV2/GY/rep03/fold04/CV2_GY_Eta3_rep03_fold04.csv,CV2_GY_Eta3_rep03_fold04.csv,CV2,GY,rep03,fold04,Eta3
CV2/GY/rep03/fold04/CV2_GY_Eta4_rep03_fold04.csv,CV2_GY_Eta4_rep03_fold04.csv,CV2,GY,rep03,fold04,Eta4
CV2/GY/rep03/fold04/CV2_GY_Eta5_rep03_fold04.csv,CV2_GY_Eta5_rep03_fold04.csv,CV2,GY,rep03,fold04,Eta5
CV2/GY/rep03/fold04/CV2_GY_Eta6_rep03_fold04.csv,CV2_GY_Eta6_rep03_fold04.csv,CV2,GY,rep03,fold04,Eta6
CV2/GY/rep03/fold04/CV2_GY_Eta7_rep03_fold04.csv,CV2_GY_Eta7_rep03_fold04.csv,CV2,GY,rep03,fold04,Eta7
CV2/GY/rep03/fold04/CV2_GY_Eta8_rep03_fold04.csv,CV2_GY_Eta8_rep03_fold04.csv,CV2,GY,rep03,fold04,Eta8
CV2/GY/rep03/fold04/CV2_GY_Eta9_rep03_fold04.csv,CV2_GY_Eta9_rep03_fold04.csv,CV2,GY,rep03,fold04,Eta9
CV2/GY/rep03/fold05/CV2_GY_Eta1_rep03_fold05.csv,CV2_GY_Eta1_rep03_fold05.csv,CV2,GY,rep03,fold05,Eta1
CV2/GY/rep03/fold05/CV2_GY_Eta10_rep03_fold05.csv,CV2_GY_Eta10_rep03_fold05.csv,CV2,GY,rep03,fold05,Eta10
CV2/GY/rep03/fold05/CV2_GY_Eta11_rep03_fold05.csv,CV2_GY_Eta11_rep03_fold05.csv,CV2,GY,rep03,fold05,Eta11
CV2/GY/rep03/fold05/CV2_GY_Eta12_rep03_fold05.csv,CV2_GY_Eta12_rep03_fold05.csv,CV2,GY,rep03,fold05,Eta12
CV2/GY/rep03/fold05/CV2_GY_Eta13_rep03_fold05.csv,CV2_GY_Eta13_rep03_fold05.csv,CV2,GY,rep03,fold05,Eta13
CV2/GY/rep03/fold05/CV2_GY_Eta14_rep03_fold05.csv,CV2_GY_Eta14_rep03_fold05.csv,CV2,GY,rep03,fold05,Eta14
CV2/GY/rep03/fold05/CV2_GY_Eta15_rep03_fold05.csv,CV2_GY_Eta15_rep03_fold05.csv,CV2,GY,rep03,fold05,Eta15
CV2/GY/rep03/fold05/CV2_GY_Eta16_rep03_fold05.csv,CV2_GY_Eta16_rep03_fold05.csv,CV2,GY,rep03,fold05,Eta16
CV2/GY/rep03/fold05/CV2_GY_Eta17_rep03_fold05.csv,CV2_GY_Eta17_rep03_fold05.csv,CV2,GY,rep03,fold05,Eta17
CV2/GY/rep03/fold05/CV2_GY_Eta18_rep03_fold05.csv,CV2_GY_Eta18_rep03_fold05.csv,CV2,GY,rep03,fold05,Eta18
CV2/GY/rep03/fold05/CV2_GY_Eta2_rep03_fold05.csv,CV2_GY_Eta2_rep03_fold05.csv,CV2,GY,rep03,fold05,Eta2
CV2/GY/rep03/fold05/CV2_GY_Eta3_rep03_fold05.csv,CV2_GY_Eta3_rep03_fold05.csv,CV2,GY,rep03,fold05,Eta3
CV2/GY/rep03/fold05/CV2_GY_Eta4_rep03_fold05.csv,CV2_GY_Eta4_rep03_fold05.csv,CV2,GY,rep03,fold05,Eta4
CV2/GY/rep03/fold05/CV2_GY_Eta5_rep03_fold05.csv,CV2_GY_Eta5_rep03_fold05.csv,CV2,GY,rep03,fold05,Eta5
CV2/GY/rep03/fold05/CV2_GY_Eta6_rep03_fold05.csv,CV2_GY_Eta6_rep03_fold05.csv,CV2,GY,rep03,fold05,Eta6
CV2/GY/rep03/fold05/CV2_GY_Eta7_rep03_fold05.csv,CV2_GY_Eta7_rep03_fold05.csv,CV2,GY,rep03,fold05,Eta7
CV2/GY/rep03/fold05/CV2_GY_Eta8_rep03_fold05.csv,CV2_GY_Eta8_rep03_fold05.csv,CV2,GY,rep03,fold05,Eta8
CV2/GY/rep03/fold05/CV2_GY_Eta9_rep03_fold05.csv,CV2_GY_Eta9_rep03_fold05.csv,CV2,GY,rep03,fold05,Eta9
CV2/GY/rep04/fold01/CV2_GY_Eta1_rep04_fold01.csv,CV2_GY_Eta1_rep04_fold01.csv,CV2,GY,rep04,fold01,Eta1
CV2/GY/rep04/fold01/CV2_GY_Eta10_rep04_fold01.csv,CV2_GY_Eta10_rep04_fold01.csv,CV2,GY,rep04,fold01,Eta10
CV2/GY/rep04/fold01/CV2_GY_Eta11_rep04_fold01.csv,CV2_GY_Eta11_rep04_fold01.csv,CV2,GY,rep04,fold01,Eta11
CV2/GY/rep04/fold01/CV2_GY_Eta12_rep04_fold01.csv,CV2_GY_Eta12_rep04_fold01.csv,CV2,GY,rep04,fold01,Eta12
CV2/GY/rep04/fold01/CV2_GY_Eta13_rep04_fold01.csv,CV2_GY_Eta13_rep04_fold01.csv,CV2,GY,rep04,fold01,Eta13
CV2/GY/rep04/fold01/CV2_GY_Eta14_rep04_fold01.csv,CV2_GY_Eta14_rep04_fold01.csv,CV2,GY,rep04,fold01,Eta14
CV2/GY/rep04/fold01/CV2_GY_Eta15_rep04_fold01.csv,CV2_GY_Eta15_rep04_fold01.csv,CV2,GY,rep04,fold01,Eta15
CV2/GY/rep04/fold01/CV2_GY_Eta16_rep04_fold01.csv,CV2_GY_Eta16_rep04_fold01.csv,CV2,GY,rep04,fold01,Eta16
CV2/GY/rep04/fold01/CV2_GY_Eta17_rep04_fold01.csv,CV2_GY_Eta17_rep04_fold01.csv,CV2,GY,rep04,fold01,Eta17
CV2/GY/rep04/fold01/CV2_GY_Eta18_rep04_fold01.csv,CV2_GY_Eta18_rep04_fold01.csv,CV2,GY,rep04,fold01,Eta18
CV2/GY/rep04/fold01/CV2_GY_Eta2_rep04_fold01.csv,CV2_GY_Eta2_rep04_fold01.csv,CV2,GY,rep04,fold01,Eta2
CV2/GY/rep04/fold01/CV2_GY_Eta3_rep04_fold01.csv,CV2_GY_Eta3_rep04_fold01.csv,CV2,GY,rep04,fold01,Eta3
CV2/GY/rep04/fold01/CV2_GY_Eta4_rep04_fold01.csv,CV2_GY_Eta4_rep04_fold01.csv,CV2,GY,rep04,fold01,Eta4
CV2/GY/rep04/fold01/CV2_GY_Eta5_rep04_fold01.csv,CV2_GY_Eta5_rep04_fold01.csv,CV2,GY,rep04,fold01,Eta5
CV2/GY/rep04/fold01/CV2_GY_Eta6_rep04_fold01.csv,CV2_GY_Eta6_rep04_fold01.csv,CV2,GY,rep04,fold01,Eta6
CV2/GY/rep04/fold01/CV2_GY_Eta7_rep04_fold01.csv,CV2_GY_Eta7_rep04_fold01.csv,CV2,GY,rep04,fold01,Eta7
CV2/GY/rep04/fold01/CV2_GY_Eta8_rep04_fold01.csv,CV2_GY_Eta8_rep04_fold01.csv,CV2,GY,rep04,fold01,Eta8
CV2/GY/rep04/fold01/CV2_GY_Eta9_rep04_fold01.csv,CV2_GY_Eta9_rep04_fold01.csv,CV2,GY,rep04,fold01,Eta9
CV2/GY/rep04/fold02/CV2_GY_Eta1_rep04_fold02.csv,CV2_GY_Eta1_rep04_fold02.csv,CV2,GY,rep04,fold02,Eta1
CV2/GY/rep04/fold02/CV2_GY_Eta10_rep04_fold02.csv,CV2_GY_Eta10_rep04_fold02.csv,CV2,GY,rep04,fold02,Eta10
CV2/GY/rep04/fold02/CV2_GY_Eta11_rep04_fold02.csv,CV2_GY_Eta11_rep04_fold02.csv,CV2,GY,rep04,fold02,Eta11
CV2/GY/rep04/fold02/CV2_GY_Eta12_rep04_fold02.csv,CV2_GY_Eta12_rep04_fold02.csv,CV2,GY,rep04,fold02,Eta12
CV2/GY/rep04/fold02/CV2_GY_Eta13_rep04_fold02.csv,CV2_GY_Eta13_rep04_fold02.csv,CV2,GY,rep04,fold02,Eta13
CV2/GY/rep04/fold02/CV2_GY_Eta14_rep04_fold02.csv,CV2_GY_Eta14_rep04_fold02.csv,CV2,GY,rep04,fold02,Eta14
CV2/GY/rep04/fold02/CV2_GY_Eta15_rep04_fold02.csv,CV2_GY_Eta15_rep04_fold02.csv,CV2,GY,rep04,fold02,Eta15
CV2/GY/rep04/fold02/CV2_GY_Eta16_rep04_fold02.csv,CV2_GY_Eta16_rep04_fold02.csv,CV2,GY,rep04,fold02,Eta16
CV2/GY/rep04/fold02/CV2_GY_Eta17_rep04_fold02.csv,CV2_GY_Eta17_rep04_fold02.csv,CV2,GY,rep04,fold02,Eta17
CV2/GY/rep04/fold02/CV2_GY_Eta18_rep04_fold02.csv,CV2_GY_Eta18_rep04_fold02.csv,CV2,GY,rep04,fold02,Eta18
CV2/GY/rep04/fold02/CV2_GY_Eta2_rep04_fold02.csv,CV2_GY_Eta2_rep04_fold02.csv,CV2,GY,rep04,fold02,Eta2
CV2/GY/rep04/fold02/CV2_GY_Eta3_rep04_fold02.csv,CV2_GY_Eta3_rep04_fold02.csv,CV2,GY,rep04,fold02,Eta3
CV2/GY/rep04/fold02/CV2_GY_Eta4_rep04_fold02.csv,CV2_GY_Eta4_rep04_fold02.csv,CV2,GY,rep04,fold02,Eta4
CV2/GY/rep04/fold02/CV2_GY_Eta5_rep04_fold02.csv,CV2_GY_Eta5_rep04_fold02.csv,CV2,GY,rep04,fold02,Eta5
CV2/GY/rep04/fold02/CV2_GY_Eta6_rep04_fold02.csv,CV2_GY_Eta6_rep04_fold02.csv,CV2,GY,rep04,fold02,Eta6
CV2/GY/rep04/fold02/CV2_GY_Eta7_rep04_fold02.csv,CV2_GY_Eta7_rep04_fold02.csv,CV2,GY,rep04,fold02,Eta7
CV2/GY/rep04/fold02/CV2_GY_Eta8_rep04_fold02.csv,CV2_GY_Eta8_rep04_fold02.csv,CV2,GY,rep04,fold02,Eta8
CV2/GY/rep04/fold02/CV2_GY_Eta9_rep04_fold02.csv,CV2_GY_Eta9_rep04_fold02.csv,CV2,GY,rep04,fold02,Eta9
CV2/GY/rep04/fold03/CV2_GY_Eta1_rep04_fold03.csv,CV2_GY_Eta1_rep04_fold03.csv,CV2,GY,rep04,fold03,Eta1
CV2/GY/rep04/fold03/CV2_GY_Eta10_rep04_fold03.csv,CV2_GY_Eta10_rep04_fold03.csv,CV2,GY,rep04,fold03,Eta10
CV2/GY/rep04/fold03/CV2_GY_Eta11_rep04_fold03.csv,CV2_GY_Eta11_rep04_fold03.csv,CV2,GY,rep04,fold03,Eta11
CV2/GY/rep04/fold03/CV2_GY_Eta12_rep04_fold03.csv,CV2_GY_Eta12_rep04_fold03.csv,CV2,GY,rep04,fold03,Eta12
CV2/GY/rep04/fold03/CV2_GY_Eta13_rep04_fold03.csv,CV2_GY_Eta13_rep04_fold03.csv,CV2,GY,rep04,fold03,Eta13
CV2/GY/rep04/fold03/CV2_GY_Eta14_rep04_fold03.csv,CV2_GY_Eta14_rep04_fold03.csv,CV2,GY,rep04,fold03,Eta14
CV2/GY/rep04/fold03/CV2_GY_Eta15_rep04_fold03.csv,CV2_GY_Eta15_rep04_fold03.csv,CV2,GY,rep04,fold03,Eta15
CV2/GY/rep04/fold03/CV2_GY_Eta16_rep04_fold03.csv,CV2_GY_Eta16_rep04_fold03.csv,CV2,GY,rep04,fold03,Eta16
CV2/GY/rep04/fold03/CV2_GY_Eta17_rep04_fold03.csv,CV2_GY_Eta17_rep04_fold03.csv,CV2,GY,rep04,fold03,Eta17
CV2/GY/rep04/fold03/CV2_GY_Eta18_rep04_fold03.csv,CV2_GY_Eta18_rep04_fold03.csv,CV2,GY,rep04,fold03,Eta18
CV2/GY/rep04/fold03/CV2_GY_Eta2_rep04_fold03.csv,CV2_GY_Eta2_rep04_fold03.csv,CV2,GY,rep04,fold03,Eta2
CV2/GY/rep04/fold03/CV2_GY_Eta3_rep04_fold03.csv,CV2_GY_Eta3_rep04_fold03.csv,CV2,GY,rep04,fold03,Eta3
CV2/GY/rep04/fold03/CV2_GY_Eta4_rep04_fold03.csv,CV2_GY_Eta4_rep04_fold03.csv,CV2,GY,rep04,fold03,Eta4
CV2/GY/rep04/fold03/CV2_GY_Eta5_rep04_fold03.csv,CV2_GY_Eta5_rep04_fold03.csv,CV2,GY,rep04,fold03,Eta5
CV2/GY/rep04/fold03/CV2_GY_Eta6_rep04_fold03.csv,CV2_GY_Eta6_rep04_fold03.csv,CV2,GY,rep04,fold03,Eta6
CV2/GY/rep04/fold03/CV2_GY_Eta7_rep04_fold03.csv,CV2_GY_Eta7_rep04_fold03.csv,CV2,GY,rep04,fold03,Eta7
CV2/GY/rep04/fold03/CV2_GY_Eta8_rep04_fold03.csv,CV2_GY_Eta8_rep04_fold03.csv,CV2,GY,rep04,fold03,Eta8
CV2/GY/rep04/fold03/CV2_GY_Eta9_rep04_fold03.csv,CV2_GY_Eta9_rep04_fold03.csv,CV2,GY,rep04,fold03,Eta9
CV2/GY/rep04/fold04/CV2_GY_Eta1_rep04_fold04.csv,CV2_GY_Eta1_rep04_fold04.csv,CV2,GY,rep04,fold04,Eta1
CV2/GY/rep04/fold04/CV2_GY_Eta10_rep04_fold04.csv,CV2_GY_Eta10_rep04_fold04.csv,CV2,GY,rep04,fold04,Eta10
CV2/GY/rep04/fold04/CV2_GY_Eta11_rep04_fold04.csv,CV2_GY_Eta11_rep04_fold04.csv,CV2,GY,rep04,fold04,Eta11
CV2/GY/rep04/fold04/CV2_GY_Eta12_rep04_fold04.csv,CV2_GY_Eta12_rep04_fold04.csv,CV2,GY,rep04,fold04,Eta12
CV2/GY/rep04/fold04/CV2_GY_Eta13_rep04_fold04.csv,CV2_GY_Eta13_rep04_fold04.csv,CV2,GY,rep04,fold04,Eta13
CV2/GY/rep04/fold04/CV2_GY_Eta14_rep04_fold04.csv,CV2_GY_Eta14_rep04_fold04.csv,CV2,GY,rep04,fold04,Eta14
CV2/GY/rep04/fold04/CV2_GY_Eta15_rep04_fold04.csv,CV2_GY_Eta15_rep04_fold04.csv,CV2,GY,rep04,fold04,Eta15
CV2/GY/rep04/fold04/CV2_GY_Eta16_rep04_fold04.csv,CV2_GY_Eta16_rep04_fold04.csv,CV2,GY,rep04,fold04,Eta16
CV2/GY/rep04/fold04/CV2_GY_Eta17_rep04_fold04.csv,CV2_GY_Eta17_rep04_fold04.csv,CV2,GY,rep04,fold04,Eta17
CV2/GY/rep04/fold04/CV2_GY_Eta18_rep04_fold04.csv,CV2_GY_Eta18_rep04_fold04.csv,CV2,GY,rep04,fold04,Eta18
CV2/GY/rep04/fold04/CV2_GY_Eta2_rep04_fold04.csv,CV2_GY_Eta2_rep04_fold04.csv,CV2,GY,rep04,fold04,Eta2
CV2/GY/rep04/fold04/CV2_GY_Eta3_rep04_fold04.csv,CV2_GY_Eta3_rep04_fold04.csv,CV2,GY,rep04,fold04,Eta3
CV2/GY/rep04/fold04/CV2_GY_Eta4_rep04_fold04.csv,CV2_GY_Eta4_rep04_fold04.csv,CV2,GY,rep04,fold04,Eta4
CV2/GY/rep04/fold04/CV2_GY_Eta5_rep04_fold04.csv,CV2_GY_Eta5_rep04_fold04.csv,CV2,GY,rep04,fold04,Eta5
CV2/GY/rep04/fold04/CV2_GY_Eta6_rep04_fold04.csv,CV2_GY_Eta6_rep04_fold04.csv,CV2,GY,rep04,fold04,Eta6
CV2/GY/rep04/fold04/CV2_GY_Eta7_rep04_fold04.csv,CV2_GY_Eta7_rep04_fold04.csv,CV2,GY,rep04,fold04,Eta7
CV2/GY/rep04/fold04/CV2_GY_Eta8_rep04_fold04.csv,CV2_GY_Eta8_rep04_fold04.csv,CV2,GY,rep04,fold04,Eta8
CV2/GY/rep04/fold04/CV2_GY_Eta9_rep04_fold04.csv,CV2_GY_Eta9_rep04_fold04.csv,CV2,GY,rep04,fold04,Eta9
CV2/GY/rep04/fold05/CV2_GY_Eta1_rep04_fold05.csv,CV2_GY_Eta1_rep04_fold05.csv,CV2,GY,rep04,fold05,Eta1
CV2/GY/rep04/fold05/CV2_GY_Eta10_rep04_fold05.csv,CV2_GY_Eta10_rep04_fold05.csv,CV2,GY,rep04,fold05,Eta10
CV2/GY/rep04/fold05/CV2_GY_Eta11_rep04_fold05.csv,CV2_GY_Eta11_rep04_fold05.csv,CV2,GY,rep04,fold05,Eta11
CV2/GY/rep04/fold05/CV2_GY_Eta12_rep04_fold05.csv,CV2_GY_Eta12_rep04_fold05.csv,CV2,GY,rep04,fold05,Eta12
CV2/GY/rep04/fold05/CV2_GY_Eta13_rep04_fold05.csv,CV2_GY_Eta13_rep04_fold05.csv,CV2,GY,rep04,fold05,Eta13
CV2/GY/rep04/fold05/CV2_GY_Eta14_rep04_fold05.csv,CV2_GY_Eta14_rep04_fold05.csv,CV2,GY,rep04,fold05,Eta14
CV2/GY/rep04/fold05/CV2_GY_Eta15_rep04_fold05.csv,CV2_GY_Eta15_rep04_fold05.csv,CV2,GY,rep04,fold05,Eta15
CV2/GY/rep04/fold05/CV2_GY_Eta16_rep04_fold05.csv,CV2_GY_Eta16_rep04_fold05.csv,CV2,GY,rep04,fold05,Eta16
CV2/GY/rep04/fold05/CV2_GY_Eta17_rep04_fold05.csv,CV2_GY_Eta17_rep04_fold05.csv,CV2,GY,rep04,fold05,Eta17
CV2/GY/rep04/fold05/CV2_GY_Eta18_rep04_fold05.csv,CV2_GY_Eta18_rep04_fold05.csv,CV2,GY,rep04,fold05,Eta18
CV2/GY/rep04/fold05/CV2_GY_Eta2_rep04_fold05.csv,CV2_GY_Eta2_rep04_fold05.csv,CV2,GY,rep04,fold05,Eta2
CV2/GY/rep04/fold05/CV2_GY_Eta3_rep04_fold05.csv,CV2_GY_Eta3_rep04_fold05.csv,CV2,GY,rep04,fold05,Eta3
CV2/GY/rep04/fold05/CV2_GY_Eta4_rep04_fold05.csv,CV2_GY_Eta4_rep04_fold05.csv,CV2,GY,rep04,fold05,Eta4
CV2/GY/rep04/fold05/CV2_GY_Eta5_rep04_fold05.csv,CV2_GY_Eta5_rep04_fold05.csv,CV2,GY,rep04,fold05,Eta5
CV2/GY/rep04/fold05/CV2_GY_Eta6_rep04_fold05.csv,CV2_GY_Eta6_rep04_fold05.csv,CV2,GY,rep04,fold05,Eta6
CV2/GY/rep04/fold05/CV2_GY_Eta7_rep04_fold05.csv,CV2_GY_Eta7_rep04_fold05.csv,CV2,GY,rep04,fold05,Eta7
CV2/GY/rep04/fold05/CV2_GY_Eta8_rep04_fold05.csv,CV2_GY_Eta8_rep04_fold05.csv,CV2,GY,rep04,fold05,Eta8
CV2/GY/rep04/fold05/CV2_GY_Eta9_rep04_fold05.csv,CV2_GY_Eta9_rep04_fold05.csv,CV2,GY,rep04,fold05,Eta9
CV2/GY/rep05/fold01/CV2_GY_Eta1_rep05_fold01.csv,CV2_GY_Eta1_rep05_fold01.csv,CV2,GY,rep05,fold01,Eta1
CV2/GY/rep05/fold01/CV2_GY_Eta10_rep05_fold01.csv,CV2_GY_Eta10_rep05_fold01.csv,CV2,GY,rep05,fold01,Eta10
CV2/GY/rep05/fold01/CV2_GY_Eta11_rep05_fold01.csv,CV2_GY_Eta11_rep05_fold01.csv,CV2,GY,rep05,fold01,Eta11
CV2/GY/rep05/fold01/CV2_GY_Eta12_rep05_fold01.csv,CV2_GY_Eta12_rep05_fold01.csv,CV2,GY,rep05,fold01,Eta12
CV2/GY/rep05/fold01/CV2_GY_Eta13_rep05_fold01.csv,CV2_GY_Eta13_rep05_fold01.csv,CV2,GY,rep05,fold01,Eta13
CV2/GY/rep05/fold01/CV2_GY_Eta14_rep05_fold01.csv,CV2_GY_Eta14_rep05_fold01.csv,CV2,GY,rep05,fold01,Eta14
CV2/GY/rep05/fold01/CV2_GY_Eta15_rep05_fold01.csv,CV2_GY_Eta15_rep05_fold01.csv,CV2,GY,rep05,fold01,Eta15
CV2/GY/rep05/fold01/CV2_GY_Eta16_rep05_fold01.csv,CV2_GY_Eta16_rep05_fold01.csv,CV2,GY,rep05,fold01,Eta16
CV2/GY/rep05/fold01/CV2_GY_Eta17_rep05_fold01.csv,CV2_GY_Eta17_rep05_fold01.csv,CV2,GY,rep05,fold01,Eta17
CV2/GY/rep05/fold01/CV2_GY_Eta18_rep05_fold01.csv,CV2_GY_Eta18_rep05_fold01.csv,CV2,GY,rep05,fold01,Eta18
CV2/GY/rep05/fold01/CV2_GY_Eta2_rep05_fold01.csv,CV2_GY_Eta2_rep05_fold01.csv,CV2,GY,rep05,fold01,Eta2
CV2/GY/rep05/fold01/CV2_GY_Eta3_rep05_fold01.csv,CV2_GY_Eta3_rep05_fold01.csv,CV2,GY,rep05,fold01,Eta3
CV2/GY/rep05/fold01/CV2_GY_Eta4_rep05_fold01.csv,CV2_GY_Eta4_rep05_fold01.csv,CV2,GY,rep05,fold01,Eta4
CV2/GY/rep05/fold01/CV2_GY_Eta5_rep05_fold01.csv,CV2_GY_Eta5_rep05_fold01.csv,CV2,GY,rep05,fold01,Eta5
CV2/GY/rep05/fold01/CV2_GY_Eta6_rep05_fold01.csv,CV2_GY_Eta6_rep05_fold01.csv,CV2,GY,rep05,fold01,Eta6
CV2/GY/rep05/fold01/CV2_GY_Eta7_rep05_fold01.csv,CV2_GY_Eta7_rep05_fold01.csv,CV2,GY,rep05,fold01,Eta7
CV2/GY/rep05/fold01/CV2_GY_Eta8_rep05_fold01.csv,CV2_GY_Eta8_rep05_fold01.csv,CV2,GY,rep05,fold01,Eta8
CV2/GY/rep05/fold01/CV2_GY_Eta9_rep05_fold01.csv,CV2_GY_Eta9_rep05_fold01.csv,CV2,GY,rep05,fold01,Eta9
CV2/GY/rep05/fold02/CV2_GY_Eta1_rep05_fold02.csv,CV2_GY_Eta1_rep05_fold02.csv,CV2,GY,rep05,fold02,Eta1
CV2/GY/rep05/fold02/CV2_GY_Eta10_rep05_fold02.csv,CV2_GY_Eta10_rep05_fold02.csv,CV2,GY,rep05,fold02,Eta10
CV2/GY/rep05/fold02/CV2_GY_Eta11_rep05_fold02.csv,CV2_GY_Eta11_rep05_fold02.csv,CV2,GY,rep05,fold02,Eta11
CV2/GY/rep05/fold02/CV2_GY_Eta12_rep05_fold02.csv,CV2_GY_Eta12_rep05_fold02.csv,CV2,GY,rep05,fold02,Eta12
CV2/GY/rep05/fold02/CV2_GY_Eta13_rep05_fold02.csv,CV2_GY_Eta13_rep05_fold02.csv,CV2,GY,rep05,fold02,Eta13
CV2/GY/rep05/fold02/CV2_GY_Eta14_rep05_fold02.csv,CV2_GY_Eta14_rep05_fold02.csv,CV2,GY,rep05,fold02,Eta14
CV2/GY/rep05/fold02/CV2_GY_Eta15_rep05_fold02.csv,CV2_GY_Eta15_rep05_fold02.csv,CV2,GY,rep05,fold02,Eta15
CV2/GY/rep05/fold02/CV2_GY_Eta16_rep05_fold02.csv,CV2_GY_Eta16_rep05_fold02.csv,CV2,GY,rep05,fold02,Eta16
CV2/GY/rep05/fold02/CV2_GY_Eta17_rep05_fold02.csv,CV2_GY_Eta17_rep05_fold02.csv,CV2,GY,rep05,fold02,Eta17
CV2/GY/rep05/fold02/CV2_GY_Eta18_rep05_fold02.csv,CV2_GY_Eta18_rep05_fold02.csv,CV2,GY,rep05,fold02,Eta18
CV2/GY/rep05/fold02/CV2_GY_Eta2_rep05_fold02.csv,CV2_GY_Eta2_rep05_fold02.csv,CV2,GY,rep05,fold02,Eta2
CV2/GY/rep05/fold02/CV2_GY_Eta3_rep05_fold02.csv,CV2_GY_Eta3_rep05_fold02.csv,CV2,GY,rep05,fold02,Eta3
CV2/GY/rep05/fold02/CV2_GY_Eta4_rep05_fold02.csv,CV2_GY_Eta4_rep05_fold02.csv,CV2,GY,rep05,fold02,Eta4
CV2/GY/rep05/fold02/CV2_GY_Eta5_rep05_fold02.csv,CV2_GY_Eta5_rep05_fold02.csv,CV2,GY,rep05,fold02,Eta5
CV2/GY/rep05/fold02/CV2_GY_Eta6_rep05_fold02.csv,CV2_GY_Eta6_rep05_fold02.csv,CV2,GY,rep05,fold02,Eta6
CV2/GY/rep05/fold02/CV2_GY_Eta7_rep05_fold02.csv,CV2_GY_Eta7_rep05_fold02.csv,CV2,GY,rep05,fold02,Eta7
CV2/GY/rep05/fold02/CV2_GY_Eta8_rep05_fold02.csv,CV2_GY_Eta8_rep05_fold02.csv,CV2,GY,rep05,fold02,Eta8
CV2/GY/rep05/fold02/CV2_GY_Eta9_rep05_fold02.csv,CV2_GY_Eta9_rep05_fold02.csv,CV2,GY,rep05,fold02,Eta9
CV2/GY/rep05/fold03/CV2_GY_Eta1_rep05_fold03.csv,CV2_GY_Eta1_rep05_fold03.csv,CV2,GY,rep05,fold03,Eta1
CV2/GY/rep05/fold03/CV2_GY_Eta10_rep05_fold03.csv,CV2_GY_Eta10_rep05_fold03.csv,CV2,GY,rep05,fold03,Eta10
CV2/GY/rep05/fold03/CV2_GY_Eta11_rep05_fold03.csv,CV2_GY_Eta11_rep05_fold03.csv,CV2,GY,rep05,fold03,Eta11
CV2/GY/rep05/fold03/CV2_GY_Eta12_rep05_fold03.csv,CV2_GY_Eta12_rep05_fold03.csv,CV2,GY,rep05,fold03,Eta12
CV2/GY/rep05/fold03/CV2_GY_Eta13_rep05_fold03.csv,CV2_GY_Eta13_rep05_fold03.csv,CV2,GY,rep05,fold03,Eta13
CV2/GY/rep05/fold03/CV2_GY_Eta14_rep05_fold03.csv,CV2_GY_Eta14_rep05_fold03.csv,CV2,GY,rep05,fold03,Eta14
CV2/GY/rep05/fold03/CV2_GY_Eta15_rep05_fold03.csv,CV2_GY_Eta15_rep05_fold03.csv,CV2,GY,rep05,fold03,Eta15
CV2/GY/rep05/fold03/CV2_GY_Eta16_rep05_fold03.csv,CV2_GY_Eta16_rep05_fold03.csv,CV2,GY,rep05,fold03,Eta16
CV2/GY/rep05/fold03/CV2_GY_Eta17_rep05_fold03.csv,CV2_GY_Eta17_rep05_fold03.csv,CV2,GY,rep05,fold03,Eta17
CV2/GY/rep05/fold03/CV2_GY_Eta18_rep05_fold03.csv,CV2_GY_Eta18_rep05_fold03.csv,CV2,GY,rep05,fold03,Eta18
CV2/GY/rep05/fold03/CV2_GY_Eta2_rep05_fold03.csv,CV2_GY_Eta2_rep05_fold03.csv,CV2,GY,rep05,fold03,Eta2
CV2/GY/rep05/fold03/CV2_GY_Eta3_rep05_fold03.csv,CV2_GY_Eta3_rep05_fold03.csv,CV2,GY,rep05,fold03,Eta3
CV2/GY/rep05/fold03/CV2_GY_Eta4_rep05_fold03.csv,CV2_GY_Eta4_rep05_fold03.csv,CV2,GY,rep05,fold03,Eta4
CV2/GY/rep05/fold03/CV2_GY_Eta5_rep05_fold03.csv,CV2_GY_Eta5_rep05_fold03.csv,CV2,GY,rep05,fold03,Eta5
CV2/GY/rep05/fold03/CV2_GY_Eta6_rep05_fold03.csv,CV2_GY_Eta6_rep05_fold03.csv,CV2,GY,rep05,fold03,Eta6
CV2/GY/rep05/fold03/CV2_GY_Eta7_rep05_fold03.csv,CV2_GY_Eta7_rep05_fold03.csv,CV2,GY,rep05,fold03,Eta7
CV2/GY/rep05/fold03/CV2_GY_Eta8_rep05_fold03.csv,CV2_GY_Eta8_rep05_fold03.csv,CV2,GY,rep05,fold03,Eta8
CV2/GY/rep05/fold03/CV2_GY_Eta9_rep05_fold03.csv,CV2_GY_Eta9_rep05_fold03.csv,CV2,GY,rep05,fold03,Eta9
CV2/GY/rep05/fold04/CV2_GY_Eta1_rep05_fold04.csv,CV2_GY_Eta1_rep05_fold04.csv,CV2,GY,rep05,fold04,Eta1
CV2/GY/rep05/fold04/CV2_GY_Eta10_rep05_fold04.csv,CV2_GY_Eta10_rep05_fold04.csv,CV2,GY,rep05,fold04,Eta10
CV2/GY/rep05/fold04/CV2_GY_Eta11_rep05_fold04.csv,CV2_GY_Eta11_rep05_fold04.csv,CV2,GY,rep05,fold04,Eta11
CV2/GY/rep05/fold04/CV2_GY_Eta12_rep05_fold04.csv,CV2_GY_Eta12_rep05_fold04.csv,CV2,GY,rep05,fold04,Eta12
CV2/GY/rep05/fold04/CV2_GY_Eta13_rep05_fold04.csv,CV2_GY_Eta13_rep05_fold04.csv,CV2,GY,rep05,fold04,Eta13
CV2/GY/rep05/fold04/CV2_GY_Eta14_rep05_fold04.csv,CV2_GY_Eta14_rep05_fold04.csv,CV2,GY,rep05,fold04,Eta14
CV2/GY/rep05/fold04/CV2_GY_Eta15_rep05_fold04.csv,CV2_GY_Eta15_rep05_fold04.csv,CV2,GY,rep05,fold04,Eta15
CV2/GY/rep05/fold04/CV2_GY_Eta16_rep05_fold04.csv,CV2_GY_Eta16_rep05_fold04.csv,CV2,GY,rep05,fold04,Eta16
CV2/GY/rep05/fold04/CV2_GY_Eta17_rep05_fold04.csv,CV2_GY_Eta17_rep05_fold04.csv,CV2,GY,rep05,fold04,Eta17
CV2/GY/rep05/fold04/CV2_GY_Eta18_rep05_fold04.csv,CV2_GY_Eta18_rep05_fold04.csv,CV2,GY,rep05,fold04,Eta18
CV2/GY/rep05/fold04/CV2_GY_Eta2_rep05_fold04.csv,CV2_GY_Eta2_rep05_fold04.csv,CV2,GY,rep05,fold04,Eta2
CV2/GY/rep05/fold04/CV2_GY_Eta3_rep05_fold04.csv,CV2_GY_Eta3_rep05_fold04.csv,CV2,GY,rep05,fold04,Eta3
CV2/GY/rep05/fold04/CV2_GY_Eta4_rep05_fold04.csv,CV2_GY_Eta4_rep05_fold04.csv,CV2,GY,rep05,fold04,Eta4
CV2/GY/rep05/fold04/CV2_GY_Eta5_rep05_fold04.csv,CV2_GY_Eta5_rep05_fold04.csv,CV2,GY,rep05,fold04,Eta5
CV2/GY/rep05/fold04/CV2_GY_Eta6_rep05_fold04.csv,CV2_GY_Eta6_rep05_fold04.csv,CV2,GY,rep05,fold04,Eta6
CV2/GY/rep05/fold04/CV2_GY_Eta7_rep05_fold04.csv,CV2_GY_Eta7_rep05_fold04.csv,CV2,GY,rep05,fold04,Eta7
CV2/GY/rep05/fold04/CV2_GY_Eta8_rep05_fold04.csv,CV2_GY_Eta8_rep05_fold04.csv,CV2,GY,rep05,fold04,Eta8
CV2/GY/rep05/fold04/CV2_GY_Eta9_rep05_fold04.csv,CV2_GY_Eta9_rep05_fold04.csv,CV2,GY,rep05,fold04,Eta9
CV2/GY/rep05/fold05/CV2_GY_Eta1_rep05_fold05.csv,CV2_GY_Eta1_rep05_fold05.csv,CV2,GY,rep05,fold05,Eta1
CV2/GY/rep05/fold05/CV2_GY_Eta10_rep05_fold05.csv,CV2_GY_Eta10_rep05_fold05.csv,CV2,GY,rep05,fold05,Eta10
CV2/GY/rep05/fold05/CV2_GY_Eta11_rep05_fold05.csv,CV2_GY_Eta11_rep05_fold05.csv,CV2,GY,rep05,fold05,Eta11
CV2/GY/rep05/fold05/CV2_GY_Eta12_rep05_fold05.csv,CV2_GY_Eta12_rep05_fold05.csv,CV2,GY,rep05,fold05,Eta12
CV2/GY/rep05/fold05/CV2_GY_Eta13_rep05_fold05.csv,CV2_GY_Eta13_rep05_fold05.csv,CV2,GY,rep05,fold05,Eta13
CV2/GY/rep05/fold05/CV2_GY_Eta14_rep05_fold05.csv,CV2_GY_Eta14_rep05_fold05.csv,CV2,GY,rep05,fold05,Eta14
CV2/GY/rep05/fold05/CV2_GY_Eta15_rep05_fold05.csv,CV2_GY_Eta15_rep05_fold05.csv,CV2,GY,rep05,fold05,Eta15
CV2/GY/rep05/fold05/CV2_GY_Eta16_rep05_fold05.csv,CV2_GY_Eta16_rep05_fold05.csv,CV2,GY,rep05,fold05,Eta16
CV2/GY/rep05/fold05/CV2_GY_Eta17_rep05_fold05.csv,CV2_GY_Eta17_rep05_fold05.csv,CV2,GY,rep05,fold05,Eta17
CV2/GY/rep05/fold05/CV2_GY_Eta18_rep05_fold05.csv,CV2_GY_Eta18_rep05_fold05.csv,CV2,GY,rep05,fold05,Eta18
CV2/GY/rep05/fold05/CV2_GY_Eta2_rep05_fold05.csv,CV2_GY_Eta2_rep05_fold05.csv,CV2,GY,rep05,fold05,Eta2
CV2/GY/rep05/fold05/CV2_GY_Eta3_rep05_fold05.csv,CV2_GY_Eta3_rep05_fold05.csv,CV2,GY,rep05,fold05,Eta3
CV2/GY/rep05/fold05/CV2_GY_Eta4_rep05_fold05.csv,CV2_GY_Eta4_rep05_fold05.csv,CV2,GY,rep05,fold05,Eta4
CV2/GY/rep05/fold05/CV2_GY_Eta5_rep05_fold05.csv,CV2_GY_Eta5_rep05_fold05.csv,CV2,GY,rep05,fold05,Eta5
CV2/GY/rep05/fold05/CV2_GY_Eta6_rep05_fold05.csv,CV2_GY_Eta6_rep05_fold05.csv,CV2,GY,rep05,fold05,Eta6
CV2/GY/rep05/fold05/CV2_GY_Eta7_rep05_fold05.csv,CV2_GY_Eta7_rep05_fold05.csv,CV2,GY,rep05,fold05,Eta7
CV2/GY/rep05/fold05/CV2_GY_Eta8_rep05_fold05.csv,CV2_GY_Eta8_rep05_fold05.csv,CV2,GY,rep05,fold05,Eta8
CV2/GY/rep05/fold05/CV2_GY_Eta9_rep05_fold05.csv,CV2_GY_Eta9_rep05_fold05.csv,CV2,GY,rep05,fold05,Eta9
CV2/GY/rep06/fold01/CV2_GY_Eta1_rep06_fold01.csv,CV2_GY_Eta1_rep06_fold01.csv,CV2,GY,rep06,fold01,Eta1
CV2/GY/rep06/fold01/CV2_GY_Eta10_rep06_fold01.csv,CV2_GY_Eta10_rep06_fold01.csv,CV2,GY,rep06,fold01,Eta10
CV2/GY/rep06/fold01/CV2_GY_Eta11_rep06_fold01.csv,CV2_GY_Eta11_rep06_fold01.csv,CV2,GY,rep06,fold01,Eta11
CV2/GY/rep06/fold01/CV2_GY_Eta12_rep06_fold01.csv,CV2_GY_Eta12_rep06_fold01.csv,CV2,GY,rep06,fold01,Eta12
CV2/GY/rep06/fold01/CV2_GY_Eta13_rep06_fold01.csv,CV2_GY_Eta13_rep06_fold01.csv,CV2,GY,rep06,fold01,Eta13
CV2/GY/rep06/fold01/CV2_GY_Eta14_rep06_fold01.csv,CV2_GY_Eta14_rep06_fold01.csv,CV2,GY,rep06,fold01,Eta14
CV2/GY/rep06/fold01/CV2_GY_Eta15_rep06_fold01.csv,CV2_GY_Eta15_rep06_fold01.csv,CV2,GY,rep06,fold01,Eta15
CV2/GY/rep06/fold01/CV2_GY_Eta16_rep06_fold01.csv,CV2_GY_Eta16_rep06_fold01.csv,CV2,GY,rep06,fold01,Eta16
CV2/GY/rep06/fold01/CV2_GY_Eta17_rep06_fold01.csv,CV2_GY_Eta17_rep06_fold01.csv,CV2,GY,rep06,fold01,Eta17
CV2/GY/rep06/fold01/CV2_GY_Eta18_rep06_fold01.csv,CV2_GY_Eta18_rep06_fold01.csv,CV2,GY,rep06,fold01,Eta18
CV2/GY/rep06/fold01/CV2_GY_Eta2_rep06_fold01.csv,CV2_GY_Eta2_rep06_fold01.csv,CV2,GY,rep06,fold01,Eta2
CV2/GY/rep06/fold01/CV2_GY_Eta3_rep06_fold01.csv,CV2_GY_Eta3_rep06_fold01.csv,CV2,GY,rep06,fold01,Eta3
CV2/GY/rep06/fold01/CV2_GY_Eta4_rep06_fold01.csv,CV2_GY_Eta4_rep06_fold01.csv,CV2,GY,rep06,fold01,Eta4
CV2/GY/rep06/fold01/CV2_GY_Eta5_rep06_fold01.csv,CV2_GY_Eta5_rep06_fold01.csv,CV2,GY,rep06,fold01,Eta5
CV2/GY/rep06/fold01/CV2_GY_Eta6_rep06_fold01.csv,CV2_GY_Eta6_rep06_fold01.csv,CV2,GY,rep06,fold01,Eta6
CV2/GY/rep06/fold01/CV2_GY_Eta7_rep06_fold01.csv,CV2_GY_Eta7_rep06_fold01.csv,CV2,GY,rep06,fold01,Eta7
CV2/GY/rep06/fold01/CV2_GY_Eta8_rep06_fold01.csv,CV2_GY_Eta8_rep06_fold01.csv,CV2,GY,rep06,fold01,Eta8
CV2/GY/rep06/fold01/CV2_GY_Eta9_rep06_fold01.csv,CV2_GY_Eta9_rep06_fold01.csv,CV2,GY,rep06,fold01,Eta9
CV2/GY/rep06/fold02/CV2_GY_Eta1_rep06_fold02.csv,CV2_GY_Eta1_rep06_fold02.csv,CV2,GY,rep06,fold02,Eta1
CV2/GY/rep06/fold02/CV2_GY_Eta10_rep06_fold02.csv,CV2_GY_Eta10_rep06_fold02.csv,CV2,GY,rep06,fold02,Eta10
CV2/GY/rep06/fold02/CV2_GY_Eta11_rep06_fold02.csv,CV2_GY_Eta11_rep06_fold02.csv,CV2,GY,rep06,fold02,Eta11
CV2/GY/rep06/fold02/CV2_GY_Eta12_rep06_fold02.csv,CV2_GY_Eta12_rep06_fold02.csv,CV2,GY,rep06,fold02,Eta12
CV2/GY/rep06/fold02/CV2_GY_Eta13_rep06_fold02.csv,CV2_GY_Eta13_rep06_fold02.csv,CV2,GY,rep06,fold02,Eta13
CV2/GY/rep06/fold02/CV2_GY_Eta14_rep06_fold02.csv,CV2_GY_Eta14_rep06_fold02.csv,CV2,GY,rep06,fold02,Eta14
CV2/GY/rep06/fold02/CV2_GY_Eta15_rep06_fold02.csv,CV2_GY_Eta15_rep06_fold02.csv,CV2,GY,rep06,fold02,Eta15
CV2/GY/rep06/fold02/CV2_GY_Eta16_rep06_fold02.csv,CV2_GY_Eta16_rep06_fold02.csv,CV2,GY,rep06,fold02,Eta16
CV2/GY/rep06/fold02/CV2_GY_Eta17_rep06_fold02.csv,CV2_GY_Eta17_rep06_fold02.csv,CV2,GY,rep06,fold02,Eta17
CV2/GY/rep06/fold02/CV2_GY_Eta18_rep06_fold02.csv,CV2_GY_Eta18_rep06_fold02.csv,CV2,GY,rep06,fold02,Eta18
CV2/GY/rep06/fold02/CV2_GY_Eta2_rep06_fold02.csv,CV2_GY_Eta2_rep06_fold02.csv,CV2,GY,rep06,fold02,Eta2
CV2/GY/rep06/fold02/CV2_GY_Eta3_rep06_fold02.csv,CV2_GY_Eta3_rep06_fold02.csv,CV2,GY,rep06,fold02,Eta3
CV2/GY/rep06/fold02/CV2_GY_Eta4_rep06_fold02.csv,CV2_GY_Eta4_rep06_fold02.csv,CV2,GY,rep06,fold02,Eta4
CV2/GY/rep06/fold02/CV2_GY_Eta5_rep06_fold02.csv,CV2_GY_Eta5_rep06_fold02.csv,CV2,GY,rep06,fold02,Eta5
CV2/GY/rep06/fold02/CV2_GY_Eta6_rep06_fold02.csv,CV2_GY_Eta6_rep06_fold02.csv,CV2,GY,rep06,fold02,Eta6
CV2/GY/rep06/fold02/CV2_GY_Eta7_rep06_fold02.csv,CV2_GY_Eta7_rep06_fold02.csv,CV2,GY,rep06,fold02,Eta7
CV2/GY/rep06/fold02/CV2_GY_Eta8_rep06_fold02.csv,CV2_GY_Eta8_rep06_fold02.csv,CV2,GY,rep06,fold02,Eta8
CV2/GY/rep06/fold02/CV2_GY_Eta9_rep06_fold02.csv,CV2_GY_Eta9_rep06_fold02.csv,CV2,GY,rep06,fold02,Eta9
CV2/GY/rep06/fold03/CV2_GY_Eta1_rep06_fold03.csv,CV2_GY_Eta1_rep06_fold03.csv,CV2,GY,rep06,fold03,Eta1
CV2/GY/rep06/fold03/CV2_GY_Eta10_rep06_fold03.csv,CV2_GY_Eta10_rep06_fold03.csv,CV2,GY,rep06,fold03,Eta10
CV2/GY/rep06/fold03/CV2_GY_Eta11_rep06_fold03.csv,CV2_GY_Eta11_rep06_fold03.csv,CV2,GY,rep06,fold03,Eta11
CV2/GY/rep06/fold03/CV2_GY_Eta12_rep06_fold03.csv,CV2_GY_Eta12_rep06_fold03.csv,CV2,GY,rep06,fold03,Eta12
CV2/GY/rep06/fold03/CV2_GY_Eta13_rep06_fold03.csv,CV2_GY_Eta13_rep06_fold03.csv,CV2,GY,rep06,fold03,Eta13
CV2/GY/rep06/fold03/CV2_GY_Eta14_rep06_fold03.csv,CV2_GY_Eta14_rep06_fold03.csv,CV2,GY,rep06,fold03,Eta14
CV2/GY/rep06/fold03/CV2_GY_Eta15_rep06_fold03.csv,CV2_GY_Eta15_rep06_fold03.csv,CV2,GY,rep06,fold03,Eta15
CV2/GY/rep06/fold03/CV2_GY_Eta16_rep06_fold03.csv,CV2_GY_Eta16_rep06_fold03.csv,CV2,GY,rep06,fold03,Eta16
CV2/GY/rep06/fold03/CV2_GY_Eta17_rep06_fold03.csv,CV2_GY_Eta17_rep06_fold03.csv,CV2,GY,rep06,fold03,Eta17
CV2/GY/rep06/fold03/CV2_GY_Eta18_rep06_fold03.csv,CV2_GY_Eta18_rep06_fold03.csv,CV2,GY,rep06,fold03,Eta18
CV2/GY/rep06/fold03/CV2_GY_Eta2_rep06_fold03.csv,CV2_GY_Eta2_rep06_fold03.csv,CV2,GY,rep06,fold03,Eta2
CV2/GY/rep06/fold03/CV2_GY_Eta3_rep06_fold03.csv,CV2_GY_Eta3_rep06_fold03.csv,CV2,GY,rep06,fold03,Eta3
CV2/GY/rep06/fold03/CV2_GY_Eta4_rep06_fold03.csv,CV2_GY_Eta4_rep06_fold03.csv,CV2,GY,rep06,fold03,Eta4
CV2/GY/rep06/fold03/CV2_GY_Eta5_rep06_fold03.csv,CV2_GY_Eta5_rep06_fold03.csv,CV2,GY,rep06,fold03,Eta5
CV2/GY/rep06/fold03/CV2_GY_Eta6_rep06_fold03.csv,CV2_GY_Eta6_rep06_fold03.csv,CV2,GY,rep06,fold03,Eta6
CV2/GY/rep06/fold03/CV2_GY_Eta7_rep06_fold03.csv,CV2_GY_Eta7_rep06_fold03.csv,CV2,GY,rep06,fold03,Eta7
CV2/GY/rep06/fold03/CV2_GY_Eta8_rep06_fold03.csv,CV2_GY_Eta8_rep06_fold03.csv,CV2,GY,rep06,fold03,Eta8
CV2/GY/rep06/fold03/CV2_GY_Eta9_rep06_fold03.csv,CV2_GY_Eta9_rep06_fold03.csv,CV2,GY,rep06,fold03,Eta9
CV2/GY/rep06/fold04/CV2_GY_Eta1_rep06_fold04.csv,CV2_GY_Eta1_rep06_fold04.csv,CV2,GY,rep06,fold04,Eta1
CV2/GY/rep06/fold04/CV2_GY_Eta10_rep06_fold04.csv,CV2_GY_Eta10_rep06_fold04.csv,CV2,GY,rep06,fold04,Eta10
CV2/GY/rep06/fold04/CV2_GY_Eta11_rep06_fold04.csv,CV2_GY_Eta11_rep06_fold04.csv,CV2,GY,rep06,fold04,Eta11
CV2/GY/rep06/fold04/CV2_GY_Eta12_rep06_fold04.csv,CV2_GY_Eta12_rep06_fold04.csv,CV2,GY,rep06,fold04,Eta12
CV2/GY/rep06/fold04/CV2_GY_Eta13_rep06_fold04.csv,CV2_GY_Eta13_rep06_fold04.csv,CV2,GY,rep06,fold04,Eta13
CV2/GY/rep06/fold04/CV2_GY_Eta14_rep06_fold04.csv,CV2_GY_Eta14_rep06_fold04.csv,CV2,GY,rep06,fold04,Eta14
CV2/GY/rep06/fold04/CV2_GY_Eta15_rep06_fold04.csv,CV2_GY_Eta15_rep06_fold04.csv,CV2,GY,rep06,fold04,Eta15
CV2/GY/rep06/fold04/CV2_GY_Eta16_rep06_fold04.csv,CV2_GY_Eta16_rep06_fold04.csv,CV2,GY,rep06,fold04,Eta16
CV2/GY/rep06/fold04/CV2_GY_Eta17_rep06_fold04.csv,CV2_GY_Eta17_rep06_fold04.csv,CV2,GY,rep06,fold04,Eta17
CV2/GY/rep06/fold04/CV2_GY_Eta18_rep06_fold04.csv,CV2_GY_Eta18_rep06_fold04.csv,CV2,GY,rep06,fold04,Eta18
CV2/GY/rep06/fold04/CV2_GY_Eta2_rep06_fold04.csv,CV2_GY_Eta2_rep06_fold04.csv,CV2,GY,rep06,fold04,Eta2
CV2/GY/rep06/fold04/CV2_GY_Eta3_rep06_fold04.csv,CV2_GY_Eta3_rep06_fold04.csv,CV2,GY,rep06,fold04,Eta3
CV2/GY/rep06/fold04/CV2_GY_Eta4_rep06_fold04.csv,CV2_GY_Eta4_rep06_fold04.csv,CV2,GY,rep06,fold04,Eta4
CV2/GY/rep06/fold04/CV2_GY_Eta5_rep06_fold04.csv,CV2_GY_Eta5_rep06_fold04.csv,CV2,GY,rep06,fold04,Eta5
CV2/GY/rep06/fold04/CV2_GY_Eta6_rep06_fold04.csv,CV2_GY_Eta6_rep06_fold04.csv,CV2,GY,rep06,fold04,Eta6
CV2/GY/rep06/fold04/CV2_GY_Eta7_rep06_fold04.csv,CV2_GY_Eta7_rep06_fold04.csv,CV2,GY,rep06,fold04,Eta7
CV2/GY/rep06/fold04/CV2_GY_Eta8_rep06_fold04.csv,CV2_GY_Eta8_rep06_fold04.csv,CV2,GY,rep06,fold04,Eta8
CV2/GY/rep06/fold04/CV2_GY_Eta9_rep06_fold04.csv,CV2_GY_Eta9_rep06_fold04.csv,CV2,GY,rep06,fold04,Eta9
CV2/GY/rep06/fold05/CV2_GY_Eta1_rep06_fold05.csv,CV2_GY_Eta1_rep06_fold05.csv,CV2,GY,rep06,fold05,Eta1
CV2/GY/rep06/fold05/CV2_GY_Eta10_rep06_fold05.csv,CV2_GY_Eta10_rep06_fold05.csv,CV2,GY,rep06,fold05,Eta10
CV2/GY/rep06/fold05/CV2_GY_Eta11_rep06_fold05.csv,CV2_GY_Eta11_rep06_fold05.csv,CV2,GY,rep06,fold05,Eta11
CV2/GY/rep06/fold05/CV2_GY_Eta12_rep06_fold05.csv,CV2_GY_Eta12_rep06_fold05.csv,CV2,GY,rep06,fold05,Eta12
CV2/GY/rep06/fold05/CV2_GY_Eta13_rep06_fold05.csv,CV2_GY_Eta13_rep06_fold05.csv,CV2,GY,rep06,fold05,Eta13
CV2/GY/rep06/fold05/CV2_GY_Eta14_rep06_fold05.csv,CV2_GY_Eta14_rep06_fold05.csv,CV2,GY,rep06,fold05,Eta14
CV2/GY/rep06/fold05/CV2_GY_Eta15_rep06_fold05.csv,CV2_GY_Eta15_rep06_fold05.csv,CV2,GY,rep06,fold05,Eta15
CV2/GY/rep06/fold05/CV2_GY_Eta16_rep06_fold05.csv,CV2_GY_Eta16_rep06_fold05.csv,CV2,GY,rep06,fold05,Eta16
CV2/GY/rep06/fold05/CV2_GY_Eta17_rep06_fold05.csv,CV2_GY_Eta17_rep06_fold05.csv,CV2,GY,rep06,fold05,Eta17
CV2/GY/rep06/fold05/CV2_GY_Eta18_rep06_fold05.csv,CV2_GY_Eta18_rep06_fold05.csv,CV2,GY,rep06,fold05,Eta18
CV2/GY/rep06/fold05/CV2_GY_Eta2_rep06_fold05.csv,CV2_GY_Eta2_rep06_fold05.csv,CV2,GY,rep06,fold05,Eta2
CV2/GY/rep06/fold05/CV2_GY_Eta3_rep06_fold05.csv,CV2_GY_Eta3_rep06_fold05.csv,CV2,GY,rep06,fold05,Eta3
CV2/GY/rep06/fold05/CV2_GY_Eta4_rep06_fold05.csv,CV2_GY_Eta4_rep06_fold05.csv,CV2,GY,rep06,fold05,Eta4
CV2/GY/rep06/fold05/CV2_GY_Eta5_rep06_fold05.csv,CV2_GY_Eta5_rep06_fold05.csv,CV2,GY,rep06,fold05,Eta5
CV2/GY/rep06/fold05/CV2_GY_Eta6_rep06_fold05.csv,CV2_GY_Eta6_rep06_fold05.csv,CV2,GY,rep06,fold05,Eta6
CV2/GY/rep06/fold05/CV2_GY_Eta7_rep06_fold05.csv,CV2_GY_Eta7_rep06_fold05.csv,CV2,GY,rep06,fold05,Eta7
CV2/GY/rep06/fold05/CV2_GY_Eta8_rep06_fold05.csv,CV2_GY_Eta8_rep06_fold05.csv,CV2,GY,rep06,fold05,Eta8
CV2/GY/rep06/fold05/CV2_GY_Eta9_rep06_fold05.csv,CV2_GY_Eta9_rep06_fold05.csv,CV2,GY,rep06,fold05,Eta9
CV2/GY/rep07/fold01/CV2_GY_Eta1_rep07_fold01.csv,CV2_GY_Eta1_rep07_fold01.csv,CV2,GY,rep07,fold01,Eta1
CV2/GY/rep07/fold01/CV2_GY_Eta10_rep07_fold01.csv,CV2_GY_Eta10_rep07_fold01.csv,CV2,GY,rep07,fold01,Eta10
CV2/GY/rep07/fold01/CV2_GY_Eta11_rep07_fold01.csv,CV2_GY_Eta11_rep07_fold01.csv,CV2,GY,rep07,fold01,Eta11
CV2/GY/rep07/fold01/CV2_GY_Eta12_rep07_fold01.csv,CV2_GY_Eta12_rep07_fold01.csv,CV2,GY,rep07,fold01,Eta12
CV2/GY/rep07/fold01/CV2_GY_Eta13_rep07_fold01.csv,CV2_GY_Eta13_rep07_fold01.csv,CV2,GY,rep07,fold01,Eta13
CV2/GY/rep07/fold01/CV2_GY_Eta14_rep07_fold01.csv,CV2_GY_Eta14_rep07_fold01.csv,CV2,GY,rep07,fold01,Eta14
CV2/GY/rep07/fold01/CV2_GY_Eta15_rep07_fold01.csv,CV2_GY_Eta15_rep07_fold01.csv,CV2,GY,rep07,fold01,Eta15
CV2/GY/rep07/fold01/CV2_GY_Eta16_rep07_fold01.csv,CV2_GY_Eta16_rep07_fold01.csv,CV2,GY,rep07,fold01,Eta16
CV2/GY/rep07/fold01/CV2_GY_Eta17_rep07_fold01.csv,CV2_GY_Eta17_rep07_fold01.csv,CV2,GY,rep07,fold01,Eta17
CV2/GY/rep07/fold01/CV2_GY_Eta18_rep07_fold01.csv,CV2_GY_Eta18_rep07_fold01.csv,CV2,GY,rep07,fold01,Eta18
CV2/GY/rep07/fold01/CV2_GY_Eta2_rep07_fold01.csv,CV2_GY_Eta2_rep07_fold01.csv,CV2,GY,rep07,fold01,Eta2
CV2/GY/rep07/fold01/CV2_GY_Eta3_rep07_fold01.csv,CV2_GY_Eta3_rep07_fold01.csv,CV2,GY,rep07,fold01,Eta3
CV2/GY/rep07/fold01/CV2_GY_Eta4_rep07_fold01.csv,CV2_GY_Eta4_rep07_fold01.csv,CV2,GY,rep07,fold01,Eta4
CV2/GY/rep07/fold01/CV2_GY_Eta5_rep07_fold01.csv,CV2_GY_Eta5_rep07_fold01.csv,CV2,GY,rep07,fold01,Eta5
CV2/GY/rep07/fold01/CV2_GY_Eta6_rep07_fold01.csv,CV2_GY_Eta6_rep07_fold01.csv,CV2,GY,rep07,fold01,Eta6
CV2/GY/rep07/fold01/CV2_GY_Eta7_rep07_fold01.csv,CV2_GY_Eta7_rep07_fold01.csv,CV2,GY,rep07,fold01,Eta7
CV2/GY/rep07/fold01/CV2_GY_Eta8_rep07_fold01.csv,CV2_GY_Eta8_rep07_fold01.csv,CV2,GY,rep07,fold01,Eta8
CV2/GY/rep07/fold01/CV2_GY_Eta9_rep07_fold01.csv,CV2_GY_Eta9_rep07_fold01.csv,CV2,GY,rep07,fold01,Eta9
CV2/GY/rep07/fold02/CV2_GY_Eta1_rep07_fold02.csv,CV2_GY_Eta1_rep07_fold02.csv,CV2,GY,rep07,fold02,Eta1
CV2/GY/rep07/fold02/CV2_GY_Eta10_rep07_fold02.csv,CV2_GY_Eta10_rep07_fold02.csv,CV2,GY,rep07,fold02,Eta10
CV2/GY/rep07/fold02/CV2_GY_Eta11_rep07_fold02.csv,CV2_GY_Eta11_rep07_fold02.csv,CV2,GY,rep07,fold02,Eta11
CV2/GY/rep07/fold02/CV2_GY_Eta12_rep07_fold02.csv,CV2_GY_Eta12_rep07_fold02.csv,CV2,GY,rep07,fold02,Eta12
CV2/GY/rep07/fold02/CV2_GY_Eta13_rep07_fold02.csv,CV2_GY_Eta13_rep07_fold02.csv,CV2,GY,rep07,fold02,Eta13
CV2/GY/rep07/fold02/CV2_GY_Eta14_rep07_fold02.csv,CV2_GY_Eta14_rep07_fold02.csv,CV2,GY,rep07,fold02,Eta14
CV2/GY/rep07/fold02/CV2_GY_Eta15_rep07_fold02.csv,CV2_GY_Eta15_rep07_fold02.csv,CV2,GY,rep07,fold02,Eta15
CV2/GY/rep07/fold02/CV2_GY_Eta16_rep07_fold02.csv,CV2_GY_Eta16_rep07_fold02.csv,CV2,GY,rep07,fold02,Eta16
CV2/GY/rep07/fold02/CV2_GY_Eta17_rep07_fold02.csv,CV2_GY_Eta17_rep07_fold02.csv,CV2,GY,rep07,fold02,Eta17
CV2/GY/rep07/fold02/CV2_GY_Eta18_rep07_fold02.csv,CV2_GY_Eta18_rep07_fold02.csv,CV2,GY,rep07,fold02,Eta18
CV2/GY/rep07/fold02/CV2_GY_Eta2_rep07_fold02.csv,CV2_GY_Eta2_rep07_fold02.csv,CV2,GY,rep07,fold02,Eta2
CV2/GY/rep07/fold02/CV2_GY_Eta3_rep07_fold02.csv,CV2_GY_Eta3_rep07_fold02.csv,CV2,GY,rep07,fold02,Eta3
CV2/GY/rep07/fold02/CV2_GY_Eta4_rep07_fold02.csv,CV2_GY_Eta4_rep07_fold02.csv,CV2,GY,rep07,fold02,Eta4
CV2/GY/rep07/fold02/CV2_GY_Eta5_rep07_fold02.csv,CV2_GY_Eta5_rep07_fold02.csv,CV2,GY,rep07,fold02,Eta5
CV2/GY/rep07/fold02/CV2_GY_Eta6_rep07_fold02.csv,CV2_GY_Eta6_rep07_fold02.csv,CV2,GY,rep07,fold02,Eta6
CV2/GY/rep07/fold02/CV2_GY_Eta7_rep07_fold02.csv,CV2_GY_Eta7_rep07_fold02.csv,CV2,GY,rep07,fold02,Eta7
CV2/GY/rep07/fold02/CV2_GY_Eta8_rep07_fold02.csv,CV2_GY_Eta8_rep07_fold02.csv,CV2,GY,rep07,fold02,Eta8
CV2/GY/rep07/fold02/CV2_GY_Eta9_rep07_fold02.csv,CV2_GY_Eta9_rep07_fold02.csv,CV2,GY,rep07,fold02,Eta9
CV2/GY/rep07/fold03/CV2_GY_Eta1_rep07_fold03.csv,CV2_GY_Eta1_rep07_fold03.csv,CV2,GY,rep07,fold03,Eta1
CV2/GY/rep07/fold03/CV2_GY_Eta10_rep07_fold03.csv,CV2_GY_Eta10_rep07_fold03.csv,CV2,GY,rep07,fold03,Eta10
CV2/GY/rep07/fold03/CV2_GY_Eta11_rep07_fold03.csv,CV2_GY_Eta11_rep07_fold03.csv,CV2,GY,rep07,fold03,Eta11
CV2/GY/rep07/fold03/CV2_GY_Eta12_rep07_fold03.csv,CV2_GY_Eta12_rep07_fold03.csv,CV2,GY,rep07,fold03,Eta12
CV2/GY/rep07/fold03/CV2_GY_Eta13_rep07_fold03.csv,CV2_GY_Eta13_rep07_fold03.csv,CV2,GY,rep07,fold03,Eta13
CV2/GY/rep07/fold03/CV2_GY_Eta14_rep07_fold03.csv,CV2_GY_Eta14_rep07_fold03.csv,CV2,GY,rep07,fold03,Eta14
CV2/GY/rep07/fold03/CV2_GY_Eta15_rep07_fold03.csv,CV2_GY_Eta15_rep07_fold03.csv,CV2,GY,rep07,fold03,Eta15
CV2/GY/rep07/fold03/CV2_GY_Eta16_rep07_fold03.csv,CV2_GY_Eta16_rep07_fold03.csv,CV2,GY,rep07,fold03,Eta16
CV2/GY/rep07/fold03/CV2_GY_Eta17_rep07_fold03.csv,CV2_GY_Eta17_rep07_fold03.csv,CV2,GY,rep07,fold03,Eta17
CV2/GY/rep07/fold03/CV2_GY_Eta18_rep07_fold03.csv,CV2_GY_Eta18_rep07_fold03.csv,CV2,GY,rep07,fold03,Eta18
CV2/GY/rep07/fold03/CV2_GY_Eta2_rep07_fold03.csv,CV2_GY_Eta2_rep07_fold03.csv,CV2,GY,rep07,fold03,Eta2
CV2/GY/rep07/fold03/CV2_GY_Eta3_rep07_fold03.csv,CV2_GY_Eta3_rep07_fold03.csv,CV2,GY,rep07,fold03,Eta3
CV2/GY/rep07/fold03/CV2_GY_Eta4_rep07_fold03.csv,CV2_GY_Eta4_rep07_fold03.csv,CV2,GY,rep07,fold03,Eta4
CV2/GY/rep07/fold03/CV2_GY_Eta5_rep07_fold03.csv,CV2_GY_Eta5_rep07_fold03.csv,CV2,GY,rep07,fold03,Eta5
CV2/GY/rep07/fold03/CV2_GY_Eta6_rep07_fold03.csv,CV2_GY_Eta6_rep07_fold03.csv,CV2,GY,rep07,fold03,Eta6
CV2/GY/rep07/fold03/CV2_GY_Eta7_rep07_fold03.csv,CV2_GY_Eta7_rep07_fold03.csv,CV2,GY,rep07,fold03,Eta7
CV2/GY/rep07/fold03/CV2_GY_Eta8_rep07_fold03.csv,CV2_GY_Eta8_rep07_fold03.csv,CV2,GY,rep07,fold03,Eta8
CV2/GY/rep07/fold03/CV2_GY_Eta9_rep07_fold03.csv,CV2_GY_Eta9_rep07_fold03.csv,CV2,GY,rep07,fold03,Eta9
CV2/GY/rep07/fold04/CV2_GY_Eta1_rep07_fold04.csv,CV2_GY_Eta1_rep07_fold04.csv,CV2,GY,rep07,fold04,Eta1
CV2/GY/rep07/fold04/CV2_GY_Eta10_rep07_fold04.csv,CV2_GY_Eta10_rep07_fold04.csv,CV2,GY,rep07,fold04,Eta10
CV2/GY/rep07/fold04/CV2_GY_Eta11_rep07_fold04.csv,CV2_GY_Eta11_rep07_fold04.csv,CV2,GY,rep07,fold04,Eta11
CV2/GY/rep07/fold04/CV2_GY_Eta12_rep07_fold04.csv,CV2_GY_Eta12_rep07_fold04.csv,CV2,GY,rep07,fold04,Eta12
CV2/GY/rep07/fold04/CV2_GY_Eta13_rep07_fold04.csv,CV2_GY_Eta13_rep07_fold04.csv,CV2,GY,rep07,fold04,Eta13
CV2/GY/rep07/fold04/CV2_GY_Eta14_rep07_fold04.csv,CV2_GY_Eta14_rep07_fold04.csv,CV2,GY,rep07,fold04,Eta14
CV2/GY/rep07/fold04/CV2_GY_Eta15_rep07_fold04.csv,CV2_GY_Eta15_rep07_fold04.csv,CV2,GY,rep07,fold04,Eta15
CV2/GY/rep07/fold04/CV2_GY_Eta16_rep07_fold04.csv,CV2_GY_Eta16_rep07_fold04.csv,CV2,GY,rep07,fold04,Eta16
CV2/GY/rep07/fold04/CV2_GY_Eta17_rep07_fold04.csv,CV2_GY_Eta17_rep07_fold04.csv,CV2,GY,rep07,fold04,Eta17
CV2/GY/rep07/fold04/CV2_GY_Eta18_rep07_fold04.csv,CV2_GY_Eta18_rep07_fold04.csv,CV2,GY,rep07,fold04,Eta18
CV2/GY/rep07/fold04/CV2_GY_Eta2_rep07_fold04.csv,CV2_GY_Eta2_rep07_fold04.csv,CV2,GY,rep07,fold04,Eta2
CV2/GY/rep07/fold04/CV2_GY_Eta3_rep07_fold04.csv,CV2_GY_Eta3_rep07_fold04.csv,CV2,GY,rep07,fold04,Eta3
CV2/GY/rep07/fold04/CV2_GY_Eta4_rep07_fold04.csv,CV2_GY_Eta4_rep07_fold04.csv,CV2,GY,rep07,fold04,Eta4
CV2/GY/rep07/fold04/CV2_GY_Eta5_rep07_fold04.csv,CV2_GY_Eta5_rep07_fold04.csv,CV2,GY,rep07,fold04,Eta5
CV2/GY/rep07/fold04/CV2_GY_Eta6_rep07_fold04.csv,CV2_GY_Eta6_rep07_fold04.csv,CV2,GY,rep07,fold04,Eta6
CV2/GY/rep07/fold04/CV2_GY_Eta7_rep07_fold04.csv,CV2_GY_Eta7_rep07_fold04.csv,CV2,GY,rep07,fold04,Eta7
CV2/GY/rep07/fold04/CV2_GY_Eta8_rep07_fold04.csv,CV2_GY_Eta8_rep07_fold04.csv,CV2,GY,rep07,fold04,Eta8
CV2/GY/rep07/fold04/CV2_GY_Eta9_rep07_fold04.csv,CV2_GY_Eta9_rep07_fold04.csv,CV2,GY,rep07,fold04,Eta9
CV2/GY/rep07/fold05/CV2_GY_Eta1_rep07_fold05.csv,CV2_GY_Eta1_rep07_fold05.csv,CV2,GY,rep07,fold05,Eta1
CV2/GY/rep07/fold05/CV2_GY_Eta10_rep07_fold05.csv,CV2_GY_Eta10_rep07_fold05.csv,CV2,GY,rep07,fold05,Eta10
CV2/GY/rep07/fold05/CV2_GY_Eta11_rep07_fold05.csv,CV2_GY_Eta11_rep07_fold05.csv,CV2,GY,rep07,fold05,Eta11
CV2/GY/rep07/fold05/CV2_GY_Eta12_rep07_fold05.csv,CV2_GY_Eta12_rep07_fold05.csv,CV2,GY,rep07,fold05,Eta12
CV2/GY/rep07/fold05/CV2_GY_Eta13_rep07_fold05.csv,CV2_GY_Eta13_rep07_fold05.csv,CV2,GY,rep07,fold05,Eta13
CV2/GY/rep07/fold05/CV2_GY_Eta14_rep07_fold05.csv,CV2_GY_Eta14_rep07_fold05.csv,CV2,GY,rep07,fold05,Eta14
CV2/GY/rep07/fold05/CV2_GY_Eta15_rep07_fold05.csv,CV2_GY_Eta15_rep07_fold05.csv,CV2,GY,rep07,fold05,Eta15
CV2/GY/rep07/fold05/CV2_GY_Eta16_rep07_fold05.csv,CV2_GY_Eta16_rep07_fold05.csv,CV2,GY,rep07,fold05,Eta16
CV2/GY/rep07/fold05/CV2_GY_Eta17_rep07_fold05.csv,CV2_GY_Eta17_rep07_fold05.csv,CV2,GY,rep07,fold05,Eta17
CV2/GY/rep07/fold05/CV2_GY_Eta18_rep07_fold05.csv,CV2_GY_Eta18_rep07_fold05.csv,CV2,GY,rep07,fold05,Eta18
CV2/GY/rep07/fold05/CV2_GY_Eta2_rep07_fold05.csv,CV2_GY_Eta2_rep07_fold05.csv,CV2,GY,rep07,fold05,Eta2
CV2/GY/rep07/fold05/CV2_GY_Eta3_rep07_fold05.csv,CV2_GY_Eta3_rep07_fold05.csv,CV2,GY,rep07,fold05,Eta3
CV2/GY/rep07/fold05/CV2_GY_Eta4_rep07_fold05.csv,CV2_GY_Eta4_rep07_fold05.csv,CV2,GY,rep07,fold05,Eta4
CV2/GY/rep07/fold05/CV2_GY_Eta5_rep07_fold05.csv,CV2_GY_Eta5_rep07_fold05.csv,CV2,GY,rep07,fold05,Eta5
CV2/GY/rep07/fold05/CV2_GY_Eta6_rep07_fold05.csv,CV2_GY_Eta6_rep07_fold05.csv,CV2,GY,rep07,fold05,Eta6
CV2/GY/rep07/fold05/CV2_GY_Eta7_rep07_fold05.csv,CV2_GY_Eta7_rep07_fold05.csv,CV2,GY,rep07,fold05,Eta7
CV2/GY/rep07/fold05/CV2_GY_Eta8_rep07_fold05.csv,CV2_GY_Eta8_rep07_fold05.csv,CV2,GY,rep07,fold05,Eta8
CV2/GY/rep07/fold05/CV2_GY_Eta9_rep07_fold05.csv,CV2_GY_Eta9_rep07_fold05.csv,CV2,GY,rep07,fold05,Eta9
CV2/GY/rep08/fold01/CV2_GY_Eta1_rep08_fold01.csv,CV2_GY_Eta1_rep08_fold01.csv,CV2,GY,rep08,fold01,Eta1
CV2/GY/rep08/fold01/CV2_GY_Eta10_rep08_fold01.csv,CV2_GY_Eta10_rep08_fold01.csv,CV2,GY,rep08,fold01,Eta10
CV2/GY/rep08/fold01/CV2_GY_Eta11_rep08_fold01.csv,CV2_GY_Eta11_rep08_fold01.csv,CV2,GY,rep08,fold01,Eta11
CV2/GY/rep08/fold01/CV2_GY_Eta12_rep08_fold01.csv,CV2_GY_Eta12_rep08_fold01.csv,CV2,GY,rep08,fold01,Eta12
CV2/GY/rep08/fold01/CV2_GY_Eta13_rep08_fold01.csv,CV2_GY_Eta13_rep08_fold01.csv,CV2,GY,rep08,fold01,Eta13
CV2/GY/rep08/fold01/CV2_GY_Eta14_rep08_fold01.csv,CV2_GY_Eta14_rep08_fold01.csv,CV2,GY,rep08,fold01,Eta14
CV2/GY/rep08/fold01/CV2_GY_Eta15_rep08_fold01.csv,CV2_GY_Eta15_rep08_fold01.csv,CV2,GY,rep08,fold01,Eta15
CV2/GY/rep08/fold01/CV2_GY_Eta16_rep08_fold01.csv,CV2_GY_Eta16_rep08_fold01.csv,CV2,GY,rep08,fold01,Eta16
CV2/GY/rep08/fold01/CV2_GY_Eta17_rep08_fold01.csv,CV2_GY_Eta17_rep08_fold01.csv,CV2,GY,rep08,fold01,Eta17
CV2/GY/rep08/fold01/CV2_GY_Eta18_rep08_fold01.csv,CV2_GY_Eta18_rep08_fold01.csv,CV2,GY,rep08,fold01,Eta18
CV2/GY/rep08/fold01/CV2_GY_Eta2_rep08_fold01.csv,CV2_GY_Eta2_rep08_fold01.csv,CV2,GY,rep08,fold01,Eta2
CV2/GY/rep08/fold01/CV2_GY_Eta3_rep08_fold01.csv,CV2_GY_Eta3_rep08_fold01.csv,CV2,GY,rep08,fold01,Eta3
CV2/GY/rep08/fold01/CV2_GY_Eta4_rep08_fold01.csv,CV2_GY_Eta4_rep08_fold01.csv,CV2,GY,rep08,fold01,Eta4
CV2/GY/rep08/fold01/CV2_GY_Eta5_rep08_fold01.csv,CV2_GY_Eta5_rep08_fold01.csv,CV2,GY,rep08,fold01,Eta5
CV2/GY/rep08/fold01/CV2_GY_Eta6_rep08_fold01.csv,CV2_GY_Eta6_rep08_fold01.csv,CV2,GY,rep08,fold01,Eta6
CV2/GY/rep08/fold01/CV2_GY_Eta7_rep08_fold01.csv,CV2_GY_Eta7_rep08_fold01.csv,CV2,GY,rep08,fold01,Eta7
CV2/GY/rep08/fold01/CV2_GY_Eta8_rep08_fold01.csv,CV2_GY_Eta8_rep08_fold01.csv,CV2,GY,rep08,fold01,Eta8
CV2/GY/rep08/fold01/CV2_GY_Eta9_rep08_fold01.csv,CV2_GY_Eta9_rep08_fold01.csv,CV2,GY,rep08,fold01,Eta9
CV2/GY/rep08/fold02/CV2_GY_Eta1_rep08_fold02.csv,CV2_GY_Eta1_rep08_fold02.csv,CV2,GY,rep08,fold02,Eta1
CV2/GY/rep08/fold02/CV2_GY_Eta10_rep08_fold02.csv,CV2_GY_Eta10_rep08_fold02.csv,CV2,GY,rep08,fold02,Eta10
CV2/GY/rep08/fold02/CV2_GY_Eta11_rep08_fold02.csv,CV2_GY_Eta11_rep08_fold02.csv,CV2,GY,rep08,fold02,Eta11
CV2/GY/rep08/fold02/CV2_GY_Eta12_rep08_fold02.csv,CV2_GY_Eta12_rep08_fold02.csv,CV2,GY,rep08,fold02,Eta12
CV2/GY/rep08/fold02/CV2_GY_Eta13_rep08_fold02.csv,CV2_GY_Eta13_rep08_fold02.csv,CV2,GY,rep08,fold02,Eta13
CV2/GY/rep08/fold02/CV2_GY_Eta14_rep08_fold02.csv,CV2_GY_Eta14_rep08_fold02.csv,CV2,GY,rep08,fold02,Eta14
CV2/GY/rep08/fold02/CV2_GY_Eta15_rep08_fold02.csv,CV2_GY_Eta15_rep08_fold02.csv,CV2,GY,rep08,fold02,Eta15
CV2/GY/rep08/fold02/CV2_GY_Eta16_rep08_fold02.csv,CV2_GY_Eta16_rep08_fold02.csv,CV2,GY,rep08,fold02,Eta16
CV2/GY/rep08/fold02/CV2_GY_Eta17_rep08_fold02.csv,CV2_GY_Eta17_rep08_fold02.csv,CV2,GY,rep08,fold02,Eta17
CV2/GY/rep08/fold02/CV2_GY_Eta18_rep08_fold02.csv,CV2_GY_Eta18_rep08_fold02.csv,CV2,GY,rep08,fold02,Eta18
CV2/GY/rep08/fold02/CV2_GY_Eta2_rep08_fold02.csv,CV2_GY_Eta2_rep08_fold02.csv,CV2,GY,rep08,fold02,Eta2
CV2/GY/rep08/fold02/CV2_GY_Eta3_rep08_fold02.csv,CV2_GY_Eta3_rep08_fold02.csv,CV2,GY,rep08,fold02,Eta3
CV2/GY/rep08/fold02/CV2_GY_Eta4_rep08_fold02.csv,CV2_GY_Eta4_rep08_fold02.csv,CV2,GY,rep08,fold02,Eta4
CV2/GY/rep08/fold02/CV2_GY_Eta5_rep08_fold02.csv,CV2_GY_Eta5_rep08_fold02.csv,CV2,GY,rep08,fold02,Eta5
CV2/GY/rep08/fold02/CV2_GY_Eta6_rep08_fold02.csv,CV2_GY_Eta6_rep08_fold02.csv,CV2,GY,rep08,fold02,Eta6
CV2/GY/rep08/fold02/CV2_GY_Eta7_rep08_fold02.csv,CV2_GY_Eta7_rep08_fold02.csv,CV2,GY,rep08,fold02,Eta7
CV2/GY/rep08/fold02/CV2_GY_Eta8_rep08_fold02.csv,CV2_GY_Eta8_rep08_fold02.csv,CV2,GY,rep08,fold02,Eta8
CV2/GY/rep08/fold02/CV2_GY_Eta9_rep08_fold02.csv,CV2_GY_Eta9_rep08_fold02.csv,CV2,GY,rep08,fold02,Eta9
CV2/GY/rep08/fold03/CV2_GY_Eta1_rep08_fold03.csv,CV2_GY_Eta1_rep08_fold03.csv,CV2,GY,rep08,fold03,Eta1
CV2/GY/rep08/fold03/CV2_GY_Eta10_rep08_fold03.csv,CV2_GY_Eta10_rep08_fold03.csv,CV2,GY,rep08,fold03,Eta10
CV2/GY/rep08/fold03/CV2_GY_Eta11_rep08_fold03.csv,CV2_GY_Eta11_rep08_fold03.csv,CV2,GY,rep08,fold03,Eta11
CV2/GY/rep08/fold03/CV2_GY_Eta12_rep08_fold03.csv,CV2_GY_Eta12_rep08_fold03.csv,CV2,GY,rep08,fold03,Eta12
CV2/GY/rep08/fold03/CV2_GY_Eta13_rep08_fold03.csv,CV2_GY_Eta13_rep08_fold03.csv,CV2,GY,rep08,fold03,Eta13
CV2/GY/rep08/fold03/CV2_GY_Eta14_rep08_fold03.csv,CV2_GY_Eta14_rep08_fold03.csv,CV2,GY,rep08,fold03,Eta14
CV2/GY/rep08/fold03/CV2_GY_Eta15_rep08_fold03.csv,CV2_GY_Eta15_rep08_fold03.csv,CV2,GY,rep08,fold03,Eta15
CV2/GY/rep08/fold03/CV2_GY_Eta16_rep08_fold03.csv,CV2_GY_Eta16_rep08_fold03.csv,CV2,GY,rep08,fold03,Eta16
CV2/GY/rep08/fold03/CV2_GY_Eta17_rep08_fold03.csv,CV2_GY_Eta17_rep08_fold03.csv,CV2,GY,rep08,fold03,Eta17
CV2/GY/rep08/fold03/CV2_GY_Eta18_rep08_fold03.csv,CV2_GY_Eta18_rep08_fold03.csv,CV2,GY,rep08,fold03,Eta18
CV2/GY/rep08/fold03/CV2_GY_Eta2_rep08_fold03.csv,CV2_GY_Eta2_rep08_fold03.csv,CV2,GY,rep08,fold03,Eta2
CV2/GY/rep08/fold03/CV2_GY_Eta3_rep08_fold03.csv,CV2_GY_Eta3_rep08_fold03.csv,CV2,GY,rep08,fold03,Eta3
CV2/GY/rep08/fold03/CV2_GY_Eta4_rep08_fold03.csv,CV2_GY_Eta4_rep08_fold03.csv,CV2,GY,rep08,fold03,Eta4
CV2/GY/rep08/fold03/CV2_GY_Eta5_rep08_fold03.csv,CV2_GY_Eta5_rep08_fold03.csv,CV2,GY,rep08,fold03,Eta5
CV2/GY/rep08/fold03/CV2_GY_Eta6_rep08_fold03.csv,CV2_GY_Eta6_rep08_fold03.csv,CV2,GY,rep08,fold03,Eta6
CV2/GY/rep08/fold03/CV2_GY_Eta7_rep08_fold03.csv,CV2_GY_Eta7_rep08_fold03.csv,CV2,GY,rep08,fold03,Eta7
CV2/GY/rep08/fold03/CV2_GY_Eta8_rep08_fold03.csv,CV2_GY_Eta8_rep08_fold03.csv,CV2,GY,rep08,fold03,Eta8
CV2/GY/rep08/fold03/CV2_GY_Eta9_rep08_fold03.csv,CV2_GY_Eta9_rep08_fold03.csv,CV2,GY,rep08,fold03,Eta9
CV2/GY/rep08/fold04/CV2_GY_Eta1_rep08_fold04.csv,CV2_GY_Eta1_rep08_fold04.csv,CV2,GY,rep08,fold04,Eta1
CV2/GY/rep08/fold04/CV2_GY_Eta10_rep08_fold04.csv,CV2_GY_Eta10_rep08_fold04.csv,CV2,GY,rep08,fold04,Eta10
CV2/GY/rep08/fold04/CV2_GY_Eta11_rep08_fold04.csv,CV2_GY_Eta11_rep08_fold04.csv,CV2,GY,rep08,fold04,Eta11
CV2/GY/rep08/fold04/CV2_GY_Eta12_rep08_fold04.csv,CV2_GY_Eta12_rep08_fold04.csv,CV2,GY,rep08,fold04,Eta12
CV2/GY/rep08/fold04/CV2_GY_Eta13_rep08_fold04.csv,CV2_GY_Eta13_rep08_fold04.csv,CV2,GY,rep08,fold04,Eta13
CV2/GY/rep08/fold04/CV2_GY_Eta14_rep08_fold04.csv,CV2_GY_Eta14_rep08_fold04.csv,CV2,GY,rep08,fold04,Eta14
CV2/GY/rep08/fold04/CV2_GY_Eta15_rep08_fold04.csv,CV2_GY_Eta15_rep08_fold04.csv,CV2,GY,rep08,fold04,Eta15
CV2/GY/rep08/fold04/CV2_GY_Eta16_rep08_fold04.csv,CV2_GY_Eta16_rep08_fold04.csv,CV2,GY,rep08,fold04,Eta16
CV2/GY/rep08/fold04/CV2_GY_Eta17_rep08_fold04.csv,CV2_GY_Eta17_rep08_fold04.csv,CV2,GY,rep08,fold04,Eta17
CV2/GY/rep08/fold04/CV2_GY_Eta18_rep08_fold04.csv,CV2_GY_Eta18_rep08_fold04.csv,CV2,GY,rep08,fold04,Eta18
CV2/GY/rep08/fold04/CV2_GY_Eta2_rep08_fold04.csv,CV2_GY_Eta2_rep08_fold04.csv,CV2,GY,rep08,fold04,Eta2
CV2/GY/rep08/fold04/CV2_GY_Eta3_rep08_fold04.csv,CV2_GY_Eta3_rep08_fold04.csv,CV2,GY,rep08,fold04,Eta3
CV2/GY/rep08/fold04/CV2_GY_Eta4_rep08_fold04.csv,CV2_GY_Eta4_rep08_fold04.csv,CV2,GY,rep08,fold04,Eta4
CV2/GY/rep08/fold04/CV2_GY_Eta5_rep08_fold04.csv,CV2_GY_Eta5_rep08_fold04.csv,CV2,GY,rep08,fold04,Eta5
CV2/GY/rep08/fold04/CV2_GY_Eta6_rep08_fold04.csv,CV2_GY_Eta6_rep08_fold04.csv,CV2,GY,rep08,fold04,Eta6
CV2/GY/rep08/fold04/CV2_GY_Eta7_rep08_fold04.csv,CV2_GY_Eta7_rep08_fold04.csv,CV2,GY,rep08,fold04,Eta7
CV2/GY/rep08/fold04/CV2_GY_Eta8_rep08_fold04.csv,CV2_GY_Eta8_rep08_fold04.csv,CV2,GY,rep08,fold04,Eta8
CV2/GY/rep08/fold04/CV2_GY_Eta9_rep08_fold04.csv,CV2_GY_Eta9_rep08_fold04.csv,CV2,GY,rep08,fold04,Eta9
CV2/GY/rep08/fold05/CV2_GY_Eta1_rep08_fold05.csv,CV2_GY_Eta1_rep08_fold05.csv,CV2,GY,rep08,fold05,Eta1
CV2/GY/rep08/fold05/CV2_GY_Eta10_rep08_fold05.csv,CV2_GY_Eta10_rep08_fold05.csv,CV2,GY,rep08,fold05,Eta10
CV2/GY/rep08/fold05/CV2_GY_Eta11_rep08_fold05.csv,CV2_GY_Eta11_rep08_fold05.csv,CV2,GY,rep08,fold05,Eta11
CV2/GY/rep08/fold05/CV2_GY_Eta12_rep08_fold05.csv,CV2_GY_Eta12_rep08_fold05.csv,CV2,GY,rep08,fold05,Eta12
CV2/GY/rep08/fold05/CV2_GY_Eta13_rep08_fold05.csv,CV2_GY_Eta13_rep08_fold05.csv,CV2,GY,rep08,fold05,Eta13
CV2/GY/rep08/fold05/CV2_GY_Eta14_rep08_fold05.csv,CV2_GY_Eta14_rep08_fold05.csv,CV2,GY,rep08,fold05,Eta14
CV2/GY/rep08/fold05/CV2_GY_Eta15_rep08_fold05.csv,CV2_GY_Eta15_rep08_fold05.csv,CV2,GY,rep08,fold05,Eta15
CV2/GY/rep08/fold05/CV2_GY_Eta16_rep08_fold05.csv,CV2_GY_Eta16_rep08_fold05.csv,CV2,GY,rep08,fold05,Eta16
CV2/GY/rep08/fold05/CV2_GY_Eta17_rep08_fold05.csv,CV2_GY_Eta17_rep08_fold05.csv,CV2,GY,rep08,fold05,Eta17
CV2/GY/rep08/fold05/CV2_GY_Eta18_rep08_fold05.csv,CV2_GY_Eta18_rep08_fold05.csv,CV2,GY,rep08,fold05,Eta18
CV2/GY/rep08/fold05/CV2_GY_Eta2_rep08_fold05.csv,CV2_GY_Eta2_rep08_fold05.csv,CV2,GY,rep08,fold05,Eta2
CV2/GY/rep08/fold05/CV2_GY_Eta3_rep08_fold05.csv,CV2_GY_Eta3_rep08_fold05.csv,CV2,GY,rep08,fold05,Eta3
CV2/GY/rep08/fold05/CV2_GY_Eta4_rep08_fold05.csv,CV2_GY_Eta4_rep08_fold05.csv,CV2,GY,rep08,fold05,Eta4
CV2/GY/rep08/fold05/CV2_GY_Eta5_rep08_fold05.csv,CV2_GY_Eta5_rep08_fold05.csv,CV2,GY,rep08,fold05,Eta5
CV2/GY/rep08/fold05/CV2_GY_Eta6_rep08_fold05.csv,CV2_GY_Eta6_rep08_fold05.csv,CV2,GY,rep08,fold05,Eta6
CV2/GY/rep08/fold05/CV2_GY_Eta7_rep08_fold05.csv,CV2_GY_Eta7_rep08_fold05.csv,CV2,GY,rep08,fold05,Eta7
CV2/GY/rep08/fold05/CV2_GY_Eta8_rep08_fold05.csv,CV2_GY_Eta8_rep08_fold05.csv,CV2,GY,rep08,fold05,Eta8
CV2/GY/rep08/fold05/CV2_GY_Eta9_rep08_fold05.csv,CV2_GY_Eta9_rep08_fold05.csv,CV2,GY,rep08,fold05,Eta9
CV2/GY/rep09/fold01/CV2_GY_Eta1_rep09_fold01.csv,CV2_GY_Eta1_rep09_fold01.csv,CV2,GY,rep09,fold01,Eta1
CV2/GY/rep09/fold01/CV2_GY_Eta10_rep09_fold01.csv,CV2_GY_Eta10_rep09_fold01.csv,CV2,GY,rep09,fold01,Eta10
CV2/GY/rep09/fold01/CV2_GY_Eta11_rep09_fold01.csv,CV2_GY_Eta11_rep09_fold01.csv,CV2,GY,rep09,fold01,Eta11
CV2/GY/rep09/fold01/CV2_GY_Eta12_rep09_fold01.csv,CV2_GY_Eta12_rep09_fold01.csv,CV2,GY,rep09,fold01,Eta12
CV2/GY/rep09/fold01/CV2_GY_Eta13_rep09_fold01.csv,CV2_GY_Eta13_rep09_fold01.csv,CV2,GY,rep09,fold01,Eta13
CV2/GY/rep09/fold01/CV2_GY_Eta14_rep09_fold01.csv,CV2_GY_Eta14_rep09_fold01.csv,CV2,GY,rep09,fold01,Eta14
CV2/GY/rep09/fold01/CV2_GY_Eta15_rep09_fold01.csv,CV2_GY_Eta15_rep09_fold01.csv,CV2,GY,rep09,fold01,Eta15
CV2/GY/rep09/fold01/CV2_GY_Eta16_rep09_fold01.csv,CV2_GY_Eta16_rep09_fold01.csv,CV2,GY,rep09,fold01,Eta16
CV2/GY/rep09/fold01/CV2_GY_Eta17_rep09_fold01.csv,CV2_GY_Eta17_rep09_fold01.csv,CV2,GY,rep09,fold01,Eta17
CV2/GY/rep09/fold01/CV2_GY_Eta18_rep09_fold01.csv,CV2_GY_Eta18_rep09_fold01.csv,CV2,GY,rep09,fold01,Eta18
CV2/GY/rep09/fold01/CV2_GY_Eta2_rep09_fold01.csv,CV2_GY_Eta2_rep09_fold01.csv,CV2,GY,rep09,fold01,Eta2
CV2/GY/rep09/fold01/CV2_GY_Eta3_rep09_fold01.csv,CV2_GY_Eta3_rep09_fold01.csv,CV2,GY,rep09,fold01,Eta3
CV2/GY/rep09/fold01/CV2_GY_Eta4_rep09_fold01.csv,CV2_GY_Eta4_rep09_fold01.csv,CV2,GY,rep09,fold01,Eta4
CV2/GY/rep09/fold01/CV2_GY_Eta5_rep09_fold01.csv,CV2_GY_Eta5_rep09_fold01.csv,CV2,GY,rep09,fold01,Eta5
CV2/GY/rep09/fold01/CV2_GY_Eta6_rep09_fold01.csv,CV2_GY_Eta6_rep09_fold01.csv,CV2,GY,rep09,fold01,Eta6
CV2/GY/rep09/fold01/CV2_GY_Eta7_rep09_fold01.csv,CV2_GY_Eta7_rep09_fold01.csv,CV2,GY,rep09,fold01,Eta7
CV2/GY/rep09/fold01/CV2_GY_Eta8_rep09_fold01.csv,CV2_GY_Eta8_rep09_fold01.csv,CV2,GY,rep09,fold01,Eta8
CV2/GY/rep09/fold01/CV2_GY_Eta9_rep09_fold01.csv,CV2_GY_Eta9_rep09_fold01.csv,CV2,GY,rep09,fold01,Eta9
CV2/GY/rep09/fold02/CV2_GY_Eta1_rep09_fold02.csv,CV2_GY_Eta1_rep09_fold02.csv,CV2,GY,rep09,fold02,Eta1
CV2/GY/rep09/fold02/CV2_GY_Eta10_rep09_fold02.csv,CV2_GY_Eta10_rep09_fold02.csv,CV2,GY,rep09,fold02,Eta10
CV2/GY/rep09/fold02/CV2_GY_Eta11_rep09_fold02.csv,CV2_GY_Eta11_rep09_fold02.csv,CV2,GY,rep09,fold02,Eta11
CV2/GY/rep09/fold02/CV2_GY_Eta12_rep09_fold02.csv,CV2_GY_Eta12_rep09_fold02.csv,CV2,GY,rep09,fold02,Eta12
CV2/GY/rep09/fold02/CV2_GY_Eta13_rep09_fold02.csv,CV2_GY_Eta13_rep09_fold02.csv,CV2,GY,rep09,fold02,Eta13
CV2/GY/rep09/fold02/CV2_GY_Eta14_rep09_fold02.csv,CV2_GY_Eta14_rep09_fold02.csv,CV2,GY,rep09,fold02,Eta14
CV2/GY/rep09/fold02/CV2_GY_Eta15_rep09_fold02.csv,CV2_GY_Eta15_rep09_fold02.csv,CV2,GY,rep09,fold02,Eta15
CV2/GY/rep09/fold02/CV2_GY_Eta16_rep09_fold02.csv,CV2_GY_Eta16_rep09_fold02.csv,CV2,GY,rep09,fold02,Eta16
CV2/GY/rep09/fold02/CV2_GY_Eta17_rep09_fold02.csv,CV2_GY_Eta17_rep09_fold02.csv,CV2,GY,rep09,fold02,Eta17
CV2/GY/rep09/fold02/CV2_GY_Eta18_rep09_fold02.csv,CV2_GY_Eta18_rep09_fold02.csv,CV2,GY,rep09,fold02,Eta18
CV2/GY/rep09/fold02/CV2_GY_Eta2_rep09_fold02.csv,CV2_GY_Eta2_rep09_fold02.csv,CV2,GY,rep09,fold02,Eta2
CV2/GY/rep09/fold02/CV2_GY_Eta3_rep09_fold02.csv,CV2_GY_Eta3_rep09_fold02.csv,CV2,GY,rep09,fold02,Eta3
CV2/GY/rep09/fold02/CV2_GY_Eta4_rep09_fold02.csv,CV2_GY_Eta4_rep09_fold02.csv,CV2,GY,rep09,fold02,Eta4
CV2/GY/rep09/fold02/CV2_GY_Eta5_rep09_fold02.csv,CV2_GY_Eta5_rep09_fold02.csv,CV2,GY,rep09,fold02,Eta5
CV2/GY/rep09/fold02/CV2_GY_Eta6_rep09_fold02.csv,CV2_GY_Eta6_rep09_fold02.csv,CV2,GY,rep09,fold02,Eta6
CV2/GY/rep09/fold02/CV2_GY_Eta7_rep09_fold02.csv,CV2_GY_Eta7_rep09_fold02.csv,CV2,GY,rep09,fold02,Eta7
CV2/GY/rep09/fold02/CV2_GY_Eta8_rep09_fold02.csv,CV2_GY_Eta8_rep09_fold02.csv,CV2,GY,rep09,fold02,Eta8
CV2/GY/rep09/fold02/CV2_GY_Eta9_rep09_fold02.csv,CV2_GY_Eta9_rep09_fold02.csv,CV2,GY,rep09,fold02,Eta9
CV2/GY/rep09/fold03/CV2_GY_Eta1_rep09_fold03.csv,CV2_GY_Eta1_rep09_fold03.csv,CV2,GY,rep09,fold03,Eta1
CV2/GY/rep09/fold03/CV2_GY_Eta10_rep09_fold03.csv,CV2_GY_Eta10_rep09_fold03.csv,CV2,GY,rep09,fold03,Eta10
CV2/GY/rep09/fold03/CV2_GY_Eta11_rep09_fold03.csv,CV2_GY_Eta11_rep09_fold03.csv,CV2,GY,rep09,fold03,Eta11
CV2/GY/rep09/fold03/CV2_GY_Eta12_rep09_fold03.csv,CV2_GY_Eta12_rep09_fold03.csv,CV2,GY,rep09,fold03,Eta12
CV2/GY/rep09/fold03/CV2_GY_Eta13_rep09_fold03.csv,CV2_GY_Eta13_rep09_fold03.csv,CV2,GY,rep09,fold03,Eta13
CV2/GY/rep09/fold03/CV2_GY_Eta14_rep09_fold03.csv,CV2_GY_Eta14_rep09_fold03.csv,CV2,GY,rep09,fold03,Eta14
CV2/GY/rep09/fold03/CV2_GY_Eta15_rep09_fold03.csv,CV2_GY_Eta15_rep09_fold03.csv,CV2,GY,rep09,fold03,Eta15
CV2/GY/rep09/fold03/CV2_GY_Eta16_rep09_fold03.csv,CV2_GY_Eta16_rep09_fold03.csv,CV2,GY,rep09,fold03,Eta16
CV2/GY/rep09/fold03/CV2_GY_Eta17_rep09_fold03.csv,CV2_GY_Eta17_rep09_fold03.csv,CV2,GY,rep09,fold03,Eta17
CV2/GY/rep09/fold03/CV2_GY_Eta18_rep09_fold03.csv,CV2_GY_Eta18_rep09_fold03.csv,CV2,GY,rep09,fold03,Eta18
CV2/GY/rep09/fold03/CV2_GY_Eta2_rep09_fold03.csv,CV2_GY_Eta2_rep09_fold03.csv,CV2,GY,rep09,fold03,Eta2
CV2/GY/rep09/fold03/CV2_GY_Eta3_rep09_fold03.csv,CV2_GY_Eta3_rep09_fold03.csv,CV2,GY,rep09,fold03,Eta3
CV2/GY/rep09/fold03/CV2_GY_Eta4_rep09_fold03.csv,CV2_GY_Eta4_rep09_fold03.csv,CV2,GY,rep09,fold03,Eta4
CV2/GY/rep09/fold03/CV2_GY_Eta5_rep09_fold03.csv,CV2_GY_Eta5_rep09_fold03.csv,CV2,GY,rep09,fold03,Eta5
CV2/GY/rep09/fold03/CV2_GY_Eta6_rep09_fold03.csv,CV2_GY_Eta6_rep09_fold03.csv,CV2,GY,rep09,fold03,Eta6
CV2/GY/rep09/fold03/CV2_GY_Eta7_rep09_fold03.csv,CV2_GY_Eta7_rep09_fold03.csv,CV2,GY,rep09,fold03,Eta7
CV2/GY/rep09/fold03/CV2_GY_Eta8_rep09_fold03.csv,CV2_GY_Eta8_rep09_fold03.csv,CV2,GY,rep09,fold03,Eta8
CV2/GY/rep09/fold03/CV2_GY_Eta9_rep09_fold03.csv,CV2_GY_Eta9_rep09_fold03.csv,CV2,GY,rep09,fold03,Eta9
CV2/GY/rep09/fold04/CV2_GY_Eta1_rep09_fold04.csv,CV2_GY_Eta1_rep09_fold04.csv,CV2,GY,rep09,fold04,Eta1
CV2/GY/rep09/fold04/CV2_GY_Eta10_rep09_fold04.csv,CV2_GY_Eta10_rep09_fold04.csv,CV2,GY,rep09,fold04,Eta10
CV2/GY/rep09/fold04/CV2_GY_Eta11_rep09_fold04.csv,CV2_GY_Eta11_rep09_fold04.csv,CV2,GY,rep09,fold04,Eta11
CV2/GY/rep09/fold04/CV2_GY_Eta12_rep09_fold04.csv,CV2_GY_Eta12_rep09_fold04.csv,CV2,GY,rep09,fold04,Eta12
CV2/GY/rep09/fold04/CV2_GY_Eta13_rep09_fold04.csv,CV2_GY_Eta13_rep09_fold04.csv,CV2,GY,rep09,fold04,Eta13
CV2/GY/rep09/fold04/CV2_GY_Eta14_rep09_fold04.csv,CV2_GY_Eta14_rep09_fold04.csv,CV2,GY,rep09,fold04,Eta14
CV2/GY/rep09/fold04/CV2_GY_Eta15_rep09_fold04.csv,CV2_GY_Eta15_rep09_fold04.csv,CV2,GY,rep09,fold04,Eta15
CV2/GY/rep09/fold04/CV2_GY_Eta16_rep09_fold04.csv,CV2_GY_Eta16_rep09_fold04.csv,CV2,GY,rep09,fold04,Eta16
CV2/GY/rep09/fold04/CV2_GY_Eta17_rep09_fold04.csv,CV2_GY_Eta17_rep09_fold04.csv,CV2,GY,rep09,fold04,Eta17
CV2/GY/rep09/fold04/CV2_GY_Eta18_rep09_fold04.csv,CV2_GY_Eta18_rep09_fold04.csv,CV2,GY,rep09,fold04,Eta18
CV2/GY/rep09/fold04/CV2_GY_Eta2_rep09_fold04.csv,CV2_GY_Eta2_rep09_fold04.csv,CV2,GY,rep09,fold04,Eta2
CV2/GY/rep09/fold04/CV2_GY_Eta3_rep09_fold04.csv,CV2_GY_Eta3_rep09_fold04.csv,CV2,GY,rep09,fold04,Eta3
CV2/GY/rep09/fold04/CV2_GY_Eta4_rep09_fold04.csv,CV2_GY_Eta4_rep09_fold04.csv,CV2,GY,rep09,fold04,Eta4
CV2/GY/rep09/fold04/CV2_GY_Eta5_rep09_fold04.csv,CV2_GY_Eta5_rep09_fold04.csv,CV2,GY,rep09,fold04,Eta5
CV2/GY/rep09/fold04/CV2_GY_Eta6_rep09_fold04.csv,CV2_GY_Eta6_rep09_fold04.csv,CV2,GY,rep09,fold04,Eta6
CV2/GY/rep09/fold04/CV2_GY_Eta7_rep09_fold04.csv,CV2_GY_Eta7_rep09_fold04.csv,CV2,GY,rep09,fold04,Eta7
CV2/GY/rep09/fold04/CV2_GY_Eta8_rep09_fold04.csv,CV2_GY_Eta8_rep09_fold04.csv,CV2,GY,rep09,fold04,Eta8
CV2/GY/rep09/fold04/CV2_GY_Eta9_rep09_fold04.csv,CV2_GY_Eta9_rep09_fold04.csv,CV2,GY,rep09,fold04,Eta9
CV2/GY/rep09/fold05/CV2_GY_Eta1_rep09_fold05.csv,CV2_GY_Eta1_rep09_fold05.csv,CV2,GY,rep09,fold05,Eta1
CV2/GY/rep09/fold05/CV2_GY_Eta10_rep09_fold05.csv,CV2_GY_Eta10_rep09_fold05.csv,CV2,GY,rep09,fold05,Eta10
CV2/GY/rep09/fold05/CV2_GY_Eta11_rep09_fold05.csv,CV2_GY_Eta11_rep09_fold05.csv,CV2,GY,rep09,fold05,Eta11
CV2/GY/rep09/fold05/CV2_GY_Eta12_rep09_fold05.csv,CV2_GY_Eta12_rep09_fold05.csv,CV2,GY,rep09,fold05,Eta12
CV2/GY/rep09/fold05/CV2_GY_Eta13_rep09_fold05.csv,CV2_GY_Eta13_rep09_fold05.csv,CV2,GY,rep09,fold05,Eta13
CV2/GY/rep09/fold05/CV2_GY_Eta14_rep09_fold05.csv,CV2_GY_Eta14_rep09_fold05.csv,CV2,GY,rep09,fold05,Eta14
CV2/GY/rep09/fold05/CV2_GY_Eta15_rep09_fold05.csv,CV2_GY_Eta15_rep09_fold05.csv,CV2,GY,rep09,fold05,Eta15
CV2/GY/rep09/fold05/CV2_GY_Eta16_rep09_fold05.csv,CV2_GY_Eta16_rep09_fold05.csv,CV2,GY,rep09,fold05,Eta16
CV2/GY/rep09/fold05/CV2_GY_Eta17_rep09_fold05.csv,CV2_GY_Eta17_rep09_fold05.csv,CV2,GY,rep09,fold05,Eta17
CV2/GY/rep09/fold05/CV2_GY_Eta18_rep09_fold05.csv,CV2_GY_Eta18_rep09_fold05.csv,CV2,GY,rep09,fold05,Eta18
CV2/GY/rep09/fold05/CV2_GY_Eta2_rep09_fold05.csv,CV2_GY_Eta2_rep09_fold05.csv,CV2,GY,rep09,fold05,Eta2
CV2/GY/rep09/fold05/CV2_GY_Eta3_rep09_fold05.csv,CV2_GY_Eta3_rep09_fold05.csv,CV2,GY,rep09,fold05,Eta3
CV2/GY/rep09/fold05/CV2_GY_Eta4_rep09_fold05.csv,CV2_GY_Eta4_rep09_fold05.csv,CV2,GY,rep09,fold05,Eta4
CV2/GY/rep09/fold05/CV2_GY_Eta5_rep09_fold05.csv,CV2_GY_Eta5_rep09_fold05.csv,CV2,GY,rep09,fold05,Eta5
CV2/GY/rep09/fold05/CV2_GY_Eta6_rep09_fold05.csv,CV2_GY_Eta6_rep09_fold05.csv,CV2,GY,rep09,fold05,Eta6
CV2/GY/rep09/fold05/CV2_GY_Eta7_rep09_fold05.csv,CV2_GY_Eta7_rep09_fold05.csv,CV2,GY,rep09,fold05,Eta7
CV2/GY/rep09/fold05/CV2_GY_Eta8_rep09_fold05.csv,CV2_GY_Eta8_rep09_fold05.csv,CV2,GY,rep09,fold05,Eta8
CV2/GY/rep09/fold05/CV2_GY_Eta9_rep09_fold05.csv,CV2_GY_Eta9_rep09_fold05.csv,CV2,GY,rep09,fold05,Eta9
CV2/GY/rep10/fold01/CV2_GY_Eta1_rep10_fold01.csv,CV2_GY_Eta1_rep10_fold01.csv,CV2,GY,rep10,fold01,Eta1
CV2/GY/rep10/fold01/CV2_GY_Eta10_rep10_fold01.csv,CV2_GY_Eta10_rep10_fold01.csv,CV2,GY,rep10,fold01,Eta10
CV2/GY/rep10/fold01/CV2_GY_Eta11_rep10_fold01.csv,CV2_GY_Eta11_rep10_fold01.csv,CV2,GY,rep10,fold01,Eta11
CV2/GY/rep10/fold01/CV2_GY_Eta12_rep10_fold01.csv,CV2_GY_Eta12_rep10_fold01.csv,CV2,GY,rep10,fold01,Eta12
CV2/GY/rep10/fold01/CV2_GY_Eta13_rep10_fold01.csv,CV2_GY_Eta13_rep10_fold01.csv,CV2,GY,rep10,fold01,Eta13
CV2/GY/rep10/fold01/CV2_GY_Eta14_rep10_fold01.csv,CV2_GY_Eta14_rep10_fold01.csv,CV2,GY,rep10,fold01,Eta14
CV2/GY/rep10/fold01/CV2_GY_Eta15_rep10_fold01.csv,CV2_GY_Eta15_rep10_fold01.csv,CV2,GY,rep10,fold01,Eta15
CV2/GY/rep10/fold01/CV2_GY_Eta16_rep10_fold01.csv,CV2_GY_Eta16_rep10_fold01.csv,CV2,GY,rep10,fold01,Eta16
CV2/GY/rep10/fold01/CV2_GY_Eta17_rep10_fold01.csv,CV2_GY_Eta17_rep10_fold01.csv,CV2,GY,rep10,fold01,Eta17
CV2/GY/rep10/fold01/CV2_GY_Eta18_rep10_fold01.csv,CV2_GY_Eta18_rep10_fold01.csv,CV2,GY,rep10,fold01,Eta18
CV2/GY/rep10/fold01/CV2_GY_Eta2_rep10_fold01.csv,CV2_GY_Eta2_rep10_fold01.csv,CV2,GY,rep10,fold01,Eta2
CV2/GY/rep10/fold01/CV2_GY_Eta3_rep10_fold01.csv,CV2_GY_Eta3_rep10_fold01.csv,CV2,GY,rep10,fold01,Eta3
CV2/GY/rep10/fold01/CV2_GY_Eta4_rep10_fold01.csv,CV2_GY_Eta4_rep10_fold01.csv,CV2,GY,rep10,fold01,Eta4
CV2/GY/rep10/fold01/CV2_GY_Eta5_rep10_fold01.csv,CV2_GY_Eta5_rep10_fold01.csv,CV2,GY,rep10,fold01,Eta5
CV2/GY/rep10/fold01/CV2_GY_Eta6_rep10_fold01.csv,CV2_GY_Eta6_rep10_fold01.csv,CV2,GY,rep10,fold01,Eta6
CV2/GY/rep10/fold01/CV2_GY_Eta7_rep10_fold01.csv,CV2_GY_Eta7_rep10_fold01.csv,CV2,GY,rep10,fold01,Eta7
CV2/GY/rep10/fold01/CV2_GY_Eta8_rep10_fold01.csv,CV2_GY_Eta8_rep10_fold01.csv,CV2,GY,rep10,fold01,Eta8
CV2/GY/rep10/fold01/CV2_GY_Eta9_rep10_fold01.csv,CV2_GY_Eta9_rep10_fold01.csv,CV2,GY,rep10,fold01,Eta9
CV2/GY/rep10/fold02/CV2_GY_Eta1_rep10_fold02.csv,CV2_GY_Eta1_rep10_fold02.csv,CV2,GY,rep10,fold02,Eta1
CV2/GY/rep10/fold02/CV2_GY_Eta10_rep10_fold02.csv,CV2_GY_Eta10_rep10_fold02.csv,CV2,GY,rep10,fold02,Eta10
CV2/GY/rep10/fold02/CV2_GY_Eta11_rep10_fold02.csv,CV2_GY_Eta11_rep10_fold02.csv,CV2,GY,rep10,fold02,Eta11
CV2/GY/rep10/fold02/CV2_GY_Eta12_rep10_fold02.csv,CV2_GY_Eta12_rep10_fold02.csv,CV2,GY,rep10,fold02,Eta12
CV2/GY/rep10/fold02/CV2_GY_Eta13_rep10_fold02.csv,CV2_GY_Eta13_rep10_fold02.csv,CV2,GY,rep10,fold02,Eta13
CV2/GY/rep10/fold02/CV2_GY_Eta14_rep10_fold02.csv,CV2_GY_Eta14_rep10_fold02.csv,CV2,GY,rep10,fold02,Eta14
CV2/GY/rep10/fold02/CV2_GY_Eta15_rep10_fold02.csv,CV2_GY_Eta15_rep10_fold02.csv,CV2,GY,rep10,fold02,Eta15
CV2/GY/rep10/fold02/CV2_GY_Eta16_rep10_fold02.csv,CV2_GY_Eta16_rep10_fold02.csv,CV2,GY,rep10,fold02,Eta16
CV2/GY/rep10/fold02/CV2_GY_Eta17_rep10_fold02.csv,CV2_GY_Eta17_rep10_fold02.csv,CV2,GY,rep10,fold02,Eta17
CV2/GY/rep10/fold02/CV2_GY_Eta18_rep10_fold02.csv,CV2_GY_Eta18_rep10_fold02.csv,CV2,GY,rep10,fold02,Eta18
CV2/GY/rep10/fold02/CV2_GY_Eta2_rep10_fold02.csv,CV2_GY_Eta2_rep10_fold02.csv,CV2,GY,rep10,fold02,Eta2
CV2/GY/rep10/fold02/CV2_GY_Eta3_rep10_fold02.csv,CV2_GY_Eta3_rep10_fold02.csv,CV2,GY,rep10,fold02,Eta3
CV2/GY/rep10/fold02/CV2_GY_Eta4_rep10_fold02.csv,CV2_GY_Eta4_rep10_fold02.csv,CV2,GY,rep10,fold02,Eta4
CV2/GY/rep10/fold02/CV2_GY_Eta5_rep10_fold02.csv,CV2_GY_Eta5_rep10_fold02.csv,CV2,GY,rep10,fold02,Eta5
CV2/GY/rep10/fold02/CV2_GY_Eta6_rep10_fold02.csv,CV2_GY_Eta6_rep10_fold02.csv,CV2,GY,rep10,fold02,Eta6
CV2/GY/rep10/fold02/CV2_GY_Eta7_rep10_fold02.csv,CV2_GY_Eta7_rep10_fold02.csv,CV2,GY,rep10,fold02,Eta7
CV2/GY/rep10/fold02/CV2_GY_Eta8_rep10_fold02.csv,CV2_GY_Eta8_rep10_fold02.csv,CV2,GY,rep10,fold02,Eta8
CV2/GY/rep10/fold02/CV2_GY_Eta9_rep10_fold02.csv,CV2_GY_Eta9_rep10_fold02.csv,CV2,GY,rep10,fold02,Eta9
CV2/GY/rep10/fold03/CV2_GY_Eta1_rep10_fold03.csv,CV2_GY_Eta1_rep10_fold03.csv,CV2,GY,rep10,fold03,Eta1
CV2/GY/rep10/fold03/CV2_GY_Eta10_rep10_fold03.csv,CV2_GY_Eta10_rep10_fold03.csv,CV2,GY,rep10,fold03,Eta10
CV2/GY/rep10/fold03/CV2_GY_Eta11_rep10_fold03.csv,CV2_GY_Eta11_rep10_fold03.csv,CV2,GY,rep10,fold03,Eta11
CV2/GY/rep10/fold03/CV2_GY_Eta12_rep10_fold03.csv,CV2_GY_Eta12_rep10_fold03.csv,CV2,GY,rep10,fold03,Eta12
CV2/GY/rep10/fold03/CV2_GY_Eta13_rep10_fold03.csv,CV2_GY_Eta13_rep10_fold03.csv,CV2,GY,rep10,fold03,Eta13
CV2/GY/rep10/fold03/CV2_GY_Eta14_rep10_fold03.csv,CV2_GY_Eta14_rep10_fold03.csv,CV2,GY,rep10,fold03,Eta14
CV2/GY/rep10/fold03/CV2_GY_Eta15_rep10_fold03.csv,CV2_GY_Eta15_rep10_fold03.csv,CV2,GY,rep10,fold03,Eta15
CV2/GY/rep10/fold03/CV2_GY_Eta16_rep10_fold03.csv,CV2_GY_Eta16_rep10_fold03.csv,CV2,GY,rep10,fold03,Eta16
CV2/GY/rep10/fold03/CV2_GY_Eta17_rep10_fold03.csv,CV2_GY_Eta17_rep10_fold03.csv,CV2,GY,rep10,fold03,Eta17
CV2/GY/rep10/fold03/CV2_GY_Eta18_rep10_fold03.csv,CV2_GY_Eta18_rep10_fold03.csv,CV2,GY,rep10,fold03,Eta18
CV2/GY/rep10/fold03/CV2_GY_Eta2_rep10_fold03.csv,CV2_GY_Eta2_rep10_fold03.csv,CV2,GY,rep10,fold03,Eta2
CV2/GY/rep10/fold03/CV2_GY_Eta3_rep10_fold03.csv,CV2_GY_Eta3_rep10_fold03.csv,CV2,GY,rep10,fold03,Eta3
CV2/GY/rep10/fold03/CV2_GY_Eta4_rep10_fold03.csv,CV2_GY_Eta4_rep10_fold03.csv,CV2,GY,rep10,fold03,Eta4
CV2/GY/rep10/fold03/CV2_GY_Eta5_rep10_fold03.csv,CV2_GY_Eta5_rep10_fold03.csv,CV2,GY,rep10,fold03,Eta5
CV2/GY/rep10/fold03/CV2_GY_Eta6_rep10_fold03.csv,CV2_GY_Eta6_rep10_fold03.csv,CV2,GY,rep10,fold03,Eta6
CV2/GY/rep10/fold03/CV2_GY_Eta7_rep10_fold03.csv,CV2_GY_Eta7_rep10_fold03.csv,CV2,GY,rep10,fold03,Eta7
CV2/GY/rep10/fold03/CV2_GY_Eta8_rep10_fold03.csv,CV2_GY_Eta8_rep10_fold03.csv,CV2,GY,rep10,fold03,Eta8
CV2/GY/rep10/fold03/CV2_GY_Eta9_rep10_fold03.csv,CV2_GY_Eta9_rep10_fold03.csv,CV2,GY,rep10,fold03,Eta9
CV2/GY/rep10/fold04/CV2_GY_Eta1_rep10_fold04.csv,CV2_GY_Eta1_rep10_fold04.csv,CV2,GY,rep10,fold04,Eta1
CV2/GY/rep10/fold04/CV2_GY_Eta10_rep10_fold04.csv,CV2_GY_Eta10_rep10_fold04.csv,CV2,GY,rep10,fold04,Eta10
CV2/GY/rep10/fold04/CV2_GY_Eta11_rep10_fold04.csv,CV2_GY_Eta11_rep10_fold04.csv,CV2,GY,rep10,fold04,Eta11
CV2/GY/rep10/fold04/CV2_GY_Eta12_rep10_fold04.csv,CV2_GY_Eta12_rep10_fold04.csv,CV2,GY,rep10,fold04,Eta12
CV2/GY/rep10/fold04/CV2_GY_Eta13_rep10_fold04.csv,CV2_GY_Eta13_rep10_fold04.csv,CV2,GY,rep10,fold04,Eta13
CV2/GY/rep10/fold04/CV2_GY_Eta14_rep10_fold04.csv,CV2_GY_Eta14_rep10_fold04.csv,CV2,GY,rep10,fold04,Eta14
CV2/GY/rep10/fold04/CV2_GY_Eta15_rep10_fold04.csv,CV2_GY_Eta15_rep10_fold04.csv,CV2,GY,rep10,fold04,Eta15
CV2/GY/rep10/fold04/CV2_GY_Eta16_rep10_fold04.csv,CV2_GY_Eta16_rep10_fold04.csv,CV2,GY,rep10,fold04,Eta16
CV2/GY/rep10/fold04/CV2_GY_Eta17_rep10_fold04.csv,CV2_GY_Eta17_rep10_fold04.csv,CV2,GY,rep10,fold04,Eta17
CV2/GY/rep10/fold04/CV2_GY_Eta18_rep10_fold04.csv,CV2_GY_Eta18_rep10_fold04.csv,CV2,GY,rep10,fold04,Eta18
CV2/GY/rep10/fold04/CV2_GY_Eta2_rep10_fold04.csv,CV2_GY_Eta2_rep10_fold04.csv,CV2,GY,rep10,fold04,Eta2
CV2/GY/rep10/fold04/CV2_GY_Eta3_rep10_fold04.csv,CV2_GY_Eta3_rep10_fold04.csv,CV2,GY,rep10,fold04,Eta3
CV2/GY/rep10/fold04/CV2_GY_Eta4_rep10_fold04.csv,CV2_GY_Eta4_rep10_fold04.csv,CV2,GY,rep10,fold04,Eta4
CV2/GY/rep10/fold04/CV2_GY_Eta5_rep10_fold04.csv,CV2_GY_Eta5_rep10_fold04.csv,CV2,GY,rep10,fold04,Eta5
CV2/GY/rep10/fold04/CV2_GY_Eta6_rep10_fold04.csv,CV2_GY_Eta6_rep10_fold04.csv,CV2,GY,rep10,fold04,Eta6
CV2/GY/rep10/fold04/CV2_GY_Eta7_rep10_fold04.csv,CV2_GY_Eta7_rep10_fold04.csv,CV2,GY,rep10,fold04,Eta7
CV2/GY/rep10/fold04/CV2_GY_Eta8_rep10_fold04.csv,CV2_GY_Eta8_rep10_fold04.csv,CV2,GY,rep10,fold04,Eta8
CV2/GY/rep10/fold04/CV2_GY_Eta9_rep10_fold04.csv,CV2_GY_Eta9_rep10_fold04.csv,CV2,GY,rep10,fold04,Eta9
CV2/GY/rep10/fold05/CV2_GY_Eta1_rep10_fold05.csv,CV2_GY_Eta1_rep10_fold05.csv,CV2,GY,rep10,fold05,Eta1
CV2/GY/rep10/fold05/CV2_GY_Eta10_rep10_fold05.csv,CV2_GY_Eta10_rep10_fold05.csv,CV2,GY,rep10,fold05,Eta10
CV2/GY/rep10/fold05/CV2_GY_Eta11_rep10_fold05.csv,CV2_GY_Eta11_rep10_fold05.csv,CV2,GY,rep10,fold05,Eta11
CV2/GY/rep10/fold05/CV2_GY_Eta12_rep10_fold05.csv,CV2_GY_Eta12_rep10_fold05.csv,CV2,GY,rep10,fold05,Eta12
CV2/GY/rep10/fold05/CV2_GY_Eta13_rep10_fold05.csv,CV2_GY_Eta13_rep10_fold05.csv,CV2,GY,rep10,fold05,Eta13
CV2/GY/rep10/fold05/CV2_GY_Eta14_rep10_fold05.csv,CV2_GY_Eta14_rep10_fold05.csv,CV2,GY,rep10,fold05,Eta14
CV2/GY/rep10/fold05/CV2_GY_Eta15_rep10_fold05.csv,CV2_GY_Eta15_rep10_fold05.csv,CV2,GY,rep10,fold05,Eta15
CV2/GY/rep10/fold05/CV2_GY_Eta16_rep10_fold05.csv,CV2_GY_Eta16_rep10_fold05.csv,CV2,GY,rep10,fold05,Eta16
CV2/GY/rep10/fold05/CV2_GY_Eta17_rep10_fold05.csv,CV2_GY_Eta17_rep10_fold05.csv,CV2,GY,rep10,fold05,Eta17
CV2/GY/rep10/fold05/CV2_GY_Eta18_rep10_fold05.csv,CV2_GY_Eta18_rep10_fold05.csv,CV2,GY,rep10,fold05,Eta18
CV2/GY/rep10/fold05/CV2_GY_Eta2_rep10_fold05.csv,CV2_GY_Eta2_rep10_fold05.csv,CV2,GY,rep10,fold05,Eta2
CV2/GY/rep10/fold05/CV2_GY_Eta3_rep10_fold05.csv,CV2_GY_Eta3_rep10_fold05.csv,CV2,GY,rep10,fold05,Eta3
CV2/GY/rep10/fold05/CV2_GY_Eta4_rep10_fold05.csv,CV2_GY_Eta4_rep10_fold05.csv,CV2,GY,rep10,fold05,Eta4
CV2/GY/rep10/fold05/CV2_GY_Eta5_rep10_fold05.csv,CV2_GY_Eta5_rep10_fold05.csv,CV2,GY,rep10,fold05,Eta5
CV2/GY/rep10/fold05/CV2_GY_Eta6_rep10_fold05.csv,CV2_GY_Eta6_rep10_fold05.csv,CV2,GY,rep10,fold05,Eta6
CV2/GY/rep10/fold05/CV2_GY_Eta7_rep10_fold05.csv,CV2_GY_Eta7_rep10_fold05.csv,CV2,GY,rep10,fold05,Eta7
CV2/GY/rep10/fold05/CV2_GY_Eta8_rep10_fold05.csv,CV2_GY_Eta8_rep10_fold05.csv,CV2,GY,rep10,fold05,Eta8
CV2/GY/rep10/fold05/CV2_GY_Eta9_rep10_fold05.csv,CV2_GY_Eta9_rep10_fold05.csv,CV2,GY,rep10,fold05,Eta9
CV2/KW/rep01/fold01/CV2_KW_Eta1_rep01_fold01.csv,CV2_KW_Eta1_rep01_fold01.csv,CV2,KW,rep01,fold01,Eta1
CV2/KW/rep01/fold01/CV2_KW_Eta10_rep01_fold01.csv,CV2_KW_Eta10_rep01_fold01.csv,CV2,KW,rep01,fold01,Eta10
CV2/KW/rep01/fold01/CV2_KW_Eta11_rep01_fold01.csv,CV2_KW_Eta11_rep01_fold01.csv,CV2,KW,rep01,fold01,Eta11
CV2/KW/rep01/fold01/CV2_KW_Eta12_rep01_fold01.csv,CV2_KW_Eta12_rep01_fold01.csv,CV2,KW,rep01,fold01,Eta12
CV2/KW/rep01/fold01/CV2_KW_Eta13_rep01_fold01.csv,CV2_KW_Eta13_rep01_fold01.csv,CV2,KW,rep01,fold01,Eta13
CV2/KW/rep01/fold01/CV2_KW_Eta14_rep01_fold01.csv,CV2_KW_Eta14_rep01_fold01.csv,CV2,KW,rep01,fold01,Eta14
CV2/KW/rep01/fold01/CV2_KW_Eta15_rep01_fold01.csv,CV2_KW_Eta15_rep01_fold01.csv,CV2,KW,rep01,fold01,Eta15
CV2/KW/rep01/fold01/CV2_KW_Eta16_rep01_fold01.csv,CV2_KW_Eta16_rep01_fold01.csv,CV2,KW,rep01,fold01,Eta16
CV2/KW/rep01/fold01/CV2_KW_Eta17_rep01_fold01.csv,CV2_KW_Eta17_rep01_fold01.csv,CV2,KW,rep01,fold01,Eta17
CV2/KW/rep01/fold01/CV2_KW_Eta18_rep01_fold01.csv,CV2_KW_Eta18_rep01_fold01.csv,CV2,KW,rep01,fold01,Eta18
CV2/KW/rep01/fold01/CV2_KW_Eta2_rep01_fold01.csv,CV2_KW_Eta2_rep01_fold01.csv,CV2,KW,rep01,fold01,Eta2
CV2/KW/rep01/fold01/CV2_KW_Eta3_rep01_fold01.csv,CV2_KW_Eta3_rep01_fold01.csv,CV2,KW,rep01,fold01,Eta3
CV2/KW/rep01/fold01/CV2_KW_Eta4_rep01_fold01.csv,CV2_KW_Eta4_rep01_fold01.csv,CV2,KW,rep01,fold01,Eta4
CV2/KW/rep01/fold01/CV2_KW_Eta5_rep01_fold01.csv,CV2_KW_Eta5_rep01_fold01.csv,CV2,KW,rep01,fold01,Eta5
CV2/KW/rep01/fold01/CV2_KW_Eta6_rep01_fold01.csv,CV2_KW_Eta6_rep01_fold01.csv,CV2,KW,rep01,fold01,Eta6
CV2/KW/rep01/fold01/CV2_KW_Eta7_rep01_fold01.csv,CV2_KW_Eta7_rep01_fold01.csv,CV2,KW,rep01,fold01,Eta7
CV2/KW/rep01/fold01/CV2_KW_Eta8_rep01_fold01.csv,CV2_KW_Eta8_rep01_fold01.csv,CV2,KW,rep01,fold01,Eta8
CV2/KW/rep01/fold01/CV2_KW_Eta9_rep01_fold01.csv,CV2_KW_Eta9_rep01_fold01.csv,CV2,KW,rep01,fold01,Eta9
CV2/KW/rep01/fold02/CV2_KW_Eta1_rep01_fold02.csv,CV2_KW_Eta1_rep01_fold02.csv,CV2,KW,rep01,fold02,Eta1
CV2/KW/rep01/fold02/CV2_KW_Eta10_rep01_fold02.csv,CV2_KW_Eta10_rep01_fold02.csv,CV2,KW,rep01,fold02,Eta10
CV2/KW/rep01/fold02/CV2_KW_Eta11_rep01_fold02.csv,CV2_KW_Eta11_rep01_fold02.csv,CV2,KW,rep01,fold02,Eta11
CV2/KW/rep01/fold02/CV2_KW_Eta12_rep01_fold02.csv,CV2_KW_Eta12_rep01_fold02.csv,CV2,KW,rep01,fold02,Eta12
CV2/KW/rep01/fold02/CV2_KW_Eta13_rep01_fold02.csv,CV2_KW_Eta13_rep01_fold02.csv,CV2,KW,rep01,fold02,Eta13
CV2/KW/rep01/fold02/CV2_KW_Eta14_rep01_fold02.csv,CV2_KW_Eta14_rep01_fold02.csv,CV2,KW,rep01,fold02,Eta14
CV2/KW/rep01/fold02/CV2_KW_Eta15_rep01_fold02.csv,CV2_KW_Eta15_rep01_fold02.csv,CV2,KW,rep01,fold02,Eta15
CV2/KW/rep01/fold02/CV2_KW_Eta16_rep01_fold02.csv,CV2_KW_Eta16_rep01_fold02.csv,CV2,KW,rep01,fold02,Eta16
CV2/KW/rep01/fold02/CV2_KW_Eta17_rep01_fold02.csv,CV2_KW_Eta17_rep01_fold02.csv,CV2,KW,rep01,fold02,Eta17
CV2/KW/rep01/fold02/CV2_KW_Eta18_rep01_fold02.csv,CV2_KW_Eta18_rep01_fold02.csv,CV2,KW,rep01,fold02,Eta18
CV2/KW/rep01/fold02/CV2_KW_Eta2_rep01_fold02.csv,CV2_KW_Eta2_rep01_fold02.csv,CV2,KW,rep01,fold02,Eta2
CV2/KW/rep01/fold02/CV2_KW_Eta3_rep01_fold02.csv,CV2_KW_Eta3_rep01_fold02.csv,CV2,KW,rep01,fold02,Eta3
CV2/KW/rep01/fold02/CV2_KW_Eta4_rep01_fold02.csv,CV2_KW_Eta4_rep01_fold02.csv,CV2,KW,rep01,fold02,Eta4
CV2/KW/rep01/fold02/CV2_KW_Eta5_rep01_fold02.csv,CV2_KW_Eta5_rep01_fold02.csv,CV2,KW,rep01,fold02,Eta5
CV2/KW/rep01/fold02/CV2_KW_Eta6_rep01_fold02.csv,CV2_KW_Eta6_rep01_fold02.csv,CV2,KW,rep01,fold02,Eta6
CV2/KW/rep01/fold02/CV2_KW_Eta7_rep01_fold02.csv,CV2_KW_Eta7_rep01_fold02.csv,CV2,KW,rep01,fold02,Eta7
CV2/KW/rep01/fold02/CV2_KW_Eta8_rep01_fold02.csv,CV2_KW_Eta8_rep01_fold02.csv,CV2,KW,rep01,fold02,Eta8
CV2/KW/rep01/fold02/CV2_KW_Eta9_rep01_fold02.csv,CV2_KW_Eta9_rep01_fold02.csv,CV2,KW,rep01,fold02,Eta9
CV2/KW/rep01/fold03/CV2_KW_Eta1_rep01_fold03.csv,CV2_KW_Eta1_rep01_fold03.csv,CV2,KW,rep01,fold03,Eta1
CV2/KW/rep01/fold03/CV2_KW_Eta10_rep01_fold03.csv,CV2_KW_Eta10_rep01_fold03.csv,CV2,KW,rep01,fold03,Eta10
CV2/KW/rep01/fold03/CV2_KW_Eta11_rep01_fold03.csv,CV2_KW_Eta11_rep01_fold03.csv,CV2,KW,rep01,fold03,Eta11
CV2/KW/rep01/fold03/CV2_KW_Eta12_rep01_fold03.csv,CV2_KW_Eta12_rep01_fold03.csv,CV2,KW,rep01,fold03,Eta12
CV2/KW/rep01/fold03/CV2_KW_Eta13_rep01_fold03.csv,CV2_KW_Eta13_rep01_fold03.csv,CV2,KW,rep01,fold03,Eta13
CV2/KW/rep01/fold03/CV2_KW_Eta14_rep01_fold03.csv,CV2_KW_Eta14_rep01_fold03.csv,CV2,KW,rep01,fold03,Eta14
CV2/KW/rep01/fold03/CV2_KW_Eta15_rep01_fold03.csv,CV2_KW_Eta15_rep01_fold03.csv,CV2,KW,rep01,fold03,Eta15
CV2/KW/rep01/fold03/CV2_KW_Eta16_rep01_fold03.csv,CV2_KW_Eta16_rep01_fold03.csv,CV2,KW,rep01,fold03,Eta16
CV2/KW/rep01/fold03/CV2_KW_Eta17_rep01_fold03.csv,CV2_KW_Eta17_rep01_fold03.csv,CV2,KW,rep01,fold03,Eta17
CV2/KW/rep01/fold03/CV2_KW_Eta18_rep01_fold03.csv,CV2_KW_Eta18_rep01_fold03.csv,CV2,KW,rep01,fold03,Eta18
CV2/KW/rep01/fold03/CV2_KW_Eta2_rep01_fold03.csv,CV2_KW_Eta2_rep01_fold03.csv,CV2,KW,rep01,fold03,Eta2
CV2/KW/rep01/fold03/CV2_KW_Eta3_rep01_fold03.csv,CV2_KW_Eta3_rep01_fold03.csv,CV2,KW,rep01,fold03,Eta3
CV2/KW/rep01/fold03/CV2_KW_Eta4_rep01_fold03.csv,CV2_KW_Eta4_rep01_fold03.csv,CV2,KW,rep01,fold03,Eta4
CV2/KW/rep01/fold03/CV2_KW_Eta5_rep01_fold03.csv,CV2_KW_Eta5_rep01_fold03.csv,CV2,KW,rep01,fold03,Eta5
CV2/KW/rep01/fold03/CV2_KW_Eta6_rep01_fold03.csv,CV2_KW_Eta6_rep01_fold03.csv,CV2,KW,rep01,fold03,Eta6
CV2/KW/rep01/fold03/CV2_KW_Eta7_rep01_fold03.csv,CV2_KW_Eta7_rep01_fold03.csv,CV2,KW,rep01,fold03,Eta7
CV2/KW/rep01/fold03/CV2_KW_Eta8_rep01_fold03.csv,CV2_KW_Eta8_rep01_fold03.csv,CV2,KW,rep01,fold03,Eta8
CV2/KW/rep01/fold03/CV2_KW_Eta9_rep01_fold03.csv,CV2_KW_Eta9_rep01_fold03.csv,CV2,KW,rep01,fold03,Eta9
CV2/KW/rep01/fold04/CV2_KW_Eta1_rep01_fold04.csv,CV2_KW_Eta1_rep01_fold04.csv,CV2,KW,rep01,fold04,Eta1
CV2/KW/rep01/fold04/CV2_KW_Eta10_rep01_fold04.csv,CV2_KW_Eta10_rep01_fold04.csv,CV2,KW,rep01,fold04,Eta10
CV2/KW/rep01/fold04/CV2_KW_Eta11_rep01_fold04.csv,CV2_KW_Eta11_rep01_fold04.csv,CV2,KW,rep01,fold04,Eta11
CV2/KW/rep01/fold04/CV2_KW_Eta12_rep01_fold04.csv,CV2_KW_Eta12_rep01_fold04.csv,CV2,KW,rep01,fold04,Eta12
CV2/KW/rep01/fold04/CV2_KW_Eta13_rep01_fold04.csv,CV2_KW_Eta13_rep01_fold04.csv,CV2,KW,rep01,fold04,Eta13
CV2/KW/rep01/fold04/CV2_KW_Eta14_rep01_fold04.csv,CV2_KW_Eta14_rep01_fold04.csv,CV2,KW,rep01,fold04,Eta14
CV2/KW/rep01/fold04/CV2_KW_Eta15_rep01_fold04.csv,CV2_KW_Eta15_rep01_fold04.csv,CV2,KW,rep01,fold04,Eta15
CV2/KW/rep01/fold04/CV2_KW_Eta16_rep01_fold04.csv,CV2_KW_Eta16_rep01_fold04.csv,CV2,KW,rep01,fold04,Eta16
CV2/KW/rep01/fold04/CV2_KW_Eta17_rep01_fold04.csv,CV2_KW_Eta17_rep01_fold04.csv,CV2,KW,rep01,fold04,Eta17
CV2/KW/rep01/fold04/CV2_KW_Eta18_rep01_fold04.csv,CV2_KW_Eta18_rep01_fold04.csv,CV2,KW,rep01,fold04,Eta18
CV2/KW/rep01/fold04/CV2_KW_Eta2_rep01_fold04.csv,CV2_KW_Eta2_rep01_fold04.csv,CV2,KW,rep01,fold04,Eta2
CV2/KW/rep01/fold04/CV2_KW_Eta3_rep01_fold04.csv,CV2_KW_Eta3_rep01_fold04.csv,CV2,KW,rep01,fold04,Eta3
CV2/KW/rep01/fold04/CV2_KW_Eta4_rep01_fold04.csv,CV2_KW_Eta4_rep01_fold04.csv,CV2,KW,rep01,fold04,Eta4
CV2/KW/rep01/fold04/CV2_KW_Eta5_rep01_fold04.csv,CV2_KW_Eta5_rep01_fold04.csv,CV2,KW,rep01,fold04,Eta5
CV2/KW/rep01/fold04/CV2_KW_Eta6_rep01_fold04.csv,CV2_KW_Eta6_rep01_fold04.csv,CV2,KW,rep01,fold04,Eta6
CV2/KW/rep01/fold04/CV2_KW_Eta7_rep01_fold04.csv,CV2_KW_Eta7_rep01_fold04.csv,CV2,KW,rep01,fold04,Eta7
CV2/KW/rep01/fold04/CV2_KW_Eta8_rep01_fold04.csv,CV2_KW_Eta8_rep01_fold04.csv,CV2,KW,rep01,fold04,Eta8
CV2/KW/rep01/fold04/CV2_KW_Eta9_rep01_fold04.csv,CV2_KW_Eta9_rep01_fold04.csv,CV2,KW,rep01,fold04,Eta9
CV2/KW/rep01/fold05/CV2_KW_Eta1_rep01_fold05.csv,CV2_KW_Eta1_rep01_fold05.csv,CV2,KW,rep01,fold05,Eta1
CV2/KW/rep01/fold05/CV2_KW_Eta10_rep01_fold05.csv,CV2_KW_Eta10_rep01_fold05.csv,CV2,KW,rep01,fold05,Eta10
CV2/KW/rep01/fold05/CV2_KW_Eta11_rep01_fold05.csv,CV2_KW_Eta11_rep01_fold05.csv,CV2,KW,rep01,fold05,Eta11
CV2/KW/rep01/fold05/CV2_KW_Eta12_rep01_fold05.csv,CV2_KW_Eta12_rep01_fold05.csv,CV2,KW,rep01,fold05,Eta12
CV2/KW/rep01/fold05/CV2_KW_Eta13_rep01_fold05.csv,CV2_KW_Eta13_rep01_fold05.csv,CV2,KW,rep01,fold05,Eta13
CV2/KW/rep01/fold05/CV2_KW_Eta14_rep01_fold05.csv,CV2_KW_Eta14_rep01_fold05.csv,CV2,KW,rep01,fold05,Eta14
CV2/KW/rep01/fold05/CV2_KW_Eta15_rep01_fold05.csv,CV2_KW_Eta15_rep01_fold05.csv,CV2,KW,rep01,fold05,Eta15
CV2/KW/rep01/fold05/CV2_KW_Eta16_rep01_fold05.csv,CV2_KW_Eta16_rep01_fold05.csv,CV2,KW,rep01,fold05,Eta16
CV2/KW/rep01/fold05/CV2_KW_Eta17_rep01_fold05.csv,CV2_KW_Eta17_rep01_fold05.csv,CV2,KW,rep01,fold05,Eta17
CV2/KW/rep01/fold05/CV2_KW_Eta18_rep01_fold05.csv,CV2_KW_Eta18_rep01_fold05.csv,CV2,KW,rep01,fold05,Eta18
CV2/KW/rep01/fold05/CV2_KW_Eta2_rep01_fold05.csv,CV2_KW_Eta2_rep01_fold05.csv,CV2,KW,rep01,fold05,Eta2
CV2/KW/rep01/fold05/CV2_KW_Eta3_rep01_fold05.csv,CV2_KW_Eta3_rep01_fold05.csv,CV2,KW,rep01,fold05,Eta3
CV2/KW/rep01/fold05/CV2_KW_Eta4_rep01_fold05.csv,CV2_KW_Eta4_rep01_fold05.csv,CV2,KW,rep01,fold05,Eta4
CV2/KW/rep01/fold05/CV2_KW_Eta5_rep01_fold05.csv,CV2_KW_Eta5_rep01_fold05.csv,CV2,KW,rep01,fold05,Eta5
CV2/KW/rep01/fold05/CV2_KW_Eta6_rep01_fold05.csv,CV2_KW_Eta6_rep01_fold05.csv,CV2,KW,rep01,fold05,Eta6
CV2/KW/rep01/fold05/CV2_KW_Eta7_rep01_fold05.csv,CV2_KW_Eta7_rep01_fold05.csv,CV2,KW,rep01,fold05,Eta7
CV2/KW/rep01/fold05/CV2_KW_Eta8_rep01_fold05.csv,CV2_KW_Eta8_rep01_fold05.csv,CV2,KW,rep01,fold05,Eta8
CV2/KW/rep01/fold05/CV2_KW_Eta9_rep01_fold05.csv,CV2_KW_Eta9_rep01_fold05.csv,CV2,KW,rep01,fold05,Eta9
CV2/KW/rep02/fold01/CV2_KW_Eta1_rep02_fold01.csv,CV2_KW_Eta1_rep02_fold01.csv,CV2,KW,rep02,fold01,Eta1
CV2/KW/rep02/fold01/CV2_KW_Eta10_rep02_fold01.csv,CV2_KW_Eta10_rep02_fold01.csv,CV2,KW,rep02,fold01,Eta10
CV2/KW/rep02/fold01/CV2_KW_Eta11_rep02_fold01.csv,CV2_KW_Eta11_rep02_fold01.csv,CV2,KW,rep02,fold01,Eta11
CV2/KW/rep02/fold01/CV2_KW_Eta12_rep02_fold01.csv,CV2_KW_Eta12_rep02_fold01.csv,CV2,KW,rep02,fold01,Eta12
CV2/KW/rep02/fold01/CV2_KW_Eta13_rep02_fold01.csv,CV2_KW_Eta13_rep02_fold01.csv,CV2,KW,rep02,fold01,Eta13
CV2/KW/rep02/fold01/CV2_KW_Eta14_rep02_fold01.csv,CV2_KW_Eta14_rep02_fold01.csv,CV2,KW,rep02,fold01,Eta14
CV2/KW/rep02/fold01/CV2_KW_Eta15_rep02_fold01.csv,CV2_KW_Eta15_rep02_fold01.csv,CV2,KW,rep02,fold01,Eta15
CV2/KW/rep02/fold01/CV2_KW_Eta16_rep02_fold01.csv,CV2_KW_Eta16_rep02_fold01.csv,CV2,KW,rep02,fold01,Eta16
CV2/KW/rep02/fold01/CV2_KW_Eta17_rep02_fold01.csv,CV2_KW_Eta17_rep02_fold01.csv,CV2,KW,rep02,fold01,Eta17
CV2/KW/rep02/fold01/CV2_KW_Eta18_rep02_fold01.csv,CV2_KW_Eta18_rep02_fold01.csv,CV2,KW,rep02,fold01,Eta18
CV2/KW/rep02/fold01/CV2_KW_Eta2_rep02_fold01.csv,CV2_KW_Eta2_rep02_fold01.csv,CV2,KW,rep02,fold01,Eta2
CV2/KW/rep02/fold01/CV2_KW_Eta3_rep02_fold01.csv,CV2_KW_Eta3_rep02_fold01.csv,CV2,KW,rep02,fold01,Eta3
CV2/KW/rep02/fold01/CV2_KW_Eta4_rep02_fold01.csv,CV2_KW_Eta4_rep02_fold01.csv,CV2,KW,rep02,fold01,Eta4
CV2/KW/rep02/fold01/CV2_KW_Eta5_rep02_fold01.csv,CV2_KW_Eta5_rep02_fold01.csv,CV2,KW,rep02,fold01,Eta5
CV2/KW/rep02/fold01/CV2_KW_Eta6_rep02_fold01.csv,CV2_KW_Eta6_rep02_fold01.csv,CV2,KW,rep02,fold01,Eta6
CV2/KW/rep02/fold01/CV2_KW_Eta7_rep02_fold01.csv,CV2_KW_Eta7_rep02_fold01.csv,CV2,KW,rep02,fold01,Eta7
CV2/KW/rep02/fold01/CV2_KW_Eta8_rep02_fold01.csv,CV2_KW_Eta8_rep02_fold01.csv,CV2,KW,rep02,fold01,Eta8
CV2/KW/rep02/fold01/CV2_KW_Eta9_rep02_fold01.csv,CV2_KW_Eta9_rep02_fold01.csv,CV2,KW,rep02,fold01,Eta9
CV2/KW/rep02/fold02/CV2_KW_Eta1_rep02_fold02.csv,CV2_KW_Eta1_rep02_fold02.csv,CV2,KW,rep02,fold02,Eta1
CV2/KW/rep02/fold02/CV2_KW_Eta10_rep02_fold02.csv,CV2_KW_Eta10_rep02_fold02.csv,CV2,KW,rep02,fold02,Eta10
CV2/KW/rep02/fold02/CV2_KW_Eta11_rep02_fold02.csv,CV2_KW_Eta11_rep02_fold02.csv,CV2,KW,rep02,fold02,Eta11
CV2/KW/rep02/fold02/CV2_KW_Eta12_rep02_fold02.csv,CV2_KW_Eta12_rep02_fold02.csv,CV2,KW,rep02,fold02,Eta12
CV2/KW/rep02/fold02/CV2_KW_Eta13_rep02_fold02.csv,CV2_KW_Eta13_rep02_fold02.csv,CV2,KW,rep02,fold02,Eta13
CV2/KW/rep02/fold02/CV2_KW_Eta14_rep02_fold02.csv,CV2_KW_Eta14_rep02_fold02.csv,CV2,KW,rep02,fold02,Eta14
CV2/KW/rep02/fold02/CV2_KW_Eta15_rep02_fold02.csv,CV2_KW_Eta15_rep02_fold02.csv,CV2,KW,rep02,fold02,Eta15
CV2/KW/rep02/fold02/CV2_KW_Eta16_rep02_fold02.csv,CV2_KW_Eta16_rep02_fold02.csv,CV2,KW,rep02,fold02,Eta16
CV2/KW/rep02/fold02/CV2_KW_Eta17_rep02_fold02.csv,CV2_KW_Eta17_rep02_fold02.csv,CV2,KW,rep02,fold02,Eta17
CV2/KW/rep02/fold02/CV2_KW_Eta18_rep02_fold02.csv,CV2_KW_Eta18_rep02_fold02.csv,CV2,KW,rep02,fold02,Eta18
CV2/KW/rep02/fold02/CV2_KW_Eta2_rep02_fold02.csv,CV2_KW_Eta2_rep02_fold02.csv,CV2,KW,rep02,fold02,Eta2
CV2/KW/rep02/fold02/CV2_KW_Eta3_rep02_fold02.csv,CV2_KW_Eta3_rep02_fold02.csv,CV2,KW,rep02,fold02,Eta3
CV2/KW/rep02/fold02/CV2_KW_Eta4_rep02_fold02.csv,CV2_KW_Eta4_rep02_fold02.csv,CV2,KW,rep02,fold02,Eta4
CV2/KW/rep02/fold02/CV2_KW_Eta5_rep02_fold02.csv,CV2_KW_Eta5_rep02_fold02.csv,CV2,KW,rep02,fold02,Eta5
CV2/KW/rep02/fold02/CV2_KW_Eta6_rep02_fold02.csv,CV2_KW_Eta6_rep02_fold02.csv,CV2,KW,rep02,fold02,Eta6
CV2/KW/rep02/fold02/CV2_KW_Eta7_rep02_fold02.csv,CV2_KW_Eta7_rep02_fold02.csv,CV2,KW,rep02,fold02,Eta7
CV2/KW/rep02/fold02/CV2_KW_Eta8_rep02_fold02.csv,CV2_KW_Eta8_rep02_fold02.csv,CV2,KW,rep02,fold02,Eta8
CV2/KW/rep02/fold02/CV2_KW_Eta9_rep02_fold02.csv,CV2_KW_Eta9_rep02_fold02.csv,CV2,KW,rep02,fold02,Eta9
CV2/KW/rep02/fold03/CV2_KW_Eta1_rep02_fold03.csv,CV2_KW_Eta1_rep02_fold03.csv,CV2,KW,rep02,fold03,Eta1
CV2/KW/rep02/fold03/CV2_KW_Eta10_rep02_fold03.csv,CV2_KW_Eta10_rep02_fold03.csv,CV2,KW,rep02,fold03,Eta10
CV2/KW/rep02/fold03/CV2_KW_Eta11_rep02_fold03.csv,CV2_KW_Eta11_rep02_fold03.csv,CV2,KW,rep02,fold03,Eta11
CV2/KW/rep02/fold03/CV2_KW_Eta12_rep02_fold03.csv,CV2_KW_Eta12_rep02_fold03.csv,CV2,KW,rep02,fold03,Eta12
CV2/KW/rep02/fold03/CV2_KW_Eta13_rep02_fold03.csv,CV2_KW_Eta13_rep02_fold03.csv,CV2,KW,rep02,fold03,Eta13
CV2/KW/rep02/fold03/CV2_KW_Eta14_rep02_fold03.csv,CV2_KW_Eta14_rep02_fold03.csv,CV2,KW,rep02,fold03,Eta14
CV2/KW/rep02/fold03/CV2_KW_Eta15_rep02_fold03.csv,CV2_KW_Eta15_rep02_fold03.csv,CV2,KW,rep02,fold03,Eta15
CV2/KW/rep02/fold03/CV2_KW_Eta16_rep02_fold03.csv,CV2_KW_Eta16_rep02_fold03.csv,CV2,KW,rep02,fold03,Eta16
CV2/KW/rep02/fold03/CV2_KW_Eta17_rep02_fold03.csv,CV2_KW_Eta17_rep02_fold03.csv,CV2,KW,rep02,fold03,Eta17
CV2/KW/rep02/fold03/CV2_KW_Eta18_rep02_fold03.csv,CV2_KW_Eta18_rep02_fold03.csv,CV2,KW,rep02,fold03,Eta18
CV2/KW/rep02/fold03/CV2_KW_Eta2_rep02_fold03.csv,CV2_KW_Eta2_rep02_fold03.csv,CV2,KW,rep02,fold03,Eta2
CV2/KW/rep02/fold03/CV2_KW_Eta3_rep02_fold03.csv,CV2_KW_Eta3_rep02_fold03.csv,CV2,KW,rep02,fold03,Eta3
CV2/KW/rep02/fold03/CV2_KW_Eta4_rep02_fold03.csv,CV2_KW_Eta4_rep02_fold03.csv,CV2,KW,rep02,fold03,Eta4
CV2/KW/rep02/fold03/CV2_KW_Eta5_rep02_fold03.csv,CV2_KW_Eta5_rep02_fold03.csv,CV2,KW,rep02,fold03,Eta5
CV2/KW/rep02/fold03/CV2_KW_Eta6_rep02_fold03.csv,CV2_KW_Eta6_rep02_fold03.csv,CV2,KW,rep02,fold03,Eta6
CV2/KW/rep02/fold03/CV2_KW_Eta7_rep02_fold03.csv,CV2_KW_Eta7_rep02_fold03.csv,CV2,KW,rep02,fold03,Eta7
CV2/KW/rep02/fold03/CV2_KW_Eta8_rep02_fold03.csv,CV2_KW_Eta8_rep02_fold03.csv,CV2,KW,rep02,fold03,Eta8
CV2/KW/rep02/fold03/CV2_KW_Eta9_rep02_fold03.csv,CV2_KW_Eta9_rep02_fold03.csv,CV2,KW,rep02,fold03,Eta9
CV2/KW/rep02/fold04/CV2_KW_Eta1_rep02_fold04.csv,CV2_KW_Eta1_rep02_fold04.csv,CV2,KW,rep02,fold04,Eta1
CV2/KW/rep02/fold04/CV2_KW_Eta10_rep02_fold04.csv,CV2_KW_Eta10_rep02_fold04.csv,CV2,KW,rep02,fold04,Eta10
CV2/KW/rep02/fold04/CV2_KW_Eta11_rep02_fold04.csv,CV2_KW_Eta11_rep02_fold04.csv,CV2,KW,rep02,fold04,Eta11
CV2/KW/rep02/fold04/CV2_KW_Eta12_rep02_fold04.csv,CV2_KW_Eta12_rep02_fold04.csv,CV2,KW,rep02,fold04,Eta12
CV2/KW/rep02/fold04/CV2_KW_Eta13_rep02_fold04.csv,CV2_KW_Eta13_rep02_fold04.csv,CV2,KW,rep02,fold04,Eta13
CV2/KW/rep02/fold04/CV2_KW_Eta14_rep02_fold04.csv,CV2_KW_Eta14_rep02_fold04.csv,CV2,KW,rep02,fold04,Eta14
CV2/KW/rep02/fold04/CV2_KW_Eta15_rep02_fold04.csv,CV2_KW_Eta15_rep02_fold04.csv,CV2,KW,rep02,fold04,Eta15
CV2/KW/rep02/fold04/CV2_KW_Eta16_rep02_fold04.csv,CV2_KW_Eta16_rep02_fold04.csv,CV2,KW,rep02,fold04,Eta16
CV2/KW/rep02/fold04/CV2_KW_Eta17_rep02_fold04.csv,CV2_KW_Eta17_rep02_fold04.csv,CV2,KW,rep02,fold04,Eta17
CV2/KW/rep02/fold04/CV2_KW_Eta18_rep02_fold04.csv,CV2_KW_Eta18_rep02_fold04.csv,CV2,KW,rep02,fold04,Eta18
CV2/KW/rep02/fold04/CV2_KW_Eta2_rep02_fold04.csv,CV2_KW_Eta2_rep02_fold04.csv,CV2,KW,rep02,fold04,Eta2
CV2/KW/rep02/fold04/CV2_KW_Eta3_rep02_fold04.csv,CV2_KW_Eta3_rep02_fold04.csv,CV2,KW,rep02,fold04,Eta3
CV2/KW/rep02/fold04/CV2_KW_Eta4_rep02_fold04.csv,CV2_KW_Eta4_rep02_fold04.csv,CV2,KW,rep02,fold04,Eta4
CV2/KW/rep02/fold04/CV2_KW_Eta5_rep02_fold04.csv,CV2_KW_Eta5_rep02_fold04.csv,CV2,KW,rep02,fold04,Eta5
CV2/KW/rep02/fold04/CV2_KW_Eta6_rep02_fold04.csv,CV2_KW_Eta6_rep02_fold04.csv,CV2,KW,rep02,fold04,Eta6
CV2/KW/rep02/fold04/CV2_KW_Eta7_rep02_fold04.csv,CV2_KW_Eta7_rep02_fold04.csv,CV2,KW,rep02,fold04,Eta7
CV2/KW/rep02/fold04/CV2_KW_Eta8_rep02_fold04.csv,CV2_KW_Eta8_rep02_fold04.csv,CV2,KW,rep02,fold04,Eta8
CV2/KW/rep02/fold04/CV2_KW_Eta9_rep02_fold04.csv,CV2_KW_Eta9_rep02_fold04.csv,CV2,KW,rep02,fold04,Eta9
CV2/KW/rep02/fold05/CV2_KW_Eta1_rep02_fold05.csv,CV2_KW_Eta1_rep02_fold05.csv,CV2,KW,rep02,fold05,Eta1
CV2/KW/rep02/fold05/CV2_KW_Eta10_rep02_fold05.csv,CV2_KW_Eta10_rep02_fold05.csv,CV2,KW,rep02,fold05,Eta10
CV2/KW/rep02/fold05/CV2_KW_Eta11_rep02_fold05.csv,CV2_KW_Eta11_rep02_fold05.csv,CV2,KW,rep02,fold05,Eta11
CV2/KW/rep02/fold05/CV2_KW_Eta12_rep02_fold05.csv,CV2_KW_Eta12_rep02_fold05.csv,CV2,KW,rep02,fold05,Eta12
CV2/KW/rep02/fold05/CV2_KW_Eta13_rep02_fold05.csv,CV2_KW_Eta13_rep02_fold05.csv,CV2,KW,rep02,fold05,Eta13
CV2/KW/rep02/fold05/CV2_KW_Eta14_rep02_fold05.csv,CV2_KW_Eta14_rep02_fold05.csv,CV2,KW,rep02,fold05,Eta14
CV2/KW/rep02/fold05/CV2_KW_Eta15_rep02_fold05.csv,CV2_KW_Eta15_rep02_fold05.csv,CV2,KW,rep02,fold05,Eta15
CV2/KW/rep02/fold05/CV2_KW_Eta16_rep02_fold05.csv,CV2_KW_Eta16_rep02_fold05.csv,CV2,KW,rep02,fold05,Eta16
CV2/KW/rep02/fold05/CV2_KW_Eta17_rep02_fold05.csv,CV2_KW_Eta17_rep02_fold05.csv,CV2,KW,rep02,fold05,Eta17
CV2/KW/rep02/fold05/CV2_KW_Eta18_rep02_fold05.csv,CV2_KW_Eta18_rep02_fold05.csv,CV2,KW,rep02,fold05,Eta18
CV2/KW/rep02/fold05/CV2_KW_Eta2_rep02_fold05.csv,CV2_KW_Eta2_rep02_fold05.csv,CV2,KW,rep02,fold05,Eta2
CV2/KW/rep02/fold05/CV2_KW_Eta3_rep02_fold05.csv,CV2_KW_Eta3_rep02_fold05.csv,CV2,KW,rep02,fold05,Eta3
CV2/KW/rep02/fold05/CV2_KW_Eta4_rep02_fold05.csv,CV2_KW_Eta4_rep02_fold05.csv,CV2,KW,rep02,fold05,Eta4
CV2/KW/rep02/fold05/CV2_KW_Eta5_rep02_fold05.csv,CV2_KW_Eta5_rep02_fold05.csv,CV2,KW,rep02,fold05,Eta5
CV2/KW/rep02/fold05/CV2_KW_Eta6_rep02_fold05.csv,CV2_KW_Eta6_rep02_fold05.csv,CV2,KW,rep02,fold05,Eta6
CV2/KW/rep02/fold05/CV2_KW_Eta7_rep02_fold05.csv,CV2_KW_Eta7_rep02_fold05.csv,CV2,KW,rep02,fold05,Eta7
CV2/KW/rep02/fold05/CV2_KW_Eta8_rep02_fold05.csv,CV2_KW_Eta8_rep02_fold05.csv,CV2,KW,rep02,fold05,Eta8
CV2/KW/rep02/fold05/CV2_KW_Eta9_rep02_fold05.csv,CV2_KW_Eta9_rep02_fold05.csv,CV2,KW,rep02,fold05,Eta9
CV2/KW/rep03/fold01/CV2_KW_Eta1_rep03_fold01.csv,CV2_KW_Eta1_rep03_fold01.csv,CV2,KW,rep03,fold01,Eta1
CV2/KW/rep03/fold01/CV2_KW_Eta10_rep03_fold01.csv,CV2_KW_Eta10_rep03_fold01.csv,CV2,KW,rep03,fold01,Eta10
CV2/KW/rep03/fold01/CV2_KW_Eta11_rep03_fold01.csv,CV2_KW_Eta11_rep03_fold01.csv,CV2,KW,rep03,fold01,Eta11
CV2/KW/rep03/fold01/CV2_KW_Eta12_rep03_fold01.csv,CV2_KW_Eta12_rep03_fold01.csv,CV2,KW,rep03,fold01,Eta12
CV2/KW/rep03/fold01/CV2_KW_Eta13_rep03_fold01.csv,CV2_KW_Eta13_rep03_fold01.csv,CV2,KW,rep03,fold01,Eta13
CV2/KW/rep03/fold01/CV2_KW_Eta14_rep03_fold01.csv,CV2_KW_Eta14_rep03_fold01.csv,CV2,KW,rep03,fold01,Eta14
CV2/KW/rep03/fold01/CV2_KW_Eta15_rep03_fold01.csv,CV2_KW_Eta15_rep03_fold01.csv,CV2,KW,rep03,fold01,Eta15
CV2/KW/rep03/fold01/CV2_KW_Eta16_rep03_fold01.csv,CV2_KW_Eta16_rep03_fold01.csv,CV2,KW,rep03,fold01,Eta16
CV2/KW/rep03/fold01/CV2_KW_Eta17_rep03_fold01.csv,CV2_KW_Eta17_rep03_fold01.csv,CV2,KW,rep03,fold01,Eta17
CV2/KW/rep03/fold01/CV2_KW_Eta18_rep03_fold01.csv,CV2_KW_Eta18_rep03_fold01.csv,CV2,KW,rep03,fold01,Eta18
CV2/KW/rep03/fold01/CV2_KW_Eta2_rep03_fold01.csv,CV2_KW_Eta2_rep03_fold01.csv,CV2,KW,rep03,fold01,Eta2
CV2/KW/rep03/fold01/CV2_KW_Eta3_rep03_fold01.csv,CV2_KW_Eta3_rep03_fold01.csv,CV2,KW,rep03,fold01,Eta3
CV2/KW/rep03/fold01/CV2_KW_Eta4_rep03_fold01.csv,CV2_KW_Eta4_rep03_fold01.csv,CV2,KW,rep03,fold01,Eta4
CV2/KW/rep03/fold01/CV2_KW_Eta5_rep03_fold01.csv,CV2_KW_Eta5_rep03_fold01.csv,CV2,KW,rep03,fold01,Eta5
CV2/KW/rep03/fold01/CV2_KW_Eta6_rep03_fold01.csv,CV2_KW_Eta6_rep03_fold01.csv,CV2,KW,rep03,fold01,Eta6
CV2/KW/rep03/fold01/CV2_KW_Eta7_rep03_fold01.csv,CV2_KW_Eta7_rep03_fold01.csv,CV2,KW,rep03,fold01,Eta7
CV2/KW/rep03/fold01/CV2_KW_Eta8_rep03_fold01.csv,CV2_KW_Eta8_rep03_fold01.csv,CV2,KW,rep03,fold01,Eta8
CV2/KW/rep03/fold01/CV2_KW_Eta9_rep03_fold01.csv,CV2_KW_Eta9_rep03_fold01.csv,CV2,KW,rep03,fold01,Eta9
CV2/KW/rep03/fold02/CV2_KW_Eta1_rep03_fold02.csv,CV2_KW_Eta1_rep03_fold02.csv,CV2,KW,rep03,fold02,Eta1
CV2/KW/rep03/fold02/CV2_KW_Eta10_rep03_fold02.csv,CV2_KW_Eta10_rep03_fold02.csv,CV2,KW,rep03,fold02,Eta10
CV2/KW/rep03/fold02/CV2_KW_Eta11_rep03_fold02.csv,CV2_KW_Eta11_rep03_fold02.csv,CV2,KW,rep03,fold02,Eta11
CV2/KW/rep03/fold02/CV2_KW_Eta12_rep03_fold02.csv,CV2_KW_Eta12_rep03_fold02.csv,CV2,KW,rep03,fold02,Eta12
CV2/KW/rep03/fold02/CV2_KW_Eta13_rep03_fold02.csv,CV2_KW_Eta13_rep03_fold02.csv,CV2,KW,rep03,fold02,Eta13
CV2/KW/rep03/fold02/CV2_KW_Eta14_rep03_fold02.csv,CV2_KW_Eta14_rep03_fold02.csv,CV2,KW,rep03,fold02,Eta14
CV2/KW/rep03/fold02/CV2_KW_Eta15_rep03_fold02.csv,CV2_KW_Eta15_rep03_fold02.csv,CV2,KW,rep03,fold02,Eta15
CV2/KW/rep03/fold02/CV2_KW_Eta16_rep03_fold02.csv,CV2_KW_Eta16_rep03_fold02.csv,CV2,KW,rep03,fold02,Eta16
CV2/KW/rep03/fold02/CV2_KW_Eta17_rep03_fold02.csv,CV2_KW_Eta17_rep03_fold02.csv,CV2,KW,rep03,fold02,Eta17
CV2/KW/rep03/fold02/CV2_KW_Eta18_rep03_fold02.csv,CV2_KW_Eta18_rep03_fold02.csv,CV2,KW,rep03,fold02,Eta18
CV2/KW/rep03/fold02/CV2_KW_Eta2_rep03_fold02.csv,CV2_KW_Eta2_rep03_fold02.csv,CV2,KW,rep03,fold02,Eta2
CV2/KW/rep03/fold02/CV2_KW_Eta3_rep03_fold02.csv,CV2_KW_Eta3_rep03_fold02.csv,CV2,KW,rep03,fold02,Eta3
CV2/KW/rep03/fold02/CV2_KW_Eta4_rep03_fold02.csv,CV2_KW_Eta4_rep03_fold02.csv,CV2,KW,rep03,fold02,Eta4
CV2/KW/rep03/fold02/CV2_KW_Eta5_rep03_fold02.csv,CV2_KW_Eta5_rep03_fold02.csv,CV2,KW,rep03,fold02,Eta5
CV2/KW/rep03/fold02/CV2_KW_Eta6_rep03_fold02.csv,CV2_KW_Eta6_rep03_fold02.csv,CV2,KW,rep03,fold02,Eta6
CV2/KW/rep03/fold02/CV2_KW_Eta7_rep03_fold02.csv,CV2_KW_Eta7_rep03_fold02.csv,CV2,KW,rep03,fold02,Eta7
CV2/KW/rep03/fold02/CV2_KW_Eta8_rep03_fold02.csv,CV2_KW_Eta8_rep03_fold02.csv,CV2,KW,rep03,fold02,Eta8
CV2/KW/rep03/fold02/CV2_KW_Eta9_rep03_fold02.csv,CV2_KW_Eta9_rep03_fold02.csv,CV2,KW,rep03,fold02,Eta9
CV2/KW/rep03/fold03/CV2_KW_Eta1_rep03_fold03.csv,CV2_KW_Eta1_rep03_fold03.csv,CV2,KW,rep03,fold03,Eta1
CV2/KW/rep03/fold03/CV2_KW_Eta10_rep03_fold03.csv,CV2_KW_Eta10_rep03_fold03.csv,CV2,KW,rep03,fold03,Eta10
CV2/KW/rep03/fold03/CV2_KW_Eta11_rep03_fold03.csv,CV2_KW_Eta11_rep03_fold03.csv,CV2,KW,rep03,fold03,Eta11
CV2/KW/rep03/fold03/CV2_KW_Eta12_rep03_fold03.csv,CV2_KW_Eta12_rep03_fold03.csv,CV2,KW,rep03,fold03,Eta12
CV2/KW/rep03/fold03/CV2_KW_Eta13_rep03_fold03.csv,CV2_KW_Eta13_rep03_fold03.csv,CV2,KW,rep03,fold03,Eta13
CV2/KW/rep03/fold03/CV2_KW_Eta14_rep03_fold03.csv,CV2_KW_Eta14_rep03_fold03.csv,CV2,KW,rep03,fold03,Eta14
CV2/KW/rep03/fold03/CV2_KW_Eta15_rep03_fold03.csv,CV2_KW_Eta15_rep03_fold03.csv,CV2,KW,rep03,fold03,Eta15
CV2/KW/rep03/fold03/CV2_KW_Eta16_rep03_fold03.csv,CV2_KW_Eta16_rep03_fold03.csv,CV2,KW,rep03,fold03,Eta16
CV2/KW/rep03/fold03/CV2_KW_Eta17_rep03_fold03.csv,CV2_KW_Eta17_rep03_fold03.csv,CV2,KW,rep03,fold03,Eta17
CV2/KW/rep03/fold03/CV2_KW_Eta18_rep03_fold03.csv,CV2_KW_Eta18_rep03_fold03.csv,CV2,KW,rep03,fold03,Eta18
CV2/KW/rep03/fold03/CV2_KW_Eta2_rep03_fold03.csv,CV2_KW_Eta2_rep03_fold03.csv,CV2,KW,rep03,fold03,Eta2
CV2/KW/rep03/fold03/CV2_KW_Eta3_rep03_fold03.csv,CV2_KW_Eta3_rep03_fold03.csv,CV2,KW,rep03,fold03,Eta3
CV2/KW/rep03/fold03/CV2_KW_Eta4_rep03_fold03.csv,CV2_KW_Eta4_rep03_fold03.csv,CV2,KW,rep03,fold03,Eta4
CV2/KW/rep03/fold03/CV2_KW_Eta5_rep03_fold03.csv,CV2_KW_Eta5_rep03_fold03.csv,CV2,KW,rep03,fold03,Eta5
CV2/KW/rep03/fold03/CV2_KW_Eta6_rep03_fold03.csv,CV2_KW_Eta6_rep03_fold03.csv,CV2,KW,rep03,fold03,Eta6
CV2/KW/rep03/fold03/CV2_KW_Eta7_rep03_fold03.csv,CV2_KW_Eta7_rep03_fold03.csv,CV2,KW,rep03,fold03,Eta7
CV2/KW/rep03/fold03/CV2_KW_Eta8_rep03_fold03.csv,CV2_KW_Eta8_rep03_fold03.csv,CV2,KW,rep03,fold03,Eta8
CV2/KW/rep03/fold03/CV2_KW_Eta9_rep03_fold03.csv,CV2_KW_Eta9_rep03_fold03.csv,CV2,KW,rep03,fold03,Eta9
CV2/KW/rep03/fold04/CV2_KW_Eta1_rep03_fold04.csv,CV2_KW_Eta1_rep03_fold04.csv,CV2,KW,rep03,fold04,Eta1
CV2/KW/rep03/fold04/CV2_KW_Eta10_rep03_fold04.csv,CV2_KW_Eta10_rep03_fold04.csv,CV2,KW,rep03,fold04,Eta10
CV2/KW/rep03/fold04/CV2_KW_Eta11_rep03_fold04.csv,CV2_KW_Eta11_rep03_fold04.csv,CV2,KW,rep03,fold04,Eta11
CV2/KW/rep03/fold04/CV2_KW_Eta12_rep03_fold04.csv,CV2_KW_Eta12_rep03_fold04.csv,CV2,KW,rep03,fold04,Eta12
CV2/KW/rep03/fold04/CV2_KW_Eta13_rep03_fold04.csv,CV2_KW_Eta13_rep03_fold04.csv,CV2,KW,rep03,fold04,Eta13
CV2/KW/rep03/fold04/CV2_KW_Eta14_rep03_fold04.csv,CV2_KW_Eta14_rep03_fold04.csv,CV2,KW,rep03,fold04,Eta14
CV2/KW/rep03/fold04/CV2_KW_Eta15_rep03_fold04.csv,CV2_KW_Eta15_rep03_fold04.csv,CV2,KW,rep03,fold04,Eta15
CV2/KW/rep03/fold04/CV2_KW_Eta16_rep03_fold04.csv,CV2_KW_Eta16_rep03_fold04.csv,CV2,KW,rep03,fold04,Eta16
CV2/KW/rep03/fold04/CV2_KW_Eta17_rep03_fold04.csv,CV2_KW_Eta17_rep03_fold04.csv,CV2,KW,rep03,fold04,Eta17
CV2/KW/rep03/fold04/CV2_KW_Eta18_rep03_fold04.csv,CV2_KW_Eta18_rep03_fold04.csv,CV2,KW,rep03,fold04,Eta18
CV2/KW/rep03/fold04/CV2_KW_Eta2_rep03_fold04.csv,CV2_KW_Eta2_rep03_fold04.csv,CV2,KW,rep03,fold04,Eta2
CV2/KW/rep03/fold04/CV2_KW_Eta3_rep03_fold04.csv,CV2_KW_Eta3_rep03_fold04.csv,CV2,KW,rep03,fold04,Eta3
CV2/KW/rep03/fold04/CV2_KW_Eta4_rep03_fold04.csv,CV2_KW_Eta4_rep03_fold04.csv,CV2,KW,rep03,fold04,Eta4
CV2/KW/rep03/fold04/CV2_KW_Eta5_rep03_fold04.csv,CV2_KW_Eta5_rep03_fold04.csv,CV2,KW,rep03,fold04,Eta5
CV2/KW/rep03/fold04/CV2_KW_Eta6_rep03_fold04.csv,CV2_KW_Eta6_rep03_fold04.csv,CV2,KW,rep03,fold04,Eta6
CV2/KW/rep03/fold04/CV2_KW_Eta7_rep03_fold04.csv,CV2_KW_Eta7_rep03_fold04.csv,CV2,KW,rep03,fold04,Eta7
CV2/KW/rep03/fold04/CV2_KW_Eta8_rep03_fold04.csv,CV2_KW_Eta8_rep03_fold04.csv,CV2,KW,rep03,fold04,Eta8
CV2/KW/rep03/fold04/CV2_KW_Eta9_rep03_fold04.csv,CV2_KW_Eta9_rep03_fold04.csv,CV2,KW,rep03,fold04,Eta9
CV2/KW/rep03/fold05/CV2_KW_Eta1_rep03_fold05.csv,CV2_KW_Eta1_rep03_fold05.csv,CV2,KW,rep03,fold05,Eta1
CV2/KW/rep03/fold05/CV2_KW_Eta10_rep03_fold05.csv,CV2_KW_Eta10_rep03_fold05.csv,CV2,KW,rep03,fold05,Eta10
CV2/KW/rep03/fold05/CV2_KW_Eta11_rep03_fold05.csv,CV2_KW_Eta11_rep03_fold05.csv,CV2,KW,rep03,fold05,Eta11
CV2/KW/rep03/fold05/CV2_KW_Eta12_rep03_fold05.csv,CV2_KW_Eta12_rep03_fold05.csv,CV2,KW,rep03,fold05,Eta12
CV2/KW/rep03/fold05/CV2_KW_Eta13_rep03_fold05.csv,CV2_KW_Eta13_rep03_fold05.csv,CV2,KW,rep03,fold05,Eta13
CV2/KW/rep03/fold05/CV2_KW_Eta14_rep03_fold05.csv,CV2_KW_Eta14_rep03_fold05.csv,CV2,KW,rep03,fold05,Eta14
CV2/KW/rep03/fold05/CV2_KW_Eta15_rep03_fold05.csv,CV2_KW_Eta15_rep03_fold05.csv,CV2,KW,rep03,fold05,Eta15
CV2/KW/rep03/fold05/CV2_KW_Eta16_rep03_fold05.csv,CV2_KW_Eta16_rep03_fold05.csv,CV2,KW,rep03,fold05,Eta16
CV2/KW/rep03/fold05/CV2_KW_Eta17_rep03_fold05.csv,CV2_KW_Eta17_rep03_fold05.csv,CV2,KW,rep03,fold05,Eta17
CV2/KW/rep03/fold05/CV2_KW_Eta18_rep03_fold05.csv,CV2_KW_Eta18_rep03_fold05.csv,CV2,KW,rep03,fold05,Eta18
CV2/KW/rep03/fold05/CV2_KW_Eta2_rep03_fold05.csv,CV2_KW_Eta2_rep03_fold05.csv,CV2,KW,rep03,fold05,Eta2
CV2/KW/rep03/fold05/CV2_KW_Eta3_rep03_fold05.csv,CV2_KW_Eta3_rep03_fold05.csv,CV2,KW,rep03,fold05,Eta3
CV2/KW/rep03/fold05/CV2_KW_Eta4_rep03_fold05.csv,CV2_KW_Eta4_rep03_fold05.csv,CV2,KW,rep03,fold05,Eta4
CV2/KW/rep03/fold05/CV2_KW_Eta5_rep03_fold05.csv,CV2_KW_Eta5_rep03_fold05.csv,CV2,KW,rep03,fold05,Eta5
CV2/KW/rep03/fold05/CV2_KW_Eta6_rep03_fold05.csv,CV2_KW_Eta6_rep03_fold05.csv,CV2,KW,rep03,fold05,Eta6
CV2/KW/rep03/fold05/CV2_KW_Eta7_rep03_fold05.csv,CV2_KW_Eta7_rep03_fold05.csv,CV2,KW,rep03,fold05,Eta7
CV2/KW/rep03/fold05/CV2_KW_Eta8_rep03_fold05.csv,CV2_KW_Eta8_rep03_fold05.csv,CV2,KW,rep03,fold05,Eta8
CV2/KW/rep03/fold05/CV2_KW_Eta9_rep03_fold05.csv,CV2_KW_Eta9_rep03_fold05.csv,CV2,KW,rep03,fold05,Eta9
CV2/KW/rep04/fold01/CV2_KW_Eta1_rep04_fold01.csv,CV2_KW_Eta1_rep04_fold01.csv,CV2,KW,rep04,fold01,Eta1
CV2/KW/rep04/fold01/CV2_KW_Eta10_rep04_fold01.csv,CV2_KW_Eta10_rep04_fold01.csv,CV2,KW,rep04,fold01,Eta10
CV2/KW/rep04/fold01/CV2_KW_Eta11_rep04_fold01.csv,CV2_KW_Eta11_rep04_fold01.csv,CV2,KW,rep04,fold01,Eta11
CV2/KW/rep04/fold01/CV2_KW_Eta12_rep04_fold01.csv,CV2_KW_Eta12_rep04_fold01.csv,CV2,KW,rep04,fold01,Eta12
CV2/KW/rep04/fold01/CV2_KW_Eta13_rep04_fold01.csv,CV2_KW_Eta13_rep04_fold01.csv,CV2,KW,rep04,fold01,Eta13
CV2/KW/rep04/fold01/CV2_KW_Eta14_rep04_fold01.csv,CV2_KW_Eta14_rep04_fold01.csv,CV2,KW,rep04,fold01,Eta14
CV2/KW/rep04/fold01/CV2_KW_Eta15_rep04_fold01.csv,CV2_KW_Eta15_rep04_fold01.csv,CV2,KW,rep04,fold01,Eta15
CV2/KW/rep04/fold01/CV2_KW_Eta16_rep04_fold01.csv,CV2_KW_Eta16_rep04_fold01.csv,CV2,KW,rep04,fold01,Eta16
CV2/KW/rep04/fold01/CV2_KW_Eta17_rep04_fold01.csv,CV2_KW_Eta17_rep04_fold01.csv,CV2,KW,rep04,fold01,Eta17
CV2/KW/rep04/fold01/CV2_KW_Eta18_rep04_fold01.csv,CV2_KW_Eta18_rep04_fold01.csv,CV2,KW,rep04,fold01,Eta18
CV2/KW/rep04/fold01/CV2_KW_Eta2_rep04_fold01.csv,CV2_KW_Eta2_rep04_fold01.csv,CV2,KW,rep04,fold01,Eta2
CV2/KW/rep04/fold01/CV2_KW_Eta3_rep04_fold01.csv,CV2_KW_Eta3_rep04_fold01.csv,CV2,KW,rep04,fold01,Eta3
CV2/KW/rep04/fold01/CV2_KW_Eta4_rep04_fold01.csv,CV2_KW_Eta4_rep04_fold01.csv,CV2,KW,rep04,fold01,Eta4
CV2/KW/rep04/fold01/CV2_KW_Eta5_rep04_fold01.csv,CV2_KW_Eta5_rep04_fold01.csv,CV2,KW,rep04,fold01,Eta5
CV2/KW/rep04/fold01/CV2_KW_Eta6_rep04_fold01.csv,CV2_KW_Eta6_rep04_fold01.csv,CV2,KW,rep04,fold01,Eta6
CV2/KW/rep04/fold01/CV2_KW_Eta7_rep04_fold01.csv,CV2_KW_Eta7_rep04_fold01.csv,CV2,KW,rep04,fold01,Eta7
CV2/KW/rep04/fold01/CV2_KW_Eta8_rep04_fold01.csv,CV2_KW_Eta8_rep04_fold01.csv,CV2,KW,rep04,fold01,Eta8
CV2/KW/rep04/fold01/CV2_KW_Eta9_rep04_fold01.csv,CV2_KW_Eta9_rep04_fold01.csv,CV2,KW,rep04,fold01,Eta9
CV2/KW/rep04/fold02/CV2_KW_Eta1_rep04_fold02.csv,CV2_KW_Eta1_rep04_fold02.csv,CV2,KW,rep04,fold02,Eta1
CV2/KW/rep04/fold02/CV2_KW_Eta10_rep04_fold02.csv,CV2_KW_Eta10_rep04_fold02.csv,CV2,KW,rep04,fold02,Eta10
CV2/KW/rep04/fold02/CV2_KW_Eta11_rep04_fold02.csv,CV2_KW_Eta11_rep04_fold02.csv,CV2,KW,rep04,fold02,Eta11
CV2/KW/rep04/fold02/CV2_KW_Eta12_rep04_fold02.csv,CV2_KW_Eta12_rep04_fold02.csv,CV2,KW,rep04,fold02,Eta12
CV2/KW/rep04/fold02/CV2_KW_Eta13_rep04_fold02.csv,CV2_KW_Eta13_rep04_fold02.csv,CV2,KW,rep04,fold02,Eta13
CV2/KW/rep04/fold02/CV2_KW_Eta14_rep04_fold02.csv,CV2_KW_Eta14_rep04_fold02.csv,CV2,KW,rep04,fold02,Eta14
CV2/KW/rep04/fold02/CV2_KW_Eta15_rep04_fold02.csv,CV2_KW_Eta15_rep04_fold02.csv,CV2,KW,rep04,fold02,Eta15
CV2/KW/rep04/fold02/CV2_KW_Eta16_rep04_fold02.csv,CV2_KW_Eta16_rep04_fold02.csv,CV2,KW,rep04,fold02,Eta16
CV2/KW/rep04/fold02/CV2_KW_Eta17_rep04_fold02.csv,CV2_KW_Eta17_rep04_fold02.csv,CV2,KW,rep04,fold02,Eta17
CV2/KW/rep04/fold02/CV2_KW_Eta18_rep04_fold02.csv,CV2_KW_Eta18_rep04_fold02.csv,CV2,KW,rep04,fold02,Eta18
CV2/KW/rep04/fold02/CV2_KW_Eta2_rep04_fold02.csv,CV2_KW_Eta2_rep04_fold02.csv,CV2,KW,rep04,fold02,Eta2
CV2/KW/rep04/fold02/CV2_KW_Eta3_rep04_fold02.csv,CV2_KW_Eta3_rep04_fold02.csv,CV2,KW,rep04,fold02,Eta3
CV2/KW/rep04/fold02/CV2_KW_Eta4_rep04_fold02.csv,CV2_KW_Eta4_rep04_fold02.csv,CV2,KW,rep04,fold02,Eta4
CV2/KW/rep04/fold02/CV2_KW_Eta5_rep04_fold02.csv,CV2_KW_Eta5_rep04_fold02.csv,CV2,KW,rep04,fold02,Eta5
CV2/KW/rep04/fold02/CV2_KW_Eta6_rep04_fold02.csv,CV2_KW_Eta6_rep04_fold02.csv,CV2,KW,rep04,fold02,Eta6
CV2/KW/rep04/fold02/CV2_KW_Eta7_rep04_fold02.csv,CV2_KW_Eta7_rep04_fold02.csv,CV2,KW,rep04,fold02,Eta7
CV2/KW/rep04/fold02/CV2_KW_Eta8_rep04_fold02.csv,CV2_KW_Eta8_rep04_fold02.csv,CV2,KW,rep04,fold02,Eta8
CV2/KW/rep04/fold02/CV2_KW_Eta9_rep04_fold02.csv,CV2_KW_Eta9_rep04_fold02.csv,CV2,KW,rep04,fold02,Eta9
CV2/KW/rep04/fold03/CV2_KW_Eta1_rep04_fold03.csv,CV2_KW_Eta1_rep04_fold03.csv,CV2,KW,rep04,fold03,Eta1
CV2/KW/rep04/fold03/CV2_KW_Eta10_rep04_fold03.csv,CV2_KW_Eta10_rep04_fold03.csv,CV2,KW,rep04,fold03,Eta10
CV2/KW/rep04/fold03/CV2_KW_Eta11_rep04_fold03.csv,CV2_KW_Eta11_rep04_fold03.csv,CV2,KW,rep04,fold03,Eta11
CV2/KW/rep04/fold03/CV2_KW_Eta12_rep04_fold03.csv,CV2_KW_Eta12_rep04_fold03.csv,CV2,KW,rep04,fold03,Eta12
CV2/KW/rep04/fold03/CV2_KW_Eta13_rep04_fold03.csv,CV2_KW_Eta13_rep04_fold03.csv,CV2,KW,rep04,fold03,Eta13
CV2/KW/rep04/fold03/CV2_KW_Eta14_rep04_fold03.csv,CV2_KW_Eta14_rep04_fold03.csv,CV2,KW,rep04,fold03,Eta14
CV2/KW/rep04/fold03/CV2_KW_Eta15_rep04_fold03.csv,CV2_KW_Eta15_rep04_fold03.csv,CV2,KW,rep04,fold03,Eta15
CV2/KW/rep04/fold03/CV2_KW_Eta16_rep04_fold03.csv,CV2_KW_Eta16_rep04_fold03.csv,CV2,KW,rep04,fold03,Eta16
CV2/KW/rep04/fold03/CV2_KW_Eta17_rep04_fold03.csv,CV2_KW_Eta17_rep04_fold03.csv,CV2,KW,rep04,fold03,Eta17
CV2/KW/rep04/fold03/CV2_KW_Eta18_rep04_fold03.csv,CV2_KW_Eta18_rep04_fold03.csv,CV2,KW,rep04,fold03,Eta18
CV2/KW/rep04/fold03/CV2_KW_Eta2_rep04_fold03.csv,CV2_KW_Eta2_rep04_fold03.csv,CV2,KW,rep04,fold03,Eta2
CV2/KW/rep04/fold03/CV2_KW_Eta3_rep04_fold03.csv,CV2_KW_Eta3_rep04_fold03.csv,CV2,KW,rep04,fold03,Eta3
CV2/KW/rep04/fold03/CV2_KW_Eta4_rep04_fold03.csv,CV2_KW_Eta4_rep04_fold03.csv,CV2,KW,rep04,fold03,Eta4
CV2/KW/rep04/fold03/CV2_KW_Eta5_rep04_fold03.csv,CV2_KW_Eta5_rep04_fold03.csv,CV2,KW,rep04,fold03,Eta5
CV2/KW/rep04/fold03/CV2_KW_Eta6_rep04_fold03.csv,CV2_KW_Eta6_rep04_fold03.csv,CV2,KW,rep04,fold03,Eta6
CV2/KW/rep04/fold03/CV2_KW_Eta7_rep04_fold03.csv,CV2_KW_Eta7_rep04_fold03.csv,CV2,KW,rep04,fold03,Eta7
CV2/KW/rep04/fold03/CV2_KW_Eta8_rep04_fold03.csv,CV2_KW_Eta8_rep04_fold03.csv,CV2,KW,rep04,fold03,Eta8
CV2/KW/rep04/fold03/CV2_KW_Eta9_rep04_fold03.csv,CV2_KW_Eta9_rep04_fold03.csv,CV2,KW,rep04,fold03,Eta9
CV2/KW/rep04/fold04/CV2_KW_Eta1_rep04_fold04.csv,CV2_KW_Eta1_rep04_fold04.csv,CV2,KW,rep04,fold04,Eta1
CV2/KW/rep04/fold04/CV2_KW_Eta10_rep04_fold04.csv,CV2_KW_Eta10_rep04_fold04.csv,CV2,KW,rep04,fold04,Eta10
CV2/KW/rep04/fold04/CV2_KW_Eta11_rep04_fold04.csv,CV2_KW_Eta11_rep04_fold04.csv,CV2,KW,rep04,fold04,Eta11
CV2/KW/rep04/fold04/CV2_KW_Eta12_rep04_fold04.csv,CV2_KW_Eta12_rep04_fold04.csv,CV2,KW,rep04,fold04,Eta12
CV2/KW/rep04/fold04/CV2_KW_Eta13_rep04_fold04.csv,CV2_KW_Eta13_rep04_fold04.csv,CV2,KW,rep04,fold04,Eta13
CV2/KW/rep04/fold04/CV2_KW_Eta14_rep04_fold04.csv,CV2_KW_Eta14_rep04_fold04.csv,CV2,KW,rep04,fold04,Eta14
CV2/KW/rep04/fold04/CV2_KW_Eta15_rep04_fold04.csv,CV2_KW_Eta15_rep04_fold04.csv,CV2,KW,rep04,fold04,Eta15
CV2/KW/rep04/fold04/CV2_KW_Eta16_rep04_fold04.csv,CV2_KW_Eta16_rep04_fold04.csv,CV2,KW,rep04,fold04,Eta16
CV2/KW/rep04/fold04/CV2_KW_Eta17_rep04_fold04.csv,CV2_KW_Eta17_rep04_fold04.csv,CV2,KW,rep04,fold04,Eta17
CV2/KW/rep04/fold04/CV2_KW_Eta18_rep04_fold04.csv,CV2_KW_Eta18_rep04_fold04.csv,CV2,KW,rep04,fold04,Eta18
CV2/KW/rep04/fold04/CV2_KW_Eta2_rep04_fold04.csv,CV2_KW_Eta2_rep04_fold04.csv,CV2,KW,rep04,fold04,Eta2
CV2/KW/rep04/fold04/CV2_KW_Eta3_rep04_fold04.csv,CV2_KW_Eta3_rep04_fold04.csv,CV2,KW,rep04,fold04,Eta3
CV2/KW/rep04/fold04/CV2_KW_Eta4_rep04_fold04.csv,CV2_KW_Eta4_rep04_fold04.csv,CV2,KW,rep04,fold04,Eta4
CV2/KW/rep04/fold04/CV2_KW_Eta5_rep04_fold04.csv,CV2_KW_Eta5_rep04_fold04.csv,CV2,KW,rep04,fold04,Eta5
CV2/KW/rep04/fold04/CV2_KW_Eta6_rep04_fold04.csv,CV2_KW_Eta6_rep04_fold04.csv,CV2,KW,rep04,fold04,Eta6
CV2/KW/rep04/fold04/CV2_KW_Eta7_rep04_fold04.csv,CV2_KW_Eta7_rep04_fold04.csv,CV2,KW,rep04,fold04,Eta7
CV2/KW/rep04/fold04/CV2_KW_Eta8_rep04_fold04.csv,CV2_KW_Eta8_rep04_fold04.csv,CV2,KW,rep04,fold04,Eta8
CV2/KW/rep04/fold04/CV2_KW_Eta9_rep04_fold04.csv,CV2_KW_Eta9_rep04_fold04.csv,CV2,KW,rep04,fold04,Eta9
CV2/KW/rep04/fold05/CV2_KW_Eta1_rep04_fold05.csv,CV2_KW_Eta1_rep04_fold05.csv,CV2,KW,rep04,fold05,Eta1
CV2/KW/rep04/fold05/CV2_KW_Eta10_rep04_fold05.csv,CV2_KW_Eta10_rep04_fold05.csv,CV2,KW,rep04,fold05,Eta10
CV2/KW/rep04/fold05/CV2_KW_Eta11_rep04_fold05.csv,CV2_KW_Eta11_rep04_fold05.csv,CV2,KW,rep04,fold05,Eta11
CV2/KW/rep04/fold05/CV2_KW_Eta12_rep04_fold05.csv,CV2_KW_Eta12_rep04_fold05.csv,CV2,KW,rep04,fold05,Eta12
CV2/KW/rep04/fold05/CV2_KW_Eta13_rep04_fold05.csv,CV2_KW_Eta13_rep04_fold05.csv,CV2,KW,rep04,fold05,Eta13
CV2/KW/rep04/fold05/CV2_KW_Eta14_rep04_fold05.csv,CV2_KW_Eta14_rep04_fold05.csv,CV2,KW,rep04,fold05,Eta14
CV2/KW/rep04/fold05/CV2_KW_Eta15_rep04_fold05.csv,CV2_KW_Eta15_rep04_fold05.csv,CV2,KW,rep04,fold05,Eta15
CV2/KW/rep04/fold05/CV2_KW_Eta16_rep04_fold05.csv,CV2_KW_Eta16_rep04_fold05.csv,CV2,KW,rep04,fold05,Eta16
CV2/KW/rep04/fold05/CV2_KW_Eta17_rep04_fold05.csv,CV2_KW_Eta17_rep04_fold05.csv,CV2,KW,rep04,fold05,Eta17
CV2/KW/rep04/fold05/CV2_KW_Eta18_rep04_fold05.csv,CV2_KW_Eta18_rep04_fold05.csv,CV2,KW,rep04,fold05,Eta18
CV2/KW/rep04/fold05/CV2_KW_Eta2_rep04_fold05.csv,CV2_KW_Eta2_rep04_fold05.csv,CV2,KW,rep04,fold05,Eta2
CV2/KW/rep04/fold05/CV2_KW_Eta3_rep04_fold05.csv,CV2_KW_Eta3_rep04_fold05.csv,CV2,KW,rep04,fold05,Eta3
CV2/KW/rep04/fold05/CV2_KW_Eta4_rep04_fold05.csv,CV2_KW_Eta4_rep04_fold05.csv,CV2,KW,rep04,fold05,Eta4
CV2/KW/rep04/fold05/CV2_KW_Eta5_rep04_fold05.csv,CV2_KW_Eta5_rep04_fold05.csv,CV2,KW,rep04,fold05,Eta5
CV2/KW/rep04/fold05/CV2_KW_Eta6_rep04_fold05.csv,CV2_KW_Eta6_rep04_fold05.csv,CV2,KW,rep04,fold05,Eta6
CV2/KW/rep04/fold05/CV2_KW_Eta7_rep04_fold05.csv,CV2_KW_Eta7_rep04_fold05.csv,CV2,KW,rep04,fold05,Eta7
CV2/KW/rep04/fold05/CV2_KW_Eta8_rep04_fold05.csv,CV2_KW_Eta8_rep04_fold05.csv,CV2,KW,rep04,fold05,Eta8
CV2/KW/rep04/fold05/CV2_KW_Eta9_rep04_fold05.csv,CV2_KW_Eta9_rep04_fold05.csv,CV2,KW,rep04,fold05,Eta9
CV2/KW/rep05/fold01/CV2_KW_Eta1_rep05_fold01.csv,CV2_KW_Eta1_rep05_fold01.csv,CV2,KW,rep05,fold01,Eta1
CV2/KW/rep05/fold01/CV2_KW_Eta10_rep05_fold01.csv,CV2_KW_Eta10_rep05_fold01.csv,CV2,KW,rep05,fold01,Eta10
CV2/KW/rep05/fold01/CV2_KW_Eta11_rep05_fold01.csv,CV2_KW_Eta11_rep05_fold01.csv,CV2,KW,rep05,fold01,Eta11
CV2/KW/rep05/fold01/CV2_KW_Eta12_rep05_fold01.csv,CV2_KW_Eta12_rep05_fold01.csv,CV2,KW,rep05,fold01,Eta12
CV2/KW/rep05/fold01/CV2_KW_Eta13_rep05_fold01.csv,CV2_KW_Eta13_rep05_fold01.csv,CV2,KW,rep05,fold01,Eta13
CV2/KW/rep05/fold01/CV2_KW_Eta14_rep05_fold01.csv,CV2_KW_Eta14_rep05_fold01.csv,CV2,KW,rep05,fold01,Eta14
CV2/KW/rep05/fold01/CV2_KW_Eta15_rep05_fold01.csv,CV2_KW_Eta15_rep05_fold01.csv,CV2,KW,rep05,fold01,Eta15
CV2/KW/rep05/fold01/CV2_KW_Eta16_rep05_fold01.csv,CV2_KW_Eta16_rep05_fold01.csv,CV2,KW,rep05,fold01,Eta16
CV2/KW/rep05/fold01/CV2_KW_Eta17_rep05_fold01.csv,CV2_KW_Eta17_rep05_fold01.csv,CV2,KW,rep05,fold01,Eta17
CV2/KW/rep05/fold01/CV2_KW_Eta18_rep05_fold01.csv,CV2_KW_Eta18_rep05_fold01.csv,CV2,KW,rep05,fold01,Eta18
CV2/KW/rep05/fold01/CV2_KW_Eta2_rep05_fold01.csv,CV2_KW_Eta2_rep05_fold01.csv,CV2,KW,rep05,fold01,Eta2
CV2/KW/rep05/fold01/CV2_KW_Eta3_rep05_fold01.csv,CV2_KW_Eta3_rep05_fold01.csv,CV2,KW,rep05,fold01,Eta3
CV2/KW/rep05/fold01/CV2_KW_Eta4_rep05_fold01.csv,CV2_KW_Eta4_rep05_fold01.csv,CV2,KW,rep05,fold01,Eta4
CV2/KW/rep05/fold01/CV2_KW_Eta5_rep05_fold01.csv,CV2_KW_Eta5_rep05_fold01.csv,CV2,KW,rep05,fold01,Eta5
CV2/KW/rep05/fold01/CV2_KW_Eta6_rep05_fold01.csv,CV2_KW_Eta6_rep05_fold01.csv,CV2,KW,rep05,fold01,Eta6
CV2/KW/rep05/fold01/CV2_KW_Eta7_rep05_fold01.csv,CV2_KW_Eta7_rep05_fold01.csv,CV2,KW,rep05,fold01,Eta7
CV2/KW/rep05/fold01/CV2_KW_Eta8_rep05_fold01.csv,CV2_KW_Eta8_rep05_fold01.csv,CV2,KW,rep05,fold01,Eta8
CV2/KW/rep05/fold01/CV2_KW_Eta9_rep05_fold01.csv,CV2_KW_Eta9_rep05_fold01.csv,CV2,KW,rep05,fold01,Eta9
CV2/KW/rep05/fold02/CV2_KW_Eta1_rep05_fold02.csv,CV2_KW_Eta1_rep05_fold02.csv,CV2,KW,rep05,fold02,Eta1
CV2/KW/rep05/fold02/CV2_KW_Eta10_rep05_fold02.csv,CV2_KW_Eta10_rep05_fold02.csv,CV2,KW,rep05,fold02,Eta10
CV2/KW/rep05/fold02/CV2_KW_Eta11_rep05_fold02.csv,CV2_KW_Eta11_rep05_fold02.csv,CV2,KW,rep05,fold02,Eta11
CV2/KW/rep05/fold02/CV2_KW_Eta12_rep05_fold02.csv,CV2_KW_Eta12_rep05_fold02.csv,CV2,KW,rep05,fold02,Eta12
CV2/KW/rep05/fold02/CV2_KW_Eta13_rep05_fold02.csv,CV2_KW_Eta13_rep05_fold02.csv,CV2,KW,rep05,fold02,Eta13
CV2/KW/rep05/fold02/CV2_KW_Eta14_rep05_fold02.csv,CV2_KW_Eta14_rep05_fold02.csv,CV2,KW,rep05,fold02,Eta14
CV2/KW/rep05/fold02/CV2_KW_Eta15_rep05_fold02.csv,CV2_KW_Eta15_rep05_fold02.csv,CV2,KW,rep05,fold02,Eta15
CV2/KW/rep05/fold02/CV2_KW_Eta16_rep05_fold02.csv,CV2_KW_Eta16_rep05_fold02.csv,CV2,KW,rep05,fold02,Eta16
CV2/KW/rep05/fold02/CV2_KW_Eta17_rep05_fold02.csv,CV2_KW_Eta17_rep05_fold02.csv,CV2,KW,rep05,fold02,Eta17
CV2/KW/rep05/fold02/CV2_KW_Eta18_rep05_fold02.csv,CV2_KW_Eta18_rep05_fold02.csv,CV2,KW,rep05,fold02,Eta18
CV2/KW/rep05/fold02/CV2_KW_Eta2_rep05_fold02.csv,CV2_KW_Eta2_rep05_fold02.csv,CV2,KW,rep05,fold02,Eta2
CV2/KW/rep05/fold02/CV2_KW_Eta3_rep05_fold02.csv,CV2_KW_Eta3_rep05_fold02.csv,CV2,KW,rep05,fold02,Eta3
CV2/KW/rep05/fold02/CV2_KW_Eta4_rep05_fold02.csv,CV2_KW_Eta4_rep05_fold02.csv,CV2,KW,rep05,fold02,Eta4
CV2/KW/rep05/fold02/CV2_KW_Eta5_rep05_fold02.csv,CV2_KW_Eta5_rep05_fold02.csv,CV2,KW,rep05,fold02,Eta5
CV2/KW/rep05/fold02/CV2_KW_Eta6_rep05_fold02.csv,CV2_KW_Eta6_rep05_fold02.csv,CV2,KW,rep05,fold02,Eta6
CV2/KW/rep05/fold02/CV2_KW_Eta7_rep05_fold02.csv,CV2_KW_Eta7_rep05_fold02.csv,CV2,KW,rep05,fold02,Eta7
CV2/KW/rep05/fold02/CV2_KW_Eta8_rep05_fold02.csv,CV2_KW_Eta8_rep05_fold02.csv,CV2,KW,rep05,fold02,Eta8
CV2/KW/rep05/fold02/CV2_KW_Eta9_rep05_fold02.csv,CV2_KW_Eta9_rep05_fold02.csv,CV2,KW,rep05,fold02,Eta9
CV2/KW/rep05/fold03/CV2_KW_Eta1_rep05_fold03.csv,CV2_KW_Eta1_rep05_fold03.csv,CV2,KW,rep05,fold03,Eta1
CV2/KW/rep05/fold03/CV2_KW_Eta10_rep05_fold03.csv,CV2_KW_Eta10_rep05_fold03.csv,CV2,KW,rep05,fold03,Eta10
CV2/KW/rep05/fold03/CV2_KW_Eta11_rep05_fold03.csv,CV2_KW_Eta11_rep05_fold03.csv,CV2,KW,rep05,fold03,Eta11
CV2/KW/rep05/fold03/CV2_KW_Eta12_rep05_fold03.csv,CV2_KW_Eta12_rep05_fold03.csv,CV2,KW,rep05,fold03,Eta12
CV2/KW/rep05/fold03/CV2_KW_Eta13_rep05_fold03.csv,CV2_KW_Eta13_rep05_fold03.csv,CV2,KW,rep05,fold03,Eta13
CV2/KW/rep05/fold03/CV2_KW_Eta14_rep05_fold03.csv,CV2_KW_Eta14_rep05_fold03.csv,CV2,KW,rep05,fold03,Eta14
CV2/KW/rep05/fold03/CV2_KW_Eta15_rep05_fold03.csv,CV2_KW_Eta15_rep05_fold03.csv,CV2,KW,rep05,fold03,Eta15
CV2/KW/rep05/fold03/CV2_KW_Eta16_rep05_fold03.csv,CV2_KW_Eta16_rep05_fold03.csv,CV2,KW,rep05,fold03,Eta16
CV2/KW/rep05/fold03/CV2_KW_Eta17_rep05_fold03.csv,CV2_KW_Eta17_rep05_fold03.csv,CV2,KW,rep05,fold03,Eta17
CV2/KW/rep05/fold03/CV2_KW_Eta18_rep05_fold03.csv,CV2_KW_Eta18_rep05_fold03.csv,CV2,KW,rep05,fold03,Eta18
CV2/KW/rep05/fold03/CV2_KW_Eta2_rep05_fold03.csv,CV2_KW_Eta2_rep05_fold03.csv,CV2,KW,rep05,fold03,Eta2
CV2/KW/rep05/fold03/CV2_KW_Eta3_rep05_fold03.csv,CV2_KW_Eta3_rep05_fold03.csv,CV2,KW,rep05,fold03,Eta3
CV2/KW/rep05/fold03/CV2_KW_Eta4_rep05_fold03.csv,CV2_KW_Eta4_rep05_fold03.csv,CV2,KW,rep05,fold03,Eta4
CV2/KW/rep05/fold03/CV2_KW_Eta5_rep05_fold03.csv,CV2_KW_Eta5_rep05_fold03.csv,CV2,KW,rep05,fold03,Eta5
CV2/KW/rep05/fold03/CV2_KW_Eta6_rep05_fold03.csv,CV2_KW_Eta6_rep05_fold03.csv,CV2,KW,rep05,fold03,Eta6
CV2/KW/rep05/fold03/CV2_KW_Eta7_rep05_fold03.csv,CV2_KW_Eta7_rep05_fold03.csv,CV2,KW,rep05,fold03,Eta7
CV2/KW/rep05/fold03/CV2_KW_Eta8_rep05_fold03.csv,CV2_KW_Eta8_rep05_fold03.csv,CV2,KW,rep05,fold03,Eta8
CV2/KW/rep05/fold03/CV2_KW_Eta9_rep05_fold03.csv,CV2_KW_Eta9_rep05_fold03.csv,CV2,KW,rep05,fold03,Eta9
CV2/KW/rep05/fold04/CV2_KW_Eta1_rep05_fold04.csv,CV2_KW_Eta1_rep05_fold04.csv,CV2,KW,rep05,fold04,Eta1
CV2/KW/rep05/fold04/CV2_KW_Eta10_rep05_fold04.csv,CV2_KW_Eta10_rep05_fold04.csv,CV2,KW,rep05,fold04,Eta10
CV2/KW/rep05/fold04/CV2_KW_Eta11_rep05_fold04.csv,CV2_KW_Eta11_rep05_fold04.csv,CV2,KW,rep05,fold04,Eta11
CV2/KW/rep05/fold04/CV2_KW_Eta12_rep05_fold04.csv,CV2_KW_Eta12_rep05_fold04.csv,CV2,KW,rep05,fold04,Eta12
CV2/KW/rep05/fold04/CV2_KW_Eta13_rep05_fold04.csv,CV2_KW_Eta13_rep05_fold04.csv,CV2,KW,rep05,fold04,Eta13
CV2/KW/rep05/fold04/CV2_KW_Eta14_rep05_fold04.csv,CV2_KW_Eta14_rep05_fold04.csv,CV2,KW,rep05,fold04,Eta14
CV2/KW/rep05/fold04/CV2_KW_Eta15_rep05_fold04.csv,CV2_KW_Eta15_rep05_fold04.csv,CV2,KW,rep05,fold04,Eta15
CV2/KW/rep05/fold04/CV2_KW_Eta16_rep05_fold04.csv,CV2_KW_Eta16_rep05_fold04.csv,CV2,KW,rep05,fold04,Eta16
CV2/KW/rep05/fold04/CV2_KW_Eta17_rep05_fold04.csv,CV2_KW_Eta17_rep05_fold04.csv,CV2,KW,rep05,fold04,Eta17
CV2/KW/rep05/fold04/CV2_KW_Eta18_rep05_fold04.csv,CV2_KW_Eta18_rep05_fold04.csv,CV2,KW,rep05,fold04,Eta18
CV2/KW/rep05/fold04/CV2_KW_Eta2_rep05_fold04.csv,CV2_KW_Eta2_rep05_fold04.csv,CV2,KW,rep05,fold04,Eta2
CV2/KW/rep05/fold04/CV2_KW_Eta3_rep05_fold04.csv,CV2_KW_Eta3_rep05_fold04.csv,CV2,KW,rep05,fold04,Eta3
CV2/KW/rep05/fold04/CV2_KW_Eta4_rep05_fold04.csv,CV2_KW_Eta4_rep05_fold04.csv,CV2,KW,rep05,fold04,Eta4
CV2/KW/rep05/fold04/CV2_KW_Eta5_rep05_fold04.csv,CV2_KW_Eta5_rep05_fold04.csv,CV2,KW,rep05,fold04,Eta5
CV2/KW/rep05/fold04/CV2_KW_Eta6_rep05_fold04.csv,CV2_KW_Eta6_rep05_fold04.csv,CV2,KW,rep05,fold04,Eta6
CV2/KW/rep05/fold04/CV2_KW_Eta7_rep05_fold04.csv,CV2_KW_Eta7_rep05_fold04.csv,CV2,KW,rep05,fold04,Eta7
CV2/KW/rep05/fold04/CV2_KW_Eta8_rep05_fold04.csv,CV2_KW_Eta8_rep05_fold04.csv,CV2,KW,rep05,fold04,Eta8
CV2/KW/rep05/fold04/CV2_KW_Eta9_rep05_fold04.csv,CV2_KW_Eta9_rep05_fold04.csv,CV2,KW,rep05,fold04,Eta9
CV2/KW/rep05/fold05/CV2_KW_Eta1_rep05_fold05.csv,CV2_KW_Eta1_rep05_fold05.csv,CV2,KW,rep05,fold05,Eta1
CV2/KW/rep05/fold05/CV2_KW_Eta10_rep05_fold05.csv,CV2_KW_Eta10_rep05_fold05.csv,CV2,KW,rep05,fold05,Eta10
CV2/KW/rep05/fold05/CV2_KW_Eta11_rep05_fold05.csv,CV2_KW_Eta11_rep05_fold05.csv,CV2,KW,rep05,fold05,Eta11
CV2/KW/rep05/fold05/CV2_KW_Eta12_rep05_fold05.csv,CV2_KW_Eta12_rep05_fold05.csv,CV2,KW,rep05,fold05,Eta12
CV2/KW/rep05/fold05/CV2_KW_Eta13_rep05_fold05.csv,CV2_KW_Eta13_rep05_fold05.csv,CV2,KW,rep05,fold05,Eta13
CV2/KW/rep05/fold05/CV2_KW_Eta14_rep05_fold05.csv,CV2_KW_Eta14_rep05_fold05.csv,CV2,KW,rep05,fold05,Eta14
CV2/KW/rep05/fold05/CV2_KW_Eta15_rep05_fold05.csv,CV2_KW_Eta15_rep05_fold05.csv,CV2,KW,rep05,fold05,Eta15
CV2/KW/rep05/fold05/CV2_KW_Eta16_rep05_fold05.csv,CV2_KW_Eta16_rep05_fold05.csv,CV2,KW,rep05,fold05,Eta16
CV2/KW/rep05/fold05/CV2_KW_Eta17_rep05_fold05.csv,CV2_KW_Eta17_rep05_fold05.csv,CV2,KW,rep05,fold05,Eta17
CV2/KW/rep05/fold05/CV2_KW_Eta18_rep05_fold05.csv,CV2_KW_Eta18_rep05_fold05.csv,CV2,KW,rep05,fold05,Eta18
CV2/KW/rep05/fold05/CV2_KW_Eta2_rep05_fold05.csv,CV2_KW_Eta2_rep05_fold05.csv,CV2,KW,rep05,fold05,Eta2
CV2/KW/rep05/fold05/CV2_KW_Eta3_rep05_fold05.csv,CV2_KW_Eta3_rep05_fold05.csv,CV2,KW,rep05,fold05,Eta3
CV2/KW/rep05/fold05/CV2_KW_Eta4_rep05_fold05.csv,CV2_KW_Eta4_rep05_fold05.csv,CV2,KW,rep05,fold05,Eta4
CV2/KW/rep05/fold05/CV2_KW_Eta5_rep05_fold05.csv,CV2_KW_Eta5_rep05_fold05.csv,CV2,KW,rep05,fold05,Eta5
CV2/KW/rep05/fold05/CV2_KW_Eta6_rep05_fold05.csv,CV2_KW_Eta6_rep05_fold05.csv,CV2,KW,rep05,fold05,Eta6
CV2/KW/rep05/fold05/CV2_KW_Eta7_rep05_fold05.csv,CV2_KW_Eta7_rep05_fold05.csv,CV2,KW,rep05,fold05,Eta7
CV2/KW/rep05/fold05/CV2_KW_Eta8_rep05_fold05.csv,CV2_KW_Eta8_rep05_fold05.csv,CV2,KW,rep05,fold05,Eta8
CV2/KW/rep05/fold05/CV2_KW_Eta9_rep05_fold05.csv,CV2_KW_Eta9_rep05_fold05.csv,CV2,KW,rep05,fold05,Eta9
CV2/KW/rep06/fold01/CV2_KW_Eta1_rep06_fold01.csv,CV2_KW_Eta1_rep06_fold01.csv,CV2,KW,rep06,fold01,Eta1
CV2/KW/rep06/fold01/CV2_KW_Eta10_rep06_fold01.csv,CV2_KW_Eta10_rep06_fold01.csv,CV2,KW,rep06,fold01,Eta10
CV2/KW/rep06/fold01/CV2_KW_Eta11_rep06_fold01.csv,CV2_KW_Eta11_rep06_fold01.csv,CV2,KW,rep06,fold01,Eta11
CV2/KW/rep06/fold01/CV2_KW_Eta12_rep06_fold01.csv,CV2_KW_Eta12_rep06_fold01.csv,CV2,KW,rep06,fold01,Eta12
CV2/KW/rep06/fold01/CV2_KW_Eta13_rep06_fold01.csv,CV2_KW_Eta13_rep06_fold01.csv,CV2,KW,rep06,fold01,Eta13
CV2/KW/rep06/fold01/CV2_KW_Eta14_rep06_fold01.csv,CV2_KW_Eta14_rep06_fold01.csv,CV2,KW,rep06,fold01,Eta14
CV2/KW/rep06/fold01/CV2_KW_Eta15_rep06_fold01.csv,CV2_KW_Eta15_rep06_fold01.csv,CV2,KW,rep06,fold01,Eta15
CV2/KW/rep06/fold01/CV2_KW_Eta16_rep06_fold01.csv,CV2_KW_Eta16_rep06_fold01.csv,CV2,KW,rep06,fold01,Eta16
CV2/KW/rep06/fold01/CV2_KW_Eta17_rep06_fold01.csv,CV2_KW_Eta17_rep06_fold01.csv,CV2,KW,rep06,fold01,Eta17
CV2/KW/rep06/fold01/CV2_KW_Eta18_rep06_fold01.csv,CV2_KW_Eta18_rep06_fold01.csv,CV2,KW,rep06,fold01,Eta18
CV2/KW/rep06/fold01/CV2_KW_Eta2_rep06_fold01.csv,CV2_KW_Eta2_rep06_fold01.csv,CV2,KW,rep06,fold01,Eta2
CV2/KW/rep06/fold01/CV2_KW_Eta3_rep06_fold01.csv,CV2_KW_Eta3_rep06_fold01.csv,CV2,KW,rep06,fold01,Eta3
CV2/KW/rep06/fold01/CV2_KW_Eta4_rep06_fold01.csv,CV2_KW_Eta4_rep06_fold01.csv,CV2,KW,rep06,fold01,Eta4
CV2/KW/rep06/fold01/CV2_KW_Eta5_rep06_fold01.csv,CV2_KW_Eta5_rep06_fold01.csv,CV2,KW,rep06,fold01,Eta5
CV2/KW/rep06/fold01/CV2_KW_Eta6_rep06_fold01.csv,CV2_KW_Eta6_rep06_fold01.csv,CV2,KW,rep06,fold01,Eta6
CV2/KW/rep06/fold01/CV2_KW_Eta7_rep06_fold01.csv,CV2_KW_Eta7_rep06_fold01.csv,CV2,KW,rep06,fold01,Eta7
CV2/KW/rep06/fold01/CV2_KW_Eta8_rep06_fold01.csv,CV2_KW_Eta8_rep06_fold01.csv,CV2,KW,rep06,fold01,Eta8
CV2/KW/rep06/fold01/CV2_KW_Eta9_rep06_fold01.csv,CV2_KW_Eta9_rep06_fold01.csv,CV2,KW,rep06,fold01,Eta9
CV2/KW/rep06/fold02/CV2_KW_Eta1_rep06_fold02.csv,CV2_KW_Eta1_rep06_fold02.csv,CV2,KW,rep06,fold02,Eta1
CV2/KW/rep06/fold02/CV2_KW_Eta10_rep06_fold02.csv,CV2_KW_Eta10_rep06_fold02.csv,CV2,KW,rep06,fold02,Eta10
CV2/KW/rep06/fold02/CV2_KW_Eta11_rep06_fold02.csv,CV2_KW_Eta11_rep06_fold02.csv,CV2,KW,rep06,fold02,Eta11
CV2/KW/rep06/fold02/CV2_KW_Eta12_rep06_fold02.csv,CV2_KW_Eta12_rep06_fold02.csv,CV2,KW,rep06,fold02,Eta12
CV2/KW/rep06/fold02/CV2_KW_Eta13_rep06_fold02.csv,CV2_KW_Eta13_rep06_fold02.csv,CV2,KW,rep06,fold02,Eta13
CV2/KW/rep06/fold02/CV2_KW_Eta14_rep06_fold02.csv,CV2_KW_Eta14_rep06_fold02.csv,CV2,KW,rep06,fold02,Eta14
CV2/KW/rep06/fold02/CV2_KW_Eta15_rep06_fold02.csv,CV2_KW_Eta15_rep06_fold02.csv,CV2,KW,rep06,fold02,Eta15
CV2/KW/rep06/fold02/CV2_KW_Eta16_rep06_fold02.csv,CV2_KW_Eta16_rep06_fold02.csv,CV2,KW,rep06,fold02,Eta16
CV2/KW/rep06/fold02/CV2_KW_Eta17_rep06_fold02.csv,CV2_KW_Eta17_rep06_fold02.csv,CV2,KW,rep06,fold02,Eta17
CV2/KW/rep06/fold02/CV2_KW_Eta18_rep06_fold02.csv,CV2_KW_Eta18_rep06_fold02.csv,CV2,KW,rep06,fold02,Eta18
CV2/KW/rep06/fold02/CV2_KW_Eta2_rep06_fold02.csv,CV2_KW_Eta2_rep06_fold02.csv,CV2,KW,rep06,fold02,Eta2
CV2/KW/rep06/fold02/CV2_KW_Eta3_rep06_fold02.csv,CV2_KW_Eta3_rep06_fold02.csv,CV2,KW,rep06,fold02,Eta3
CV2/KW/rep06/fold02/CV2_KW_Eta4_rep06_fold02.csv,CV2_KW_Eta4_rep06_fold02.csv,CV2,KW,rep06,fold02,Eta4
CV2/KW/rep06/fold02/CV2_KW_Eta5_rep06_fold02.csv,CV2_KW_Eta5_rep06_fold02.csv,CV2,KW,rep06,fold02,Eta5
CV2/KW/rep06/fold02/CV2_KW_Eta6_rep06_fold02.csv,CV2_KW_Eta6_rep06_fold02.csv,CV2,KW,rep06,fold02,Eta6
CV2/KW/rep06/fold02/CV2_KW_Eta7_rep06_fold02.csv,CV2_KW_Eta7_rep06_fold02.csv,CV2,KW,rep06,fold02,Eta7
CV2/KW/rep06/fold02/CV2_KW_Eta8_rep06_fold02.csv,CV2_KW_Eta8_rep06_fold02.csv,CV2,KW,rep06,fold02,Eta8
CV2/KW/rep06/fold02/CV2_KW_Eta9_rep06_fold02.csv,CV2_KW_Eta9_rep06_fold02.csv,CV2,KW,rep06,fold02,Eta9
CV2/KW/rep06/fold03/CV2_KW_Eta1_rep06_fold03.csv,CV2_KW_Eta1_rep06_fold03.csv,CV2,KW,rep06,fold03,Eta1
CV2/KW/rep06/fold03/CV2_KW_Eta10_rep06_fold03.csv,CV2_KW_Eta10_rep06_fold03.csv,CV2,KW,rep06,fold03,Eta10
CV2/KW/rep06/fold03/CV2_KW_Eta11_rep06_fold03.csv,CV2_KW_Eta11_rep06_fold03.csv,CV2,KW,rep06,fold03,Eta11
CV2/KW/rep06/fold03/CV2_KW_Eta12_rep06_fold03.csv,CV2_KW_Eta12_rep06_fold03.csv,CV2,KW,rep06,fold03,Eta12
CV2/KW/rep06/fold03/CV2_KW_Eta13_rep06_fold03.csv,CV2_KW_Eta13_rep06_fold03.csv,CV2,KW,rep06,fold03,Eta13
CV2/KW/rep06/fold03/CV2_KW_Eta14_rep06_fold03.csv,CV2_KW_Eta14_rep06_fold03.csv,CV2,KW,rep06,fold03,Eta14
CV2/KW/rep06/fold03/CV2_KW_Eta15_rep06_fold03.csv,CV2_KW_Eta15_rep06_fold03.csv,CV2,KW,rep06,fold03,Eta15
CV2/KW/rep06/fold03/CV2_KW_Eta16_rep06_fold03.csv,CV2_KW_Eta16_rep06_fold03.csv,CV2,KW,rep06,fold03,Eta16
CV2/KW/rep06/fold03/CV2_KW_Eta17_rep06_fold03.csv,CV2_KW_Eta17_rep06_fold03.csv,CV2,KW,rep06,fold03,Eta17
CV2/KW/rep06/fold03/CV2_KW_Eta18_rep06_fold03.csv,CV2_KW_Eta18_rep06_fold03.csv,CV2,KW,rep06,fold03,Eta18
CV2/KW/rep06/fold03/CV2_KW_Eta2_rep06_fold03.csv,CV2_KW_Eta2_rep06_fold03.csv,CV2,KW,rep06,fold03,Eta2
CV2/KW/rep06/fold03/CV2_KW_Eta3_rep06_fold03.csv,CV2_KW_Eta3_rep06_fold03.csv,CV2,KW,rep06,fold03,Eta3
CV2/KW/rep06/fold03/CV2_KW_Eta4_rep06_fold03.csv,CV2_KW_Eta4_rep06_fold03.csv,CV2,KW,rep06,fold03,Eta4
CV2/KW/rep06/fold03/CV2_KW_Eta5_rep06_fold03.csv,CV2_KW_Eta5_rep06_fold03.csv,CV2,KW,rep06,fold03,Eta5
CV2/KW/rep06/fold03/CV2_KW_Eta6_rep06_fold03.csv,CV2_KW_Eta6_rep06_fold03.csv,CV2,KW,rep06,fold03,Eta6
CV2/KW/rep06/fold03/CV2_KW_Eta7_rep06_fold03.csv,CV2_KW_Eta7_rep06_fold03.csv,CV2,KW,rep06,fold03,Eta7
CV2/KW/rep06/fold03/CV2_KW_Eta8_rep06_fold03.csv,CV2_KW_Eta8_rep06_fold03.csv,CV2,KW,rep06,fold03,Eta8
CV2/KW/rep06/fold03/CV2_KW_Eta9_rep06_fold03.csv,CV2_KW_Eta9_rep06_fold03.csv,CV2,KW,rep06,fold03,Eta9
CV2/KW/rep06/fold04/CV2_KW_Eta1_rep06_fold04.csv,CV2_KW_Eta1_rep06_fold04.csv,CV2,KW,rep06,fold04,Eta1
CV2/KW/rep06/fold04/CV2_KW_Eta10_rep06_fold04.csv,CV2_KW_Eta10_rep06_fold04.csv,CV2,KW,rep06,fold04,Eta10
CV2/KW/rep06/fold04/CV2_KW_Eta11_rep06_fold04.csv,CV2_KW_Eta11_rep06_fold04.csv,CV2,KW,rep06,fold04,Eta11
CV2/KW/rep06/fold04/CV2_KW_Eta12_rep06_fold04.csv,CV2_KW_Eta12_rep06_fold04.csv,CV2,KW,rep06,fold04,Eta12
CV2/KW/rep06/fold04/CV2_KW_Eta13_rep06_fold04.csv,CV2_KW_Eta13_rep06_fold04.csv,CV2,KW,rep06,fold04,Eta13
CV2/KW/rep06/fold04/CV2_KW_Eta14_rep06_fold04.csv,CV2_KW_Eta14_rep06_fold04.csv,CV2,KW,rep06,fold04,Eta14
CV2/KW/rep06/fold04/CV2_KW_Eta15_rep06_fold04.csv,CV2_KW_Eta15_rep06_fold04.csv,CV2,KW,rep06,fold04,Eta15
CV2/KW/rep06/fold04/CV2_KW_Eta16_rep06_fold04.csv,CV2_KW_Eta16_rep06_fold04.csv,CV2,KW,rep06,fold04,Eta16
CV2/KW/rep06/fold04/CV2_KW_Eta17_rep06_fold04.csv,CV2_KW_Eta17_rep06_fold04.csv,CV2,KW,rep06,fold04,Eta17
CV2/KW/rep06/fold04/CV2_KW_Eta18_rep06_fold04.csv,CV2_KW_Eta18_rep06_fold04.csv,CV2,KW,rep06,fold04,Eta18
CV2/KW/rep06/fold04/CV2_KW_Eta2_rep06_fold04.csv,CV2_KW_Eta2_rep06_fold04.csv,CV2,KW,rep06,fold04,Eta2
CV2/KW/rep06/fold04/CV2_KW_Eta3_rep06_fold04.csv,CV2_KW_Eta3_rep06_fold04.csv,CV2,KW,rep06,fold04,Eta3
CV2/KW/rep06/fold04/CV2_KW_Eta4_rep06_fold04.csv,CV2_KW_Eta4_rep06_fold04.csv,CV2,KW,rep06,fold04,Eta4
CV2/KW/rep06/fold04/CV2_KW_Eta5_rep06_fold04.csv,CV2_KW_Eta5_rep06_fold04.csv,CV2,KW,rep06,fold04,Eta5
CV2/KW/rep06/fold04/CV2_KW_Eta6_rep06_fold04.csv,CV2_KW_Eta6_rep06_fold04.csv,CV2,KW,rep06,fold04,Eta6
CV2/KW/rep06/fold04/CV2_KW_Eta7_rep06_fold04.csv,CV2_KW_Eta7_rep06_fold04.csv,CV2,KW,rep06,fold04,Eta7
CV2/KW/rep06/fold04/CV2_KW_Eta8_rep06_fold04.csv,CV2_KW_Eta8_rep06_fold04.csv,CV2,KW,rep06,fold04,Eta8
CV2/KW/rep06/fold04/CV2_KW_Eta9_rep06_fold04.csv,CV2_KW_Eta9_rep06_fold04.csv,CV2,KW,rep06,fold04,Eta9
CV2/KW/rep06/fold05/CV2_KW_Eta1_rep06_fold05.csv,CV2_KW_Eta1_rep06_fold05.csv,CV2,KW,rep06,fold05,Eta1
CV2/KW/rep06/fold05/CV2_KW_Eta10_rep06_fold05.csv,CV2_KW_Eta10_rep06_fold05.csv,CV2,KW,rep06,fold05,Eta10
CV2/KW/rep06/fold05/CV2_KW_Eta11_rep06_fold05.csv,CV2_KW_Eta11_rep06_fold05.csv,CV2,KW,rep06,fold05,Eta11
CV2/KW/rep06/fold05/CV2_KW_Eta12_rep06_fold05.csv,CV2_KW_Eta12_rep06_fold05.csv,CV2,KW,rep06,fold05,Eta12
CV2/KW/rep06/fold05/CV2_KW_Eta13_rep06_fold05.csv,CV2_KW_Eta13_rep06_fold05.csv,CV2,KW,rep06,fold05,Eta13
CV2/KW/rep06/fold05/CV2_KW_Eta14_rep06_fold05.csv,CV2_KW_Eta14_rep06_fold05.csv,CV2,KW,rep06,fold05,Eta14
CV2/KW/rep06/fold05/CV2_KW_Eta15_rep06_fold05.csv,CV2_KW_Eta15_rep06_fold05.csv,CV2,KW,rep06,fold05,Eta15
CV2/KW/rep06/fold05/CV2_KW_Eta16_rep06_fold05.csv,CV2_KW_Eta16_rep06_fold05.csv,CV2,KW,rep06,fold05,Eta16
CV2/KW/rep06/fold05/CV2_KW_Eta17_rep06_fold05.csv,CV2_KW_Eta17_rep06_fold05.csv,CV2,KW,rep06,fold05,Eta17
CV2/KW/rep06/fold05/CV2_KW_Eta18_rep06_fold05.csv,CV2_KW_Eta18_rep06_fold05.csv,CV2,KW,rep06,fold05,Eta18
CV2/KW/rep06/fold05/CV2_KW_Eta2_rep06_fold05.csv,CV2_KW_Eta2_rep06_fold05.csv,CV2,KW,rep06,fold05,Eta2
CV2/KW/rep06/fold05/CV2_KW_Eta3_rep06_fold05.csv,CV2_KW_Eta3_rep06_fold05.csv,CV2,KW,rep06,fold05,Eta3
CV2/KW/rep06/fold05/CV2_KW_Eta4_rep06_fold05.csv,CV2_KW_Eta4_rep06_fold05.csv,CV2,KW,rep06,fold05,Eta4
CV2/KW/rep06/fold05/CV2_KW_Eta5_rep06_fold05.csv,CV2_KW_Eta5_rep06_fold05.csv,CV2,KW,rep06,fold05,Eta5
CV2/KW/rep06/fold05/CV2_KW_Eta6_rep06_fold05.csv,CV2_KW_Eta6_rep06_fold05.csv,CV2,KW,rep06,fold05,Eta6
CV2/KW/rep06/fold05/CV2_KW_Eta7_rep06_fold05.csv,CV2_KW_Eta7_rep06_fold05.csv,CV2,KW,rep06,fold05,Eta7
CV2/KW/rep06/fold05/CV2_KW_Eta8_rep06_fold05.csv,CV2_KW_Eta8_rep06_fold05.csv,CV2,KW,rep06,fold05,Eta8
CV2/KW/rep06/fold05/CV2_KW_Eta9_rep06_fold05.csv,CV2_KW_Eta9_rep06_fold05.csv,CV2,KW,rep06,fold05,Eta9
CV2/KW/rep07/fold01/CV2_KW_Eta1_rep07_fold01.csv,CV2_KW_Eta1_rep07_fold01.csv,CV2,KW,rep07,fold01,Eta1
CV2/KW/rep07/fold01/CV2_KW_Eta10_rep07_fold01.csv,CV2_KW_Eta10_rep07_fold01.csv,CV2,KW,rep07,fold01,Eta10
CV2/KW/rep07/fold01/CV2_KW_Eta11_rep07_fold01.csv,CV2_KW_Eta11_rep07_fold01.csv,CV2,KW,rep07,fold01,Eta11
CV2/KW/rep07/fold01/CV2_KW_Eta12_rep07_fold01.csv,CV2_KW_Eta12_rep07_fold01.csv,CV2,KW,rep07,fold01,Eta12
CV2/KW/rep07/fold01/CV2_KW_Eta13_rep07_fold01.csv,CV2_KW_Eta13_rep07_fold01.csv,CV2,KW,rep07,fold01,Eta13
CV2/KW/rep07/fold01/CV2_KW_Eta14_rep07_fold01.csv,CV2_KW_Eta14_rep07_fold01.csv,CV2,KW,rep07,fold01,Eta14
CV2/KW/rep07/fold01/CV2_KW_Eta15_rep07_fold01.csv,CV2_KW_Eta15_rep07_fold01.csv,CV2,KW,rep07,fold01,Eta15
CV2/KW/rep07/fold01/CV2_KW_Eta16_rep07_fold01.csv,CV2_KW_Eta16_rep07_fold01.csv,CV2,KW,rep07,fold01,Eta16
CV2/KW/rep07/fold01/CV2_KW_Eta17_rep07_fold01.csv,CV2_KW_Eta17_rep07_fold01.csv,CV2,KW,rep07,fold01,Eta17
CV2/KW/rep07/fold01/CV2_KW_Eta18_rep07_fold01.csv,CV2_KW_Eta18_rep07_fold01.csv,CV2,KW,rep07,fold01,Eta18
CV2/KW/rep07/fold01/CV2_KW_Eta2_rep07_fold01.csv,CV2_KW_Eta2_rep07_fold01.csv,CV2,KW,rep07,fold01,Eta2
CV2/KW/rep07/fold01/CV2_KW_Eta3_rep07_fold01.csv,CV2_KW_Eta3_rep07_fold01.csv,CV2,KW,rep07,fold01,Eta3
CV2/KW/rep07/fold01/CV2_KW_Eta4_rep07_fold01.csv,CV2_KW_Eta4_rep07_fold01.csv,CV2,KW,rep07,fold01,Eta4
CV2/KW/rep07/fold01/CV2_KW_Eta5_rep07_fold01.csv,CV2_KW_Eta5_rep07_fold01.csv,CV2,KW,rep07,fold01,Eta5
CV2/KW/rep07/fold01/CV2_KW_Eta6_rep07_fold01.csv,CV2_KW_Eta6_rep07_fold01.csv,CV2,KW,rep07,fold01,Eta6
CV2/KW/rep07/fold01/CV2_KW_Eta7_rep07_fold01.csv,CV2_KW_Eta7_rep07_fold01.csv,CV2,KW,rep07,fold01,Eta7
CV2/KW/rep07/fold01/CV2_KW_Eta8_rep07_fold01.csv,CV2_KW_Eta8_rep07_fold01.csv,CV2,KW,rep07,fold01,Eta8
CV2/KW/rep07/fold01/CV2_KW_Eta9_rep07_fold01.csv,CV2_KW_Eta9_rep07_fold01.csv,CV2,KW,rep07,fold01,Eta9
CV2/KW/rep07/fold02/CV2_KW_Eta1_rep07_fold02.csv,CV2_KW_Eta1_rep07_fold02.csv,CV2,KW,rep07,fold02,Eta1
CV2/KW/rep07/fold02/CV2_KW_Eta10_rep07_fold02.csv,CV2_KW_Eta10_rep07_fold02.csv,CV2,KW,rep07,fold02,Eta10
CV2/KW/rep07/fold02/CV2_KW_Eta11_rep07_fold02.csv,CV2_KW_Eta11_rep07_fold02.csv,CV2,KW,rep07,fold02,Eta11
CV2/KW/rep07/fold02/CV2_KW_Eta12_rep07_fold02.csv,CV2_KW_Eta12_rep07_fold02.csv,CV2,KW,rep07,fold02,Eta12
CV2/KW/rep07/fold02/CV2_KW_Eta13_rep07_fold02.csv,CV2_KW_Eta13_rep07_fold02.csv,CV2,KW,rep07,fold02,Eta13
CV2/KW/rep07/fold02/CV2_KW_Eta14_rep07_fold02.csv,CV2_KW_Eta14_rep07_fold02.csv,CV2,KW,rep07,fold02,Eta14
CV2/KW/rep07/fold02/CV2_KW_Eta15_rep07_fold02.csv,CV2_KW_Eta15_rep07_fold02.csv,CV2,KW,rep07,fold02,Eta15
CV2/KW/rep07/fold02/CV2_KW_Eta16_rep07_fold02.csv,CV2_KW_Eta16_rep07_fold02.csv,CV2,KW,rep07,fold02,Eta16
CV2/KW/rep07/fold02/CV2_KW_Eta17_rep07_fold02.csv,CV2_KW_Eta17_rep07_fold02.csv,CV2,KW,rep07,fold02,Eta17
CV2/KW/rep07/fold02/CV2_KW_Eta18_rep07_fold02.csv,CV2_KW_Eta18_rep07_fold02.csv,CV2,KW,rep07,fold02,Eta18
CV2/KW/rep07/fold02/CV2_KW_Eta2_rep07_fold02.csv,CV2_KW_Eta2_rep07_fold02.csv,CV2,KW,rep07,fold02,Eta2
CV2/KW/rep07/fold02/CV2_KW_Eta3_rep07_fold02.csv,CV2_KW_Eta3_rep07_fold02.csv,CV2,KW,rep07,fold02,Eta3
CV2/KW/rep07/fold02/CV2_KW_Eta4_rep07_fold02.csv,CV2_KW_Eta4_rep07_fold02.csv,CV2,KW,rep07,fold02,Eta4
CV2/KW/rep07/fold02/CV2_KW_Eta5_rep07_fold02.csv,CV2_KW_Eta5_rep07_fold02.csv,CV2,KW,rep07,fold02,Eta5
CV2/KW/rep07/fold02/CV2_KW_Eta6_rep07_fold02.csv,CV2_KW_Eta6_rep07_fold02.csv,CV2,KW,rep07,fold02,Eta6
CV2/KW/rep07/fold02/CV2_KW_Eta7_rep07_fold02.csv,CV2_KW_Eta7_rep07_fold02.csv,CV2,KW,rep07,fold02,Eta7
CV2/KW/rep07/fold02/CV2_KW_Eta8_rep07_fold02.csv,CV2_KW_Eta8_rep07_fold02.csv,CV2,KW,rep07,fold02,Eta8
CV2/KW/rep07/fold02/CV2_KW_Eta9_rep07_fold02.csv,CV2_KW_Eta9_rep07_fold02.csv,CV2,KW,rep07,fold02,Eta9
CV2/KW/rep07/fold03/CV2_KW_Eta1_rep07_fold03.csv,CV2_KW_Eta1_rep07_fold03.csv,CV2,KW,rep07,fold03,Eta1
CV2/KW/rep07/fold03/CV2_KW_Eta10_rep07_fold03.csv,CV2_KW_Eta10_rep07_fold03.csv,CV2,KW,rep07,fold03,Eta10
CV2/KW/rep07/fold03/CV2_KW_Eta11_rep07_fold03.csv,CV2_KW_Eta11_rep07_fold03.csv,CV2,KW,rep07,fold03,Eta11
CV2/KW/rep07/fold03/CV2_KW_Eta12_rep07_fold03.csv,CV2_KW_Eta12_rep07_fold03.csv,CV2,KW,rep07,fold03,Eta12
CV2/KW/rep07/fold03/CV2_KW_Eta13_rep07_fold03.csv,CV2_KW_Eta13_rep07_fold03.csv,CV2,KW,rep07,fold03,Eta13
CV2/KW/rep07/fold03/CV2_KW_Eta14_rep07_fold03.csv,CV2_KW_Eta14_rep07_fold03.csv,CV2,KW,rep07,fold03,Eta14
CV2/KW/rep07/fold03/CV2_KW_Eta15_rep07_fold03.csv,CV2_KW_Eta15_rep07_fold03.csv,CV2,KW,rep07,fold03,Eta15
CV2/KW/rep07/fold03/CV2_KW_Eta16_rep07_fold03.csv,CV2_KW_Eta16_rep07_fold03.csv,CV2,KW,rep07,fold03,Eta16
CV2/KW/rep07/fold03/CV2_KW_Eta17_rep07_fold03.csv,CV2_KW_Eta17_rep07_fold03.csv,CV2,KW,rep07,fold03,Eta17
CV2/KW/rep07/fold03/CV2_KW_Eta18_rep07_fold03.csv,CV2_KW_Eta18_rep07_fold03.csv,CV2,KW,rep07,fold03,Eta18
CV2/KW/rep07/fold03/CV2_KW_Eta2_rep07_fold03.csv,CV2_KW_Eta2_rep07_fold03.csv,CV2,KW,rep07,fold03,Eta2
CV2/KW/rep07/fold03/CV2_KW_Eta3_rep07_fold03.csv,CV2_KW_Eta3_rep07_fold03.csv,CV2,KW,rep07,fold03,Eta3
CV2/KW/rep07/fold03/CV2_KW_Eta4_rep07_fold03.csv,CV2_KW_Eta4_rep07_fold03.csv,CV2,KW,rep07,fold03,Eta4
CV2/KW/rep07/fold03/CV2_KW_Eta5_rep07_fold03.csv,CV2_KW_Eta5_rep07_fold03.csv,CV2,KW,rep07,fold03,Eta5
CV2/KW/rep07/fold03/CV2_KW_Eta6_rep07_fold03.csv,CV2_KW_Eta6_rep07_fold03.csv,CV2,KW,rep07,fold03,Eta6
CV2/KW/rep07/fold03/CV2_KW_Eta7_rep07_fold03.csv,CV2_KW_Eta7_rep07_fold03.csv,CV2,KW,rep07,fold03,Eta7
CV2/KW/rep07/fold03/CV2_KW_Eta8_rep07_fold03.csv,CV2_KW_Eta8_rep07_fold03.csv,CV2,KW,rep07,fold03,Eta8
CV2/KW/rep07/fold03/CV2_KW_Eta9_rep07_fold03.csv,CV2_KW_Eta9_rep07_fold03.csv,CV2,KW,rep07,fold03,Eta9
CV2/KW/rep07/fold04/CV2_KW_Eta1_rep07_fold04.csv,CV2_KW_Eta1_rep07_fold04.csv,CV2,KW,rep07,fold04,Eta1
CV2/KW/rep07/fold04/CV2_KW_Eta10_rep07_fold04.csv,CV2_KW_Eta10_rep07_fold04.csv,CV2,KW,rep07,fold04,Eta10
CV2/KW/rep07/fold04/CV2_KW_Eta11_rep07_fold04.csv,CV2_KW_Eta11_rep07_fold04.csv,CV2,KW,rep07,fold04,Eta11
CV2/KW/rep07/fold04/CV2_KW_Eta12_rep07_fold04.csv,CV2_KW_Eta12_rep07_fold04.csv,CV2,KW,rep07,fold04,Eta12
CV2/KW/rep07/fold04/CV2_KW_Eta13_rep07_fold04.csv,CV2_KW_Eta13_rep07_fold04.csv,CV2,KW,rep07,fold04,Eta13
CV2/KW/rep07/fold04/CV2_KW_Eta14_rep07_fold04.csv,CV2_KW_Eta14_rep07_fold04.csv,CV2,KW,rep07,fold04,Eta14
CV2/KW/rep07/fold04/CV2_KW_Eta15_rep07_fold04.csv,CV2_KW_Eta15_rep07_fold04.csv,CV2,KW,rep07,fold04,Eta15
CV2/KW/rep07/fold04/CV2_KW_Eta16_rep07_fold04.csv,CV2_KW_Eta16_rep07_fold04.csv,CV2,KW,rep07,fold04,Eta16
CV2/KW/rep07/fold04/CV2_KW_Eta17_rep07_fold04.csv,CV2_KW_Eta17_rep07_fold04.csv,CV2,KW,rep07,fold04,Eta17
CV2/KW/rep07/fold04/CV2_KW_Eta18_rep07_fold04.csv,CV2_KW_Eta18_rep07_fold04.csv,CV2,KW,rep07,fold04,Eta18
CV2/KW/rep07/fold04/CV2_KW_Eta2_rep07_fold04.csv,CV2_KW_Eta2_rep07_fold04.csv,CV2,KW,rep07,fold04,Eta2
CV2/KW/rep07/fold04/CV2_KW_Eta3_rep07_fold04.csv,CV2_KW_Eta3_rep07_fold04.csv,CV2,KW,rep07,fold04,Eta3
CV2/KW/rep07/fold04/CV2_KW_Eta4_rep07_fold04.csv,CV2_KW_Eta4_rep07_fold04.csv,CV2,KW,rep07,fold04,Eta4
CV2/KW/rep07/fold04/CV2_KW_Eta5_rep07_fold04.csv,CV2_KW_Eta5_rep07_fold04.csv,CV2,KW,rep07,fold04,Eta5
CV2/KW/rep07/fold04/CV2_KW_Eta6_rep07_fold04.csv,CV2_KW_Eta6_rep07_fold04.csv,CV2,KW,rep07,fold04,Eta6
CV2/KW/rep07/fold04/CV2_KW_Eta7_rep07_fold04.csv,CV2_KW_Eta7_rep07_fold04.csv,CV2,KW,rep07,fold04,Eta7
CV2/KW/rep07/fold04/CV2_KW_Eta8_rep07_fold04.csv,CV2_KW_Eta8_rep07_fold04.csv,CV2,KW,rep07,fold04,Eta8
CV2/KW/rep07/fold04/CV2_KW_Eta9_rep07_fold04.csv,CV2_KW_Eta9_rep07_fold04.csv,CV2,KW,rep07,fold04,Eta9
CV2/KW/rep07/fold05/CV2_KW_Eta1_rep07_fold05.csv,CV2_KW_Eta1_rep07_fold05.csv,CV2,KW,rep07,fold05,Eta1
CV2/KW/rep07/fold05/CV2_KW_Eta10_rep07_fold05.csv,CV2_KW_Eta10_rep07_fold05.csv,CV2,KW,rep07,fold05,Eta10
CV2/KW/rep07/fold05/CV2_KW_Eta11_rep07_fold05.csv,CV2_KW_Eta11_rep07_fold05.csv,CV2,KW,rep07,fold05,Eta11
CV2/KW/rep07/fold05/CV2_KW_Eta12_rep07_fold05.csv,CV2_KW_Eta12_rep07_fold05.csv,CV2,KW,rep07,fold05,Eta12
CV2/KW/rep07/fold05/CV2_KW_Eta13_rep07_fold05.csv,CV2_KW_Eta13_rep07_fold05.csv,CV2,KW,rep07,fold05,Eta13
CV2/KW/rep07/fold05/CV2_KW_Eta14_rep07_fold05.csv,CV2_KW_Eta14_rep07_fold05.csv,CV2,KW,rep07,fold05,Eta14
CV2/KW/rep07/fold05/CV2_KW_Eta15_rep07_fold05.csv,CV2_KW_Eta15_rep07_fold05.csv,CV2,KW,rep07,fold05,Eta15
CV2/KW/rep07/fold05/CV2_KW_Eta16_rep07_fold05.csv,CV2_KW_Eta16_rep07_fold05.csv,CV2,KW,rep07,fold05,Eta16
CV2/KW/rep07/fold05/CV2_KW_Eta17_rep07_fold05.csv,CV2_KW_Eta17_rep07_fold05.csv,CV2,KW,rep07,fold05,Eta17
CV2/KW/rep07/fold05/CV2_KW_Eta18_rep07_fold05.csv,CV2_KW_Eta18_rep07_fold05.csv,CV2,KW,rep07,fold05,Eta18
CV2/KW/rep07/fold05/CV2_KW_Eta2_rep07_fold05.csv,CV2_KW_Eta2_rep07_fold05.csv,CV2,KW,rep07,fold05,Eta2
CV2/KW/rep07/fold05/CV2_KW_Eta3_rep07_fold05.csv,CV2_KW_Eta3_rep07_fold05.csv,CV2,KW,rep07,fold05,Eta3
CV2/KW/rep07/fold05/CV2_KW_Eta4_rep07_fold05.csv,CV2_KW_Eta4_rep07_fold05.csv,CV2,KW,rep07,fold05,Eta4
CV2/KW/rep07/fold05/CV2_KW_Eta5_rep07_fold05.csv,CV2_KW_Eta5_rep07_fold05.csv,CV2,KW,rep07,fold05,Eta5
CV2/KW/rep07/fold05/CV2_KW_Eta6_rep07_fold05.csv,CV2_KW_Eta6_rep07_fold05.csv,CV2,KW,rep07,fold05,Eta6
CV2/KW/rep07/fold05/CV2_KW_Eta7_rep07_fold05.csv,CV2_KW_Eta7_rep07_fold05.csv,CV2,KW,rep07,fold05,Eta7
CV2/KW/rep07/fold05/CV2_KW_Eta8_rep07_fold05.csv,CV2_KW_Eta8_rep07_fold05.csv,CV2,KW,rep07,fold05,Eta8
CV2/KW/rep07/fold05/CV2_KW_Eta9_rep07_fold05.csv,CV2_KW_Eta9_rep07_fold05.csv,CV2,KW,rep07,fold05,Eta9
CV2/KW/rep08/fold01/CV2_KW_Eta1_rep08_fold01.csv,CV2_KW_Eta1_rep08_fold01.csv,CV2,KW,rep08,fold01,Eta1
CV2/KW/rep08/fold01/CV2_KW_Eta10_rep08_fold01.csv,CV2_KW_Eta10_rep08_fold01.csv,CV2,KW,rep08,fold01,Eta10
CV2/KW/rep08/fold01/CV2_KW_Eta11_rep08_fold01.csv,CV2_KW_Eta11_rep08_fold01.csv,CV2,KW,rep08,fold01,Eta11
CV2/KW/rep08/fold01/CV2_KW_Eta12_rep08_fold01.csv,CV2_KW_Eta12_rep08_fold01.csv,CV2,KW,rep08,fold01,Eta12
CV2/KW/rep08/fold01/CV2_KW_Eta13_rep08_fold01.csv,CV2_KW_Eta13_rep08_fold01.csv,CV2,KW,rep08,fold01,Eta13
CV2/KW/rep08/fold01/CV2_KW_Eta14_rep08_fold01.csv,CV2_KW_Eta14_rep08_fold01.csv,CV2,KW,rep08,fold01,Eta14
CV2/KW/rep08/fold01/CV2_KW_Eta15_rep08_fold01.csv,CV2_KW_Eta15_rep08_fold01.csv,CV2,KW,rep08,fold01,Eta15
CV2/KW/rep08/fold01/CV2_KW_Eta16_rep08_fold01.csv,CV2_KW_Eta16_rep08_fold01.csv,CV2,KW,rep08,fold01,Eta16
CV2/KW/rep08/fold01/CV2_KW_Eta17_rep08_fold01.csv,CV2_KW_Eta17_rep08_fold01.csv,CV2,KW,rep08,fold01,Eta17
CV2/KW/rep08/fold01/CV2_KW_Eta18_rep08_fold01.csv,CV2_KW_Eta18_rep08_fold01.csv,CV2,KW,rep08,fold01,Eta18
CV2/KW/rep08/fold01/CV2_KW_Eta2_rep08_fold01.csv,CV2_KW_Eta2_rep08_fold01.csv,CV2,KW,rep08,fold01,Eta2
CV2/KW/rep08/fold01/CV2_KW_Eta3_rep08_fold01.csv,CV2_KW_Eta3_rep08_fold01.csv,CV2,KW,rep08,fold01,Eta3
CV2/KW/rep08/fold01/CV2_KW_Eta4_rep08_fold01.csv,CV2_KW_Eta4_rep08_fold01.csv,CV2,KW,rep08,fold01,Eta4
CV2/KW/rep08/fold01/CV2_KW_Eta5_rep08_fold01.csv,CV2_KW_Eta5_rep08_fold01.csv,CV2,KW,rep08,fold01,Eta5
CV2/KW/rep08/fold01/CV2_KW_Eta6_rep08_fold01.csv,CV2_KW_Eta6_rep08_fold01.csv,CV2,KW,rep08,fold01,Eta6
CV2/KW/rep08/fold01/CV2_KW_Eta7_rep08_fold01.csv,CV2_KW_Eta7_rep08_fold01.csv,CV2,KW,rep08,fold01,Eta7
CV2/KW/rep08/fold01/CV2_KW_Eta8_rep08_fold01.csv,CV2_KW_Eta8_rep08_fold01.csv,CV2,KW,rep08,fold01,Eta8
CV2/KW/rep08/fold01/CV2_KW_Eta9_rep08_fold01.csv,CV2_KW_Eta9_rep08_fold01.csv,CV2,KW,rep08,fold01,Eta9
CV2/KW/rep08/fold02/CV2_KW_Eta1_rep08_fold02.csv,CV2_KW_Eta1_rep08_fold02.csv,CV2,KW,rep08,fold02,Eta1
CV2/KW/rep08/fold02/CV2_KW_Eta10_rep08_fold02.csv,CV2_KW_Eta10_rep08_fold02.csv,CV2,KW,rep08,fold02,Eta10
CV2/KW/rep08/fold02/CV2_KW_Eta11_rep08_fold02.csv,CV2_KW_Eta11_rep08_fold02.csv,CV2,KW,rep08,fold02,Eta11
CV2/KW/rep08/fold02/CV2_KW_Eta12_rep08_fold02.csv,CV2_KW_Eta12_rep08_fold02.csv,CV2,KW,rep08,fold02,Eta12
CV2/KW/rep08/fold02/CV2_KW_Eta13_rep08_fold02.csv,CV2_KW_Eta13_rep08_fold02.csv,CV2,KW,rep08,fold02,Eta13
CV2/KW/rep08/fold02/CV2_KW_Eta14_rep08_fold02.csv,CV2_KW_Eta14_rep08_fold02.csv,CV2,KW,rep08,fold02,Eta14
CV2/KW/rep08/fold02/CV2_KW_Eta15_rep08_fold02.csv,CV2_KW_Eta15_rep08_fold02.csv,CV2,KW,rep08,fold02,Eta15
CV2/KW/rep08/fold02/CV2_KW_Eta16_rep08_fold02.csv,CV2_KW_Eta16_rep08_fold02.csv,CV2,KW,rep08,fold02,Eta16
CV2/KW/rep08/fold02/CV2_KW_Eta17_rep08_fold02.csv,CV2_KW_Eta17_rep08_fold02.csv,CV2,KW,rep08,fold02,Eta17
CV2/KW/rep08/fold02/CV2_KW_Eta18_rep08_fold02.csv,CV2_KW_Eta18_rep08_fold02.csv,CV2,KW,rep08,fold02,Eta18
CV2/KW/rep08/fold02/CV2_KW_Eta2_rep08_fold02.csv,CV2_KW_Eta2_rep08_fold02.csv,CV2,KW,rep08,fold02,Eta2
CV2/KW/rep08/fold02/CV2_KW_Eta3_rep08_fold02.csv,CV2_KW_Eta3_rep08_fold02.csv,CV2,KW,rep08,fold02,Eta3
CV2/KW/rep08/fold02/CV2_KW_Eta4_rep08_fold02.csv,CV2_KW_Eta4_rep08_fold02.csv,CV2,KW,rep08,fold02,Eta4
CV2/KW/rep08/fold02/CV2_KW_Eta5_rep08_fold02.csv,CV2_KW_Eta5_rep08_fold02.csv,CV2,KW,rep08,fold02,Eta5
CV2/KW/rep08/fold02/CV2_KW_Eta6_rep08_fold02.csv,CV2_KW_Eta6_rep08_fold02.csv,CV2,KW,rep08,fold02,Eta6
CV2/KW/rep08/fold02/CV2_KW_Eta7_rep08_fold02.csv,CV2_KW_Eta7_rep08_fold02.csv,CV2,KW,rep08,fold02,Eta7
CV2/KW/rep08/fold02/CV2_KW_Eta8_rep08_fold02.csv,CV2_KW_Eta8_rep08_fold02.csv,CV2,KW,rep08,fold02,Eta8
CV2/KW/rep08/fold02/CV2_KW_Eta9_rep08_fold02.csv,CV2_KW_Eta9_rep08_fold02.csv,CV2,KW,rep08,fold02,Eta9
CV2/KW/rep08/fold03/CV2_KW_Eta1_rep08_fold03.csv,CV2_KW_Eta1_rep08_fold03.csv,CV2,KW,rep08,fold03,Eta1
CV2/KW/rep08/fold03/CV2_KW_Eta10_rep08_fold03.csv,CV2_KW_Eta10_rep08_fold03.csv,CV2,KW,rep08,fold03,Eta10
CV2/KW/rep08/fold03/CV2_KW_Eta11_rep08_fold03.csv,CV2_KW_Eta11_rep08_fold03.csv,CV2,KW,rep08,fold03,Eta11
CV2/KW/rep08/fold03/CV2_KW_Eta12_rep08_fold03.csv,CV2_KW_Eta12_rep08_fold03.csv,CV2,KW,rep08,fold03,Eta12
CV2/KW/rep08/fold03/CV2_KW_Eta13_rep08_fold03.csv,CV2_KW_Eta13_rep08_fold03.csv,CV2,KW,rep08,fold03,Eta13
CV2/KW/rep08/fold03/CV2_KW_Eta14_rep08_fold03.csv,CV2_KW_Eta14_rep08_fold03.csv,CV2,KW,rep08,fold03,Eta14
CV2/KW/rep08/fold03/CV2_KW_Eta15_rep08_fold03.csv,CV2_KW_Eta15_rep08_fold03.csv,CV2,KW,rep08,fold03,Eta15
CV2/KW/rep08/fold03/CV2_KW_Eta16_rep08_fold03.csv,CV2_KW_Eta16_rep08_fold03.csv,CV2,KW,rep08,fold03,Eta16
CV2/KW/rep08/fold03/CV2_KW_Eta17_rep08_fold03.csv,CV2_KW_Eta17_rep08_fold03.csv,CV2,KW,rep08,fold03,Eta17
CV2/KW/rep08/fold03/CV2_KW_Eta18_rep08_fold03.csv,CV2_KW_Eta18_rep08_fold03.csv,CV2,KW,rep08,fold03,Eta18
CV2/KW/rep08/fold03/CV2_KW_Eta2_rep08_fold03.csv,CV2_KW_Eta2_rep08_fold03.csv,CV2,KW,rep08,fold03,Eta2
CV2/KW/rep08/fold03/CV2_KW_Eta3_rep08_fold03.csv,CV2_KW_Eta3_rep08_fold03.csv,CV2,KW,rep08,fold03,Eta3
CV2/KW/rep08/fold03/CV2_KW_Eta4_rep08_fold03.csv,CV2_KW_Eta4_rep08_fold03.csv,CV2,KW,rep08,fold03,Eta4
CV2/KW/rep08/fold03/CV2_KW_Eta5_rep08_fold03.csv,CV2_KW_Eta5_rep08_fold03.csv,CV2,KW,rep08,fold03,Eta5
CV2/KW/rep08/fold03/CV2_KW_Eta6_rep08_fold03.csv,CV2_KW_Eta6_rep08_fold03.csv,CV2,KW,rep08,fold03,Eta6
CV2/KW/rep08/fold03/CV2_KW_Eta7_rep08_fold03.csv,CV2_KW_Eta7_rep08_fold03.csv,CV2,KW,rep08,fold03,Eta7
CV2/KW/rep08/fold03/CV2_KW_Eta8_rep08_fold03.csv,CV2_KW_Eta8_rep08_fold03.csv,CV2,KW,rep08,fold03,Eta8
CV2/KW/rep08/fold03/CV2_KW_Eta9_rep08_fold03.csv,CV2_KW_Eta9_rep08_fold03.csv,CV2,KW,rep08,fold03,Eta9
CV2/KW/rep08/fold04/CV2_KW_Eta1_rep08_fold04.csv,CV2_KW_Eta1_rep08_fold04.csv,CV2,KW,rep08,fold04,Eta1
CV2/KW/rep08/fold04/CV2_KW_Eta10_rep08_fold04.csv,CV2_KW_Eta10_rep08_fold04.csv,CV2,KW,rep08,fold04,Eta10
CV2/KW/rep08/fold04/CV2_KW_Eta11_rep08_fold04.csv,CV2_KW_Eta11_rep08_fold04.csv,CV2,KW,rep08,fold04,Eta11
CV2/KW/rep08/fold04/CV2_KW_Eta12_rep08_fold04.csv,CV2_KW_Eta12_rep08_fold04.csv,CV2,KW,rep08,fold04,Eta12
CV2/KW/rep08/fold04/CV2_KW_Eta13_rep08_fold04.csv,CV2_KW_Eta13_rep08_fold04.csv,CV2,KW,rep08,fold04,Eta13
CV2/KW/rep08/fold04/CV2_KW_Eta14_rep08_fold04.csv,CV2_KW_Eta14_rep08_fold04.csv,CV2,KW,rep08,fold04,Eta14
CV2/KW/rep08/fold04/CV2_KW_Eta15_rep08_fold04.csv,CV2_KW_Eta15_rep08_fold04.csv,CV2,KW,rep08,fold04,Eta15
CV2/KW/rep08/fold04/CV2_KW_Eta16_rep08_fold04.csv,CV2_KW_Eta16_rep08_fold04.csv,CV2,KW,rep08,fold04,Eta16
CV2/KW/rep08/fold04/CV2_KW_Eta17_rep08_fold04.csv,CV2_KW_Eta17_rep08_fold04.csv,CV2,KW,rep08,fold04,Eta17
CV2/KW/rep08/fold04/CV2_KW_Eta18_rep08_fold04.csv,CV2_KW_Eta18_rep08_fold04.csv,CV2,KW,rep08,fold04,Eta18
CV2/KW/rep08/fold04/CV2_KW_Eta2_rep08_fold04.csv,CV2_KW_Eta2_rep08_fold04.csv,CV2,KW,rep08,fold04,Eta2
CV2/KW/rep08/fold04/CV2_KW_Eta3_rep08_fold04.csv,CV2_KW_Eta3_rep08_fold04.csv,CV2,KW,rep08,fold04,Eta3
CV2/KW/rep08/fold04/CV2_KW_Eta4_rep08_fold04.csv,CV2_KW_Eta4_rep08_fold04.csv,CV2,KW,rep08,fold04,Eta4
CV2/KW/rep08/fold04/CV2_KW_Eta5_rep08_fold04.csv,CV2_KW_Eta5_rep08_fold04.csv,CV2,KW,rep08,fold04,Eta5
CV2/KW/rep08/fold04/CV2_KW_Eta6_rep08_fold04.csv,CV2_KW_Eta6_rep08_fold04.csv,CV2,KW,rep08,fold04,Eta6
CV2/KW/rep08/fold04/CV2_KW_Eta7_rep08_fold04.csv,CV2_KW_Eta7_rep08_fold04.csv,CV2,KW,rep08,fold04,Eta7
CV2/KW/rep08/fold04/CV2_KW_Eta8_rep08_fold04.csv,CV2_KW_Eta8_rep08_fold04.csv,CV2,KW,rep08,fold04,Eta8
CV2/KW/rep08/fold04/CV2_KW_Eta9_rep08_fold04.csv,CV2_KW_Eta9_rep08_fold04.csv,CV2,KW,rep08,fold04,Eta9
CV2/KW/rep08/fold05/CV2_KW_Eta1_rep08_fold05.csv,CV2_KW_Eta1_rep08_fold05.csv,CV2,KW,rep08,fold05,Eta1
CV2/KW/rep08/fold05/CV2_KW_Eta10_rep08_fold05.csv,CV2_KW_Eta10_rep08_fold05.csv,CV2,KW,rep08,fold05,Eta10
CV2/KW/rep08/fold05/CV2_KW_Eta11_rep08_fold05.csv,CV2_KW_Eta11_rep08_fold05.csv,CV2,KW,rep08,fold05,Eta11
CV2/KW/rep08/fold05/CV2_KW_Eta12_rep08_fold05.csv,CV2_KW_Eta12_rep08_fold05.csv,CV2,KW,rep08,fold05,Eta12
CV2/KW/rep08/fold05/CV2_KW_Eta13_rep08_fold05.csv,CV2_KW_Eta13_rep08_fold05.csv,CV2,KW,rep08,fold05,Eta13
CV2/KW/rep08/fold05/CV2_KW_Eta14_rep08_fold05.csv,CV2_KW_Eta14_rep08_fold05.csv,CV2,KW,rep08,fold05,Eta14
CV2/KW/rep08/fold05/CV2_KW_Eta15_rep08_fold05.csv,CV2_KW_Eta15_rep08_fold05.csv,CV2,KW,rep08,fold05,Eta15
CV2/KW/rep08/fold05/CV2_KW_Eta16_rep08_fold05.csv,CV2_KW_Eta16_rep08_fold05.csv,CV2,KW,rep08,fold05,Eta16
CV2/KW/rep08/fold05/CV2_KW_Eta17_rep08_fold05.csv,CV2_KW_Eta17_rep08_fold05.csv,CV2,KW,rep08,fold05,Eta17
CV2/KW/rep08/fold05/CV2_KW_Eta18_rep08_fold05.csv,CV2_KW_Eta18_rep08_fold05.csv,CV2,KW,rep08,fold05,Eta18
CV2/KW/rep08/fold05/CV2_KW_Eta2_rep08_fold05.csv,CV2_KW_Eta2_rep08_fold05.csv,CV2,KW,rep08,fold05,Eta2
CV2/KW/rep08/fold05/CV2_KW_Eta3_rep08_fold05.csv,CV2_KW_Eta3_rep08_fold05.csv,CV2,KW,rep08,fold05,Eta3
CV2/KW/rep08/fold05/CV2_KW_Eta4_rep08_fold05.csv,CV2_KW_Eta4_rep08_fold05.csv,CV2,KW,rep08,fold05,Eta4
CV2/KW/rep08/fold05/CV2_KW_Eta5_rep08_fold05.csv,CV2_KW_Eta5_rep08_fold05.csv,CV2,KW,rep08,fold05,Eta5
CV2/KW/rep08/fold05/CV2_KW_Eta6_rep08_fold05.csv,CV2_KW_Eta6_rep08_fold05.csv,CV2,KW,rep08,fold05,Eta6
CV2/KW/rep08/fold05/CV2_KW_Eta7_rep08_fold05.csv,CV2_KW_Eta7_rep08_fold05.csv,CV2,KW,rep08,fold05,Eta7
CV2/KW/rep08/fold05/CV2_KW_Eta8_rep08_fold05.csv,CV2_KW_Eta8_rep08_fold05.csv,CV2,KW,rep08,fold05,Eta8
CV2/KW/rep08/fold05/CV2_KW_Eta9_rep08_fold05.csv,CV2_KW_Eta9_rep08_fold05.csv,CV2,KW,rep08,fold05,Eta9
CV2/KW/rep09/fold01/CV2_KW_Eta1_rep09_fold01.csv,CV2_KW_Eta1_rep09_fold01.csv,CV2,KW,rep09,fold01,Eta1
CV2/KW/rep09/fold01/CV2_KW_Eta10_rep09_fold01.csv,CV2_KW_Eta10_rep09_fold01.csv,CV2,KW,rep09,fold01,Eta10
CV2/KW/rep09/fold01/CV2_KW_Eta11_rep09_fold01.csv,CV2_KW_Eta11_rep09_fold01.csv,CV2,KW,rep09,fold01,Eta11
CV2/KW/rep09/fold01/CV2_KW_Eta12_rep09_fold01.csv,CV2_KW_Eta12_rep09_fold01.csv,CV2,KW,rep09,fold01,Eta12
CV2/KW/rep09/fold01/CV2_KW_Eta13_rep09_fold01.csv,CV2_KW_Eta13_rep09_fold01.csv,CV2,KW,rep09,fold01,Eta13
CV2/KW/rep09/fold01/CV2_KW_Eta14_rep09_fold01.csv,CV2_KW_Eta14_rep09_fold01.csv,CV2,KW,rep09,fold01,Eta14
CV2/KW/rep09/fold01/CV2_KW_Eta15_rep09_fold01.csv,CV2_KW_Eta15_rep09_fold01.csv,CV2,KW,rep09,fold01,Eta15
CV2/KW/rep09/fold01/CV2_KW_Eta16_rep09_fold01.csv,CV2_KW_Eta16_rep09_fold01.csv,CV2,KW,rep09,fold01,Eta16
CV2/KW/rep09/fold01/CV2_KW_Eta17_rep09_fold01.csv,CV2_KW_Eta17_rep09_fold01.csv,CV2,KW,rep09,fold01,Eta17
CV2/KW/rep09/fold01/CV2_KW_Eta18_rep09_fold01.csv,CV2_KW_Eta18_rep09_fold01.csv,CV2,KW,rep09,fold01,Eta18
CV2/KW/rep09/fold01/CV2_KW_Eta2_rep09_fold01.csv,CV2_KW_Eta2_rep09_fold01.csv,CV2,KW,rep09,fold01,Eta2
CV2/KW/rep09/fold01/CV2_KW_Eta3_rep09_fold01.csv,CV2_KW_Eta3_rep09_fold01.csv,CV2,KW,rep09,fold01,Eta3
CV2/KW/rep09/fold01/CV2_KW_Eta4_rep09_fold01.csv,CV2_KW_Eta4_rep09_fold01.csv,CV2,KW,rep09,fold01,Eta4
CV2/KW/rep09/fold01/CV2_KW_Eta5_rep09_fold01.csv,CV2_KW_Eta5_rep09_fold01.csv,CV2,KW,rep09,fold01,Eta5
CV2/KW/rep09/fold01/CV2_KW_Eta6_rep09_fold01.csv,CV2_KW_Eta6_rep09_fold01.csv,CV2,KW,rep09,fold01,Eta6
CV2/KW/rep09/fold01/CV2_KW_Eta7_rep09_fold01.csv,CV2_KW_Eta7_rep09_fold01.csv,CV2,KW,rep09,fold01,Eta7
CV2/KW/rep09/fold01/CV2_KW_Eta8_rep09_fold01.csv,CV2_KW_Eta8_rep09_fold01.csv,CV2,KW,rep09,fold01,Eta8
CV2/KW/rep09/fold01/CV2_KW_Eta9_rep09_fold01.csv,CV2_KW_Eta9_rep09_fold01.csv,CV2,KW,rep09,fold01,Eta9
CV2/KW/rep09/fold02/CV2_KW_Eta1_rep09_fold02.csv,CV2_KW_Eta1_rep09_fold02.csv,CV2,KW,rep09,fold02,Eta1
CV2/KW/rep09/fold02/CV2_KW_Eta10_rep09_fold02.csv,CV2_KW_Eta10_rep09_fold02.csv,CV2,KW,rep09,fold02,Eta10
CV2/KW/rep09/fold02/CV2_KW_Eta11_rep09_fold02.csv,CV2_KW_Eta11_rep09_fold02.csv,CV2,KW,rep09,fold02,Eta11
CV2/KW/rep09/fold02/CV2_KW_Eta12_rep09_fold02.csv,CV2_KW_Eta12_rep09_fold02.csv,CV2,KW,rep09,fold02,Eta12
CV2/KW/rep09/fold02/CV2_KW_Eta13_rep09_fold02.csv,CV2_KW_Eta13_rep09_fold02.csv,CV2,KW,rep09,fold02,Eta13
CV2/KW/rep09/fold02/CV2_KW_Eta14_rep09_fold02.csv,CV2_KW_Eta14_rep09_fold02.csv,CV2,KW,rep09,fold02,Eta14
CV2/KW/rep09/fold02/CV2_KW_Eta15_rep09_fold02.csv,CV2_KW_Eta15_rep09_fold02.csv,CV2,KW,rep09,fold02,Eta15
CV2/KW/rep09/fold02/CV2_KW_Eta16_rep09_fold02.csv,CV2_KW_Eta16_rep09_fold02.csv,CV2,KW,rep09,fold02,Eta16
CV2/KW/rep09/fold02/CV2_KW_Eta17_rep09_fold02.csv,CV2_KW_Eta17_rep09_fold02.csv,CV2,KW,rep09,fold02,Eta17
CV2/KW/rep09/fold02/CV2_KW_Eta18_rep09_fold02.csv,CV2_KW_Eta18_rep09_fold02.csv,CV2,KW,rep09,fold02,Eta18
CV2/KW/rep09/fold02/CV2_KW_Eta2_rep09_fold02.csv,CV2_KW_Eta2_rep09_fold02.csv,CV2,KW,rep09,fold02,Eta2
CV2/KW/rep09/fold02/CV2_KW_Eta3_rep09_fold02.csv,CV2_KW_Eta3_rep09_fold02.csv,CV2,KW,rep09,fold02,Eta3
CV2/KW/rep09/fold02/CV2_KW_Eta4_rep09_fold02.csv,CV2_KW_Eta4_rep09_fold02.csv,CV2,KW,rep09,fold02,Eta4
CV2/KW/rep09/fold02/CV2_KW_Eta5_rep09_fold02.csv,CV2_KW_Eta5_rep09_fold02.csv,CV2,KW,rep09,fold02,Eta5
CV2/KW/rep09/fold02/CV2_KW_Eta6_rep09_fold02.csv,CV2_KW_Eta6_rep09_fold02.csv,CV2,KW,rep09,fold02,Eta6
CV2/KW/rep09/fold02/CV2_KW_Eta7_rep09_fold02.csv,CV2_KW_Eta7_rep09_fold02.csv,CV2,KW,rep09,fold02,Eta7
CV2/KW/rep09/fold02/CV2_KW_Eta8_rep09_fold02.csv,CV2_KW_Eta8_rep09_fold02.csv,CV2,KW,rep09,fold02,Eta8
CV2/KW/rep09/fold02/CV2_KW_Eta9_rep09_fold02.csv,CV2_KW_Eta9_rep09_fold02.csv,CV2,KW,rep09,fold02,Eta9
CV2/KW/rep09/fold03/CV2_KW_Eta1_rep09_fold03.csv,CV2_KW_Eta1_rep09_fold03.csv,CV2,KW,rep09,fold03,Eta1
CV2/KW/rep09/fold03/CV2_KW_Eta10_rep09_fold03.csv,CV2_KW_Eta10_rep09_fold03.csv,CV2,KW,rep09,fold03,Eta10
CV2/KW/rep09/fold03/CV2_KW_Eta11_rep09_fold03.csv,CV2_KW_Eta11_rep09_fold03.csv,CV2,KW,rep09,fold03,Eta11
CV2/KW/rep09/fold03/CV2_KW_Eta12_rep09_fold03.csv,CV2_KW_Eta12_rep09_fold03.csv,CV2,KW,rep09,fold03,Eta12
CV2/KW/rep09/fold03/CV2_KW_Eta13_rep09_fold03.csv,CV2_KW_Eta13_rep09_fold03.csv,CV2,KW,rep09,fold03,Eta13
CV2/KW/rep09/fold03/CV2_KW_Eta14_rep09_fold03.csv,CV2_KW_Eta14_rep09_fold03.csv,CV2,KW,rep09,fold03,Eta14
CV2/KW/rep09/fold03/CV2_KW_Eta15_rep09_fold03.csv,CV2_KW_Eta15_rep09_fold03.csv,CV2,KW,rep09,fold03,Eta15
CV2/KW/rep09/fold03/CV2_KW_Eta16_rep09_fold03.csv,CV2_KW_Eta16_rep09_fold03.csv,CV2,KW,rep09,fold03,Eta16
CV2/KW/rep09/fold03/CV2_KW_Eta17_rep09_fold03.csv,CV2_KW_Eta17_rep09_fold03.csv,CV2,KW,rep09,fold03,Eta17
CV2/KW/rep09/fold03/CV2_KW_Eta18_rep09_fold03.csv,CV2_KW_Eta18_rep09_fold03.csv,CV2,KW,rep09,fold03,Eta18
CV2/KW/rep09/fold03/CV2_KW_Eta2_rep09_fold03.csv,CV2_KW_Eta2_rep09_fold03.csv,CV2,KW,rep09,fold03,Eta2
CV2/KW/rep09/fold03/CV2_KW_Eta3_rep09_fold03.csv,CV2_KW_Eta3_rep09_fold03.csv,CV2,KW,rep09,fold03,Eta3
CV2/KW/rep09/fold03/CV2_KW_Eta4_rep09_fold03.csv,CV2_KW_Eta4_rep09_fold03.csv,CV2,KW,rep09,fold03,Eta4
CV2/KW/rep09/fold03/CV2_KW_Eta5_rep09_fold03.csv,CV2_KW_Eta5_rep09_fold03.csv,CV2,KW,rep09,fold03,Eta5
CV2/KW/rep09/fold03/CV2_KW_Eta6_rep09_fold03.csv,CV2_KW_Eta6_rep09_fold03.csv,CV2,KW,rep09,fold03,Eta6
CV2/KW/rep09/fold03/CV2_KW_Eta7_rep09_fold03.csv,CV2_KW_Eta7_rep09_fold03.csv,CV2,KW,rep09,fold03,Eta7
CV2/KW/rep09/fold03/CV2_KW_Eta8_rep09_fold03.csv,CV2_KW_Eta8_rep09_fold03.csv,CV2,KW,rep09,fold03,Eta8
CV2/KW/rep09/fold03/CV2_KW_Eta9_rep09_fold03.csv,CV2_KW_Eta9_rep09_fold03.csv,CV2,KW,rep09,fold03,Eta9
CV2/KW/rep09/fold04/CV2_KW_Eta1_rep09_fold04.csv,CV2_KW_Eta1_rep09_fold04.csv,CV2,KW,rep09,fold04,Eta1
CV2/KW/rep09/fold04/CV2_KW_Eta10_rep09_fold04.csv,CV2_KW_Eta10_rep09_fold04.csv,CV2,KW,rep09,fold04,Eta10
CV2/KW/rep09/fold04/CV2_KW_Eta11_rep09_fold04.csv,CV2_KW_Eta11_rep09_fold04.csv,CV2,KW,rep09,fold04,Eta11
CV2/KW/rep09/fold04/CV2_KW_Eta12_rep09_fold04.csv,CV2_KW_Eta12_rep09_fold04.csv,CV2,KW,rep09,fold04,Eta12
CV2/KW/rep09/fold04/CV2_KW_Eta13_rep09_fold04.csv,CV2_KW_Eta13_rep09_fold04.csv,CV2,KW,rep09,fold04,Eta13
CV2/KW/rep09/fold04/CV2_KW_Eta14_rep09_fold04.csv,CV2_KW_Eta14_rep09_fold04.csv,CV2,KW,rep09,fold04,Eta14
CV2/KW/rep09/fold04/CV2_KW_Eta15_rep09_fold04.csv,CV2_KW_Eta15_rep09_fold04.csv,CV2,KW,rep09,fold04,Eta15
CV2/KW/rep09/fold04/CV2_KW_Eta16_rep09_fold04.csv,CV2_KW_Eta16_rep09_fold04.csv,CV2,KW,rep09,fold04,Eta16
CV2/KW/rep09/fold04/CV2_KW_Eta17_rep09_fold04.csv,CV2_KW_Eta17_rep09_fold04.csv,CV2,KW,rep09,fold04,Eta17
CV2/KW/rep09/fold04/CV2_KW_Eta18_rep09_fold04.csv,CV2_KW_Eta18_rep09_fold04.csv,CV2,KW,rep09,fold04,Eta18
CV2/KW/rep09/fold04/CV2_KW_Eta2_rep09_fold04.csv,CV2_KW_Eta2_rep09_fold04.csv,CV2,KW,rep09,fold04,Eta2
CV2/KW/rep09/fold04/CV2_KW_Eta3_rep09_fold04.csv,CV2_KW_Eta3_rep09_fold04.csv,CV2,KW,rep09,fold04,Eta3
CV2/KW/rep09/fold04/CV2_KW_Eta4_rep09_fold04.csv,CV2_KW_Eta4_rep09_fold04.csv,CV2,KW,rep09,fold04,Eta4
CV2/KW/rep09/fold04/CV2_KW_Eta5_rep09_fold04.csv,CV2_KW_Eta5_rep09_fold04.csv,CV2,KW,rep09,fold04,Eta5
CV2/KW/rep09/fold04/CV2_KW_Eta6_rep09_fold04.csv,CV2_KW_Eta6_rep09_fold04.csv,CV2,KW,rep09,fold04,Eta6
CV2/KW/rep09/fold04/CV2_KW_Eta7_rep09_fold04.csv,CV2_KW_Eta7_rep09_fold04.csv,CV2,KW,rep09,fold04,Eta7
CV2/KW/rep09/fold04/CV2_KW_Eta8_rep09_fold04.csv,CV2_KW_Eta8_rep09_fold04.csv,CV2,KW,rep09,fold04,Eta8
CV2/KW/rep09/fold04/CV2_KW_Eta9_rep09_fold04.csv,CV2_KW_Eta9_rep09_fold04.csv,CV2,KW,rep09,fold04,Eta9
CV2/KW/rep09/fold05/CV2_KW_Eta1_rep09_fold05.csv,CV2_KW_Eta1_rep09_fold05.csv,CV2,KW,rep09,fold05,Eta1
CV2/KW/rep09/fold05/CV2_KW_Eta10_rep09_fold05.csv,CV2_KW_Eta10_rep09_fold05.csv,CV2,KW,rep09,fold05,Eta10
CV2/KW/rep09/fold05/CV2_KW_Eta11_rep09_fold05.csv,CV2_KW_Eta11_rep09_fold05.csv,CV2,KW,rep09,fold05,Eta11
CV2/KW/rep09/fold05/CV2_KW_Eta12_rep09_fold05.csv,CV2_KW_Eta12_rep09_fold05.csv,CV2,KW,rep09,fold05,Eta12
CV2/KW/rep09/fold05/CV2_KW_Eta13_rep09_fold05.csv,CV2_KW_Eta13_rep09_fold05.csv,CV2,KW,rep09,fold05,Eta13
CV2/KW/rep09/fold05/CV2_KW_Eta14_rep09_fold05.csv,CV2_KW_Eta14_rep09_fold05.csv,CV2,KW,rep09,fold05,Eta14
CV2/KW/rep09/fold05/CV2_KW_Eta15_rep09_fold05.csv,CV2_KW_Eta15_rep09_fold05.csv,CV2,KW,rep09,fold05,Eta15
CV2/KW/rep09/fold05/CV2_KW_Eta16_rep09_fold05.csv,CV2_KW_Eta16_rep09_fold05.csv,CV2,KW,rep09,fold05,Eta16
CV2/KW/rep09/fold05/CV2_KW_Eta17_rep09_fold05.csv,CV2_KW_Eta17_rep09_fold05.csv,CV2,KW,rep09,fold05,Eta17
CV2/KW/rep09/fold05/CV2_KW_Eta18_rep09_fold05.csv,CV2_KW_Eta18_rep09_fold05.csv,CV2,KW,rep09,fold05,Eta18
CV2/KW/rep09/fold05/CV2_KW_Eta2_rep09_fold05.csv,CV2_KW_Eta2_rep09_fold05.csv,CV2,KW,rep09,fold05,Eta2
CV2/KW/rep09/fold05/CV2_KW_Eta3_rep09_fold05.csv,CV2_KW_Eta3_rep09_fold05.csv,CV2,KW,rep09,fold05,Eta3
CV2/KW/rep09/fold05/CV2_KW_Eta4_rep09_fold05.csv,CV2_KW_Eta4_rep09_fold05.csv,CV2,KW,rep09,fold05,Eta4
CV2/KW/rep09/fold05/CV2_KW_Eta5_rep09_fold05.csv,CV2_KW_Eta5_rep09_fold05.csv,CV2,KW,rep09,fold05,Eta5
CV2/KW/rep09/fold05/CV2_KW_Eta6_rep09_fold05.csv,CV2_KW_Eta6_rep09_fold05.csv,CV2,KW,rep09,fold05,Eta6
CV2/KW/rep09/fold05/CV2_KW_Eta7_rep09_fold05.csv,CV2_KW_Eta7_rep09_fold05.csv,CV2,KW,rep09,fold05,Eta7
CV2/KW/rep09/fold05/CV2_KW_Eta8_rep09_fold05.csv,CV2_KW_Eta8_rep09_fold05.csv,CV2,KW,rep09,fold05,Eta8
CV2/KW/rep09/fold05/CV2_KW_Eta9_rep09_fold05.csv,CV2_KW_Eta9_rep09_fold05.csv,CV2,KW,rep09,fold05,Eta9
CV2/KW/rep10/fold01/CV2_KW_Eta1_rep10_fold01.csv,CV2_KW_Eta1_rep10_fold01.csv,CV2,KW,rep10,fold01,Eta1
CV2/KW/rep10/fold01/CV2_KW_Eta10_rep10_fold01.csv,CV2_KW_Eta10_rep10_fold01.csv,CV2,KW,rep10,fold01,Eta10
CV2/KW/rep10/fold01/CV2_KW_Eta11_rep10_fold01.csv,CV2_KW_Eta11_rep10_fold01.csv,CV2,KW,rep10,fold01,Eta11
CV2/KW/rep10/fold01/CV2_KW_Eta12_rep10_fold01.csv,CV2_KW_Eta12_rep10_fold01.csv,CV2,KW,rep10,fold01,Eta12
CV2/KW/rep10/fold01/CV2_KW_Eta13_rep10_fold01.csv,CV2_KW_Eta13_rep10_fold01.csv,CV2,KW,rep10,fold01,Eta13
CV2/KW/rep10/fold01/CV2_KW_Eta14_rep10_fold01.csv,CV2_KW_Eta14_rep10_fold01.csv,CV2,KW,rep10,fold01,Eta14
CV2/KW/rep10/fold01/CV2_KW_Eta15_rep10_fold01.csv,CV2_KW_Eta15_rep10_fold01.csv,CV2,KW,rep10,fold01,Eta15
CV2/KW/rep10/fold01/CV2_KW_Eta16_rep10_fold01.csv,CV2_KW_Eta16_rep10_fold01.csv,CV2,KW,rep10,fold01,Eta16
CV2/KW/rep10/fold01/CV2_KW_Eta17_rep10_fold01.csv,CV2_KW_Eta17_rep10_fold01.csv,CV2,KW,rep10,fold01,Eta17
CV2/KW/rep10/fold01/CV2_KW_Eta18_rep10_fold01.csv,CV2_KW_Eta18_rep10_fold01.csv,CV2,KW,rep10,fold01,Eta18
CV2/KW/rep10/fold01/CV2_KW_Eta2_rep10_fold01.csv,CV2_KW_Eta2_rep10_fold01.csv,CV2,KW,rep10,fold01,Eta2
CV2/KW/rep10/fold01/CV2_KW_Eta3_rep10_fold01.csv,CV2_KW_Eta3_rep10_fold01.csv,CV2,KW,rep10,fold01,Eta3
CV2/KW/rep10/fold01/CV2_KW_Eta4_rep10_fold01.csv,CV2_KW_Eta4_rep10_fold01.csv,CV2,KW,rep10,fold01,Eta4
CV2/KW/rep10/fold01/CV2_KW_Eta5_rep10_fold01.csv,CV2_KW_Eta5_rep10_fold01.csv,CV2,KW,rep10,fold01,Eta5
CV2/KW/rep10/fold01/CV2_KW_Eta6_rep10_fold01.csv,CV2_KW_Eta6_rep10_fold01.csv,CV2,KW,rep10,fold01,Eta6
CV2/KW/rep10/fold01/CV2_KW_Eta7_rep10_fold01.csv,CV2_KW_Eta7_rep10_fold01.csv,CV2,KW,rep10,fold01,Eta7
CV2/KW/rep10/fold01/CV2_KW_Eta8_rep10_fold01.csv,CV2_KW_Eta8_rep10_fold01.csv,CV2,KW,rep10,fold01,Eta8
CV2/KW/rep10/fold01/CV2_KW_Eta9_rep10_fold01.csv,CV2_KW_Eta9_rep10_fold01.csv,CV2,KW,rep10,fold01,Eta9
CV2/KW/rep10/fold02/CV2_KW_Eta1_rep10_fold02.csv,CV2_KW_Eta1_rep10_fold02.csv,CV2,KW,rep10,fold02,Eta1
CV2/KW/rep10/fold02/CV2_KW_Eta10_rep10_fold02.csv,CV2_KW_Eta10_rep10_fold02.csv,CV2,KW,rep10,fold02,Eta10
CV2/KW/rep10/fold02/CV2_KW_Eta11_rep10_fold02.csv,CV2_KW_Eta11_rep10_fold02.csv,CV2,KW,rep10,fold02,Eta11
CV2/KW/rep10/fold02/CV2_KW_Eta12_rep10_fold02.csv,CV2_KW_Eta12_rep10_fold02.csv,CV2,KW,rep10,fold02,Eta12
CV2/KW/rep10/fold02/CV2_KW_Eta13_rep10_fold02.csv,CV2_KW_Eta13_rep10_fold02.csv,CV2,KW,rep10,fold02,Eta13
CV2/KW/rep10/fold02/CV2_KW_Eta14_rep10_fold02.csv,CV2_KW_Eta14_rep10_fold02.csv,CV2,KW,rep10,fold02,Eta14
CV2/KW/rep10/fold02/CV2_KW_Eta15_rep10_fold02.csv,CV2_KW_Eta15_rep10_fold02.csv,CV2,KW,rep10,fold02,Eta15
CV2/KW/rep10/fold02/CV2_KW_Eta16_rep10_fold02.csv,CV2_KW_Eta16_rep10_fold02.csv,CV2,KW,rep10,fold02,Eta16
CV2/KW/rep10/fold02/CV2_KW_Eta17_rep10_fold02.csv,CV2_KW_Eta17_rep10_fold02.csv,CV2,KW,rep10,fold02,Eta17
CV2/KW/rep10/fold02/CV2_KW_Eta18_rep10_fold02.csv,CV2_KW_Eta18_rep10_fold02.csv,CV2,KW,rep10,fold02,Eta18
CV2/KW/rep10/fold02/CV2_KW_Eta2_rep10_fold02.csv,CV2_KW_Eta2_rep10_fold02.csv,CV2,KW,rep10,fold02,Eta2
CV2/KW/rep10/fold02/CV2_KW_Eta3_rep10_fold02.csv,CV2_KW_Eta3_rep10_fold02.csv,CV2,KW,rep10,fold02,Eta3
CV2/KW/rep10/fold02/CV2_KW_Eta4_rep10_fold02.csv,CV2_KW_Eta4_rep10_fold02.csv,CV2,KW,rep10,fold02,Eta4
CV2/KW/rep10/fold02/CV2_KW_Eta5_rep10_fold02.csv,CV2_KW_Eta5_rep10_fold02.csv,CV2,KW,rep10,fold02,Eta5
CV2/KW/rep10/fold02/CV2_KW_Eta6_rep10_fold02.csv,CV2_KW_Eta6_rep10_fold02.csv,CV2,KW,rep10,fold02,Eta6
CV2/KW/rep10/fold02/CV2_KW_Eta7_rep10_fold02.csv,CV2_KW_Eta7_rep10_fold02.csv,CV2,KW,rep10,fold02,Eta7
CV2/KW/rep10/fold02/CV2_KW_Eta8_rep10_fold02.csv,CV2_KW_Eta8_rep10_fold02.csv,CV2,KW,rep10,fold02,Eta8
CV2/KW/rep10/fold02/CV2_KW_Eta9_rep10_fold02.csv,CV2_KW_Eta9_rep10_fold02.csv,CV2,KW,rep10,fold02,Eta9
CV2/KW/rep10/fold03/CV2_KW_Eta1_rep10_fold03.csv,CV2_KW_Eta1_rep10_fold03.csv,CV2,KW,rep10,fold03,Eta1
CV2/KW/rep10/fold03/CV2_KW_Eta10_rep10_fold03.csv,CV2_KW_Eta10_rep10_fold03.csv,CV2,KW,rep10,fold03,Eta10
CV2/KW/rep10/fold03/CV2_KW_Eta11_rep10_fold03.csv,CV2_KW_Eta11_rep10_fold03.csv,CV2,KW,rep10,fold03,Eta11
CV2/KW/rep10/fold03/CV2_KW_Eta12_rep10_fold03.csv,CV2_KW_Eta12_rep10_fold03.csv,CV2,KW,rep10,fold03,Eta12
CV2/KW/rep10/fold03/CV2_KW_Eta13_rep10_fold03.csv,CV2_KW_Eta13_rep10_fold03.csv,CV2,KW,rep10,fold03,Eta13
CV2/KW/rep10/fold03/CV2_KW_Eta14_rep10_fold03.csv,CV2_KW_Eta14_rep10_fold03.csv,CV2,KW,rep10,fold03,Eta14
CV2/KW/rep10/fold03/CV2_KW_Eta15_rep10_fold03.csv,CV2_KW_Eta15_rep10_fold03.csv,CV2,KW,rep10,fold03,Eta15
CV2/KW/rep10/fold03/CV2_KW_Eta16_rep10_fold03.csv,CV2_KW_Eta16_rep10_fold03.csv,CV2,KW,rep10,fold03,Eta16
CV2/KW/rep10/fold03/CV2_KW_Eta17_rep10_fold03.csv,CV2_KW_Eta17_rep10_fold03.csv,CV2,KW,rep10,fold03,Eta17
CV2/KW/rep10/fold03/CV2_KW_Eta18_rep10_fold03.csv,CV2_KW_Eta18_rep10_fold03.csv,CV2,KW,rep10,fold03,Eta18
CV2/KW/rep10/fold03/CV2_KW_Eta2_rep10_fold03.csv,CV2_KW_Eta2_rep10_fold03.csv,CV2,KW,rep10,fold03,Eta2
CV2/KW/rep10/fold03/CV2_KW_Eta3_rep10_fold03.csv,CV2_KW_Eta3_rep10_fold03.csv,CV2,KW,rep10,fold03,Eta3
CV2/KW/rep10/fold03/CV2_KW_Eta4_rep10_fold03.csv,CV2_KW_Eta4_rep10_fold03.csv,CV2,KW,rep10,fold03,Eta4
CV2/KW/rep10/fold03/CV2_KW_Eta5_rep10_fold03.csv,CV2_KW_Eta5_rep10_fold03.csv,CV2,KW,rep10,fold03,Eta5
CV2/KW/rep10/fold03/CV2_KW_Eta6_rep10_fold03.csv,CV2_KW_Eta6_rep10_fold03.csv,CV2,KW,rep10,fold03,Eta6
CV2/KW/rep10/fold03/CV2_KW_Eta7_rep10_fold03.csv,CV2_KW_Eta7_rep10_fold03.csv,CV2,KW,rep10,fold03,Eta7
CV2/KW/rep10/fold03/CV2_KW_Eta8_rep10_fold03.csv,CV2_KW_Eta8_rep10_fold03.csv,CV2,KW,rep10,fold03,Eta8
CV2/KW/rep10/fold03/CV2_KW_Eta9_rep10_fold03.csv,CV2_KW_Eta9_rep10_fold03.csv,CV2,KW,rep10,fold03,Eta9
CV2/KW/rep10/fold04/CV2_KW_Eta1_rep10_fold04.csv,CV2_KW_Eta1_rep10_fold04.csv,CV2,KW,rep10,fold04,Eta1
CV2/KW/rep10/fold04/CV2_KW_Eta10_rep10_fold04.csv,CV2_KW_Eta10_rep10_fold04.csv,CV2,KW,rep10,fold04,Eta10
CV2/KW/rep10/fold04/CV2_KW_Eta11_rep10_fold04.csv,CV2_KW_Eta11_rep10_fold04.csv,CV2,KW,rep10,fold04,Eta11
CV2/KW/rep10/fold04/CV2_KW_Eta12_rep10_fold04.csv,CV2_KW_Eta12_rep10_fold04.csv,CV2,KW,rep10,fold04,Eta12
CV2/KW/rep10/fold04/CV2_KW_Eta13_rep10_fold04.csv,CV2_KW_Eta13_rep10_fold04.csv,CV2,KW,rep10,fold04,Eta13
CV2/KW/rep10/fold04/CV2_KW_Eta14_rep10_fold04.csv,CV2_KW_Eta14_rep10_fold04.csv,CV2,KW,rep10,fold04,Eta14
CV2/KW/rep10/fold04/CV2_KW_Eta15_rep10_fold04.csv,CV2_KW_Eta15_rep10_fold04.csv,CV2,KW,rep10,fold04,Eta15
CV2/KW/rep10/fold04/CV2_KW_Eta16_rep10_fold04.csv,CV2_KW_Eta16_rep10_fold04.csv,CV2,KW,rep10,fold04,Eta16
CV2/KW/rep10/fold04/CV2_KW_Eta17_rep10_fold04.csv,CV2_KW_Eta17_rep10_fold04.csv,CV2,KW,rep10,fold04,Eta17
CV2/KW/rep10/fold04/CV2_KW_Eta18_rep10_fold04.csv,CV2_KW_Eta18_rep10_fold04.csv,CV2,KW,rep10,fold04,Eta18
CV2/KW/rep10/fold04/CV2_KW_Eta2_rep10_fold04.csv,CV2_KW_Eta2_rep10_fold04.csv,CV2,KW,rep10,fold04,Eta2
CV2/KW/rep10/fold04/CV2_KW_Eta3_rep10_fold04.csv,CV2_KW_Eta3_rep10_fold04.csv,CV2,KW,rep10,fold04,Eta3
CV2/KW/rep10/fold04/CV2_KW_Eta4_rep10_fold04.csv,CV2_KW_Eta4_rep10_fold04.csv,CV2,KW,rep10,fold04,Eta4
CV2/KW/rep10/fold04/CV2_KW_Eta5_rep10_fold04.csv,CV2_KW_Eta5_rep10_fold04.csv,CV2,KW,rep10,fold04,Eta5
CV2/KW/rep10/fold04/CV2_KW_Eta6_rep10_fold04.csv,CV2_KW_Eta6_rep10_fold04.csv,CV2,KW,rep10,fold04,Eta6
CV2/KW/rep10/fold04/CV2_KW_Eta7_rep10_fold04.csv,CV2_KW_Eta7_rep10_fold04.csv,CV2,KW,rep10,fold04,Eta7
CV2/KW/rep10/fold04/CV2_KW_Eta8_rep10_fold04.csv,CV2_KW_Eta8_rep10_fold04.csv,CV2,KW,rep10,fold04,Eta8
CV2/KW/rep10/fold04/CV2_KW_Eta9_rep10_fold04.csv,CV2_KW_Eta9_rep10_fold04.csv,CV2,KW,rep10,fold04,Eta9
CV2/KW/rep10/fold05/CV2_KW_Eta1_rep10_fold05.csv,CV2_KW_Eta1_rep10_fold05.csv,CV2,KW,rep10,fold05,Eta1
CV2/KW/rep10/fold05/CV2_KW_Eta10_rep10_fold05.csv,CV2_KW_Eta10_rep10_fold05.csv,CV2,KW,rep10,fold05,Eta10
CV2/KW/rep10/fold05/CV2_KW_Eta11_rep10_fold05.csv,CV2_KW_Eta11_rep10_fold05.csv,CV2,KW,rep10,fold05,Eta11
CV2/KW/rep10/fold05/CV2_KW_Eta12_rep10_fold05.csv,CV2_KW_Eta12_rep10_fold05.csv,CV2,KW,rep10,fold05,Eta12
CV2/KW/rep10/fold05/CV2_KW_Eta13_rep10_fold05.csv,CV2_KW_Eta13_rep10_fold05.csv,CV2,KW,rep10,fold05,Eta13
CV2/KW/rep10/fold05/CV2_KW_Eta14_rep10_fold05.csv,CV2_KW_Eta14_rep10_fold05.csv,CV2,KW,rep10,fold05,Eta14
CV2/KW/rep10/fold05/CV2_KW_Eta15_rep10_fold05.csv,CV2_KW_Eta15_rep10_fold05.csv,CV2,KW,rep10,fold05,Eta15
CV2/KW/rep10/fold05/CV2_KW_Eta16_rep10_fold05.csv,CV2_KW_Eta16_rep10_fold05.csv,CV2,KW,rep10,fold05,Eta16
CV2/KW/rep10/fold05/CV2_KW_Eta17_rep10_fold05.csv,CV2_KW_Eta17_rep10_fold05.csv,CV2,KW,rep10,fold05,Eta17
CV2/KW/rep10/fold05/CV2_KW_Eta18_rep10_fold05.csv,CV2_KW_Eta18_rep10_fold05.csv,CV2,KW,rep10,fold05,Eta18
CV2/KW/rep10/fold05/CV2_KW_Eta2_rep10_fold05.csv,CV2_KW_Eta2_rep10_fold05.csv,CV2,KW,rep10,fold05,Eta2
CV2/KW/rep10/fold05/CV2_KW_Eta3_rep10_fold05.csv,CV2_KW_Eta3_rep10_fold05.csv,CV2,KW,rep10,fold05,Eta3
CV2/KW/rep10/fold05/CV2_KW_Eta4_rep10_fold05.csv,CV2_KW_Eta4_rep10_fold05.csv,CV2,KW,rep10,fold05,Eta4
CV2/KW/rep10/fold05/CV2_KW_Eta5_rep10_fold05.csv,CV2_KW_Eta5_rep10_fold05.csv,CV2,KW,rep10,fold05,Eta5
CV2/KW/rep10/fold05/CV2_KW_Eta6_rep10_fold05.csv,CV2_KW_Eta6_rep10_fold05.csv,CV2,KW,rep10,fold05,Eta6
CV2/KW/rep10/fold05/CV2_KW_Eta7_rep10_fold05.csv,CV2_KW_Eta7_rep10_fold05.csv,CV2,KW,rep10,fold05,Eta7
CV2/KW/rep10/fold05/CV2_KW_Eta8_rep10_fold05.csv,CV2_KW_Eta8_rep10_fold05.csv,CV2,KW,rep10,fold05,Eta8
CV2/KW/rep10/fold05/CV2_KW_Eta9_rep10_fold05.csv,CV2_KW_Eta9_rep10_fold05.csv,CV2,KW,rep10,fold05,Eta9
