Rep,Model,Trait,Component,MeanVar,DIC,runtime_sec
1,1,GY,Residual,42.58269891077141,6858.541458737015,107.61786913871765
1,1,GY,E,1205.8482525457478,6858.541458737015,107.61786913871765
1,1,GY,G,185.48145716842768,6858.541458737015,107.61786913871765
1,1,GY,GE,26.196601369850278,6858.541458737015,107.61786913871765
1,10,GY,Residual,41.23805664290064,6839.49087690032,155.46649312973022
1,10,GY,E,1188.3631115400997,6839.49087690032,155.46649312973022
1,10,GY,W,1.3333011404374295,6839.49087690032,155.46649312973022
1,10,GY,G,167.1738672536674,6839.49087690032,155.46649312973022
1,10,GY,GE,18.791780182878774,6839.49087690032,155.46649312973022
1,10,GY,GW,52.93899747139923,6839.49087690032,155.46649312973022
1,11,GY,Residual,49.80328542498333,6958.746857258345,185.02902221679688
1,11,GY,E,1278.073867533245,6958.746857258345,185.02902221679688
1,11,GY,W,1.367275955156228,6958.746857258345,185.02902221679688
1,11,GY,P,141153933.00984424,6958.746857258345,185.02902221679688
1,11,GY,PE,116.57575403431618,6958.746857258345,185.02902221679688
1,11,GY,PW,531.7092060801091,6958.746857258345,185.02902221679688
1,12,GY,Residual,41.26506625774143,6816.48929747385,301.3899040222168
1,12,GY,E,1004.1084768376472,6816.48929747385,301.3899040222168
1,12,GY,W,1.135383287400923,6816.48929747385,301.3899040222168
1,12,GY,G,167.28241806398682,6816.48929747385,301.3899040222168
1,12,GY,P,160.58910614123246,6816.48929747385,301.3899040222168
1,12,GY,GE,14.576111718267994,6816.48929747385,301.3899040222168
1,12,GY,PE,77.50425998638394,6816.48929747385,301.3899040222168
1,12,GY,GW,41.94049860342315,6816.48929747385,301.3899040222168
1,12,GY,PW,216.4734844205015,6816.48929747385,301.3899040222168
1,13,GY,Residual,44.508162902046614,6821.539066909142,125.8928849697113
1,13,GY,E,924.0812498217537,6821.539066909142,125.8928849697113
1,13,GY,W,1.3878202997265885,6821.539066909142,125.8928849697113
1,13,GY,GGK,1052.8896909230393,6821.539066909142,125.8928849697113
1,13,GY,GGKE,53.72743760488904,6821.539066909142,125.8928849697113
1,13,GY,GGKW,134.08306901522673,6821.539066909142,125.8928849697113
1,14,GY,Residual,190.04215865562207,8349.664927970654,155.15455508232117
1,14,GY,E,1097.142974101652,8349.664927970654,155.15455508232117
1,14,GY,W,1.3859861499523962,8349.664927970654,155.15455508232117
1,14,GY,PGK,99.06776339752115,8349.664927970654,155.15455508232117
1,14,GY,PGKE,47.65303763070538,8349.664927970654,155.15455508232117
1,14,GY,PGKW,113.26182451821562,8349.664927970654,155.15455508232117
1,15,GY,Residual,39.96077751133748,6902.122125810085,286.14962697029114
1,15,GY,E,750.566808858009,6902.122125810085,286.14962697029114
1,15,GY,W,0.9480459784949481,6902.122125810085,286.14962697029114
1,15,GY,GGK,947.3936623796307,6902.122125810085,286.14962697029114
1,15,GY,PGK,15.046311243028317,6902.122125810085,286.14962697029114
1,15,GY,GGKE,38.24391516850417,6902.122125810085,286.14962697029114
1,15,GY,PGKE,13.600020291552408,6902.122125810085,286.14962697029114
1,15,GY,GGKW,98.36573244721133,6902.122125810085,286.14962697029114
1,15,GY,PGKW,28.337125796713643,6902.122125810085,286.14962697029114
1,16,GY,Residual,47.34961688788672,6844.825620304313,111.88599896430969
1,16,GY,E,705.0444700506721,6844.825620304313,111.88599896430969
1,16,GY,W,1.5337069329179978,6844.825620304313,111.88599896430969
1,16,GY,GAK,18099.443285940335,6844.825620304313,111.88599896430969
1,16,GY,GAKE,159.97958881949467,6844.825620304313,111.88599896430969
1,16,GY,GAKW,1661.712753669,6844.825620304313,111.88599896430969
1,17,GY,Residual,260.87322735409657,8392.57873597475,156.5803370475769
1,17,GY,E,1425.3922978290625,8392.57873597475,156.5803370475769
1,17,GY,W,1.4975351495842266,8392.57873597475,156.5803370475769
1,17,GY,PAK,6156.292515439513,8392.57873597475,156.5803370475769
1,17,GY,PAKE,72.05253474946446,8392.57873597475,156.5803370475769
1,17,GY,PAKW,179.69990984912414,8392.57873597475,156.5803370475769
1,18,GY,Residual,47.60564183502081,6852.056574621786,285.3445031642914
1,18,GY,E,754.1145428974265,6852.056574621786,285.3445031642914
1,18,GY,W,1.084533463371585,6852.056574621786,285.3445031642914
1,18,GY,GAK,17778.330835978948,6852.056574621786,285.3445031642914
1,18,GY,PAK,82.74178765036244,6852.056574621786,285.3445031642914
1,18,GY,GAKE,99.0040817744008,6852.056574621786,285.3445031642914
1,18,GY,PAKE,43.581348600364144,6852.056574621786,285.3445031642914
1,18,GY,GAKW,1150.2659639705184,6852.056574621786,285.3445031642914
1,18,GY,PAKW,127.94867347381334,6852.056574621786,285.3445031642914
1,2,GY,Residual,49.7763020382254,6954.889512501844,103.78163886070251
1,2,GY,E,1740.2445632358065,6954.889512501844,103.78163886070251
1,2,GY,P,141120150.3133756,6954.889512501844,103.78163886070251
1,2,GY,PE,213.8037076778746,6954.889512501844,103.78163886070251
1,3,GY,Residual,46.25318822858607,6858.508145469545,89.05423307418823
1,3,GY,E,1197.3893985694338,6858.508145469545,89.05423307418823
1,3,GY,GGK,1084.8316747333702,6858.508145469545,89.05423307418823
1,3,GY,GGKE,82.63264867773094,6858.508145469545,89.05423307418823
1,4,GY,Residual,194.9947438603089,8350.965183363558,108.82723999023438
1,4,GY,E,1326.9673055928847,8350.965183363558,108.82723999023438
1,4,GY,PGK,132.71632120475283,8350.965183363558,108.82723999023438
1,4,GY,PGKE,61.67593465391263,8350.965183363558,108.82723999023438
1,5,GY,Residual,52.399121056608756,6915.84787469011,85.93581509590149
1,5,GY,E,743.02170959265,6915.84787469011,85.93581509590149
1,5,GY,GAK,18401.31151260282,6915.84787469011,85.93581509590149
1,5,GY,GAKE,377.963689299155,6915.84787469011,85.93581509590149
1,6,GY,Residual,258.9139812980605,8390.951186629492,109.66758584976196
1,6,GY,E,1420.549397200508,8390.951186629492,109.66758584976196
1,6,GY,PAK,6494.697148465333,8390.951186629492,109.66758584976196
1,6,GY,PAKE,102.69271404598383,8390.951186629492,109.66758584976196
1,7,GY,Residual,43.116243820234004,6843.803535166957,236.24284982681274
1,7,GY,E,1175.2573651116832,6843.803535166957,236.24284982681274
1,7,GY,G,182.74324067443092,6843.803535166957,236.24284982681274
1,7,GY,P,403.20510103966217,6843.803535166957,236.24284982681274
1,7,GY,GE,20.732899207275874,6843.803535166957,236.24284982681274
1,7,GY,PE,128.8237809639688,6843.803535166957,236.24284982681274
1,8,GY,Residual,41.26887793776377,6912.484919038544,170.34529995918274
1,8,GY,E,972.75222306033,6912.484919038544,170.34529995918274
1,8,GY,GGK,990.6740772491188,6912.484919038544,170.34529995918274
1,8,GY,PGK,19.469846996387734,6912.484919038544,170.34529995918274
1,8,GY,GGKE,58.3774387811178,6912.484919038544,170.34529995918274
1,8,GY,PGKE,17.551605171361178,6912.484919038544,170.34529995918274
1,9,GY,Residual,51.803304101592694,6916.6650615888475,198.62740206718445
1,9,GY,E,1037.3867476711678,6916.6650615888475,198.62740206718445
1,9,GY,GAK,18098.127446841743,6916.6650615888475,198.62740206718445
1,9,GY,PAK,115.36594539829316,6916.6650615888475,198.62740206718445
1,9,GY,GAKE,211.2361888066757,6916.6650615888475,198.62740206718445
1,9,GY,PAKE,59.76569689974631,6916.6650615888475,198.62740206718445
2,1,GY,Residual,42.486236974958814,6855.430735071163,109.63915181159973
2,1,GY,E,1278.2599475381546,6855.430735071163,109.63915181159973
2,1,GY,G,183.30217501823967,6855.430735071163,109.63915181159973
2,1,GY,GE,26.152962218771236,6855.430735071163,109.63915181159973
2,10,GY,Residual,41.05161475026512,6836.233370109231,156.82301378250122
2,10,GY,E,1076.8400022590674,6836.233370109231,156.82301378250122
2,10,GY,W,1.4120535959094467,6836.233370109231,156.82301378250122
2,10,GY,G,167.84263237110898,6836.233370109231,156.82301378250122
2,10,GY,GE,18.740168222758886,6836.233370109231,156.82301378250122
2,10,GY,GW,51.73312076289383,6836.233370109231,156.82301378250122
2,11,GY,Residual,50.04713002319461,6956.697152899326,153.17976903915405
2,11,GY,E,1082.9247955607998,6956.697152899326,153.17976903915405
2,11,GY,W,1.5907195437583406,6956.697152899326,153.17976903915405
2,11,GY,P,139810292.08805457,6956.697152899326,153.17976903915405
2,11,GY,PE,122.02486035876932,6956.697152899326,153.17976903915405
2,11,GY,PW,341.77554533836434,6956.697152899326,153.17976903915405
2,12,GY,Residual,41.66536829379669,6820.448331661542,293.3938820362091
2,12,GY,E,1167.456679132912,6820.448331661542,293.3938820362091
2,12,GY,W,1.1044569402884916,6820.448331661542,293.3938820362091
2,12,GY,G,169.56665303918612,6820.448331661542,293.3938820362091
2,12,GY,P,177.95602268533284,6820.448331661542,293.3938820362091
2,12,GY,GE,14.371361133516269,6820.448331661542,293.3938820362091
2,12,GY,PE,69.45435493245321,6820.448331661542,293.3938820362091
2,12,GY,GW,41.74249482339164,6820.448331661542,293.3938820362091
2,12,GY,PW,257.9415206717577,6820.448331661542,293.3938820362091
2,13,GY,Residual,44.6685309589381,6822.3322909055305,117.34121680259705
2,13,GY,E,912.74438863690375,6822.3322909055305,117.34121680259705
2,13,GY,W,1.3837427144293046,6822.3322909055305,117.34121680259705
2,13,GY,GGK,1056.0636133127157,6822.3322909055305,117.34121680259705
2,13,GY,GGKE,52.558808684890145,6822.3322909055305,117.34121680259705
2,13,GY,GGKW,130.275265101629,6822.3322909055305,117.34121680259705
2,14,GY,Residual,191.5469495553956,8348.962800103,189.06051898002625
2,14,GY,E,1214.682209417904,8348.962800103,189.06051898002625
2,14,GY,W,1.6028578365147292,8348.962800103,189.06051898002625
2,14,GY,PGK,96.70485277098753,8348.962800103,189.06051898002625
2,14,GY,PGKE,48.21320313689391,8348.962800103,189.06051898002625
2,14,GY,PGKW,111.69421546100666,8348.962800103,189.06051898002625
2,15,GY,Residual,39.48926814770203,6893.064821757776,248.67488193511963
2,15,GY,E,820.11991425742406,6893.064821757776,248.67488193511963
2,15,GY,W,0.9970570717688191,6893.064821757776,248.67488193511963
2,15,GY,GGK,944.601159100103,6893.064821757776,248.67488193511963
2,15,GY,PGK,14.889441848037194,6893.064821757776,248.67488193511963
2,15,GY,GGKE,36.87537404278361,6893.064821757776,248.67488193511963
2,15,GY,PGKE,13.797160598290512,6893.064821757776,248.67488193511963
2,15,GY,GGKW,101.68782956270314,6893.064821757776,248.67488193511963
2,15,GY,PGKW,28.52741455303978,6893.064821757776,248.67488193511963
2,16,GY,Residual,47.62653148200534,6842.613550761241,103.39302182197571
2,16,GY,E,740.5851474220359,6842.613550761241,103.39302182197571
2,16,GY,W,1.5887583610419,6842.613550761241,103.39302182197571
2,16,GY,GAK,18007.151359002386,6842.613550761241,103.39302182197571
2,16,GY,GAKE,151.62999584755323,6842.613550761241,103.39302182197571
2,16,GY,GAKW,1577.4233027230284,6842.613550761241,103.39302182197571
2,17,GY,Residual,259.3495823626593,8390.235369260008,151.41041207313538
2,17,GY,E,1228.351668258592,8390.235369260008,151.41041207313538
2,17,GY,W,1.3983768131941334,8390.235369260008,151.41041207313538
2,17,GY,PAK,6270.1600301098,8390.235369260008,151.41041207313538
2,17,GY,PAKE,74.09859261003537,8390.235369260008,151.41041207313538
2,17,GY,PAKW,159.9038416033091,8390.235369260008,151.41041207313538
2,18,GY,Residual,46.68220667105872,6843.62890742385,249.60301184654236
2,18,GY,E,433.4587513455999,6843.62890742385,249.60301184654236
2,18,GY,W,0.9185286779957563,6843.62890742385,249.60301184654236
2,18,GY,GAK,17626.102932413978,6843.62890742385,249.60301184654236
2,18,GY,PAK,77.6276321663555,6843.62890742385,249.60301184654236
2,18,GY,GAKE,112.99150822500441,6843.62890742385,249.60301184654236
2,18,GY,PAKE,54.719272055154946,6843.62890742385,249.60301184654236
2,18,GY,GAKW,1453.184991917088,6843.62890742385,249.60301184654236
2,18,GY,PAKW,113.8653966731911,6843.62890742385,249.60301184654236
2,2,GY,Residual,49.73177304731705,6956.881210427365,122.57340598106384
2,2,GY,E,1228.8200422869807,6956.881210427365,122.57340598106384
2,2,GY,P,140786446.85920674,6956.881210427365,122.57340598106384
2,2,GY,PE,169.50870243783325,6956.881210427365,122.57340598106384
2,3,GY,Residual,46.42755366776236,6856.582884052841,73.22414088249207
2,3,GY,E,1235.5578278646233,6856.582884052841,73.22414088249207
2,3,GY,GGK,1076.466882811261,6856.582884052841,73.22414088249207
2,3,GY,GGKE,83.24957634867654,6856.582884052841,73.22414088249207
2,4,GY,Residual,193.05061016086847,8349.234962358634,107.68449282646179
2,4,GY,E,1257.8236592327264,8349.234962358634,107.68449282646179
2,4,GY,PGK,134.67221105650538,8349.234962358634,107.68449282646179
2,4,GY,PGKE,61.58224120524374,8349.234962358634,107.68449282646179
2,5,GY,Residual,52.56452585134517,6920.560720094013,84.82543802261353
2,5,GY,E,964.8592202342521,6920.560720094013,84.82543802261353
2,5,GY,GAK,18461.389628367127,6920.560720094013,84.82543802261353
2,5,GY,GAKE,336.8811258615534,6920.560720094013,84.82543802261353
2,6,GY,Residual,261.51698852609115,8394.174527061761,118.91919803619385
2,6,GY,E,1308.8925155796894,8394.174527061761,118.91919803619385
2,6,GY,PAK,6191.364570150856,8394.174527061761,118.91919803619385
2,6,GY,PAKE,123.4992140892175,8394.174527061761,118.91919803619385
2,7,GY,Residual,42.97812419633357,6845.069066400343,197.750314950943
2,7,GY,E,1156.8293158730976,6845.069066400343,197.750314950943
2,7,GY,G,181.4150548181888,6845.069066400343,197.750314950943
2,7,GY,P,510.1417416072924,6845.069066400343,197.750314950943
2,7,GY,GE,20.7822980807612,6845.069066400343,197.750314950943
2,7,GY,PE,104.52698523864616,6845.069066400343,197.750314950943
2,8,GY,Residual,41.151994036510565,6908.990895412617,168.61040806770325
2,8,GY,E,1286.0531342631336,6908.990895412617,168.61040806770325
2,8,GY,GGK,991.0095013878295,6908.990895412617,168.61040806770325
2,8,GY,PGK,19.38948017707174,6908.990895412617,168.61040806770325
2,8,GY,GGKE,59.362636803988785,6908.990895412617,168.61040806770325
2,8,GY,PGKE,17.531730702598498,6908.990895412617,168.61040806770325
2,9,GY,Residual,51.59130782685078,6916.7649169642755,168.93641185760498
2,9,GY,E,815.8509621885462,6916.7649169642755,168.93641185760498
2,9,GY,GAK,17883.8723456407,6916.7649169642755,168.93641185760498
2,9,GY,PAK,94.02938717095964,6916.7649169642755,168.93641185760498
2,9,GY,GAKE,275.6107685071336,6916.7649169642755,168.93641185760498
2,9,GY,PAKE,63.22026608054986,6916.7649169642755,168.93641185760498
3,1,GY,Residual,42.52708048311466,6853.90743420698,117.24224495887756
3,1,GY,E,1281.3911012488811,6853.90743420698,117.24224495887756
3,1,GY,G,184.02498096365025,6853.90743420698,117.24224495887756
3,1,GY,GE,25.854800727692876,6853.90743420698,117.24224495887756
3,10,GY,Residual,41.05198175945127,6831.698709060359,146.33302807807922
3,10,GY,E,1087.2301000130246,6831.698709060359,146.33302807807922
3,10,GY,W,1.6641210889864502,6831.698709060359,146.33302807807922
3,10,GY,G,169.81900938494604,6831.698709060359,146.33302807807922
3,10,GY,GE,18.85421262248015,6831.698709060359,146.33302807807922
3,10,GY,GW,52.32335132245056,6831.698709060359,146.33302807807922
3,11,GY,Residual,49.628810344120346,6955.309969745431,179.69880890846252
3,11,GY,E,1304.0260025315158,6955.309969745431,179.69880890846252
3,11,GY,W,1.4998387270902993,6955.309969745431,179.69880890846252
3,11,GY,P,140341584.43607876,6955.309969745431,179.69880890846252
3,11,GY,PE,129.1095755010761,6955.309969745431,179.69880890846252
3,11,GY,PW,601.5218688549046,6955.309969745431,179.69880890846252
3,12,GY,Residual,40.89386379412556,6810.4634912998545,286.63264203071594
3,12,GY,E,1004.8608847245632,6810.4634912998545,286.63264203071594
3,12,GY,W,1.0014702217037124,6810.4634912998545,286.63264203071594
3,12,GY,G,165.65206552887082,6810.4634912998545,286.63264203071594
3,12,GY,P,9638.605298607423,6810.4634912998545,286.63264203071594
3,12,GY,GE,14.577476106085683,6810.4634912998545,286.63264203071594
3,12,GY,PE,92.73667252188015,6810.4634912998545,286.63264203071594
3,12,GY,GW,42.81668860375356,6810.4634912998545,286.63264203071594
3,12,GY,PW,337.6710128400203,6810.4634912998545,286.63264203071594
3,13,GY,Residual,44.49485308641931,6826.758359404434,104.20972490310669
3,13,GY,E,867.9540537090261,6826.758359404434,104.20972490310669
3,13,GY,W,1.3979289194471856,6826.758359404434,104.20972490310669
3,13,GY,GGK,1047.8414724974248,6826.758359404434,104.20972490310669
3,13,GY,GGKE,52.46560003557974,6826.758359404434,104.20972490310669
3,13,GY,GGKW,134.5717628693146,6826.758359404434,104.20972490310669
3,14,GY,Residual,190.1487905382147,8350.878765136615,174.88401293754578
3,14,GY,E,1223.2670191096013,8350.878765136615,174.88401293754578
3,14,GY,W,1.46672277951127,8350.878765136615,174.88401293754578
3,14,GY,PGK,96.46597134629555,8350.878765136615,174.88401293754578
3,14,GY,PGKE,48.581559466380234,8350.878765136615,174.88401293754578
3,14,GY,PGKW,115.68943988857835,8350.878765136615,174.88401293754578
3,15,GY,Residual,39.97593929617994,6893.731024580442,280.87209606170654
3,15,GY,E,1019.9523008758274,6893.731024580442,280.87209606170654
3,15,GY,W,0.9232102392586987,6893.731024580442,280.87209606170654
3,15,GY,GGK,954.1407187255381,6893.731024580442,280.87209606170654
3,15,GY,PGK,14.668636727392167,6893.731024580442,280.87209606170654
3,15,GY,GGKE,36.05225124449809,6893.731024580442,280.87209606170654
3,15,GY,PGKE,13.472757552343785,6893.731024580442,280.87209606170654
3,15,GY,GGKW,93.57785187321954,6893.731024580442,280.87209606170654
3,15,GY,PGKW,28.226835033733757,6893.731024580442,280.87209606170654
3,16,GY,Residual,48.33810461856699,6855.288412540077,105.4879138469696
3,16,GY,E,601.4661905097713,6855.288412540077,105.4879138469696
3,16,GY,W,1.6130548058540444,6855.288412540077,105.4879138469696
3,16,GY,GAK,18108.04525923413,6855.288412540077,105.4879138469696
3,16,GY,GAKE,228.09544950856298,6855.288412540077,105.4879138469696
3,16,GY,GAKW,1169.3176166228131,6855.288412540077,105.4879138469696
3,17,GY,Residual,259.9092444285672,8391.43476745443,181.60883688926697
3,17,GY,E,1285.7955665798477,8391.43476745443,181.60883688926697
3,17,GY,W,1.5709999087351587,8391.43476745443,181.60883688926697
3,17,GY,PAK,6164.772313438274,8391.43476745443,181.60883688926697
3,17,GY,PAKE,78.98850899380234,8391.43476745443,181.60883688926697
3,17,GY,PAKW,243.43769339953195,8391.43476745443,181.60883688926697
3,18,GY,Residual,46.600568711488116,6840.4917344431415,247.21657991409302
3,18,GY,E,433.89397614301953,6840.4917344431415,247.21657991409302
3,18,GY,W,0.8585847054391385,6840.4917344431415,247.21657991409302
3,18,GY,GAK,17566.028251753167,6840.4917344431415,247.21657991409302
3,18,GY,PAK,76.88260340124882,6840.4917344431415,247.21657991409302
3,18,GY,GAKE,138.91896917950152,6840.4917344431415,247.21657991409302
3,18,GY,PAKE,47.90794657463024,6840.4917344431415,247.21657991409302
3,18,GY,GAKW,1399.5484087030054,6840.4917344431415,247.21657991409302
3,18,GY,PAKW,92.41431452593955,6840.4917344431415,247.21657991409302
3,2,GY,Residual,49.79115972091675,6955.638550466711,104.9443039894104
3,2,GY,E,1266.6896071353285,6955.638550466711,104.9443039894104
3,2,GY,P,141465137.9088764,6955.638550466711,104.9443039894104
3,2,GY,PE,185.8057024282936,6955.638550466711,104.9443039894104
3,3,GY,Residual,46.05921340046841,6851.704815403802,86.7691969871521
3,3,GY,E,1140.3369339856647,6851.704815403802,86.7691969871521
3,3,GY,GGK,1084.060261318553,6851.704815403802,86.7691969871521
3,3,GY,GGKE,82.7631389728744,6851.704815403802,86.7691969871521
3,4,GY,Residual,191.16974482914347,8339.638315127186,124.0838029384613
3,4,GY,E,1276.4791685974851,8339.638315127186,124.0838029384613
3,4,GY,PGK,137.38669257791446,8339.638315127186,124.0838029384613
3,4,GY,PGKE,62.18292264407568,8339.638315127186,124.0838029384613
3,5,GY,Residual,52.300719431027034,6915.325475205658,86.11794900894165
3,5,GY,E,1003.9076959221624,6915.325475205658,86.11794900894165
3,5,GY,GAK,18503.082715320314,6915.325475205658,86.11794900894165
3,5,GY,GAKE,350.6400513238662,6915.325475205658,86.11794900894165
3,6,GY,Residual,263.0080804185955,8394.841424034978,128.51084399223328
3,6,GY,E,1703.5985402123686,8394.841424034978,128.51084399223328
3,6,GY,PAK,5840.266370949153,8394.841424034978,128.51084399223328
3,6,GY,PAKE,119.10877692291915,8394.841424034978,128.51084399223328
3,7,GY,Residual,42.77284222725,6840.699841770922,225.2810640335083
3,7,GY,E,1091.6470890857881,6840.699841770922,225.2810640335083
3,7,GY,G,180.98552893537124,6840.699841770922,225.2810640335083
3,7,GY,P,710.8392302767752,6840.699841770922,225.2810640335083
3,7,GY,GE,20.89644283986981,6840.699841770922,225.2810640335083
3,7,GY,PE,112.13687233678112,6840.699841770922,225.2810640335083
3,8,GY,Residual,40.88239684703129,6899.3519823736915,165.07050895690918
3,8,GY,E,1016.3585782360333,6899.3519823736915,165.07050895690918
3,8,GY,GGK,996.4725573384301,6899.3519823736915,165.07050895690918
3,8,GY,PGK,19.436851459111818,6899.3519823736915,165.07050895690918
3,8,GY,GGKE,55.779951332762025,6899.3519823736915,165.07050895690918
3,8,GY,PGKE,17.746415724843835,6899.3519823736915,165.07050895690918
3,9,GY,Residual,51.70063348682529,6913.921044130255,170.8439359664917
3,9,GY,E,857.5678227368883,6913.921044130255,170.8439359664917
3,9,GY,GAK,18045.146158057523,6913.921044130255,170.8439359664917
3,9,GY,PAK,102.41626505174285,6913.921044130255,170.8439359664917
3,9,GY,GAKE,240.03167788489986,6913.921044130255,170.8439359664917
3,9,GY,PAKE,61.227733047405586,6913.921044130255,170.8439359664917
4,1,GY,Residual,42.176106981326456,6849.465393021402,100.58407306671143
4,1,GY,E,1289.098754690955,6849.465393021402,100.58407306671143
4,1,GY,G,183.44726420585604,6849.465393021402,100.58407306671143
4,1,GY,GE,26.318353725326666,6849.465393021402,100.58407306671143
4,10,GY,Residual,41.22902352156632,6842.245714504503,150.15087699890137
4,10,GY,E,1245.1702649574495,6842.245714504503,150.15087699890137
4,10,GY,W,1.4140028411622216,6842.245714504503,150.15087699890137
4,10,GY,G,167.68342791194402,6842.245714504503,150.15087699890137
4,10,GY,GE,18.7507731807179,6842.245714504503,150.15087699890137
4,10,GY,GW,53.16097869205773,6842.245714504503,150.15087699890137
4,11,GY,Residual,49.901116212808546,6956.278964774582,152.94810700416565
4,11,GY,E,1228.187284333301,6956.278964774582,152.94810700416565
4,11,GY,W,1.4614057770506201,6956.278964774582,152.94810700416565
4,11,GY,P,140038553.07627293,6956.278964774582,152.94810700416565
4,11,GY,PE,118.17655673523657,6956.278964774582,152.94810700416565
4,11,GY,PW,364.66667706541637,6956.278964774582,152.94810700416565
4,12,GY,Residual,41.061322114093045,6819.787761820075,287.69778203964233
4,12,GY,E,1034.8892549317434,6819.787761820075,287.69778203964233
4,12,GY,W,0.9912706748296292,6819.787761820075,287.69778203964233
4,12,GY,G,166.28304936642976,6819.787761820075,287.69778203964233
4,12,GY,P,289.1018927372624,6819.787761820075,287.69778203964233
4,12,GY,GE,14.644347236681089,6819.787761820075,287.69778203964233
4,12,GY,PE,87.59483616874502,6819.787761820075,287.69778203964233
4,12,GY,GW,43.61312118638818,6819.787761820075,287.69778203964233
4,12,GY,PW,284.08114589926765,6819.787761820075,287.69778203964233
4,13,GY,Residual,44.75405775579196,6824.011491056449,110.56003284454346
4,13,GY,E,876.6407560900589,6824.011491056449,110.56003284454346
4,13,GY,W,1.3536501475706197,6824.011491056449,110.56003284454346
4,13,GY,GGK,1053.388569985224,6824.011491056449,110.56003284454346
4,13,GY,GGKE,50.45825205388408,6824.011491056449,110.56003284454346
4,13,GY,GGKW,133.50933478817672,6824.011491056449,110.56003284454346
4,14,GY,Residual,189.85042606567012,8342.009432934075,154.04875111579895
4,14,GY,E,1301.5521316019654,8342.009432934075,154.04875111579895
4,14,GY,W,1.561288044673716,8342.009432934075,154.04875111579895
4,14,GY,PGK,102.53463944485756,8342.009432934075,154.04875111579895
4,14,GY,PGKE,45.88573536368945,8342.009432934075,154.04875111579895
4,14,GY,PGKW,110.64168756696031,8342.009432934075,154.04875111579895
4,15,GY,Residual,39.85770290022493,6895.963979164803,245.7034809589386
4,15,GY,E,724.8357786730205,6895.963979164803,245.7034809589386
4,15,GY,W,0.8918425753754399,6895.963979164803,245.7034809589386
4,15,GY,GGK,945.2431326507052,6895.963979164803,245.7034809589386
4,15,GY,PGK,15.222514674621548,6895.963979164803,245.7034809589386
4,15,GY,GGKE,37.7316277006176,6895.963979164803,245.7034809589386
4,15,GY,PGKE,13.514914144192831,6895.963979164803,245.7034809589386
4,15,GY,GGKW,102.74724675467003,6895.963979164803,245.7034809589386
4,15,GY,PGKW,29.146678939176137,6895.963979164803,245.7034809589386
4,16,GY,Residual,48.23544904728605,6853.740021479022,114.88317394256592
4,16,GY,E,596.0133312222108,6853.740021479022,114.88317394256592
4,16,GY,W,1.4591699574196566,6853.740021479022,114.88317394256592
4,16,GY,GAK,18076.93165344382,6853.740021479022,114.88317394256592
4,16,GY,GAKE,202.1179425519473,6853.740021479022,114.88317394256592
4,16,GY,GAKW,1319.495458339801,6853.740021479022,114.88317394256592
4,17,GY,Residual,259.1661426556759,8390.315961668293,150.33854818344116
4,17,GY,E,1151.4803942673284,8390.315961668293,150.33854818344116
4,17,GY,W,1.6220815171471232,8390.315961668293,150.33854818344116
4,17,GY,PAK,6281.154119758893,8390.315961668293,150.33854818344116
4,17,GY,PAKE,80.71970149386193,8390.315961668293,150.33854818344116
4,17,GY,PAKW,268.489084449517,8390.315961668293,150.33854818344116
4,18,GY,Residual,46.06784739205001,6839.147547764375,244.00329899787903
4,18,GY,E,401.0009089460377,6839.147547764375,244.00329899787903
4,18,GY,W,0.9323316803781554,6839.147547764375,244.00329899787903
4,18,GY,GAK,17474.98945256319,6839.147547764375,244.00329899787903
4,18,GY,PAK,66.1330963355036,6839.147547764375,244.00329899787903
4,18,GY,GAKE,115.16026274043216,6839.147547764375,244.00329899787903
4,18,GY,PAKE,50.41159354695479,6839.147547764375,244.00329899787903
4,18,GY,GAKW,1743.0845454722948,6839.147547764375,244.00329899787903
4,18,GY,PAKW,123.3800012092073,6839.147547764375,244.00329899787903
4,2,GY,Residual,49.74422960593529,6961.708479529199,118.69170093536377
4,2,GY,E,1283.2529968716804,6961.708479529199,118.69170093536377
4,2,GY,P,141280732.37342864,6961.708479529199,118.69170093536377
4,2,GY,PE,185.93675008921124,6961.708479529199,118.69170093536377
4,3,GY,Residual,46.297250976345715,6853.371491829349,73.042755126953125
4,3,GY,E,1322.6162389110534,6853.371491829349,73.042755126953125
4,3,GY,GGK,1084.7428829163175,6853.371491829349,73.042755126953125
4,3,GY,GGKE,79.99919824500918,6853.371491829349,73.042755126953125
4,4,GY,Residual,192.75186638619806,8346.902453010574,119.26672601699829
4,4,GY,E,1344.527455598545,8346.902453010574,119.26672601699829
4,4,GY,PGK,133.21224948230972,8346.902453010574,119.26672601699829
4,4,GY,PGKE,62.961698943505056,8346.902453010574,119.26672601699829
4,5,GY,Residual,53.18908905952636,6923.2745414752435,82.43652296066284
4,5,GY,E,1088.5486891545731,6923.2745414752435,82.43652296066284
4,5,GY,GAK,18499.18618620429,6923.2745414752435,82.43652296066284
4,5,GY,GAKE,299.53397876040384,6923.2745414752435,82.43652296066284
4,6,GY,Residual,258.22658047311677,8386.74417419961,117.93664503097534
4,6,GY,E,1533.3614008541872,8386.74417419961,117.93664503097534
4,6,GY,PAK,6625.538017526621,8386.74417419961,117.93664503097534
4,6,GY,PAKE,101.22993712297865,8386.74417419961,117.93664503097534
4,7,GY,Residual,42.940638206188545,6839.142596366778,194.99698305130005
4,7,GY,E,1258.4361001144828,6839.142596366778,194.99698305130005
4,7,GY,G,181.22156538333687,6839.142596366778,194.99698305130005
4,7,GY,P,237.11942371127296,6839.142596366778,194.99698305130005
4,7,GY,GE,20.643525223677937,6839.142596366778,194.99698305130005
4,7,GY,PE,110.52019271292043,6839.142596366778,194.99698305130005
4,8,GY,Residual,41.3239326319506,6913.965860462864,171.44667887687683
4,8,GY,E,1128.3230798260577,6913.965860462864,171.44667887687683
4,8,GY,GGK,996.4705370248619,6913.965860462864,171.44667887687683
4,8,GY,PGK,19.89780714197721,6913.965860462864,171.44667887687683
4,8,GY,GGKE,52.82771406608387,6913.965860462864,171.44667887687683
4,8,GY,PGKE,17.437883378912357,6913.965860462864,171.44667887687683
4,9,GY,Residual,51.85359327662796,6911.222202253495,159.56491494178772
4,9,GY,E,1044.6939393324433,6911.222202253495,159.56491494178772
4,9,GY,GAK,18227.115634164635,6911.222202253495,159.56491494178772
4,9,GY,PAK,115.570989070734,6911.222202253495,159.56491494178772
4,9,GY,GAKE,217.4552787054276,6911.222202253495,159.56491494178772
4,9,GY,PAKE,58.9733911167491,6911.222202253495,159.56491494178772
5,1,GY,Residual,42.3012629331404,6849.660948801571,112.77617001533508
5,1,GY,E,1499.6144840210886,6849.660948801571,112.77617001533508
5,1,GY,G,185.1378745852927,6849.660948801571,112.77617001533508
5,1,GY,GE,26.114757224143307,6849.660948801571,112.77617001533508
5,10,GY,Residual,41.10326487114126,6842.158639725725,164.53977799415588
5,10,GY,E,1358.4397112199076,6842.158639725725,164.53977799415588
5,10,GY,W,1.4206352552958768,6842.158639725725,164.53977799415588
5,10,GY,G,168.21928510977148,6842.158639725725,164.53977799415588
5,10,GY,GE,18.646482752426245,6842.158639725725,164.53977799415588
5,10,GY,GW,53.548224658408934,6842.158639725725,164.53977799415588
5,11,GY,Residual,49.483516624059206,6954.377116921913,159.66471886634827
5,11,GY,E,1470.7807299248152,6954.377116921913,159.66471886634827
5,11,GY,W,1.584972801592058,6954.377116921913,159.66471886634827
5,11,GY,P,141550192.9439425,6954.377116921913,159.66471886634827
5,11,GY,PE,108.5585811391422,6954.377116921913,159.66471886634827
5,11,GY,PW,430.0958962685856,6954.377116921913,159.66471886634827
5,12,GY,Residual,41.19145096745768,6817.057687479605,308.53098583221436
5,12,GY,E,1022.5142377093385,6817.057687479605,308.53098583221436
5,12,GY,W,1.077976254162972,6817.057687479605,308.53098583221436
5,12,GY,G,168.8226410350866,6817.057687479605,308.53098583221436
5,12,GY,P,335.20432658025237,6817.057687479605,308.53098583221436
5,12,GY,GE,14.408746443982402,6817.057687479605,308.53098583221436
5,12,GY,PE,90.16524612632723,6817.057687479605,308.53098583221436
5,12,GY,GW,42.309011388326915,6817.057687479605,308.53098583221436
5,12,GY,PW,298.2414185013553,6817.057687479605,308.53098583221436
5,13,GY,Residual,44.77954385057146,6821.388447338229,110.00920796394348
5,13,GY,E,993.3712602267491,6821.388447338229,110.00920796394348
5,13,GY,W,1.5350395064300284,6821.388447338229,110.00920796394348
5,13,GY,GGK,1054.9595068080348,6821.388447338229,110.00920796394348
5,13,GY,GGKE,50.11429266091217,6821.388447338229,110.00920796394348
5,13,GY,GGKW,137.30083946439876,6821.388447338229,110.00920796394348
5,14,GY,Residual,192.08637284197044,8348.83333925601,144.76352405548096
5,14,GY,E,1082.9198407542174,8348.83333925601,144.76352405548096
5,14,GY,W,1.5382450908170828,8348.83333925601,144.76352405548096
5,14,GY,PGK,98.04979536063169,8348.83333925601,144.76352405548096
5,14,GY,PGKE,46.4043554722119,8348.83333925601,144.76352405548096
5,14,GY,PGKW,111.42290519453964,8348.83333925601,144.76352405548096
5,15,GY,Residual,39.92070322388798,6898.600284421602,249.89824795722961
5,15,GY,E,922.7459574201272,6898.600284421602,249.89824795722961
5,15,GY,W,1.0173590852238217,6898.600284421602,249.89824795722961
5,15,GY,GGK,950.5977462275631,6898.600284421602,249.89824795722961
5,15,GY,PGK,15.084838721402617,6898.600284421602,249.89824795722961
5,15,GY,GGKE,35.530536115167585,6898.600284421602,249.89824795722961
5,15,GY,PGKE,13.656323140456267,6898.600284421602,249.89824795722961
5,15,GY,GGKW,90.40220890280979,6898.600284421602,249.89824795722961
5,15,GY,PGKW,28.443935719101507,6898.600284421602,249.89824795722961
5,16,GY,Residual,46.96626603988655,6847.358805203158,104.86771392822266
5,16,GY,E,535.7443796638673,6847.358805203158,104.86771392822266
5,16,GY,W,1.4984723910375446,6847.358805203158,104.86771392822266
5,16,GY,GAK,18070.538380052327,6847.358805203158,104.86771392822266
5,16,GY,GAKE,282.8072818143122,6847.358805203158,104.86771392822266
5,16,GY,GAKW,1470.6005725383784,6847.358805203158,104.86771392822266
5,17,GY,Residual,258.39671164355934,8388.560629479935,147.0080108642578
5,17,GY,E,1147.1108268541063,8388.560629479935,147.0080108642578
5,17,GY,W,1.6822074925342412,8388.560629479935,147.0080108642578
5,17,GY,PAK,6463.018160428274,8388.560629479935,147.0080108642578
5,17,GY,PAKE,74.05538160044706,8388.560629479935,147.0080108642578
5,17,GY,PAKW,196.0890949454195,8388.560629479935,147.0080108642578
5,18,GY,Residual,46.55753984267542,6838.244219838093,267.93422985076904
5,18,GY,E,645.551121521172,6838.244219838093,267.93422985076904
5,18,GY,W,0.932522701314487,6838.244219838093,267.93422985076904
5,18,GY,GAK,17562.473874031788,6838.244219838093,267.93422985076904
5,18,GY,PAK,78.57486534776983,6838.244219838093,267.93422985076904
5,18,GY,GAKE,108.86117479976406,6838.244219838093,267.93422985076904
5,18,GY,PAKE,42.57322282993025,6838.244219838093,267.93422985076904
5,18,GY,GAKW,1593.3783164791141,6838.244219838093,267.93422985076904
5,18,GY,PAKW,112.69055860508925,6838.244219838093,267.93422985076904
5,2,GY,Residual,49.703550143541975,6957.8030585946735,115.68655490875244
5,2,GY,E,1295.5360275590624,6957.8030585946735,115.68655490875244
5,2,GY,P,141224572.38610289,6957.8030585946735,115.68655490875244
5,2,GY,PE,216.35377584685978,6957.8030585946735,115.68655490875244
5,3,GY,Residual,45.936429139042566,6854.286692808859,79.67811393737793
5,3,GY,E,1230.5515074156144,6854.286692808859,79.67811393737793
5,3,GY,GGK,1082.8652301923282,6854.286692808859,79.67811393737793
5,3,GY,GGKE,81.22930810045116,6854.286692808859,79.67811393737793
5,4,GY,Residual,193.65088157351445,8347.389404293182,111.3925449848175
5,4,GY,E,1638.3732138161126,8347.389404293182,111.3925449848175
5,4,GY,PGK,131.3781652355997,8347.389404293182,111.3925449848175
5,4,GY,PGKE,63.079907599769705,8347.389404293182,111.3925449848175
5,5,GY,Residual,51.343031612956665,6908.586978895082,78.98751211166382
5,5,GY,E,788.4575209292027,6908.586978895082,78.98751211166382
5,5,GY,GAK,18351.44185808961,6908.586978895082,78.98751211166382
5,5,GY,GAKE,472.4598054382523,6908.586978895082,78.98751211166382
5,6,GY,Residual,263.5492996167584,8394.41749985941,111.59358310699463
5,6,GY,E,1514.9719298246994,8394.41749985941,111.59358310699463
5,6,GY,PAK,5841.426616766114,8394.41749985941,111.59358310699463
5,6,GY,PAKE,130.73467404250076,8394.41749985941,111.59358310699463
5,7,GY,Residual,42.27547264953122,6823.430450066673,209.09262204170227
5,7,GY,E,1124.174624707131,6823.430450066673,209.09262204170227
5,7,GY,G,177.87599007460074,6823.430450066673,209.09262204170227
5,7,GY,P,20696.51749745391,6823.430450066673,209.09262204170227
5,7,GY,GE,20.5520430655237,6823.430450066673,209.09262204170227
5,7,GY,PE,116.59907403428997,6823.430450066673,209.09262204170227
5,8,GY,Residual,41.41152953063878,6912.792451199914,177.88045501708984
5,8,GY,E,1212.7490029509775,6912.792451199914,177.88045501708984
5,8,GY,GGK,985.745119261015,6912.792451199914,177.88045501708984
5,8,GY,PGK,19.28200142860896,6912.792451199914,177.88045501708984
5,8,GY,GGKE,55.357194244436194,6912.792451199914,177.88045501708984
5,8,GY,PGKE,17.726824665942694,6912.792451199914,177.88045501708984
5,9,GY,Residual,51.13691073242989,6910.339385754339,179.60430312156677
5,9,GY,E,630.8241218853746,6910.339385754339,179.60430312156677
5,9,GY,GAK,18111.088860941196,6910.339385754339,179.60430312156677
5,9,GY,PAK,105.82884903503803,6910.339385754339,179.60430312156677
5,9,GY,GAKE,293.11936807745195,6910.339385754339,179.60430312156677
5,9,GY,PAKE,67.96455686501147,6910.339385754339,179.60430312156677
6,1,GY,Residual,42.41606547432334,6851.288776269725,101.63703107833862
6,1,GY,E,1260.1944187026143,6851.288776269725,101.63703107833862
6,1,GY,G,184.78788058431684,6851.288776269725,101.63703107833862
6,1,GY,GE,26.263891862812024,6851.288776269725,101.63703107833862
6,10,GY,Residual,41.438103436945276,6848.552102014905,150.7749149799347
6,10,GY,E,1177.4024688354998,6848.552102014905,150.7749149799347
6,10,GY,W,1.5006124500270177,6848.552102014905,150.7749149799347
6,10,GY,G,165.45108069126653,6848.552102014905,150.7749149799347
6,10,GY,GE,18.623776721527094,6848.552102014905,150.7749149799347
6,10,GY,GW,52.74299987007959,6848.552102014905,150.7749149799347
6,11,GY,Residual,49.80123826728369,6959.925932486895,144.83649587631226
6,11,GY,E,1126.5847365169711,6959.925932486895,144.83649587631226
6,11,GY,W,1.5268352824967022,6959.925932486895,144.83649587631226
6,11,GY,P,140947412.88980472,6959.925932486895,144.83649587631226
6,11,GY,PE,133.40792856962034,6959.925932486895,144.83649587631226
6,11,GY,PW,692.2513411787671,6959.925932486895,144.83649587631226
6,12,GY,Residual,41.20851709339958,6823.280018827993,291.0032088756561
6,12,GY,E,997.1294736302715,6823.280018827993,291.0032088756561
6,12,GY,W,0.9254175161586982,6823.280018827993,291.0032088756561
6,12,GY,G,166.52106750280984,6823.280018827993,291.0032088756561
6,12,GY,P,373.49918434531565,6823.280018827993,291.0032088756561
6,12,GY,GE,14.497344773301913,6823.280018827993,291.0032088756561
6,12,GY,PE,92.14538643447239,6823.280018827993,291.0032088756561
6,12,GY,GW,43.569856357299884,6823.280018827993,291.0032088756561
6,12,GY,PW,479.49127129836836,6823.280018827993,291.0032088756561
6,13,GY,Residual,44.61021872293843,6825.205334798989,106.36583495140076
6,13,GY,E,1033.819959336027,6825.205334798989,106.36583495140076
6,13,GY,W,1.5061310731582402,6825.205334798989,106.36583495140076
6,13,GY,GGK,1063.0211538221088,6825.205334798989,106.36583495140076
6,13,GY,GGKE,51.62589553317991,6825.205334798989,106.36583495140076
6,13,GY,GGKW,130.24184460290016,6825.205334798989,106.36583495140076
6,14,GY,Residual,190.74332247373766,8346.649744160904,157.07724595069885
6,14,GY,E,1457.7687084080821,8346.649744160904,157.07724595069885
6,14,GY,W,1.5580245454377086,8346.649744160904,157.07724595069885
6,14,GY,PGK,100.49144149747396,8346.649744160904,157.07724595069885
6,14,GY,PGKE,47.26267756169101,8346.649744160904,157.07724595069885
6,14,GY,PGKW,112.63659413008357,8346.649744160904,157.07724595069885
6,15,GY,Residual,39.88631688094649,6893.7232760075785,248.78425407409668
6,15,GY,E,892.4778042776112,6893.7232760075785,248.78425407409668
6,15,GY,W,0.8531657139281885,6893.7232760075785,248.78425407409668
6,15,GY,GGK,954.2622175899988,6893.7232760075785,248.78425407409668
6,15,GY,PGK,14.907737062329192,6893.7232760075785,248.78425407409668
6,15,GY,GGKE,37.02364191223839,6893.7232760075785,248.78425407409668
6,15,GY,PGKE,13.65478922788088,6893.7232760075785,248.78425407409668
6,15,GY,GGKW,98.78218841056895,6893.7232760075785,248.78425407409668
6,15,GY,PGKW,28.791852693402976,6893.7232760075785,248.78425407409668
6,16,GY,Residual,47.602331276420855,6841.617958064309,100.39891910552979
6,16,GY,E,606.8997281876748,6841.617958064309,100.39891910552979
6,16,GY,W,1.5826364551004157,6841.617958064309,100.39891910552979
6,16,GY,GAK,18037.449687469674,6841.617958064309,100.39891910552979
6,16,GY,GAKE,146.19395598055243,6841.617958064309,100.39891910552979
6,16,GY,GAKW,1571.8775331093982,6841.617958064309,100.39891910552979
6,17,GY,Residual,261.39191421157864,8390.53720187876,150.8858699798584
6,17,GY,E,1207.8506099005303,8390.53720187876,150.8858699798584
6,17,GY,W,1.438655224969365,8390.53720187876,150.8858699798584
6,17,GY,PAK,6117.854058973933,8390.53720187876,150.8858699798584
6,17,GY,PAKE,74.84725780167182,8390.53720187876,150.8858699798584
6,17,GY,PAKW,169.48684985434826,8390.53720187876,150.8858699798584
6,18,GY,Residual,47.118474335156904,6851.101701781681,252.84883403778076
6,18,GY,E,370.38810778344316,6851.101701781681,252.84883403778076
6,18,GY,W,1.0651747147888462,6851.101701781681,252.84883403778076
6,18,GY,GAK,17712.75951755703,6851.101701781681,252.84883403778076
6,18,GY,PAK,71.93496220578682,6851.101701781681,252.84883403778076
6,18,GY,GAKE,129.80314739044223,6851.101701781681,252.84883403778076
6,18,GY,PAKE,52.568506298699425,6851.101701781681,252.84883403778076
6,18,GY,GAKW,1309.1721507590626,6851.101701781681,252.84883403778076
6,18,GY,PAKW,107.07889044044427,6851.101701781681,252.84883403778076
6,2,GY,Residual,50.05672273567574,6958.119872752425,112.81272602081299
6,2,GY,E,1289.5977726079057,6958.119872752425,112.81272602081299
6,2,GY,P,141219620.59357488,6958.119872752425,112.81272602081299
6,2,GY,PE,147.18859121167495,6958.119872752425,112.81272602081299
6,3,GY,Residual,46.62798940663434,6853.743780292964,68.53120684623718
6,3,GY,E,1125.5993219854047,6853.743780292964,68.53120684623718
6,3,GY,GGK,1085.5832280273803,6853.743780292964,68.53120684623718
6,3,GY,GGKE,81.7792126099338,6853.743780292964,68.53120684623718
6,4,GY,Residual,191.50230278806467,8339.424408675046,108.81949210166931
6,4,GY,E,1324.8415853198724,8339.424408675046,108.81949210166931
6,4,GY,PGK,137.2739159853264,8339.424408675046,108.81949210166931
6,4,GY,PGKE,63.26030888348454,8339.424408675046,108.81949210166931
6,5,GY,Residual,52.6063011952696,6917.933025255674,77.65213298797607
6,5,GY,E,998.1387458965667,6917.933025255674,77.65213298797607
6,5,GY,GAK,18382.190216875693,6917.933025255674,77.65213298797607
6,5,GY,GAKE,332.3084776532564,6917.933025255674,77.65213298797607
6,6,GY,Residual,264.74349366157327,8398.86583043824,119.03472590446472
6,6,GY,E,1361.758525462881,8398.86583043824,119.03472590446472
6,6,GY,PAK,5681.067727154718,8398.86583043824,119.03472590446472
6,6,GY,PAKE,140.0848013974624,8398.86583043824,119.03472590446472
6,7,GY,Residual,43.27539385599822,6843.8462517091775,191.0916609764099
6,7,GY,E,1584.7137043791727,6843.8462517091775,191.0916609764099
6,7,GY,G,182.73100321391172,6843.8462517091775,191.0916609764099
6,7,GY,P,294.849770604985,6843.8462517091775,191.0916609764099
6,7,GY,GE,20.63181083073952,6843.8462517091775,191.0916609764099
6,7,GY,PE,114.61981506810383,6843.8462517091775,191.0916609764099
6,8,GY,Residual,41.00315884295784,6900.438308466086,176.60732102394104
6,8,GY,E,960.3800365760037,6900.438308466086,176.60732102394104
6,8,GY,GGK,995.4793810773708,6900.438308466086,176.60732102394104
6,8,GY,PGK,19.395550956115553,6900.438308466086,176.60732102394104
6,8,GY,GGKE,62.20656973604106,6900.438308466086,176.60732102394104
6,8,GY,PGKE,17.064848240202537,6900.438308466086,176.60732102394104
6,9,GY,Residual,51.017763178779724,6909.5885566176985,164.50966882705688
6,9,GY,E,1098.9134319121608,6909.5885566176985,164.50966882705688
6,9,GY,GAK,18120.348718591875,6909.5885566176985,164.50966882705688
6,9,GY,PAK,107.8519530881496,6909.5885566176985,164.50966882705688
6,9,GY,GAKE,294.0995658623399,6909.5885566176985,164.50966882705688
6,9,GY,PAKE,61.733342429913726,6909.5885566176985,164.50966882705688
7,1,GY,Residual,42.46805610197543,6853.086250924248,103.8657329082489
7,1,GY,E,1887.4673956039417,6853.086250924248,103.8657329082489
7,1,GY,G,185.75986159710197,6853.086250924248,103.8657329082489
7,1,GY,GE,26.36918955976411,6853.086250924248,103.8657329082489
7,10,GY,Residual,41.35389673918036,6841.8047167194445,175.47032499313354
7,10,GY,E,1159.9931561194023,6841.8047167194445,175.47032499313354
7,10,GY,W,1.3718680255094857,6841.8047167194445,175.47032499313354
7,10,GY,G,167.70005275596074,6841.8047167194445,175.47032499313354
7,10,GY,GE,18.397688136217447,6841.8047167194445,175.47032499313354
7,10,GY,GW,53.02248454230662,6841.8047167194445,175.47032499313354
7,11,GY,Residual,49.87328825563584,6954.018206723831,153.39365005493164
7,11,GY,E,1090.6883666911287,6954.018206723831,153.39365005493164
7,11,GY,W,1.645733357019122,6954.018206723831,153.39365005493164
7,11,GY,P,140667733.98769677,6954.018206723831,153.39365005493164
7,11,GY,PE,118.02684664844885,6954.018206723831,153.39365005493164
7,11,GY,PW,395.20075729789824,6954.018206723831,153.39365005493164
7,12,GY,Residual,40.40959358245779,6802.510207066573,303.74076986312866
7,12,GY,E,1042.4421856046592,6802.510207066573,303.74076986312866
7,12,GY,W,0.9075861726885225,6802.510207066573,303.74076986312866
7,12,GY,G,158.20595708435923,6802.510207066573,303.74076986312866
7,12,GY,P,24420.604195446966,6802.510207066573,303.74076986312866
7,12,GY,GE,14.417724787404174,6802.510207066573,303.74076986312866
7,12,GY,PE,83.10238029798235,6802.510207066573,303.74076986312866
7,12,GY,GW,42.986865390489584,6802.510207066573,303.74076986312866
7,12,GY,PW,256.0302856553989,6802.510207066573,303.74076986312866
7,13,GY,Residual,44.58983836983471,6821.01638042828,107.19119191169739
7,13,GY,E,840.7662989013828,6821.01638042828,107.19119191169739
7,13,GY,W,1.4019002367860514,6821.01638042828,107.19119191169739
7,13,GY,GGK,1063.973020223554,6821.01638042828,107.19119191169739
7,13,GY,GGKE,49.36953862643315,6821.01638042828,107.19119191169739
7,13,GY,GGKW,141.91285702788824,6821.01638042828,107.19119191169739
7,14,GY,Residual,191.4495088984791,8348.537265400562,156.4267771244049
7,14,GY,E,1333.2475744234796,8348.537265400562,156.4267771244049
7,14,GY,W,1.5406714297364188,8348.537265400562,156.4267771244049
7,14,GY,PGK,96.21735937479023,8348.537265400562,156.4267771244049
7,14,GY,PGKE,47.17958635808422,8348.537265400562,156.4267771244049
7,14,GY,PGKW,113.43108300437245,8348.537265400562,156.4267771244049
7,15,GY,Residual,40.066624222582945,6899.496743717701,287.8677489757538
7,15,GY,E,914.1279725481161,6899.496743717701,287.8677489757538
7,15,GY,W,1.0201136293796957,6899.496743717701,287.8677489757538
7,15,GY,GGK,952.4911356793532,6899.496743717701,287.8677489757538
7,15,GY,PGK,14.855271904468248,6899.496743717701,287.8677489757538
7,15,GY,GGKE,35.910361077520925,6899.496743717701,287.8677489757538
7,15,GY,PGKE,13.440875763143055,6899.496743717701,287.8677489757538
7,15,GY,GGKW,90.5160674766657,6899.496743717701,287.8677489757538
7,15,GY,PGKW,28.82927681458574,6899.496743717701,287.8677489757538
7,16,GY,Residual,48.16892658865293,6853.25961363218,121.00561618804932
7,16,GY,E,557.8825482887399,6853.25961363218,121.00561618804932
7,16,GY,W,1.5366311140135884,6853.25961363218,121.00561618804932
7,16,GY,GAK,18002.356860852236,6853.25961363218,121.00561618804932
7,16,GY,GAKE,141.52247681539453,6853.25961363218,121.00561618804932
7,16,GY,GAKW,1508.935315192594,6853.25961363218,121.00561618804932
7,17,GY,Residual,260.6786653017572,8392.8661199621,155.04618191719055
7,17,GY,E,1672.1817577883378,8392.8661199621,155.04618191719055
7,17,GY,W,1.3448270708357535,8392.8661199621,155.04618191719055
7,17,GY,PAK,6125.916241673604,8392.8661199621,155.04618191719055
7,17,GY,PAKE,76.18751186296973,8392.8661199621,155.04618191719055
7,17,GY,PAKW,179.70668658958877,8392.8661199621,155.04618191719055
7,18,GY,Residual,47.065088889520325,6845.757263931584,254.0622010231018
7,18,GY,E,591.9366704465149,6845.757263931584,254.0622010231018
7,18,GY,W,0.9316990442928144,6845.757263931584,254.0622010231018
7,18,GY,GAK,17656.805216949975,6845.757263931584,254.0622010231018
7,18,GY,PAK,68.5688010324702,6845.757263931584,254.0622010231018
7,18,GY,GAKE,100.51445594611236,6845.757263931584,254.0622010231018
7,18,GY,PAKE,45.265026275883294,6845.757263931584,254.0622010231018
7,18,GY,GAKW,1395.2058990399973,6845.757263931584,254.0622010231018
7,18,GY,PAKW,114.78556131945255,6845.757263931584,254.0622010231018
7,2,GY,Residual,49.78334692374249,6958.861372467826,108.83714294433594
7,2,GY,E,1556.8620359782096,6958.861372467826,108.83714294433594
7,2,GY,P,140834468.05817592,6958.861372467826,108.83714294433594
7,2,GY,PE,196.514722324677,6958.861372467826,108.83714294433594
7,3,GY,Residual,46.13343035237681,6855.112050445333,70.24712920188904
7,3,GY,E,1060.497656626696,6855.112050445333,70.24712920188904
7,3,GY,GGK,1091.1693332670536,6855.112050445333,70.24712920188904
7,3,GY,GGKE,82.23734597725894,6855.112050445333,70.24712920188904
7,4,GY,Residual,194.2700772709954,8350.326885396506,112.10113596916199
7,4,GY,E,1270.0407315927341,8350.326885396506,112.10113596916199
7,4,GY,PGK,133.40640486296286,8350.326885396506,112.10113596916199
7,4,GY,PGKE,61.69797271926164,8350.326885396506,112.10113596916199
7,5,GY,Residual,52.809587729972385,6921.988666210652,73.84131407737732
7,5,GY,E,1119.2060392421301,6921.988666210652,73.84131407737732
7,5,GY,GAK,18355.394112134778,6921.988666210652,73.84131407737732
7,5,GY,GAKE,342.1374525763253,6921.988666210652,73.84131407737732
7,6,GY,Residual,256.25804256004636,8388.117359530279,112.14979791641235
7,6,GY,E,1333.3694720746214,8388.117359530279,112.14979791641235
7,6,GY,PAK,6588.746321961579,8388.117359530279,112.14979791641235
7,6,GY,PAKE,129.79142337924574,8388.117359530279,112.14979791641235
7,7,GY,Residual,42.96775064509959,6838.020400420227,222.85314416885376
7,7,GY,E,1058.7561061258175,6838.020400420227,222.85314416885376
7,7,GY,G,182.35630645352825,6838.020400420227,222.85314416885376
7,7,GY,P,339.3384582779441,6838.020400420227,222.85314416885376
7,7,GY,GE,20.78034376355409,6838.020400420227,222.85314416885376
7,7,GY,PE,117.59099040241395,6838.020400420227,222.85314416885376
7,8,GY,Residual,41.00748236174693,6905.950786245462,169.49676609039307
7,8,GY,E,1232.1331839400873,6905.950786245462,169.49676609039307
7,8,GY,GGK,993.4622422492348,6905.950786245462,169.49676609039307
7,8,GY,PGK,19.348560220214704,6905.950786245462,169.49676609039307
7,8,GY,GGKE,56.54880314454518,6905.950786245462,169.49676609039307
7,8,GY,PGKE,17.480814280520992,6905.950786245462,169.49676609039307
7,9,GY,Residual,52.37410096329763,6918.288988437351,173.5045280456543
7,9,GY,E,1624.3539262829206,6918.288988437351,173.5045280456543
7,9,GY,GAK,18031.76842349268,6918.288988437351,173.5045280456543
7,9,GY,PAK,101.77921509945492,6918.288988437351,173.5045280456543
7,9,GY,GAKE,173.63661059543153,6918.288988437351,173.5045280456543
7,9,GY,PAKE,64.95199441633643,6918.288988437351,173.5045280456543
8,1,GY,Residual,42.548912336144646,6854.658244540281,120.95340299606323
8,1,GY,E,1226.2250199889763,6854.658244540281,120.95340299606323
8,1,GY,G,183.12328359060479,6854.658244540281,120.95340299606323
8,1,GY,GE,26.287619178260588,6854.658244540281,120.95340299606323
8,10,GY,Residual,40.98104445502442,6841.093637702009,158.83956813812256
8,10,GY,E,1168.6249644204222,6841.093637702009,158.83956813812256
8,10,GY,W,1.6182218957324577,6841.093637702009,158.83956813812256
8,10,GY,G,167.81310704849403,6841.093637702009,158.83956813812256
8,10,GY,GE,18.897345521679306,6841.093637702009,158.83956813812256
8,10,GY,GW,53.24280541044923,6841.093637702009,158.83956813812256
8,11,GY,Residual,49.47890310157966,6951.591266924005,176.3347520828247
8,11,GY,E,1203.4142466683704,6951.591266924005,176.3347520828247
8,11,GY,W,1.5996137944804543,6951.591266924005,176.3347520828247
8,11,GY,P,140023081.0910866,6951.591266924005,176.3347520828247
8,11,GY,PE,115.40140994293209,6951.591266924005,176.3347520828247
8,11,GY,PW,461.8818679026389,6951.591266924005,176.3347520828247
8,12,GY,Residual,41.25294575431352,6816.013745211865,300.1648738384247
8,12,GY,E,1033.7942183418488,6816.013745211865,300.1648738384247
8,12,GY,W,0.892563502478559,6816.013745211865,300.1648738384247
8,12,GY,G,169.03006985590338,6816.013745211865,300.1648738384247
8,12,GY,P,351.3598554275733,6816.013745211865,300.1648738384247
8,12,GY,GE,14.298286949343312,6816.013745211865,300.1648738384247
8,12,GY,PE,76.47249183686203,6816.013745211865,300.1648738384247
8,12,GY,GW,42.39717962301246,6816.013745211865,300.1648738384247
8,12,GY,PW,208.309651902461,6816.013745211865,300.1648738384247
8,13,GY,Residual,44.52866012242036,6823.759433820168,110.80026602745056
8,13,GY,E,1397.4789055143233,6823.759433820168,110.80026602745056
8,13,GY,W,1.535267720470215,6823.759433820168,110.80026602745056
8,13,GY,GGK,1049.406023483567,6823.759433820168,110.80026602745056
8,13,GY,GGKE,52.07535501531363,6823.759433820168,110.80026602745056
8,13,GY,GGKW,134.3441278692147,6823.759433820168,110.80026602745056
8,14,GY,Residual,192.97829956199055,8355.70497432927,157.163250207901
8,14,GY,E,1081.1396815122544,8355.70497432927,157.163250207901
8,14,GY,W,1.5667163207652468,8355.70497432927,157.163250207901
8,14,GY,PGK,94.62566103964929,8355.70497432927,157.163250207901
8,14,GY,PGKE,47.47965316998474,8355.70497432927,157.163250207901
8,14,GY,PGKW,114.39890099145666,8355.70497432927,157.163250207901
8,15,GY,Residual,40.22697804079504,6899.990736166663,254.49022793769836
8,15,GY,E,1021.2718251088631,6899.990736166663,254.49022793769836
8,15,GY,W,0.8912905446643147,6899.990736166663,254.49022793769836
8,15,GY,GGK,950.3910575430257,6899.990736166663,254.49022793769836
8,15,GY,PGK,14.872446536760679,6899.990736166663,254.49022793769836
8,15,GY,GGKE,36.838123461585504,6899.990736166663,254.49022793769836
8,15,GY,PGKE,13.656090638589024,6899.990736166663,254.49022793769836
8,15,GY,GGKW,88.64087816934801,6899.990736166663,254.49022793769836
8,15,GY,PGKW,28.676767696791966,6899.990736166663,254.49022793769836
8,16,GY,Residual,47.75885940789472,6851.772867515265,121.68425703048706
8,16,GY,E,975.7011479432061,6851.772867515265,121.68425703048706
8,16,GY,W,1.5456663920463,6851.772867515265,121.68425703048706
8,16,GY,GAK,18195.904757943783,6851.772867515265,121.68425703048706
8,16,GY,GAKE,151.68414025107697,6851.772867515265,121.68425703048706
8,16,GY,GAKW,1528.2824434227678,6851.772867515265,121.68425703048706
8,17,GY,Residual,260.2744137871351,8396.846825265,158.9501600265503
8,17,GY,E,1163.1803443359101,8396.846825265,158.9501600265503
8,17,GY,W,1.4232853800532403,8396.846825265,158.9501600265503
8,17,GY,PAK,6074.3789881070725,8396.846825265,158.9501600265503
8,17,GY,PAKE,85.81822125424272,8396.846825265,158.9501600265503
8,17,GY,PAKW,244.17741681441927,8396.846825265,158.9501600265503
8,18,GY,Residual,45.9430519075418,6837.5420822937385,293.1266679763794
8,18,GY,E,473.36859579550634,6837.5420822937385,293.1266679763794
8,18,GY,W,0.927697868500359,6837.5420822937385,293.1266679763794
8,18,GY,GAK,17645.00755820218,6837.5420822937385,293.1266679763794
8,18,GY,PAK,77.25679203604973,6837.5420822937385,293.1266679763794
8,18,GY,GAKE,107.59746199610852,6837.5420822937385,293.1266679763794
8,18,GY,PAKE,52.207408501669676,6837.5420822937385,293.1266679763794
8,18,GY,GAKW,1784.120232615124,6837.5420822937385,293.1266679763794
8,18,GY,PAKW,94.26597418730792,6837.5420822937385,293.1266679763794
8,2,GY,Residual,49.70288731590088,6961.710705401613,124.39761400222778
8,2,GY,E,1920.645752104063,6961.710705401613,124.39761400222778
8,2,GY,P,140743896.7542856,6961.710705401613,124.39761400222778
8,2,GY,PE,193.3411746574593,6961.710705401613,124.39761400222778
8,3,GY,Residual,46.329711623548036,6860.335376922795,86.05339097976685
8,3,GY,E,1119.8523435188051,6860.335376922795,86.05339097976685
8,3,GY,GGK,1089.9960630188782,6860.335376922795,86.05339097976685
8,3,GY,GGKE,81.0494428020938,6860.335376922795,86.05339097976685
8,4,GY,Residual,194.73281060311797,8348.990718799003,123.78894782066345
8,4,GY,E,1436.5062430291973,8348.990718799003,123.78894782066345
8,4,GY,PGK,130.49354824903028,8348.990718799003,123.78894782066345
8,4,GY,PGKE,61.92491961237145,8348.990718799003,123.78894782066345
8,5,GY,Residual,52.280303859673204,6919.039663807674,74.12157201766968
8,5,GY,E,982.8698843676822,6919.039663807674,74.12157201766968
8,5,GY,GAK,18455.813172007445,6919.039663807674,74.12157201766968
8,5,GY,GAKE,353.31677895370933,6919.039663807674,74.12157201766968
8,6,GY,Residual,259.85557595690244,8389.48107209299,118.89852094650269
8,6,GY,E,1294.7008698599298,8389.48107209299,118.89852094650269
8,6,GY,PAK,6151.115182720519,8389.48107209299,118.89852094650269
8,6,GY,PAKE,102.82996477242125,8389.48107209299,118.89852094650269
8,7,GY,Residual,42.95067330489255,6839.773487127011,204.11432790756226
8,7,GY,E,1048.556526727299,6839.773487127011,204.11432790756226
8,7,GY,G,180.99451102790036,6839.773487127011,204.11432790756226
8,7,GY,P,566.8289235788552,6839.773487127011,204.11432790756226
8,7,GY,GE,20.500351446260783,6839.773487127011,204.11432790756226
8,7,GY,PE,145.98010493986487,6839.773487127011,204.11432790756226
8,8,GY,Residual,41.52127080401753,6914.078258808869,179.48073601722717
8,8,GY,E,1236.2609628101625,6914.078258808869,179.48073601722717
8,8,GY,GGK,984.8951835619816,6914.078258808869,179.48073601722717
8,8,GY,PGK,19.429725959713327,6914.078258808869,179.48073601722717
8,8,GY,GGKE,58.01436298201394,6914.078258808869,179.48073601722717
8,8,GY,PGKE,17.905602637685973,6914.078258808869,179.48073601722717
8,9,GY,Residual,51.2755662612897,6909.548953123274,189.5652458667755
8,9,GY,E,624.2725121861805,6909.548953123274,189.5652458667755
8,9,GY,GAK,17986.71974668446,6909.548953123274,189.5652458667755
8,9,GY,PAK,107.07875976613975,6909.548953123274,189.5652458667755
8,9,GY,GAKE,291.97234725203043,6909.548953123274,189.5652458667755
8,9,GY,PAKE,49.08305016938048,6909.548953123274,189.5652458667755
9,1,GY,Residual,42.34452765111426,6855.914353208707,109.6085798740387
9,1,GY,E,1249.1310029034262,6855.914353208707,109.6085798740387
9,1,GY,G,182.23276506688066,6855.914353208707,109.6085798740387
9,1,GY,GE,26.310348164609618,6855.914353208707,109.6085798740387
9,10,GY,Residual,41.08487220154442,6845.168173986014,155.57819509506226
9,10,GY,E,1089.3566147624317,6845.168173986014,155.57819509506226
9,10,GY,W,1.4755146654553135,6845.168173986014,155.57819509506226
9,10,GY,G,166.7540155804814,6845.168173986014,155.57819509506226
9,10,GY,GE,18.40299936711589,6845.168173986014,155.57819509506226
9,10,GY,GW,53.19245584125632,6845.168173986014,155.57819509506226
9,11,GY,Residual,49.302669839202814,6947.601567978675,185.71521496772766
9,11,GY,E,1104.6521852747283,6947.601567978675,185.71521496772766
9,11,GY,W,1.6281833653903828,6947.601567978675,185.71521496772766
9,11,GY,P,140695579.92928255,6947.601567978675,185.71521496772766
9,11,GY,PE,125.94809983768256,6947.601567978675,185.71521496772766
9,11,GY,PW,531.4753514287519,6947.601567978675,185.71521496772766
9,12,GY,Residual,41.09133645167353,6813.037336254033,306.0654571056366
9,12,GY,E,1477.6495082007516,6813.037336254033,306.0654571056366
9,12,GY,W,0.9072627652467863,6813.037336254033,306.0654571056366
9,12,GY,G,167.00881346623643,6813.037336254033,306.0654571056366
9,12,GY,P,203.8909463332122,6813.037336254033,306.0654571056366
9,12,GY,GE,14.435614957840373,6813.037336254033,306.0654571056366
9,12,GY,PE,83.20084711871509,6813.037336254033,306.0654571056366
9,12,GY,GW,42.998880377670666,6813.037336254033,306.0654571056366
9,12,GY,PW,239.87134449072465,6813.037336254033,306.0654571056366
9,13,GY,Residual,44.617933520668345,6827.610618199199,107.09192180633545
9,13,GY,E,894.2194238943922,6827.610618199199,107.09192180633545
9,13,GY,W,1.712259680808221,6827.610618199199,107.09192180633545
9,13,GY,GGK,1042.2585641864537,6827.610618199199,107.09192180633545
9,13,GY,GGKE,51.44607434973011,6827.610618199199,107.09192180633545
9,13,GY,GGKW,138.95603744938424,6827.610618199199,107.09192180633545
9,14,GY,Residual,192.970039966343,8354.991698850305,187.99587106704712
9,14,GY,E,1145.0307218988733,8354.991698850305,187.99587106704712
9,14,GY,W,1.4452017489983253,8354.991698850305,187.99587106704712
9,14,GY,PGK,95.09655677893922,8354.991698850305,187.99587106704712
9,14,GY,PGKE,47.28865345374189,8354.991698850305,187.99587106704712
9,14,GY,PGKW,114.98808425091393,8354.991698850305,187.99587106704712
9,15,GY,Residual,39.510331177198744,6881.421579995214,259.2528829574585
9,15,GY,E,975.9460610264565,6881.421579995214,259.2528829574585
9,15,GY,W,0.9430855847413223,6881.421579995214,259.2528829574585
9,15,GY,GGK,954.2825709044376,6881.421579995214,259.2528829574585
9,15,GY,PGK,15.114606978595488,6881.421579995214,259.2528829574585
9,15,GY,GGKE,36.54087589170622,6881.421579995214,259.2528829574585
9,15,GY,PGKE,13.469278854600407,6881.421579995214,259.2528829574585
9,15,GY,GGKW,101.94684915134381,6881.421579995214,259.2528829574585
9,15,GY,PGKW,28.877059185935025,6881.421579995214,259.2528829574585
9,16,GY,Residual,46.98983906163046,6838.426523479461,131.82302594184875
9,16,GY,E,542.4241754955548,6838.426523479461,131.82302594184875
9,16,GY,W,2.169728306775037,6838.426523479461,131.82302594184875
9,16,GY,GAK,17989.249764482804,6838.426523479461,131.82302594184875
9,16,GY,GAKE,178.67964644969655,6838.426523479461,131.82302594184875
9,16,GY,GAKW,1817.9003818228273,6838.426523479461,131.82302594184875
9,17,GY,Residual,259.0643229807541,8390.751680115161,191.472797870636
9,17,GY,E,1105.4000837729823,8390.751680115161,191.472797870636
9,17,GY,W,1.5325260646812433,8390.751680115161,191.472797870636
9,17,GY,PAK,6236.95459426032,8390.751680115161,191.472797870636
9,17,GY,PAKE,82.89673528682557,8390.751680115161,191.472797870636
9,17,GY,PAKW,216.85432268345608,8390.751680115161,191.472797870636
9,18,GY,Residual,47.20004268109903,6848.887373732971,305.18838691711426
9,18,GY,E,795.705511648458,6848.887373732971,305.18838691711426
9,18,GY,W,0.956373590884791,6848.887373732971,305.18838691711426
9,18,GY,GAK,17708.495647708,6848.887373732971,305.18838691711426
9,18,GY,PAK,73.84904985881373,6848.887373732971,305.18838691711426
9,18,GY,GAKE,123.77032588209127,6848.887373732971,305.18838691711426
9,18,GY,PAKE,47.23876943380906,6848.887373732971,305.18838691711426
9,18,GY,GAKW,1254.8403801700558,6848.887373732971,305.18838691711426
9,18,GY,PAKW,104.95189060597188,6848.887373732971,305.18838691711426
9,2,GY,Residual,49.96089721360155,6960.531117305244,119.15667605400085
9,2,GY,E,1224.774180592185,6960.531117305244,119.15667605400085
9,2,GY,P,140990596.14455107,6960.531117305244,119.15667605400085
9,2,GY,PE,170.06088748794446,6960.531117305244,119.15667605400085
9,3,GY,Residual,45.99497764261867,6850.177829920031,78.79358696937561
9,3,GY,E,1159.3613614516794,6850.177829920031,78.79358696937561
9,3,GY,GGK,1082.1698511879465,6850.177829920031,78.79358696937561
9,3,GY,GGKE,79.2855156730918,6850.177829920031,78.79358696937561
9,4,GY,Residual,193.10380790120433,8346.158277098642,117.32715702056885
9,4,GY,E,1383.078398044265,8346.158277098642,117.32715702056885
9,4,GY,PGK,130.28264090064243,8346.158277098642,117.32715702056885
9,4,GY,PGKE,62.758423894379256,8346.158277098642,117.32715702056885
9,5,GY,Residual,52.40217443151102,6919.036959165785,79.44687104225159
9,5,GY,E,825.7514997124375,6919.036959165785,79.44687104225159
9,5,GY,GAK,18416.593814931017,6919.036959165785,79.44687104225159
9,5,GY,GAKE,358.7434558035748,6919.036959165785,79.44687104225159
9,6,GY,Residual,260.96690312191026,8390.034561598808,121.32052803039551
9,6,GY,E,1227.0215609672352,8390.034561598808,121.32052803039551
9,6,GY,PAK,6242.4632207620825,8390.034561598808,121.32052803039551
9,6,GY,PAKE,129.17159065782036,8390.034561598808,121.32052803039551
9,7,GY,Residual,42.76679592695604,6842.117343644772,238.8065001964569
9,7,GY,E,1120.805988041843,6842.117343644772,238.8065001964569
9,7,GY,G,181.96758951169244,6842.117343644772,238.8065001964569
9,7,GY,P,293.0315610281177,6842.117343644772,238.8065001964569
9,7,GY,GE,20.724378714475616,6842.117343644772,238.8065001964569
9,7,GY,PE,102.83469107473162,6842.117343644772,238.8065001964569
9,8,GY,Residual,41.16716945503511,6906.9001178747585,171.29094004631042
9,8,GY,E,975.905284206983,6906.9001178747585,171.29094004631042
9,8,GY,GGK,992.5553202764593,6906.9001178747585,171.29094004631042
9,8,GY,PGK,19.853181622463747,6906.9001178747585,171.29094004631042
9,8,GY,GGKE,57.7809845095062,6906.9001178747585,171.29094004631042
9,8,GY,PGKE,17.558961810483613,6906.9001178747585,171.29094004631042
9,9,GY,Residual,51.341244749378134,6910.0874285544205,169.33447980880737
9,9,GY,E,881.0973456179611,6910.0874285544205,169.33447980880737
9,9,GY,GAK,17939.636693625867,6910.0874285544205,169.33447980880737
9,9,GY,PAK,114.11917995724016,6910.0874285544205,169.33447980880737
9,9,GY,GAKE,251.2939465799325,6910.0874285544205,169.33447980880737
9,9,GY,PAKE,68.05414975761441,6910.0874285544205,169.33447980880737
10,1,GY,Residual,42.47272462130504,6856.164728077683,105.88596701622009
10,1,GY,E,1247.4987611747806,6856.164728077683,105.88596701622009
10,1,GY,G,184.62955465151143,6856.164728077683,105.88596701622009
10,1,GY,GE,26.326297674701678,6856.164728077683,105.88596701622009
10,10,GY,Residual,41.380428849017036,6845.678519536089,163.6302900314331
10,10,GY,E,1183.9939393579648,6845.678519536089,163.6302900314331
10,10,GY,W,1.4084163477937859,6845.678519536089,163.6302900314331
10,10,GY,G,168.00440616523662,6845.678519536089,163.6302900314331
10,10,GY,GE,18.793566765367476,6845.678519536089,163.6302900314331
10,10,GY,GW,52.53697708772003,6845.678519536089,163.6302900314331
10,11,GY,Residual,49.84507738616879,6953.255905713442,164.80943703651428
10,11,GY,E,1099.8919693823682,6953.255905713442,164.80943703651428
10,11,GY,W,1.4476392689077278,6953.255905713442,164.80943703651428
10,11,GY,P,140354140.30857807,6953.255905713442,164.80943703651428
10,11,GY,PE,105.77412708059869,6953.255905713442,164.80943703651428
10,11,GY,PW,835.3196878472028,6953.255905713442,164.80943703651428
10,12,GY,Residual,41.34347315163473,6820.905790243181,312.0079560279846
10,12,GY,E,983.6139543959504,6820.905790243181,312.0079560279846
10,12,GY,W,1.8683715747519505,6820.905790243181,312.0079560279846
10,12,GY,G,166.36547150566145,6820.905790243181,312.0079560279846
10,12,GY,P,350.6305961705991,6820.905790243181,312.0079560279846
10,12,GY,GE,14.56979189604712,6820.905790243181,312.0079560279846
10,12,GY,PE,107.094596091945,6820.905790243181,312.0079560279846
10,12,GY,GW,41.30728029300732,6820.905790243181,312.0079560279846
10,12,GY,PW,230.87267087616394,6820.905790243181,312.0079560279846
10,13,GY,Residual,44.58065290520527,6822.114504881841,115.91296696662903
10,13,GY,E,1178.9529630065965,6822.114504881841,115.91296696662903
10,13,GY,W,1.5675442587758843,6822.114504881841,115.91296696662903
10,13,GY,GGK,1050.1913217717665,6822.114504881841,115.91296696662903
10,13,GY,GGKE,51.59847234373653,6822.114504881841,115.91296696662903
10,13,GY,GGKW,134.7959834690559,6822.114504881841,115.91296696662903
10,14,GY,Residual,189.14098783946352,8347.213807596625,186.84431910514832
10,14,GY,E,1246.993446564349,8347.213807596625,186.84431910514832
10,14,GY,W,1.3724111502403238,8347.213807596625,186.84431910514832
10,14,GY,PGK,100.10627338657534,8347.213807596625,186.84431910514832
10,14,GY,PGKE,46.0474323164347,8347.213807596625,186.84431910514832
10,14,GY,PGKW,116.4548419978212,8347.213807596625,186.84431910514832
10,15,GY,Residual,39.89593539721855,6897.091303685566,269.25803995132446
10,15,GY,E,859.5157464766268,6897.091303685566,269.25803995132446
10,15,GY,W,0.9094031858634175,6897.091303685566,269.25803995132446
10,15,GY,GGK,959.1404305491108,6897.091303685566,269.25803995132446
10,15,GY,PGK,15.064690288094942,6897.091303685566,269.25803995132446
10,15,GY,GGKE,37.87341911438561,6897.091303685566,269.25803995132446
10,15,GY,PGKE,13.62974813225821,6897.091303685566,269.25803995132446
10,15,GY,GGKW,95.24452890652424,6897.091303685566,269.25803995132446
10,15,GY,PGKW,29.050951598404303,6897.091303685566,269.25803995132446
10,16,GY,Residual,47.584187875922815,6848.495536134249,132.87935090065002
10,16,GY,E,569.3306703919775,6848.495536134249,132.87935090065002
10,16,GY,W,1.6395006203935414,6848.495536134249,132.87935090065002
10,16,GY,GAK,18009.025966344285,6848.495536134249,132.87935090065002
10,16,GY,GAKE,214.39054727077786,6848.495536134249,132.87935090065002
10,16,GY,GAKW,1454.3939689056256,6848.495536134249,132.87935090065002
10,17,GY,Residual,259.7050742657978,8390.71149772872,164.9046618938446
10,17,GY,E,1251.057095488347,8390.71149772872,164.9046618938446
10,17,GY,W,1.4810994254198102,8390.71149772872,164.9046618938446
10,17,GY,PAK,6055.20994585867,8390.71149772872,164.9046618938446
10,17,GY,PAKE,71.21707200204901,8390.71149772872,164.9046618938446
10,17,GY,PAKW,213.31096520746675,8390.71149772872,164.9046618938446
10,18,GY,Residual,46.94906384145999,6847.677555608413,262.86614990234375
10,18,GY,E,573.3779962593026,6847.677555608413,262.86614990234375
10,18,GY,W,0.9267350157018899,6847.677555608413,262.86614990234375
10,18,GY,GAK,17654.593219391936,6847.677555608413,262.86614990234375
10,18,GY,PAK,72.05912339303067,6847.677555608413,262.86614990234375
10,18,GY,GAKE,166.8556401658852,6847.677555608413,262.86614990234375
10,18,GY,PAKE,53.398050351960116,6847.677555608413,262.86614990234375
10,18,GY,GAKW,1140.7984606512264,6847.677555608413,262.86614990234375
10,18,GY,PAKW,104.53500327851464,6847.677555608413,262.86614990234375
10,2,GY,Residual,50.067894446844086,6961.276053237202,126.22644805908203
10,2,GY,E,1200.408296097124,6961.276053237202,126.22644805908203
10,2,GY,P,140681937.79983273,6961.276053237202,126.22644805908203
10,2,GY,PE,163.2438686423743,6961.276053237202,126.22644805908203
10,3,GY,Residual,46.375161420360556,6858.925374147726,76.56937599182129
10,3,GY,E,1177.1739012089313,6858.925374147726,76.56937599182129
10,3,GY,GGK,1081.2744654808482,6858.925374147726,76.56937599182129
10,3,GY,GGKE,82.25833491501649,6858.925374147726,76.56937599182129
10,4,GY,Residual,193.39576139103838,8342.337065101172,126.98037314414978
10,4,GY,E,1453.1905167698123,8342.337065101172,126.98037314414978
10,4,GY,PGK,130.61770073298317,8342.337065101172,126.98037314414978
10,4,GY,PGKE,62.775307919203925,8342.337065101172,126.98037314414978
10,5,GY,Residual,52.396713254312324,6917.589449605892,75.0846471786499
10,5,GY,E,1254.0338898518962,6917.589449605892,75.0846471786499
10,5,GY,GAK,18538.973000249025,6917.589449605892,75.0846471786499
10,5,GY,GAKE,358.2309863749506,6917.589449605892,75.0846471786499
10,6,GY,Residual,259.48909830664957,8391.692638038432,106.48183798789978
10,6,GY,E,1315.1117609391956,8391.692638038432,106.48183798789978
10,6,GY,PAK,6265.008204899223,8391.692638038432,106.48183798789978
10,6,GY,PAKE,110.86192612431509,8391.692638038432,106.48183798789978
10,7,GY,Residual,43.05935248830316,6840.8853789501445,209.87783098220825
10,7,GY,E,1208.8097645827702,6840.8853789501445,209.87783098220825
10,7,GY,G,182.3197270523694,6840.8853789501445,209.87783098220825
10,7,GY,P,217.7581677982716,6840.8853789501445,209.87783098220825
10,7,GY,GE,20.54360332857248,6840.8853789501445,209.87783098220825
10,7,GY,PE,109.37726021611748,6840.8853789501445,209.87783098220825
10,8,GY,Residual,41.39439154115887,6912.766348129503,178.18174004554749
10,8,GY,E,1046.8098192354337,6912.766348129503,178.18174004554749
10,8,GY,GGK,995.9636335519369,6912.766348129503,178.18174004554749
10,8,GY,PGK,19.424519717331027,6912.766348129503,178.18174004554749
10,8,GY,GGKE,58.19985756980616,6912.766348129503,178.18174004554749
10,8,GY,PGKE,17.566784910763026,6912.766348129503,178.18174004554749
10,9,GY,Residual,51.59325427183868,6912.935198487623,181.260272026062
10,9,GY,E,919.1624475900434,6912.935198487623,181.260272026062
10,9,GY,GAK,18107.819332770614,6912.935198487623,181.260272026062
10,9,GY,PAK,96.20063051915004,6912.935198487623,181.260272026062
10,9,GY,GAKE,228.4080988642145,6912.935198487623,181.260272026062
10,9,GY,PAKE,63.46634242493895,6912.935198487623,181.260272026062
1,1,KW,Residual,10.24400118437804,5466.444380268468,130.24573588371277
1,1,KW,E,339.4466223965448,5466.444380268468,130.24573588371277
1,1,KW,G,91.75661439721756,5466.444380268468,130.24573588371277
1,1,KW,GE,6.387237101353197,5466.444380268468,130.24573588371277
1,10,KW,Residual,10.072427379764871,5473.642813454379,164.17365217208862
1,10,KW,E,353.8779809317792,5473.642813454379,164.17365217208862
1,10,KW,W,0.44580008817705696,5473.642813454379,164.17365217208862
1,10,KW,G,87.6836692240818,5473.642813454379,164.17365217208862
1,10,KW,GE,4.842466792598894,5473.642813454379,164.17365217208862
1,10,KW,GW,12.586193207756816,5473.642813454379,164.17365217208862
1,11,KW,Residual,8.929977704759127,5277.51549930246,189.1027708053589
1,11,KW,E,268.87979952413536,5277.51549930246,189.1027708053589
1,11,KW,W,0.44881646326467856,5277.51549930246,189.1027708053589
1,11,KW,P,38592805.38610862,5277.51549930246,189.1027708053589
1,11,KW,PE,35.28296782227901,5277.51549930246,189.1027708053589
1,11,KW,PW,101.07937018540879,5277.51549930246,189.1027708053589
1,12,KW,Residual,6.777690474700937,5001.644293718866,361.90790700912476
1,12,KW,E,290.7861603125119,5001.644293718866,361.90790700912476
1,12,KW,W,0.26587843822435153,5001.644293718866,361.90790700912476
1,12,KW,G,59.204316173293165,5001.644293718866,361.90790700912476
1,12,KW,P,871842.3635106281,5001.644293718866,361.90790700912476
1,12,KW,GE,2.544539604719922,5001.644293718866,361.90790700912476
1,12,KW,PE,24.809423574298,5001.644293718866,361.90790700912476
1,12,KW,GW,7.662996793269232,5001.644293718866,361.90790700912476
1,12,KW,PW,60.03182578415962,5001.644293718866,361.90790700912476
1,13,KW,Residual,11.05181610132495,5451.7176635743,110.50490713119507
1,13,KW,E,330.290010156045,5451.7176635743,110.50490713119507
1,13,KW,W,0.37414209998304404,5451.7176635743,110.50490713119507
1,13,KW,GGK,540.5011973721807,5451.7176635743,110.50490713119507
1,13,KW,GGKE,12.601382619726914,5451.7176635743,110.50490713119507
1,13,KW,GGKW,25.853960726645795,5451.7176635743,110.50490713119507
1,14,KW,Residual,56.36831917627181,7184.470199427246,192.00789499282837
1,14,KW,E,297.2751601204728,7184.470199427246,192.00789499282837
1,14,KW,W,0.4236533495456241,7184.470199427246,192.00789499282837
1,14,KW,PGK,41.01834895508763,7184.470199427246,192.00789499282837
1,14,KW,PGKE,14.489254813464646,7184.470199427246,192.00789499282837
1,14,KW,PGKW,34.31306458092601,7184.470199427246,192.00789499282837
1,15,KW,Residual,9.95684367942051,5536.73152028446,265.1995120048523
1,15,KW,E,233.09124323317428,5536.73152028446,265.1995120048523
1,15,KW,W,0.241388609856285,5536.73152028446,265.1995120048523
1,15,KW,GGK,502.103998650398,5536.73152028446,265.1995120048523
1,15,KW,PGK,4.017952605580395,5536.73152028446,265.1995120048523
1,15,KW,GGKE,9.096953089485124,5536.73152028446,265.1995120048523
1,15,KW,PGKE,3.4053036178566223,5536.73152028446,265.1995120048523
1,15,KW,GGKW,17.39741982505492,5536.73152028446,265.1995120048523
1,15,KW,PGKW,7.346230352204719,5536.73152028446,265.1995120048523
1,16,KW,Residual,12.415022312307206,5503.230424754355,130.6390519142151
1,16,KW,E,173.79649650580393,5503.230424754355,130.6390519142151
1,16,KW,W,0.4025868494713693,5503.230424754355,130.6390519142151
1,16,KW,GAK,7698.992310139974,5503.230424754355,130.6390519142151
1,16,KW,GAKE,32.2803935194296,5503.230424754355,130.6390519142151
1,16,KW,GAKW,130.06062726927388,5503.230424754355,130.6390519142151
1,17,KW,Residual,74.07133518301426,7212.589681395875,159.43250107765198
1,17,KW,E,297.5265127483656,7212.589681395875,159.43250107765198
1,17,KW,W,0.4444709864359107,7212.589681395875,159.43250107765198
1,17,KW,PAK,2954.1957047803094,7212.589681395875,159.43250107765198
1,17,KW,PAKE,25.935013861312598,7212.589681395875,159.43250107765198
1,17,KW,PAKW,65.13008285614487,7212.589681395875,159.43250107765198
1,18,KW,Residual,11.813640662346494,5473.903357857256,262.9804689884186
1,18,KW,E,115.07867544600765,5473.903357857256,262.9804689884186
1,18,KW,W,0.26915325788587496,5473.903357857256,262.9804689884186
1,18,KW,GAK,7329.053260708267,5473.903357857256,262.9804689884186
1,18,KW,PAK,39.78739235209104,5473.903357857256,262.9804689884186
1,18,KW,GAKE,40.16596879603105,5473.903357857256,262.9804689884186
1,18,KW,PAKE,10.155173866620034,5473.903357857256,262.9804689884186
1,18,KW,GAKW,68.89499185209262,5473.903357857256,262.9804689884186
1,18,KW,PAKW,29.328236420456882,5473.903357857256,262.9804689884186
1,2,KW,Residual,8.941358221654149,5273.367913668293,130.57979893684387
1,2,KW,E,302.65133354506185,5273.367913668293,130.57979893684387
1,2,KW,P,38657616.24496606,5273.367913668293,130.57979893684387
1,2,KW,PE,43.03825495559902,5273.367913668293,130.57979893684387
1,3,KW,Residual,11.206901923430213,5460.8523539029475,91.93176198005676
1,3,KW,E,309.0530949654003,5460.8523539029475,91.93176198005676
1,3,KW,GGK,545.4352007448298,5460.8523539029475,91.93176198005676
1,3,KW,GGKE,18.706843117771665,5460.8523539029475,91.93176198005676
1,4,KW,Residual,56.06121491613889,7172.57582430188,128.31695795059204
1,4,KW,E,334.41362928231774,7172.57582430188,128.31695795059204
1,4,KW,PGK,52.37527522267289,7172.57582430188,128.31695795059204
1,4,KW,PGKE,19.68687968304773,7172.57582430188,128.31695795059204
1,5,KW,Residual,12.865324165739345,5520.680565840092,92.40383791923523
1,5,KW,E,334.7846981249545,5520.680565840092,92.40383791923523
1,5,KW,GAK,7735.491693143358,5520.680565840092,92.40383791923523
1,5,KW,GAKE,54.76174853633421,5520.680565840092,92.40383791923523
1,6,KW,Residual,73.74899806265431,7209.921643896339,129.02824711799622
1,6,KW,E,345.18849397868013,7209.921643896339,129.02824711799622
1,6,KW,PAK,3063.304889750382,7209.921643896339,129.02824711799622
1,6,KW,PAKE,32.628290848421756,7209.921643896339,129.02824711799622
1,7,KW,Residual,6.49348894901372,4923.087215629956,203.81217217445374
1,7,KW,E,292.27152649516034,4923.087215629956,203.81217217445374
1,7,KW,G,56.287297184883855,4923.087215629956,203.81217217445374
1,7,KW,P,1464204.8298656251,4923.087215629956,203.81217217445374
1,7,KW,GE,3.2001495477069204,4923.087215629956,203.81217217445374
1,7,KW,PE,28.25199654309855,4923.087215629956,203.81217217445374
1,8,KW,Residual,10.10765867344407,5522.040258401679,178.63980793952942
1,8,KW,E,336.2975360886144,5522.040258401679,178.63980793952942
1,8,KW,GGK,515.1788181067415,5522.040258401679,178.63980793952942
1,8,KW,PGK,5.120493415454151,5522.040258401679,178.63980793952942
1,8,KW,GGKE,11.732563421915668,5522.040258401679,178.63980793952942
1,8,KW,PGKE,4.365969714904468,5522.040258401679,178.63980793952942
1,9,KW,Residual,11.899248949351637,5478.767009600558,208.09354400634766
1,9,KW,E,244.09752943331048,5478.767009600558,208.09354400634766
1,9,KW,GAK,7355.906130058793,5478.767009600558,208.09354400634766
1,9,KW,PAK,69.00670870844861,5478.767009600558,208.09354400634766
1,9,KW,GAKE,42.02303410636956,5478.767009600558,208.09354400634766
1,9,KW,PAKE,15.119645328363061,5478.767009600558,208.09354400634766
2,1,KW,Residual,10.271617093071482,5462.306428174142,109.56469702720642
2,1,KW,E,310.58065201158627,5462.306428174142,109.56469702720642
2,1,KW,G,91.89428233789612,5462.306428174142,109.56469702720642
2,1,KW,GE,6.368921121962216,5462.306428174142,109.56469702720642
2,10,KW,Residual,10.049815053324917,5470.831578535045,163.03390502929688
2,10,KW,E,298.4232680834276,5470.831578535045,163.03390502929688
2,10,KW,W,0.37400531200350784,5470.831578535045,163.03390502929688
2,10,KW,G,88.40876205687157,5470.831578535045,163.03390502929688
2,10,KW,GE,4.81131740476964,5470.831578535045,163.03390502929688
2,10,KW,GW,12.554037336935075,5470.831578535045,163.03390502929688
2,11,KW,Residual,8.946934585836166,5278.124152373471,184.4879560470581
2,11,KW,E,300.8752991035842,5278.124152373471,184.4879560470581
2,11,KW,W,0.4115436378941849,5278.124152373471,184.4879560470581
2,11,KW,P,38285077.20635738,5278.124152373471,184.4879560470581
2,11,KW,PE,41.861776077023215,5278.124152373471,184.4879560470581
2,11,KW,PW,114.88416655410175,5278.124152373471,184.4879560470581
2,12,KW,Residual,6.463626874701938,4955.717328759918,319.9303650856018
2,12,KW,E,251.39525016182338,4955.717328759918,319.9303650856018
2,12,KW,W,0.26548901617731546,4955.717328759918,319.9303650856018
2,12,KW,G,54.64319515448823,4955.717328759918,319.9303650856018
2,12,KW,P,1150201.0028938402,4955.717328759918,319.9303650856018
2,12,KW,GE,2.4690455945006784,4955.717328759918,319.9303650856018
2,12,KW,PE,18.628824229322,4955.717328759918,319.9303650856018
2,12,KW,GW,7.318965736502043,4955.717328759918,319.9303650856018
2,12,KW,PW,61.661820022263065,4955.717328759918,319.9303650856018
2,13,KW,Residual,11.116589121360795,5457.626497610588,124.54678511619568
2,13,KW,E,273.61970742608776,5457.626497610588,124.54678511619568
2,13,KW,W,0.39964424400874676,5457.626497610588,124.54678511619568
2,13,KW,GGK,540.8294173644574,5457.626497610588,124.54678511619568
2,13,KW,GGKE,12.608400470948823,5457.626497610588,124.54678511619568
2,13,KW,GGKW,26.41792976871831,5457.626497610588,124.54678511619568
2,14,KW,Residual,55.247863857798585,7173.277980834908,157.78983998298645
2,14,KW,E,409.9180848945002,7173.277980834908,157.78983998298645
2,14,KW,W,0.387003805111625,7173.277980834908,157.78983998298645
2,14,KW,PGK,42.19331807306301,7173.277980834908,157.78983998298645
2,14,KW,PGKE,14.771672237889103,7173.277980834908,157.78983998298645
2,14,KW,PGKW,35.032621279161724,7173.277980834908,157.78983998298645
2,15,KW,Residual,9.92604264230379,5539.645410580925,263.5220308303833
2,15,KW,E,214.2848623486924,5539.645410580925,263.5220308303833
2,15,KW,W,0.24598466103079866,5539.645410580925,263.5220308303833
2,15,KW,GGK,499.2440004599026,5539.645410580925,263.5220308303833
2,15,KW,PGK,4.002542384958549,5539.645410580925,263.5220308303833
2,15,KW,GGKE,8.585305198714732,5539.645410580925,263.5220308303833
2,15,KW,PGKE,3.4183049659328404,5539.645410580925,263.5220308303833
2,15,KW,GGKW,19.219925517047596,5539.645410580925,263.5220308303833
2,15,KW,PGKW,7.416456062132407,5539.645410580925,263.5220308303833
2,16,KW,Residual,12.422522695041017,5505.05830482518,113.7915608882904
2,16,KW,E,145.72019884849888,5505.05830482518,113.7915608882904
2,16,KW,W,0.4190349440066351,5505.05830482518,113.7915608882904
2,16,KW,GAK,7645.323043920877,5505.05830482518,113.7915608882904
2,16,KW,GAKE,39.867779283225794,5505.05830482518,113.7915608882904
2,16,KW,GAKW,160.784379485742,5505.05830482518,113.7915608882904
2,17,KW,Residual,74.27216214287873,7213.055119088228,161.39645910263062
2,17,KW,E,326.20023798181916,7213.055119088228,161.39645910263062
2,17,KW,W,0.43084031555818275,7213.055119088228,161.39645910263062
2,17,KW,PAK,2989.358126417084,7213.055119088228,161.39645910263062
2,17,KW,PAKE,17.8656845017577,7213.055119088228,161.39645910263062
2,17,KW,PAKW,61.80143825724752,7213.055119088228,161.39645910263062
2,18,KW,Residual,11.933185885336451,5480.717919428968,290.0731270313263
2,18,KW,E,346.27418204175524,5480.717919428968,290.0731270313263
2,18,KW,W,0.24956267542516636,5480.717919428968,290.0731270313263
2,18,KW,GAK,7369.001129025849,5480.717919428968,290.0731270313263
2,18,KW,PAK,33.46448399758274,5480.717919428968,290.0731270313263
2,18,KW,GAKE,26.09347439620719,5480.717919428968,290.0731270313263
2,18,KW,PAKE,13.261360501010921,5480.717919428968,290.0731270313263
2,18,KW,GAKW,68.06020163543407,5480.717919428968,290.0731270313263
2,18,KW,PAKW,33.83426771807712,5480.717919428968,290.0731270313263
2,2,KW,Residual,8.997416431292725,5277.848009913012,108.0581750869751
2,2,KW,E,329.4322864796929,5277.848009913012,108.0581750869751
2,2,KW,P,38382830.50306735,5277.848009913012,108.0581750869751
2,2,KW,PE,44.40080201580235,5277.848009913012,108.0581750869751
2,3,KW,Residual,11.303212676296166,5467.983775049401,92.31765699386597
2,3,KW,E,296.8877690595519,5467.983775049401,92.31765699386597
2,3,KW,GGK,547.6823245917142,5467.983775049401,92.31765699386597
2,3,KW,GGKE,18.1473573791574,5467.983775049401,92.31765699386597
2,4,KW,Residual,55.50468515645969,7170.15593471681,134.93688011169434
2,4,KW,E,392.28938458127664,7170.15593471681,134.93688011169434
2,4,KW,PGK,53.72688790302124,7170.15593471681,134.93688011169434
2,4,KW,PGKE,19.082642169549736,7170.15593471681,134.93688011169434
2,5,KW,Residual,12.747000687545226,5517.750200266852,94.11207413673401
2,5,KW,E,261.7720538755777,5517.750200266852,94.11207413673401
2,5,KW,GAK,7727.346835862705,5517.750200266852,94.11207413673401
2,5,KW,GAKE,63.666647639791165,5517.750200266852,94.11207413673401
2,6,KW,Residual,74.08635340482091,7209.464598271824,135.7581889629364
2,6,KW,E,419.4780811327869,7209.464598271824,135.7581889629364
2,6,KW,PAK,3059.54745288749,7209.464598271824,135.7581889629364
2,6,KW,PAKE,32.248470000541914,7209.464598271824,135.7581889629364
2,7,KW,Residual,6.549790677242771,4937.032602737401,208.57269501686096
2,7,KW,E,298.1819626995735,4937.032602737401,208.57269501686096
2,7,KW,G,56.71126018845033,4937.032602737401,208.57269501686096
2,7,KW,P,1217848.3810538875,4937.032602737401,208.57269501686096
2,7,KW,GE,3.255501318949951,4937.032602737401,208.57269501686096
2,7,KW,PE,29.912149792089714,4937.032602737401,208.57269501686096
2,8,KW,Residual,10.01437019861077,5516.397688415316,181.86756706237793
2,8,KW,E,284.28945954737276,5516.397688415316,181.86756706237793
2,8,KW,GGK,509.71601166998335,5516.397688415316,181.86756706237793
2,8,KW,PGK,5.191743514722111,5516.397688415316,181.86756706237793
2,8,KW,GGKE,11.625198278485074,5516.397688415316,181.86756706237793
2,8,KW,PGKE,4.411140036361267,5516.397688415316,181.86756706237793
2,9,KW,Residual,11.966124927468245,5481.008341308999,201.65137910842896
2,9,KW,E,194.59462441481983,5481.008341308999,201.65137910842896
2,9,KW,GAK,7362.399215299586,5481.008341308999,201.65137910842896
2,9,KW,PAK,45.42279079002717,5481.008341308999,201.65137910842896
2,9,KW,GAKE,62.43997160762188,5481.008341308999,201.65137910842896
2,9,KW,PAKE,14.483649331590135,5481.008341308999,201.65137910842896
3,1,KW,Residual,10.229887911460846,5462.852312909932,110.8081750869751
3,1,KW,E,314.62676499932405,5462.852312909932,110.8081750869751
3,1,KW,G,92.16660469973641,5462.852312909932,110.8081750869751
3,1,KW,GE,6.410651467643055,5462.852312909932,110.8081750869751
3,10,KW,Residual,10.015998876345604,5464.32833062314,164.66737699508667
3,10,KW,E,264.44484452937616,5464.32833062314,164.66737699508667
3,10,KW,W,0.49445160000727906,5464.32833062314,164.66737699508667
3,10,KW,G,89.05948410088641,5464.32833062314,164.66737699508667
3,10,KW,GE,4.7847190248752,5464.32833062314,164.66737699508667
3,10,KW,GW,12.780963415535298,5464.32833062314,164.66737699508667
3,11,KW,Residual,8.982576627176092,5284.317181486087,179.29875683784485
3,11,KW,E,312.53857148760557,5284.317181486087,179.29875683784485
3,11,KW,W,0.47378321340998136,5284.317181486087,179.29875683784485
3,11,KW,P,38449335.30695331,5284.317181486087,179.29875683784485
3,11,KW,PE,34.56532278566441,5284.317181486087,179.29875683784485
3,11,KW,PW,97.65521289040994,5284.317181486087,179.29875683784485
3,12,KW,Residual,6.472917297460313,4950.938167920992,329.1145429611206
3,12,KW,E,249.35624569854483,4950.938167920992,329.1145429611206
3,12,KW,W,0.22328112952111312,4950.938167920992,329.1145429611206
3,12,KW,G,54.31522697263301,4950.938167920992,329.1145429611206
3,12,KW,P,1213926.5859107426,4950.938167920992,329.1145429611206
3,12,KW,GE,2.4337040152931335,4950.938167920992,329.1145429611206
3,12,KW,PE,25.064337311960003,4950.938167920992,329.1145429611206
3,12,KW,GW,7.3985923658216874,4950.938167920992,329.1145429611206
3,12,KW,PW,62.861715635392386,4950.938167920992,329.1145429611206
3,13,KW,Residual,11.057647272295249,5453.132477869816,108.21544122695923
3,13,KW,E,290.5373503972548,5453.132477869816,108.21544122695923
3,13,KW,W,0.34918447616563053,5453.132477869816,108.21544122695923
3,13,KW,GGK,539.6405650429939,5453.132477869816,108.21544122695923
3,13,KW,GGKE,12.975572799151962,5453.132477869816,108.21544122695923
3,13,KW,GGKW,25.324875163297275,5453.132477869816,108.21544122695923
3,14,KW,Residual,55.860718803186735,7182.884900570363,174.72480010986328
3,14,KW,E,280.95971603832294,7182.884900570363,174.72480010986328
3,14,KW,W,0.42156924280557995,7182.884900570363,174.72480010986328
3,14,KW,PGK,41.33676751617311,7182.884900570363,174.72480010986328
3,14,KW,PGKE,14.678510893895316,7182.884900570363,174.72480010986328
3,14,KW,PGKW,34.30580178620818,7182.884900570363,174.72480010986328
3,15,KW,Residual,9.902693628034699,5531.078469698579,280.00423312187195
3,15,KW,E,225.7761869767392,5531.078469698579,280.00423312187195
3,15,KW,W,0.24914465657744458,5531.078469698579,280.00423312187195
3,15,KW,GGK,502.7729506956691,5531.078469698579,280.00423312187195
3,15,KW,PGK,3.918940605521037,5531.078469698579,280.00423312187195
3,15,KW,GGKE,9.206775444973548,5531.078469698579,280.00423312187195
3,15,KW,PGKE,3.3621779187022693,5531.078469698579,280.00423312187195
3,15,KW,GGKW,17.22561305074111,5531.078469698579,280.00423312187195
3,15,KW,PGKW,7.267385468659084,5531.078469698579,280.00423312187195
3,16,KW,Residual,12.460481296880006,5498.951822677628,112.43069100379944
3,16,KW,E,152.05084030546482,5498.951822677628,112.43069100379944
3,16,KW,W,0.4022564330008954,5498.951822677628,112.43069100379944
3,16,KW,GAK,7741.877589939816,5498.951822677628,112.43069100379944
3,16,KW,GAKE,41.78519917436793,5498.951822677628,112.43069100379944
3,16,KW,GAKW,125.98179504490268,5498.951822677628,112.43069100379944
3,17,KW,Residual,74.77197564020825,7214.13427510944,167.27384686470032
3,17,KW,E,320.80432780526536,7214.13427510944,167.27384686470032
3,17,KW,W,0.41863428204821584,7214.13427510944,167.27384686470032
3,17,KW,PAK,2923.871252172916,7214.13427510944,167.27384686470032
3,17,KW,PAKE,20.252656415063026,7214.13427510944,167.27384686470032
3,17,KW,PAKW,72.86151715220157,7214.13427510944,167.27384686470032
3,18,KW,Residual,11.97588153816482,5480.180611798329,282.4539330005646
3,18,KW,E,241.45735773452392,5480.180611798329,282.4539330005646
3,18,KW,W,0.27224812050253266,5480.180611798329,282.4539330005646
3,18,KW,GAK,7402.3241455055795,5480.180611798329,282.4539330005646
3,18,KW,PAK,33.1512862398318,5480.180611798329,282.4539330005646
3,18,KW,GAKE,35.27916134189635,5480.180611798329,282.4539330005646
3,18,KW,PAKE,10.683719436006243,5480.180611798329,282.4539330005646
3,18,KW,GAKW,56.56374474051138,5480.180611798329,282.4539330005646
3,18,KW,PAKW,29.758921275673153,5480.180611798329,282.4539330005646
3,2,KW,Residual,8.915390864671105,5275.13964667084,111.62565398216248
3,2,KW,E,308.8269924908834,5275.13964667084,111.62565398216248
3,2,KW,P,38609185.44691016,5275.13964667084,111.62565398216248
3,2,KW,PE,44.199042634020074,5275.13964667084,111.62565398216248
3,3,KW,Residual,11.28705031320524,5470.969470745859,87.1511549949646
3,3,KW,E,284.23737838691994,5470.969470745859,87.1511549949646
3,3,KW,GGK,548.7867439020172,5470.969470745859,87.1511549949646
3,3,KW,GGKE,18.250432585294355,5470.969470745859,87.1511549949646
3,4,KW,Residual,56.07065243902567,7173.381819581523,121.11952590942383
3,4,KW,E,343.12309213601685,7173.381819581523,121.11952590942383
3,4,KW,PGK,52.58676643738984,7173.381819581523,121.11952590942383
3,4,KW,PGKE,20.028813932507394,7173.381819581523,121.11952590942383
3,5,KW,Residual,12.781324699782784,5522.965933694693,85.41251993179321
3,5,KW,E,320.9574614025164,5522.965933694693,85.41251993179321
3,5,KW,GAK,7730.282721214279,5522.965933694693,85.41251993179321
3,5,KW,GAKE,56.17054157336767,5522.965933694693,85.41251993179321
3,6,KW,Residual,74.54549363585937,7214.218697286093,124.53128600120544
3,6,KW,E,381.3939497908072,7214.218697286093,124.53128600120544
3,6,KW,PAK,2956.7268046898575,7214.218697286093,124.53128600120544
3,6,KW,PAKE,36.4051812797488,7214.218697286093,124.53128600120544
3,7,KW,Residual,6.4774148344888705,4929.68873664107,229.83984518051147
3,7,KW,E,306.84613208086733,4929.68873664107,229.83984518051147
3,7,KW,G,56.7830976701041,4929.68873664107,229.83984518051147
3,7,KW,P,1371804.0972261403,4929.68873664107,229.83984518051147
3,7,KW,GE,3.2010704192487576,4929.68873664107,229.83984518051147
3,7,KW,PE,28.955772943025114,4929.68873664107,229.83984518051147
3,8,KW,Residual,10.162320958721635,5524.359159277821,195.5364978313446
3,8,KW,E,254.68525669721961,5524.359159277821,195.5364978313446
3,8,KW,GGK,511.2616748831355,5524.359159277821,195.5364978313446
3,8,KW,PGK,5.083997613920403,5524.359159277821,195.5364978313446
3,8,KW,GGKE,11.982494293763791,5524.359159277821,195.5364978313446
3,8,KW,PGKE,4.3150671483033785,5524.359159277821,195.5364978313446
3,9,KW,Residual,12.095911379582992,5483.378659310646,195.56226801872253
3,9,KW,E,274.362370623654,5483.378659310646,195.56226801872253
3,9,KW,GAK,7342.825361288598,5483.378659310646,195.56226801872253
3,9,KW,PAK,46.953594583087245,5483.378659310646,195.56226801872253
3,9,KW,GAKE,35.59334830989742,5483.378659310646,195.56226801872253
3,9,KW,PAKE,12.67727029613844,5483.378659310646,195.56226801872253
4,1,KW,Residual,10.18514795370238,5459.089526147628,117.9284839630127
4,1,KW,E,360.3517914467844,5459.089526147628,117.9284839630127
4,1,KW,G,91.78533167975374,5459.089526147628,117.9284839630127
4,1,KW,GE,6.441777254007768,5459.089526147628,117.9284839630127
4,10,KW,Residual,10.076604010215545,5467.109635870612,178.02822184562683
4,10,KW,E,300.70515180070487,5467.109635870612,178.02822184562683
4,10,KW,W,0.39448875281654555,5467.109635870612,178.02822184562683
4,10,KW,G,87.40815333019081,5467.109635870612,178.02822184562683
4,10,KW,GE,4.801381734249523,5467.109635870612,178.02822184562683
4,10,KW,GW,12.769896904503616,5467.109635870612,178.02822184562683
4,11,KW,Residual,8.942563698449092,5276.926349363282,168.7446141242981
4,11,KW,E,305.59767029989223,5276.926349363282,168.7446141242981
4,11,KW,W,0.37036478890142427,5276.926349363282,168.7446141242981
4,11,KW,P,38573279.263219,5276.926349363282,168.7446141242981
4,11,KW,PE,29.78737251692224,5276.926349363282,168.7446141242981
4,11,KW,PW,99.52033262598535,5276.926349363282,168.7446141242981
4,12,KW,Residual,6.514456730515058,4964.544295991207,332.6654381752014
4,12,KW,E,245.65511542573773,4964.544295991207,332.6654381752014
4,12,KW,W,0.25335120766476577,4964.544295991207,332.6654381752014
4,12,KW,G,55.258832178380686,4964.544295991207,332.6654381752014
4,12,KW,P,1089477.9414011226,4964.544295991207,332.6654381752014
4,12,KW,GE,2.4910779936152245,4964.544295991207,332.6654381752014
4,12,KW,PE,20.38130836640279,4964.544295991207,332.6654381752014
4,12,KW,GW,7.494288323798908,4964.544295991207,332.6654381752014
4,12,KW,PW,54.683867341907906,4964.544295991207,332.6654381752014
4,13,KW,Residual,11.062907078730492,5451.785243141232,124.51874113082886
4,13,KW,E,298.96680156581937,5451.785243141232,124.51874113082886
4,13,KW,W,0.42976033672151304,5451.785243141232,124.51874113082886
4,13,KW,GGK,540.9083221938229,5451.785243141232,124.51874113082886
4,13,KW,GGKE,13.26729950334894,5451.785243141232,124.51874113082886
4,13,KW,GGKW,25.69242136513526,5451.785243141232,124.51874113082886
4,14,KW,Residual,55.25895712719527,7178.3895675854,172.4219160079956
4,14,KW,E,319.6441314500248,7178.3895675854,172.4219160079956
4,14,KW,W,0.3904721797793443,7178.3895675854,172.4219160079956
4,14,KW,PGK,42.72089139798199,7178.3895675854,172.4219160079956
4,14,KW,PGKE,14.358657445103853,7178.3895675854,172.4219160079956
4,14,KW,PGKW,34.483298646929185,7178.3895675854,172.4219160079956
4,15,KW,Residual,9.984918900546344,5537.790119953324,269.30748891830444
4,15,KW,E,247.5039734392718,5537.790119953324,269.30748891830444
4,15,KW,W,0.2780636323467666,5537.790119953324,269.30748891830444
4,15,KW,GGK,503.3445813425513,5537.790119953324,269.30748891830444
4,15,KW,PGK,4.149988920768557,5537.790119953324,269.30748891830444
4,15,KW,GGKE,8.537262335979529,5537.790119953324,269.30748891830444
4,15,KW,PGKE,3.4945013576878217,5537.790119953324,269.30748891830444
4,15,KW,GGKW,18.25344927719388,5537.790119953324,269.30748891830444
4,15,KW,PGKW,7.3719199517062615,5537.790119953324,269.30748891830444
4,16,KW,Residual,12.472339160231138,5506.475578464734,122.33303999900818
4,16,KW,E,171.3368312009403,5506.475578464734,122.33303999900818
4,16,KW,W,0.44524648047405313,5506.475578464734,122.33303999900818
4,16,KW,GAK,7724.105346091483,5506.475578464734,122.33303999900818
4,16,KW,GAKE,45.653553803719944,5506.475578464734,122.33303999900818
4,16,KW,GAKW,109.48405550684359,5506.475578464734,122.33303999900818
4,17,KW,Residual,74.5356333131011,7212.971157194506,168.0422399044037
4,17,KW,E,335.19262173882544,7212.971157194506,168.0422399044037
4,17,KW,W,0.41582664216736576,7212.971157194506,168.0422399044037
4,17,KW,PAK,2950.9807094838884,7212.971157194506,168.0422399044037
4,17,KW,PAKE,22.175134163405048,7212.971157194506,168.0422399044037
4,17,KW,PAKW,56.05096733481343,7212.971157194506,168.0422399044037
4,18,KW,Residual,11.980787927879216,5482.3970073666405,269.55092096328735
4,18,KW,E,195.5193128244586,5482.3970073666405,269.55092096328735
4,18,KW,W,0.2585328401068179,5482.3970073666405,269.55092096328735
4,18,KW,GAK,7337.8904429871045,5482.3970073666405,269.55092096328735
4,18,KW,PAK,34.89316643031926,5482.3970073666405,269.55092096328735
4,18,KW,GAKE,23.962552815806493,5482.3970073666405,269.55092096328735
4,18,KW,PAKE,12.856311240882784,5482.3970073666405,269.55092096328735
4,18,KW,GAKW,68.95361811459017,5482.3970073666405,269.55092096328735
4,18,KW,PAKW,27.154221547608685,5482.3970073666405,269.55092096328735
4,2,KW,Residual,8.973083125650252,5274.303660861343,122.4841320514679
4,2,KW,E,318.0792342684559,5274.303660861343,122.4841320514679
4,2,KW,P,38401004.499814816,5274.303660861343,122.4841320514679
4,2,KW,PE,40.00834945912729,5274.303660861343,122.4841320514679
4,3,KW,Residual,11.248253466184087,5460.292951159827,85.53865885734558
4,3,KW,E,291.6060631969695,5460.292951159827,85.53865885734558
4,3,KW,GGK,546.9045785008652,5460.292951159827,85.53865885734558
4,3,KW,GGKE,18.2800445629686,5460.292951159827,85.53865885734558
4,4,KW,Residual,55.608190692205696,7169.7900526118465,116.9617190361023
4,4,KW,E,390.52269104382464,7169.7900526118465,116.9617190361023
4,4,KW,PGK,53.82078539846708,7169.7900526118465,116.9617190361023
4,4,KW,PGKE,19.25991286076853,7169.7900526118465,116.9617190361023
4,5,KW,Residual,12.80777503920162,5521.556684335305,89.04105591773987
4,5,KW,E,289.042015648169,5521.556684335305,89.04105591773987
4,5,KW,GAK,7747.2803620847335,5521.556684335305,89.04105591773987
4,5,KW,GAKE,56.13494237797976,5521.556684335305,89.04105591773987
4,6,KW,Residual,74.60031020951563,7215.369257086981,122.8786199092865
4,6,KW,E,400.7841672389675,7215.369257086981,122.8786199092865
4,6,KW,PAK,2994.8549996704205,7215.369257086981,122.8786199092865
4,6,KW,PAKE,32.73609132016201,7215.369257086981,122.8786199092865
4,7,KW,Residual,6.504416072071397,4929.7703051141925,228.17562818527222
4,7,KW,E,293.0119611119281,4929.7703051141925,228.17562818527222
4,7,KW,G,56.45578715326162,4929.7703051141925,228.17562818527222
4,7,KW,P,1399012.2358973345,4929.7703051141925,228.17562818527222
4,7,KW,GE,3.1777000274160927,4929.7703051141925,228.17562818527222
4,7,KW,PE,25.983160379310718,4929.7703051141925,228.17562818527222
4,8,KW,Residual,10.055439859094912,5528.4403472793865,186.92495012283325
4,8,KW,E,276.2406707019785,5528.4403472793865,186.92495012283325
4,8,KW,GGK,515.0050503573935,5528.4403472793865,186.92495012283325
4,8,KW,PGK,5.069158952824538,5528.4403472793865,186.92495012283325
4,8,KW,GGKE,11.97033137877731,5528.4403472793865,186.92495012283325
4,8,KW,PGKE,4.367659488444544,5528.4403472793865,186.92495012283325
4,9,KW,Residual,11.980125641314755,5481.481760529791,196.3257019519806
4,9,KW,E,249.41984378770186,5481.481760529791,196.3257019519806
4,9,KW,GAK,7421.743309377986,5481.481760529791,196.3257019519806
4,9,KW,PAK,47.649798857301626,5481.481760529791,196.3257019519806
4,9,KW,GAKE,51.59663235293132,5481.481760529791,196.3257019519806
4,9,KW,PAKE,14.71572791433767,5481.481760529791,196.3257019519806
5,1,KW,Residual,10.229353444217619,5460.117330719312,118.27305316925049
5,1,KW,E,307.69220133559486,5460.117330719312,118.27305316925049
5,1,KW,G,91.70705774064531,5460.117330719312,118.27305316925049
5,1,KW,GE,6.458518963776971,5460.117330719312,118.27305316925049
5,10,KW,Residual,10.057865898982625,5467.287804127099,168.06402683258057
5,10,KW,E,269.2614796123768,5467.287804127099,168.06402683258057
5,10,KW,W,0.37510253083300604,5467.287804127099,168.06402683258057
5,10,KW,G,87.94501796601898,5467.287804127099,168.06402683258057
5,10,KW,GE,4.788591937417119,5467.287804127099,168.06402683258057
5,10,KW,GW,12.79637238210803,5467.287804127099,168.06402683258057
5,11,KW,Residual,8.93818467933086,5275.643244302317,169.47746300697327
5,11,KW,E,265.33166499855355,5275.643244302317,169.47746300697327
5,11,KW,W,0.4319269617003113,5275.643244302317,169.47746300697327
5,11,KW,P,38400005.53354561,5275.643244302317,169.47746300697327
5,11,KW,PE,33.26599454494331,5275.643244302317,169.47746300697327
5,11,KW,PW,93.78275567222163,5275.643244302317,169.47746300697327
5,12,KW,Residual,6.65030371914889,4978.782785913694,324.8902840614319
5,12,KW,E,254.25904587032397,4978.782785913694,324.8902840614319
5,12,KW,W,0.2858460183886195,4978.782785913694,324.8902840614319
5,12,KW,G,55.72197160065022,4978.782785913694,324.8902840614319
5,12,KW,P,1105742.112676351,4978.782785913694,324.8902840614319
5,12,KW,GE,2.5213527397179796,4978.782785913694,324.8902840614319
5,12,KW,PE,20.951151020863655,4978.782785913694,324.8902840614319
5,12,KW,GW,7.510939992931068,4978.782785913694,324.8902840614319
5,12,KW,PW,77.77893324447624,4978.782785913694,324.8902840614319
5,13,KW,Residual,11.023495994766959,5454.856837442634,110.00058913230896
5,13,KW,E,200.35949449666526,5454.856837442634,110.00058913230896
5,13,KW,W,0.3526187958690007,5454.856837442634,110.00058913230896
5,13,KW,GGK,541.1106351094951,5454.856837442634,110.00058913230896
5,13,KW,GGKE,13.98684411771746,5454.856837442634,110.00058913230896
5,13,KW,GGKW,26.639513484757103,5454.856837442634,110.00058913230896
5,14,KW,Residual,55.25905632727943,7171.214259979816,171.4135661125183
5,14,KW,E,277.3386889223086,7171.214259979816,171.4135661125183
5,14,KW,W,0.6569522518423973,7171.214259979816,171.4135661125183
5,14,KW,PGK,42.40294408977489,7171.214259979816,171.4135661125183
5,14,KW,PGKE,14.03686090259477,7171.214259979816,171.4135661125183
5,14,KW,PGKW,36.18100568647138,7171.214259979816,171.4135661125183
5,15,KW,Residual,9.939598773336273,5540.643079303236,277.45270800590515
5,15,KW,E,242.9826472737238,5540.643079303236,277.45270800590515
5,15,KW,W,0.23074807678062845,5540.643079303236,277.45270800590515
5,15,KW,GGK,502.29312822725996,5540.643079303236,277.45270800590515
5,15,KW,PGK,4.023104118818506,5540.643079303236,277.45270800590515
5,15,KW,GGKE,8.620141926643148,5540.643079303236,277.45270800590515
5,15,KW,PGKE,3.3955821599731895,5540.643079303236,277.45270800590515
5,15,KW,GGKW,17.835094485548723,5540.643079303236,277.45270800590515
5,15,KW,PGKW,7.339868694522263,5540.643079303236,277.45270800590515
5,16,KW,Residual,12.694358460224704,5511.260488052048,117.06825089454651
5,16,KW,E,190.9833865691366,5511.260488052048,117.06825089454651
5,16,KW,W,0.4191525980430264,5511.260488052048,117.06825089454651
5,16,KW,GAK,7778.285702407892,5511.260488052048,117.06825089454651
5,16,KW,GAKE,35.97723008899492,5511.260488052048,117.06825089454651
5,16,KW,GAKW,95.23091118213037,5511.260488052048,117.06825089454651
5,17,KW,Residual,74.72576409928814,7213.1099984341445,164.10800194740295
5,17,KW,E,308.9076554956576,7213.1099984341445,164.10800194740295
5,17,KW,W,0.45161301388308567,7213.1099984341445,164.10800194740295
5,17,KW,PAK,2947.027480304698,7213.1099984341445,164.10800194740295
5,17,KW,PAKE,20.12687761468323,7213.1099984341445,164.10800194740295
5,17,KW,PAKW,57.358751557981606,7213.1099984341445,164.10800194740295
5,18,KW,Residual,11.866526187407045,5479.386825354289,279.2012779712677
5,18,KW,E,100.86365035344745,5479.386825354289,279.2012779712677
5,18,KW,W,0.28074295406226296,5479.386825354289,279.2012779712677
5,18,KW,GAK,7373.31161114095,5479.386825354289,279.2012779712677
5,18,KW,PAK,28.37052504894266,5479.386825354289,279.2012779712677
5,18,KW,GAKE,37.991052380670574,5479.386825354289,279.2012779712677
5,18,KW,PAKE,9.503529181972656,5479.386825354289,279.2012779712677
5,18,KW,GAKW,83.7133017641898,5479.386825354289,279.2012779712677
5,18,KW,PAKW,31.55576761541555,5479.386825354289,279.2012779712677
5,2,KW,Residual,8.942633792589067,5275.562539895436,114.45996689796448
5,2,KW,E,324.2511946361367,5275.562539895436,114.45996689796448
5,2,KW,P,38483501.88367281,5275.562539895436,114.45996689796448
5,2,KW,PE,59.493714079515414,5275.562539895436,114.45996689796448
5,3,KW,Residual,11.228217749664214,5464.726728633147,86.0435950756073
5,3,KW,E,269.38128920601156,5464.726728633147,86.0435950756073
5,3,KW,GGK,544.428667411488,5464.726728633147,86.0435950756073
5,3,KW,GGKE,18.56469119136579,5464.726728633147,86.0435950756073
5,4,KW,Residual,55.61326079536002,7166.661318597065,118.20890188217163
5,4,KW,E,335.3007627937909,7166.661318597065,118.20890188217163
5,4,KW,PGK,52.9671108933363,7166.661318597065,118.20890188217163
5,4,KW,PGKE,19.83037312506466,7166.661318597065,118.20890188217163
5,5,KW,Residual,12.801241325984215,5517.990235888727,77.77609205245972
5,5,KW,E,281.517039082663,5517.990235888727,77.77609205245972
5,5,KW,GAK,7655.836703371553,5517.990235888727,77.77609205245972
5,5,KW,GAKE,58.92551061172905,5517.990235888727,77.77609205245972
5,6,KW,Residual,74.853346048829,7215.620739143566,110.0059380531311
5,6,KW,E,352.4305450347582,7215.620739143566,110.0059380531311
5,6,KW,PAK,2960.5653625068935,7215.620739143566,110.0059380531311
5,6,KW,PAKE,27.722420686817074,7215.620739143566,110.0059380531311
5,7,KW,Residual,6.577686043998303,4938.007604231736,212.42523789405823
5,7,KW,E,285.1659952932595,4938.007604231736,212.42523789405823
5,7,KW,G,57.019527057060685,4938.007604231736,212.42523789405823
5,7,KW,P,1237477.6277391785,4938.007604231736,212.42523789405823
5,7,KW,GE,3.213320551912782,4938.007604231736,212.42523789405823
5,7,KW,PE,32.83540156312999,4938.007604231736,212.42523789405823
5,8,KW,Residual,10.050249899048953,5530.536369815067,179.5817060470581
5,8,KW,E,277.28266493684765,5530.536369815067,179.5817060470581
5,8,KW,GGK,509.25736609960563,5530.536369815067,179.5817060470581
5,8,KW,PGK,5.094563367586821,5530.536369815067,179.5817060470581
5,8,KW,GGKE,11.939368982155088,5530.536369815067,179.5817060470581
5,8,KW,PGKE,4.355833103882367,5530.536369815067,179.5817060470581
5,9,KW,Residual,12.088869274005694,5478.0774341694205,185.9932780265808
5,9,KW,E,267.99072804164496,5478.0774341694205,185.9932780265808
5,9,KW,GAK,7368.929095148727,5478.0774341694205,185.9932780265808
5,9,KW,PAK,48.976346603734264,5478.0774341694205,185.9932780265808
5,9,KW,GAKE,35.822588700860074,5478.0774341694205,185.9932780265808
5,9,KW,PAKE,15.090431404252675,5478.0774341694205,185.9932780265808
6,1,KW,Residual,10.313747507942272,5462.552830860739,110.40027809143066
6,1,KW,E,339.5023548526904,5462.552830860739,110.40027809143066
6,1,KW,G,91.68445483275534,5462.552830860739,110.40027809143066
6,1,KW,GE,6.431950696503029,5462.552830860739,110.40027809143066
6,10,KW,Residual,10.076588121963297,5469.873906241141,180.2923800945282
6,10,KW,E,261.70877704794816,5469.873906241141,180.2923800945282
6,10,KW,W,0.40453817605121256,5469.873906241141,180.2923800945282
6,10,KW,G,87.914048468997,5469.873906241141,180.2923800945282
6,10,KW,GE,4.871282659526103,5469.873906241141,180.2923800945282
6,10,KW,GW,12.814528056040324,5469.873906241141,180.2923800945282
6,11,KW,Residual,8.966586437404223,5279.1780273313,167.11530303955078
6,11,KW,E,400.9369250842548,5279.1780273313,167.11530303955078
6,11,KW,W,0.407732198921,5279.1780273313,167.11530303955078
6,11,KW,P,38476673.15667156,5279.1780273313,167.11530303955078
6,11,KW,PE,33.51454263614501,5279.1780273313,167.11530303955078
6,11,KW,PW,120.68253132529902,5279.1780273313,167.11530303955078
6,12,KW,Residual,6.62081479949133,4983.55724629246,351.91972303390503
6,12,KW,E,268.37444299942985,4983.55724629246,351.91972303390503
6,12,KW,W,0.24224868196913854,4983.55724629246,351.91972303390503
6,12,KW,G,57.186193744321464,4983.55724629246,351.91972303390503
6,12,KW,P,1037549.6108681295,4983.55724629246,351.91972303390503
6,12,KW,GE,2.5546906301464,4983.55724629246,351.91972303390503
6,12,KW,PE,28.85313048260728,4983.55724629246,351.91972303390503
6,12,KW,GW,7.6093559441376595,4983.55724629246,351.91972303390503
6,12,KW,PW,67.86620985434682,4983.55724629246,351.91972303390503
6,13,KW,Residual,10.990851005643915,5449.073796718931,114.65815281867981
6,13,KW,E,239.4513333755682,5449.073796718931,114.65815281867981
6,13,KW,W,0.39104586529966545,5449.073796718931,114.65815281867981
6,13,KW,GGK,540.27689912343,5449.073796718931,114.65815281867981
6,13,KW,GGKE,13.456601280638793,5449.073796718931,114.65815281867981
6,13,KW,GGKW,27.095910441927156,5449.073796718931,114.65815281867981
6,14,KW,Residual,55.444001193112385,7176.967109911735,192.3457179069519
6,14,KW,E,284.1765923100964,7176.967109911735,192.3457179069519
6,14,KW,W,0.4650852449889784,7176.967109911735,192.3457179069519
6,14,KW,PGK,43.479654682156635,7176.967109911735,192.3457179069519
6,14,KW,PGKE,14.152968013037373,7176.967109911735,192.3457179069519
6,14,KW,PGKW,33.00997710687842,7176.967109911735,192.3457179069519
6,15,KW,Residual,9.974139131214278,5535.970148356961,277.83309602737427
6,15,KW,E,235.08419868465936,5535.970148356961,277.83309602737427
6,15,KW,W,0.2717887342617143,5535.970148356961,277.83309602737427
6,15,KW,GGK,499.48657242610824,5535.970148356961,277.83309602737427
6,15,KW,PGK,4.010269820295449,5535.970148356961,277.83309602737427
6,15,KW,GGKE,8.75127787323217,5535.970148356961,277.83309602737427
6,15,KW,PGKE,3.426687300954364,5535.970148356961,277.83309602737427
6,15,KW,GGKW,17.381614959225004,5535.970148356961,277.83309602737427
6,15,KW,PGKW,7.289866510409402,5535.970148356961,277.83309602737427
6,16,KW,Residual,12.500421238090532,5506.915750677574,124.88958215713501
6,16,KW,E,190.39844601142548,5506.915750677574,124.88958215713501
6,16,KW,W,0.4077965511195372,5506.915750677574,124.88958215713501
6,16,KW,GAK,7691.866814038991,5506.915750677574,124.88958215713501
6,16,KW,GAKE,55.13659508103924,5506.915750677574,124.88958215713501
6,16,KW,GAKW,87.44584297262844,5506.915750677574,124.88958215713501
6,17,KW,Residual,74.25880986011913,7214.345049830464,189.11319088935852
6,17,KW,E,338.6239469903093,7214.345049830464,189.11319088935852
6,17,KW,W,0.4144624810384169,7214.345049830464,189.11319088935852
6,17,KW,PAK,3005.78621024514,7214.345049830464,189.11319088935852
6,17,KW,PAKE,24.80413623578938,7214.345049830464,189.11319088935852
6,17,KW,PAKW,62.40157216353572,7214.345049830464,189.11319088935852
6,18,KW,Residual,12.052698495178104,5483.864203413365,276.28288412094116
6,18,KW,E,158.24167415803868,5483.864203413365,276.28288412094116
6,18,KW,W,0.23973522336851613,5483.864203413365,276.28288412094116
6,18,KW,GAK,7368.1360776466245,5483.864203413365,276.28288412094116
6,18,KW,PAK,29.51231895412133,5483.864203413365,276.28288412094116
6,18,KW,GAKE,28.598995755049796,5483.864203413365,276.28288412094116
6,18,KW,PAKE,12.053030781971788,5483.864203413365,276.28288412094116
6,18,KW,GAKW,68.04043842511311,5483.864203413365,276.28288412094116
6,18,KW,PAKW,29.86715179084257,5483.864203413365,276.28288412094116
6,2,KW,Residual,8.981349862267122,5282.470794877867,113.76579189300537
6,2,KW,E,317.33608054183014,5282.470794877867,113.76579189300537
6,2,KW,P,38719889.71243598,5282.470794877867,113.76579189300537
6,2,KW,PE,44.258463506540174,5282.470794877867,113.76579189300537
6,3,KW,Residual,11.29692399378643,5468.356267534446,81.86172389984131
6,3,KW,E,384.3031206596719,5468.356267534446,81.86172389984131
6,3,KW,GGK,540.7097620808049,5468.356267534446,81.86172389984131
6,3,KW,GGKE,18.083675581186327,5468.356267534446,81.86172389984131
6,4,KW,Residual,56.209372275544744,7171.179743581579,115.75885009765625
6,4,KW,E,360.21584416785043,7171.179743581579,115.75885009765625
6,4,KW,PGK,53.24378927611431,7171.179743581579,115.75885009765625
6,4,KW,PGKE,19.728518180208546,7171.179743581579,115.75885009765625
6,5,KW,Residual,12.677405026569584,5511.972796833976,81.21251797676086
6,5,KW,E,273.5813252846136,5511.972796833976,81.21251797676086
6,5,KW,GAK,7704.903304737029,5511.972796833976,81.21251797676086
6,5,KW,GAKE,66.68634523256777,5511.972796833976,81.21251797676086
6,6,KW,Residual,74.33214709196697,7210.479732209362,109.89035606384277
6,6,KW,E,397.5326436861297,7210.479732209362,109.89035606384277
6,6,KW,PAK,2972.0584253904317,7210.479732209362,109.89035606384277
6,6,KW,PAKE,29.869120199613242,7210.479732209362,109.89035606384277
6,7,KW,Residual,6.49699252753244,4927.1504781602835,215.477854013443
6,7,KW,E,265.98167801594656,4927.1504781602835,215.477854013443
6,7,KW,G,56.06306842303727,4927.1504781602835,215.477854013443
6,7,KW,P,1476275.7370531552,4927.1504781602835,215.477854013443
6,7,KW,GE,3.183144494900007,4927.1504781602835,215.477854013443
6,7,KW,PE,27.288763406193357,4927.1504781602835,215.477854013443
6,8,KW,Residual,10.077593265158647,5520.093851774812,196.08613801002502
6,8,KW,E,287.45303128812003,5520.093851774812,196.08613801002502
6,8,KW,GGK,507.1637066049992,5520.093851774812,196.08613801002502
6,8,KW,PGK,5.057950387268737,5520.093851774812,196.08613801002502
6,8,KW,GGKE,11.81722107548043,5520.093851774812,196.08613801002502
6,8,KW,PGKE,4.34193093182277,5520.093851774812,196.08613801002502
6,9,KW,Residual,12.113684185276256,5484.8215164025705,184.99243593215942
6,9,KW,E,258.4227346668128,5484.8215164025705,184.99243593215942
6,9,KW,GAK,7326.97674332428,5484.8215164025705,184.99243593215942
6,9,KW,PAK,37.15848544381073,5484.8215164025705,184.99243593215942
6,9,KW,GAKE,47.0174586520162,5484.8215164025705,184.99243593215942
6,9,KW,PAKE,13.919671516901111,5484.8215164025705,184.99243593215942
7,1,KW,Residual,10.261924723804523,5464.910425954631,112.91481494903564
7,1,KW,E,316.7505061855229,5464.910425954631,112.91481494903564
7,1,KW,G,91.90432795763239,5464.910425954631,112.91481494903564
7,1,KW,GE,6.4820912340384265,5464.910425954631,112.91481494903564
7,10,KW,Residual,10.01260825480663,5457.626457452677,187.47422695159912
7,10,KW,E,280.40172530287276,5457.626457452677,187.47422695159912
7,10,KW,W,0.37535400665556157,5457.626457452677,187.47422695159912
7,10,KW,G,87.91792457997552,5457.626457452677,187.47422695159912
7,10,KW,GE,4.779215528476704,5457.626457452677,187.47422695159912
7,10,KW,GW,12.674849994930565,5457.626457452677,187.47422695159912
7,11,KW,Residual,9.031095914239975,5282.239732456018,172.84785103797913
7,11,KW,E,303.9306189763638,5282.239732456018,172.84785103797913
7,11,KW,W,0.38550518353104957,5282.239732456018,172.84785103797913
7,11,KW,P,38534556.35912515,5282.239732456018,172.84785103797913
7,11,KW,PE,32.2514920648328,5282.239732456018,172.84785103797913
7,11,KW,PW,91.56932166560306,5282.239732456018,172.84785103797913
7,12,KW,Residual,6.517929029449341,4953.505553812472,312.8697738647461
7,12,KW,E,281.8594312580224,4953.505553812472,312.8697738647461
7,12,KW,W,0.23848096400729335,4953.505553812472,312.8697738647461
7,12,KW,G,55.96487848046685,4953.505553812472,312.8697738647461
7,12,KW,P,1079011.421276614,4953.505553812472,312.8697738647461
7,12,KW,GE,2.4269598245027644,4953.505553812472,312.8697738647461
7,12,KW,PE,21.688163875639727,4953.505553812472,312.8697738647461
7,12,KW,GW,7.4902833185178235,4953.505553812472,312.8697738647461
7,12,KW,PW,63.63882123269644,4953.505553812472,312.8697738647461
7,13,KW,Residual,11.042541621016191,5455.59892690866,125.60505485534668
7,13,KW,E,334.00573964537807,5455.59892690866,125.60505485534668
7,13,KW,W,0.44457577723157726,5455.59892690866,125.60505485534668
7,13,KW,GGK,534.5107821397655,5455.59892690866,125.60505485534668
7,13,KW,GGKE,12.75093006430603,5455.59892690866,125.60505485534668
7,13,KW,GGKW,26.209420992570106,5455.59892690866,125.60505485534668
7,14,KW,Residual,55.1310338218541,7177.154799105849,171.0100178718567
7,14,KW,E,284.18218200891886,7177.154799105849,171.0100178718567
7,14,KW,W,0.42304901075588885,7177.154799105849,171.0100178718567
7,14,KW,PGK,42.69523944719374,7177.154799105849,171.0100178718567
7,14,KW,PGKE,14.389207133913242,7177.154799105849,171.0100178718567
7,14,KW,PGKW,35.899820784545724,7177.154799105849,171.0100178718567
7,15,KW,Residual,9.887517942290891,5533.8620479221145,303.5031850337982
7,15,KW,E,194.00677728248775,5533.8620479221145,303.5031850337982
7,15,KW,W,0.2473579010754939,5533.8620479221145,303.5031850337982
7,15,KW,GGK,498.69611465185096,5533.8620479221145,303.5031850337982
7,15,KW,PGK,3.998051480613818,5533.8620479221145,303.5031850337982
7,15,KW,GGKE,8.634059285206561,5533.8620479221145,303.5031850337982
7,15,KW,PGKE,3.430588416947793,5533.8620479221145,303.5031850337982
7,15,KW,GGKW,17.52833921152659,5533.8620479221145,303.5031850337982
7,15,KW,PGKW,7.235422928668839,5533.8620479221145,303.5031850337982
7,16,KW,Residual,12.470198424509334,5507.829137671767,119.36465716362
7,16,KW,E,132.48428253665708,5507.829137671767,119.36465716362
7,16,KW,W,0.4196866730872681,5507.829137671767,119.36465716362
7,16,KW,GAK,7674.061111218197,5507.829137671767,119.36465716362
7,16,KW,GAKE,63.92651685657699,5507.829137671767,119.36465716362
7,16,KW,GAKW,90.18620062471535,5507.829137671767,119.36465716362
7,17,KW,Residual,73.70292101442533,7212.759398327731,169.4399631023407
7,17,KW,E,302.075910045714,7212.759398327731,169.4399631023407
7,17,KW,W,0.4373146105139855,7212.759398327731,169.4399631023407
7,17,KW,PAK,3023.328917775913,7212.759398327731,169.4399631023407
7,17,KW,PAKE,29.905237092925304,7212.759398327731,169.4399631023407
7,17,KW,PAKW,58.94807815189714,7212.759398327731,169.4399631023407
7,18,KW,Residual,11.966744354219475,5476.140872569943,265.8069269657135
7,18,KW,E,219.96759915218797,5476.140872569943,265.8069269657135
7,18,KW,W,0.282409230004303,5476.140872569943,265.8069269657135
7,18,KW,GAK,7365.49216849591,5476.140872569943,265.8069269657135
7,18,KW,PAK,43.68632635986608,5476.140872569943,265.8069269657135
7,18,KW,GAKE,24.813547182180507,5476.140872569943,265.8069269657135
7,18,KW,PAKE,10.503494951342534,5476.140872569943,265.8069269657135
7,18,KW,GAKW,46.00101452338498,5476.140872569943,265.8069269657135
7,18,KW,PAKW,29.080312789406563,5476.140872569943,265.8069269657135
7,2,KW,Residual,8.974117585333115,5272.959901218386,112.22174000740051
7,2,KW,E,367.28955512923153,5272.959901218386,112.22174000740051
7,2,KW,P,38392109.74144764,5272.959901218386,112.22174000740051
7,2,KW,PE,43.06447654010562,5272.959901218386,112.22174000740051
7,3,KW,Residual,11.381634718053181,5471.812210484574,85.36739492416382
7,3,KW,E,294.6015566226884,5471.812210484574,85.36739492416382
7,3,KW,GGK,545.9865238132053,5471.812210484574,85.36739492416382
7,3,KW,GGKE,17.589255867833348,5471.812210484574,85.36739492416382
7,4,KW,Residual,55.88903199900077,7174.512909587426,114.27878093719482
7,4,KW,E,321.1535428339852,7174.512909587426,114.27878093719482
7,4,KW,PGK,52.50303361378824,7174.512909587426,114.27878093719482
7,4,KW,PGKE,19.578192936929067,7174.512909587426,114.27878093719482
7,5,KW,Residual,12.686179612774174,5519.5839768432925,78.906662940979
7,5,KW,E,355.11592594874537,5519.5839768432925,78.906662940979
7,5,KW,GAK,7751.3519153908765,5519.5839768432925,78.906662940979
7,5,KW,GAKE,59.08466632396893,5519.5839768432925,78.906662940979
7,6,KW,Residual,73.86676406327179,7212.516394137713,113.79857897758484
7,6,KW,E,376.9355154139445,7212.516394137713,113.79857897758484
7,6,KW,PAK,3028.2775300117983,7212.516394137713,113.79857897758484
7,6,KW,PAKE,36.9579124340024,7212.516394137713,113.79857897758484
7,7,KW,Residual,6.469488020378587,4923.619992291989,217.82340693473816
7,7,KW,E,289.50062371545624,4923.619992291989,217.82340693473816
7,7,KW,G,56.43354546395915,4923.619992291989,217.82340693473816
7,7,KW,P,1449067.1259409848,4923.619992291989,217.82340693473816
7,7,KW,GE,3.2207827617695597,4923.619992291989,217.82340693473816
7,7,KW,PE,26.095988117778486,4923.619992291989,217.82340693473816
7,8,KW,Residual,10.017153302960907,5518.257272754811,209.83511114120483
7,8,KW,E,258.73125600043744,5518.257272754811,209.83511114120483
7,8,KW,GGK,512.0573722662108,5518.257272754811,209.83511114120483
7,8,KW,PGK,5.119458571428427,5518.257272754811,209.83511114120483
7,8,KW,GGKE,11.966579334257741,5518.257272754811,209.83511114120483
7,8,KW,PGKE,4.3862200702364635,5518.257272754811,209.83511114120483
7,9,KW,Residual,12.07489553022036,5481.165564213277,189.46607398986816
7,9,KW,E,256.41961424934817,5481.165564213277,189.46607398986816
7,9,KW,GAK,7372.683848040303,5481.165564213277,189.46607398986816
7,9,KW,PAK,45.029441958635665,5481.165564213277,189.46607398986816
7,9,KW,GAKE,43.21267728207575,5481.165564213277,189.46607398986816
7,9,KW,PAKE,14.08479603834623,5481.165564213277,189.46607398986816
8,1,KW,Residual,10.264070603873556,5465.5385205730745,121.88036608695984
8,1,KW,E,317.1843755961621,5465.5385205730745,121.88036608695984
8,1,KW,G,91.53296310326334,5465.5385205730745,121.88036608695984
8,1,KW,GE,6.431447203942792,5465.5385205730745,121.88036608695984
8,10,KW,Residual,10.106458652841988,5470.508238070808,189.9991579055786
8,10,KW,E,275.5135871424121,5470.508238070808,189.9991579055786
8,10,KW,W,0.4141722175679954,5470.508238070808,189.9991579055786
8,10,KW,G,88.76865699109064,5470.508238070808,189.9991579055786
8,10,KW,GE,4.82170760986622,5470.508238070808,189.9991579055786
8,10,KW,GW,12.505506826527585,5470.508238070808,189.9991579055786
8,11,KW,Residual,9.013339546147677,5283.56096047419,156.8529989719391
8,11,KW,E,285.157585337863,5283.56096047419,156.8529989719391
8,11,KW,W,0.3550696016464979,5283.56096047419,156.8529989719391
8,11,KW,P,38279823.956468895,5283.56096047419,156.8529989719391
8,11,KW,PE,30.169566955545637,5283.56096047419,156.8529989719391
8,11,KW,PW,96.10153476740788,5283.56096047419,156.8529989719391
8,12,KW,Residual,6.588475656564456,4969.270030146168,352.5187249183655
8,12,KW,E,243.0815594504224,4969.270030146168,352.5187249183655
8,12,KW,W,0.24628249933627766,4969.270030146168,352.5187249183655
8,12,KW,G,55.90921937227954,4969.270030146168,352.5187249183655
8,12,KW,P,1117673.3075360276,4969.270030146168,352.5187249183655
8,12,KW,GE,2.4547890035096787,4969.270030146168,352.5187249183655
8,12,KW,PE,24.445726578215133,4969.270030146168,352.5187249183655
8,12,KW,GW,7.442678940118473,4969.270030146168,352.5187249183655
8,12,KW,PW,70.69716365853249,4969.270030146168,352.5187249183655
8,13,KW,Residual,11.0174806131175,5451.5117630303,125.02573609352112
8,13,KW,E,292.9059863990745,5451.5117630303,125.02573609352112
8,13,KW,W,0.3736120279213737,5451.5117630303,125.02573609352112
8,13,KW,GGK,541.4581400115712,5451.5117630303,125.02573609352112
8,13,KW,GGKE,13.530206510968206,5451.5117630303,125.02573609352112
8,13,KW,GGKW,24.74426730243618,5451.5117630303,125.02573609352112
8,14,KW,Residual,55.73799442926136,7182.306780557927,154.22196197509766
8,14,KW,E,317.9135133876924,7182.306780557927,154.22196197509766
8,14,KW,W,0.3964451470421542,7182.306780557927,154.22196197509766
8,14,KW,PGK,41.56011809920471,7182.306780557927,154.22196197509766
8,14,KW,PGKE,14.568378379066463,7182.306780557927,154.22196197509766
8,14,KW,PGKW,34.20274418026505,7182.306780557927,154.22196197509766
8,15,KW,Residual,10.036837285419866,5543.077890175,245.66030502319336
8,15,KW,E,214.37923515168484,5543.077890175,245.66030502319336
8,15,KW,W,0.23067023634746328,5543.077890175,245.66030502319336
8,15,KW,GGK,503.82081218977675,5543.077890175,245.66030502319336
8,15,KW,PGK,3.981621778498134,5543.077890175,245.66030502319336
8,15,KW,GGKE,9.17902422484649,5543.077890175,245.66030502319336
8,15,KW,PGKE,3.458779177201093,5543.077890175,245.66030502319336
8,15,KW,GGKW,16.667410305676107,5543.077890175,245.66030502319336
8,15,KW,PGKW,7.286824824325195,5543.077890175,245.66030502319336
8,16,KW,Residual,12.489210033214261,5507.692037035776,106.53528714179993
8,16,KW,E,188.9274857744396,5507.692037035776,106.53528714179993
8,16,KW,W,0.42994304737089045,5507.692037035776,106.53528714179993
8,16,KW,GAK,7775.242238243446,5507.692037035776,106.53528714179993
8,16,KW,GAKE,53.251140888253424,5507.692037035776,106.53528714179993
8,16,KW,GAKW,81.30941100255642,5507.692037035776,106.53528714179993
8,17,KW,Residual,74.27391707684635,7212.187018356695,154.2514820098877
8,17,KW,E,314.6674867394033,7212.187018356695,154.2514820098877
8,17,KW,W,0.39280770953913907,7212.187018356695,154.2514820098877
8,17,KW,PAK,2947.336135870974,7212.187018356695,154.2514820098877
8,17,KW,PAKE,18.341690040311544,7212.187018356695,154.2514820098877
8,17,KW,PAKW,45.42670284095133,7212.187018356695,154.2514820098877
8,18,KW,Residual,12.070242991143644,5479.947663524935,248.13635802268982
8,18,KW,E,203.15675530739838,5479.947663524935,248.13635802268982
8,18,KW,W,0.23792188348127752,5479.947663524935,248.13635802268982
8,18,KW,GAK,7395.782749191281,5479.947663524935,248.13635802268982
8,18,KW,PAK,29.670769864346664,5479.947663524935,248.13635802268982
8,18,KW,GAKE,29.369432258237044,5479.947663524935,248.13635802268982
8,18,KW,PAKE,9.462375244226962,5479.947663524935,248.13635802268982
8,18,KW,GAKW,46.13283941191805,5479.947663524935,248.13635802268982
8,18,KW,PAKW,30.859405686545124,5479.947663524935,248.13635802268982
8,2,KW,Residual,8.973754804560166,5275.59128554387,123.29609990119934
8,2,KW,E,313.8959538948118,5275.59128554387,123.29609990119934
8,2,KW,P,38699076.84029676,5275.59128554387,123.29609990119934
8,2,KW,PE,42.82411914561099,5275.59128554387,123.29609990119934
8,3,KW,Residual,11.182987591567198,5463.580306583144,83.20967292785645
8,3,KW,E,293.2900940353324,5463.580306583144,83.20967292785645
8,3,KW,GGK,546.0190129633677,5463.580306583144,83.20967292785645
8,3,KW,GGKE,18.683682039279567,5463.580306583144,83.20967292785645
8,4,KW,Residual,56.12537030132466,7171.933197364141,118.57105779647827
8,4,KW,E,482.9002113374949,7171.933197364141,118.57105779647827
8,4,KW,PGK,52.8416660702537,7171.933197364141,118.57105779647827
8,4,KW,PGKE,18.950514641522776,7171.933197364141,118.57105779647827
8,5,KW,Residual,12.852887980665594,5521.286060006449,85.4074718952179
8,5,KW,E,305.82085981662266,5521.286060006449,85.4074718952179
8,5,KW,GAK,7749.4469362506015,5521.286060006449,85.4074718952179
8,5,KW,GAKE,55.19165407422672,5521.286060006449,85.4074718952179
8,6,KW,Residual,74.33518373660391,7212.813002251022,123.45360708236694
8,6,KW,E,388.435724947463,7212.813002251022,123.45360708236694
8,6,KW,PAK,2986.99845551105,7212.813002251022,123.45360708236694
8,6,KW,PAKE,27.519491517484262,7212.813002251022,123.45360708236694
8,7,KW,Residual,6.4869098060100505,4929.924504088867,202.83267903327942
8,7,KW,E,308.0705572236204,4929.924504088867,202.83267903327942
8,7,KW,G,56.289932932696594,4929.924504088867,202.83267903327942
8,7,KW,P,1534286.5297989072,4929.924504088867,202.83267903327942
8,7,KW,GE,3.1849430150702562,4929.924504088867,202.83267903327942
8,7,KW,PE,28.008698894823194,4929.924504088867,202.83267903327942
8,8,KW,Residual,10.056036364294817,5524.0134559818125,207.3488039970398
8,8,KW,E,281.4627466905799,5524.0134559818125,207.3488039970398
8,8,KW,GGK,507.32906483088976,5524.0134559818125,207.3488039970398
8,8,KW,PGK,5.164377051484008,5524.0134559818125,207.3488039970398
8,8,KW,GGKE,12.263926174603235,5524.0134559818125,207.3488039970398
8,8,KW,PGKE,4.402792442555748,5524.0134559818125,207.3488039970398
8,9,KW,Residual,12.116812370239572,5482.913201415783,172.42548084259033
8,9,KW,E,251.8615575215582,5482.913201415783,172.42548084259033
8,9,KW,GAK,7390.018963431966,5482.913201415783,172.42548084259033
8,9,KW,PAK,46.189129463466735,5482.913201415783,172.42548084259033
8,9,KW,GAKE,37.87007698378175,5482.913201415783,172.42548084259033
8,9,KW,PAKE,14.768199856083832,5482.913201415783,172.42548084259033
9,1,KW,Residual,10.24162372559982,5465.970585205767,126.87979984283447
9,1,KW,E,339.2981390954925,5465.970585205767,126.87979984283447
9,1,KW,G,92.22317086914094,5465.970585205767,126.87979984283447
9,1,KW,GE,6.4190756127957505,5465.970585205767,126.87979984283447
9,10,KW,Residual,9.99167620712456,5461.360868251989,144.1868278980255
9,10,KW,E,304.7160502189418,5461.360868251989,144.1868278980255
9,10,KW,W,0.3883156535222895,5461.360868251989,144.1868278980255
9,10,KW,G,88.10063418135019,5461.360868251989,144.1868278980255
9,10,KW,GE,4.846755566033041,5461.360868251989,144.1868278980255
9,10,KW,GW,12.81351352048338,5461.360868251989,144.1868278980255
9,11,KW,Residual,8.891345457989832,5267.535365239448,148.902086019516
9,11,KW,E,299.9677291411251,5267.535365239448,148.902086019516
9,11,KW,W,0.5185499227532895,5267.535365239448,148.902086019516
9,11,KW,P,38490293.49651634,5267.535365239448,148.902086019516
9,11,KW,PE,29.41515190041284,5267.535365239448,148.902086019516
9,11,KW,PW,117.00055458752325,5267.535365239448,148.902086019516
9,12,KW,Residual,6.748524449589505,4999.606277711815,267.6214029788971
9,12,KW,E,265.58754201431367,4999.606277711815,267.6214029788971
9,12,KW,W,0.28328805613315877,4999.606277711815,267.6214029788971
9,12,KW,G,58.51065658275098,4999.606277711815,267.6214029788971
9,12,KW,P,863241.7097720753,4999.606277711815,267.6214029788971
9,12,KW,GE,2.575915856504176,4999.606277711815,267.6214029788971
9,12,KW,PE,21.164705532083254,4999.606277711815,267.6214029788971
9,12,KW,GW,7.784494464999884,4999.606277711815,267.6214029788971
9,12,KW,PW,67.0819994205937,4999.606277711815,267.6214029788971
9,13,KW,Residual,11.104159363926868,5459.915427604325,102.67606210708618
9,13,KW,E,247.2747295578592,5459.915427604325,102.67606210708618
9,13,KW,W,0.4271040431437028,5459.915427604325,102.67606210708618
9,13,KW,GGK,540.7077799414064,5459.915427604325,102.67606210708618
9,13,KW,GGKE,12.772962771848302,5459.915427604325,102.67606210708618
9,13,KW,GGKW,26.960008789102794,5459.915427604325,102.67606210708618
9,14,KW,Residual,55.27703372141194,7173.115529928331,148.60476779937744
9,14,KW,E,295.93333915193807,7173.115529928331,148.60476779937744
9,14,KW,W,0.35755527558371364,7173.115529928331,148.60476779937744
9,14,KW,PGK,43.56625255322375,7173.115529928331,148.60476779937744
9,14,KW,PGKE,14.241224773857518,7173.115529928331,148.60476779937744
9,14,KW,PGKW,32.06000047434497,7173.115529928331,148.60476779937744
9,15,KW,Residual,9.894171369385678,5539.381849506176,230.31930804252625
9,15,KW,E,233.2712469968367,5539.381849506176,230.31930804252625
9,15,KW,W,0.27849765965382584,5539.381849506176,230.31930804252625
9,15,KW,GGK,504.56417426835174,5539.381849506176,230.31930804252625
9,15,KW,PGK,3.9116311064003404,5539.381849506176,230.31930804252625
9,15,KW,GGKE,8.979544104109236,5539.381849506176,230.31930804252625
9,15,KW,PGKE,3.4076110059143616,5539.381849506176,230.31930804252625
9,15,KW,GGKW,17.025431657685424,5539.381849506176,230.31930804252625
9,15,KW,PGKW,7.347963861871733,5539.381849506176,230.31930804252625
9,16,KW,Residual,12.519908636118725,5506.04762437823,106.51237201690674
9,16,KW,E,122.85578682784316,5506.04762437823,106.51237201690674
9,16,KW,W,0.40670804205184247,5506.04762437823,106.51237201690674
9,16,KW,GAK,7735.031845571262,5506.04762437823,106.51237201690674
9,16,KW,GAKE,53.50718741250764,5506.04762437823,106.51237201690674
9,16,KW,GAKW,83.1640472924559,5506.04762437823,106.51237201690674
9,17,KW,Residual,74.71235883168058,7213.737263989461,175.50497198104858
9,17,KW,E,317.2784572048352,7213.737263989461,175.50497198104858
9,17,KW,W,0.3936094047064723,7213.737263989461,175.50497198104858
9,17,KW,PAK,2950.4854388066306,7213.737263989461,175.50497198104858
9,17,KW,PAKE,17.619669795435335,7213.737263989461,175.50497198104858
9,17,KW,PAKW,69.47794152575494,7213.737263989461,175.50497198104858
9,18,KW,Residual,12.13650281284749,5487.358340935348,244.20872688293457
9,18,KW,E,146.9642354501581,5487.358340935348,244.20872688293457
9,18,KW,W,0.2494603769374832,5487.358340935348,244.20872688293457
9,18,KW,GAK,7391.338690925177,5487.358340935348,244.20872688293457
9,18,KW,PAK,27.158928437236487,5487.358340935348,244.20872688293457
9,18,KW,GAKE,27.93625808813279,5487.358340935348,244.20872688293457
9,18,KW,PAKE,10.564778408466573,5487.358340935348,244.20872688293457
9,18,KW,GAKW,53.18004912812335,5487.358340935348,244.20872688293457
9,18,KW,PAKW,30.611332607374937,5487.358340935348,244.20872688293457
9,2,KW,Residual,8.95819742959631,5282.889264925887,103.07948613166809
9,2,KW,E,310.932547982738,5282.889264925887,103.07948613166809
9,2,KW,P,38313133.34373847,5282.889264925887,103.07948613166809
9,2,KW,PE,47.039583393517226,5282.889264925887,103.07948613166809
9,3,KW,Residual,11.264126814336134,5461.755583034975,87.7478449344635
9,3,KW,E,319.5260078661771,5461.755583034975,87.7478449344635
9,3,KW,GGK,543.931853435736,5461.755583034975,87.7478449344635
9,3,KW,GGKE,17.811705383029945,5461.755583034975,87.7478449344635
9,4,KW,Residual,55.52900037373124,7162.507299722838,131.4491810798645
9,4,KW,E,348.80069655945607,7162.507299722838,131.4491810798645
9,4,KW,PGK,53.73644867763274,7162.507299722838,131.4491810798645
9,4,KW,PGKE,19.182482269154903,7162.507299722838,131.4491810798645
9,5,KW,Residual,12.779610864560071,5523.452036408211,75.4656548500061
9,5,KW,E,241.4264971063816,5523.452036408211,75.4656548500061
9,5,KW,GAK,7734.943125041606,5523.452036408211,75.4656548500061
9,5,KW,GAKE,61.67248660738284,5523.452036408211,75.4656548500061
9,6,KW,Residual,73.96905347853918,7215.7575245702865,128.80999088287354
9,6,KW,E,364.2923621245474,7215.7575245702865,128.80999088287354
9,6,KW,PAK,3072.224029636057,7215.7575245702865,128.80999088287354
9,6,KW,PAKE,29.345874651000656,7215.7575245702865,128.80999088287354
9,7,KW,Residual,6.5263621887776715,4940.22808224825,189.6648621559143
9,7,KW,E,287.25645133212316,4940.22808224825,189.6648621559143
9,7,KW,G,57.164224911512115,4940.22808224825,189.6648621559143
9,7,KW,P,1360339.357546097,4940.22808224825,189.6648621559143
9,7,KW,GE,3.2366817173020572,4940.22808224825,189.6648621559143
9,7,KW,PE,25.94003925365399,4940.22808224825,189.6648621559143
9,8,KW,Residual,10.118519253488307,5524.566740390524,203.39251399040222
9,8,KW,E,260.05665413018477,5524.566740390524,203.39251399040222
9,8,KW,GGK,508.43902793416476,5524.566740390524,203.39251399040222
9,8,KW,PGK,5.106405992231907,5524.566740390524,203.39251399040222
9,8,KW,GGKE,12.021965672322814,5524.566740390524,203.39251399040222
9,8,KW,PGKE,4.400115091217837,5524.566740390524,203.39251399040222
9,9,KW,Residual,12.028068002791517,5482.32482959824,203.40577387809753
9,9,KW,E,314.7053726231551,5482.32482959824,203.40577387809753
9,9,KW,GAK,7399.696664432562,5482.32482959824,203.40577387809753
9,9,KW,PAK,47.211913873548724,5482.32482959824,203.40577387809753
9,9,KW,GAKE,42.84019805274319,5482.32482959824,203.40577387809753
9,9,KW,PAKE,14.16143718873404,5482.32482959824,203.40577387809753
10,1,KW,Residual,10.32962219240124,5464.663616789507,119.35665702819824
10,1,KW,E,315.09836251236175,5464.663616789507,119.35665702819824
10,1,KW,G,92.26191148601622,5464.663616789507,119.35665702819824
10,1,KW,GE,6.43093991566762,5464.663616789507,119.35665702819824
10,10,KW,Residual,10.065228295305195,5462.874653163751,140.111554145813
10,10,KW,E,278.18438796952756,5462.874653163751,140.111554145813
10,10,KW,W,0.4131948014050389,5462.874653163751,140.111554145813
10,10,KW,G,87.24849413161081,5462.874653163751,140.111554145813
10,10,KW,GE,4.750005608820495,5462.874653163751,140.111554145813
10,10,KW,GW,12.626499235021011,5462.874653163751,140.111554145813
10,11,KW,Residual,8.89652939580578,5274.02202278271,137.29092001914978
10,11,KW,E,376.9509540902402,5274.02202278271,137.29092001914978
10,11,KW,W,0.39493101263209823,5274.02202278271,137.29092001914978
10,11,KW,P,38457688.27947321,5274.02202278271,137.29092001914978
10,11,KW,PE,26.579427245963387,5274.02202278271,137.29092001914978
10,11,KW,PW,118.2856850497108,5274.02202278271,137.29092001914978
10,12,KW,Residual,6.525041404596694,4959.0296458289195,200.2944140434265
10,12,KW,E,250.34419797618793,4959.0296458289195,200.2944140434265
10,12,KW,W,0.23256035502648764,4959.0296458289195,200.2944140434265
10,12,KW,G,56.4611829876467,4959.0296458289195,200.2944140434265
10,12,KW,P,965955.2571995562,4959.0296458289195,200.2944140434265
10,12,KW,GE,2.488117180445974,4959.0296458289195,200.2944140434265
10,12,KW,PE,24.32205739245103,4959.0296458289195,200.2944140434265
10,12,KW,GW,7.353351832797258,4959.0296458289195,200.2944140434265
10,12,KW,PW,105.32397453143355,4959.0296458289195,200.2944140434265
10,13,KW,Residual,11.027042154071372,5455.734161001239,94.62182903289795
10,13,KW,E,292.10039785405485,5455.734161001239,94.62182903289795
10,13,KW,W,0.4929114190098149,5455.734161001239,94.62182903289795
10,13,KW,GGK,542.2641590482544,5455.734161001239,94.62182903289795
10,13,KW,GGKE,13.033082697700674,5455.734161001239,94.62182903289795
10,13,KW,GGKW,27.758732219876542,5455.734161001239,94.62182903289795
10,14,KW,Residual,54.86671634587781,7176.2995914033045,129.49428391456604
10,14,KW,E,355.2265512615495,7176.2995914033045,129.49428391456604
10,14,KW,W,0.4053046077838812,7176.2995914033045,129.49428391456604
10,14,KW,PGK,42.18786089006064,7176.2995914033045,129.49428391456604
10,14,KW,PGKE,14.724126984529361,7176.2995914033045,129.49428391456604
10,14,KW,PGKW,34.742495471605785,7176.2995914033045,129.49428391456604
10,15,KW,Residual,10.02062002852442,5545.044263887935,170.2451400756836
10,15,KW,E,207.49773486969437,5545.044263887935,170.2451400756836
10,15,KW,W,0.24833221005707856,5545.044263887935,170.2451400756836
10,15,KW,GGK,496.6051867447319,5545.044263887935,170.2451400756836
10,15,KW,PGK,4.014307152320425,5545.044263887935,170.2451400756836
10,15,KW,GGKE,9.01045965476974,5545.044263887935,170.2451400756836
10,15,KW,PGKE,3.469876854675025,5545.044263887935,170.2451400756836
10,15,KW,GGKW,19.576765485179873,5545.044263887935,170.2451400756836
10,15,KW,PGKW,7.39363434334167,5545.044263887935,170.2451400756836
10,16,KW,Residual,12.451728371778772,5502.902761091265,92.69740796089172
10,16,KW,E,157.09928158045318,5502.902761091265,92.69740796089172
10,16,KW,W,0.4404590915078049,5502.902761091265,92.69740796089172
10,16,KW,GAK,7710.767162564354,5502.902761091265,92.69740796089172
10,16,KW,GAKE,40.17298570254747,5502.902761091265,92.69740796089172
10,16,KW,GAKW,126.44035284628167,5502.902761091265,92.69740796089172
10,17,KW,Residual,74.97336944395532,7215.8035164386065,121.73674988746643
10,17,KW,E,433.12780279148586,7215.8035164386065,121.73674988746643
10,17,KW,W,0.4301178661143732,7215.8035164386065,121.73674988746643
10,17,KW,PAK,2890.7258623436046,7215.8035164386065,121.73674988746643
10,17,KW,PAKE,21.752851761734643,7215.8035164386065,121.73674988746643
10,17,KW,PAKW,66.87193008929626,7215.8035164386065,121.73674988746643
10,18,KW,Residual,11.88529422518082,5471.397264633307,163.5938310623169
10,18,KW,E,198.3140639785168,5471.397264633307,163.5938310623169
10,18,KW,W,0.23702585595885925,5471.397264633307,163.5938310623169
10,18,KW,GAK,7417.061159845512,5471.397264633307,163.5938310623169
10,18,KW,PAK,43.56044915720241,5471.397264633307,163.5938310623169
10,18,KW,GAKE,24.004757039844424,5471.397264633307,163.5938310623169
10,18,KW,PAKE,10.049093990621179,5471.397264633307,163.5938310623169
10,18,KW,GAKW,77.05243428935594,5471.397264633307,163.5938310623169
10,18,KW,PAKW,26.770980977320903,5471.397264633307,163.5938310623169
10,2,KW,Residual,8.939400523472546,5274.66652049354,99.33465600013733
10,2,KW,E,310.6956006916969,5274.66652049354,99.33465600013733
10,2,KW,P,38618905.90261082,5274.66652049354,99.33465600013733
10,2,KW,PE,39.82257903924655,5274.66652049354,99.33465600013733
10,3,KW,Residual,11.294705896974905,5465.190865707978,87.47264289855957
10,3,KW,E,319.51642047431227,5465.190865707978,87.47264289855957
10,3,KW,GGK,550.0508132956645,5465.190865707978,87.47264289855957
10,3,KW,GGKE,18.012217291654913,5465.190865707978,87.47264289855957
10,4,KW,Residual,56.34949619147147,7175.968314235729,118.15377497673035
10,4,KW,E,349.03495926535595,7175.968314235729,118.15377497673035
10,4,KW,PGK,51.163888724050025,7175.968314235729,118.15377497673035
10,4,KW,PGKE,19.91889418946421,7175.968314235729,118.15377497673035
10,5,KW,Residual,12.770307262654276,5517.68464641336,83.61983799934387
10,5,KW,E,247.74164292448958,5517.68464641336,83.61983799934387
10,5,KW,GAK,7783.5460115442565,5517.68464641336,83.61983799934387
10,5,KW,GAKE,59.81111560453608,5517.68464641336,83.61983799934387
10,6,KW,Residual,73.97632809429317,7211.57137150655,102.30706596374512
10,6,KW,E,356.57551224693765,7211.57137150655,102.30706596374512
10,6,KW,PAK,3010.254224739824,7211.57137150655,102.30706596374512
10,6,KW,PAKE,34.940650034990604,7211.57137150655,102.30706596374512
10,7,KW,Residual,6.536800217619566,4928.4052755332405,167.4273738861084
10,7,KW,E,287.58516771737624,4928.4052755332405,167.4273738861084
10,7,KW,G,56.14793041094044,4928.4052755332405,167.4273738861084
10,7,KW,P,1370666.7813174147,4928.4052755332405,167.4273738861084
10,7,KW,GE,3.196917262267427,4928.4052755332405,167.4273738861084
10,7,KW,PE,28.07472980372895,4928.4052755332405,167.4273738861084
10,8,KW,Residual,10.018470434452405,5524.008580907554,144.79032492637634
10,8,KW,E,268.23956577856643,5524.008580907554,144.79032492637634
10,8,KW,GGK,509.0941434390725,5524.008580907554,144.79032492637634
10,8,KW,PGK,5.0875591169104,5524.008580907554,144.79032492637634
10,8,KW,GGKE,12.360198691388328,5524.008580907554,144.79032492637634
10,8,KW,PGKE,4.335239610744506,5524.008580907554,144.79032492637634
10,9,KW,Residual,12.072323891565041,5481.466492973063,143.07227993011475
10,9,KW,E,339.4256078352064,5481.466492973063,143.07227993011475
10,9,KW,GAK,7380.708475900798,5481.466492973063,143.07227993011475
10,9,KW,PAK,53.96192129302809,5481.466492973063,143.07227993011475
10,9,KW,GAKE,31.411997051293874,5481.466492973063,143.07227993011475
10,9,KW,PAKE,15.267981453717832,5481.466492973063,143.07227993011475
